Anio,Semana,Mes,Fecha,Grupo,Lote,Bin,Bruto,Tara,Neto,DescarteKg,Motivo,Calidad
2026,14,abril,2026-04-01,4725,70,canastas,166.0,,166.0,166.0,,PE2
2026,14,abril,2026-04-01,4725,63,canastas,18.0,,18.0,18.0,,PE1
2026,14,abril,2026-04-02,4725,63,canastas,34.0,,34.0,34.0,,PIND
2026,14,abril,2026-04-02,226,17,canastas,17.0,,17.0,17.0,,AD-PJUG
2026,14,abril,2026-04-04,4725,70,canastas,90.0,,90.0,90.0,,PE1
2026,14,abril,2026-04-04,4725,63,canastas,1.0,,1.0,1.0,,PE3
2026,14,abril,2026-04-04,4625,63,canastas,2.0,,2.0,2.0,,PEGUA
2026,14,abril,2026-04-04,4725,70,canastas,3.0,,3.0,3.0,,PEBAB
2026,14,abril,2026-04-04,4725,70,canastas,4.0,,4.0,4.0,,PE3
2026,14,abril,2026-04-04,4725,70,canastas,5.0,,5.0,5.0,,PEBAB
2026,14,abril,2026-04-04,4725,63,canastas,77.0,,77.0,77.0,,PE2
2026,14,abril,2026-04-04,4825,71,canastas,27.0,,27.0,27.0,,PE1
2026,14,abril,2026-04-04,4725,70,canastas,7.0,,7.0,7.0,,PE2
2026,14,abril,2026-04-04,4725,70,canastas,39.0,,39.0,39.0,,PE1
2026,15,abril,2026-04-06,4725,62,canastas,2.0,,2.0,2.0,,PE3
2026,15,abril,2026-04-06,4725,62,canastas,2.0,,2.0,2.0,,PE3
2026,15,abril,2026-04-06,4725,62,canastas,2.0,,2.0,2.0,,PEGUA
2026,15,abril,2026-04-06,4725,62,canastas,6.0,,6.0,6.0,,PEGUA
2026,15,abril,2026-04-06,4725,62,canastas,3.0,,3.0,3.0,,PE1
2026,15,abril,2026-04-06,4725,70,canastas,2.0,,2.0,2.0,,PE2
2026,15,abril,2026-04-06,4725,62,canastas,6.0,,6.0,6.0,,PE1
2026,15,abril,2026-04-06,4725,62,canastas,2.0,,2.0,2.0,,PE3
2026,15,abril,2026-04-06,4725,62,canastas,1.0,,1.0,1.0,,PE3
2026,15,abril,2026-04-06,4825,71,canastas,10.0,,10.0,10.0,,PIND
2026,15,abril,2026-04-06,4825,71,canastas,20.0,,20.0,20.0,,PE1
2026,15,abril,2026-04-06,4825,71,canastas,18.0,,18.0,18.0,,PE1
2026,15,abril,2026-04-06,4725,62,canastas,10.0,,10.0,10.0,,PE1
2026,15,abril,2026-04-06,4725,62,canastas,2.0,,2.0,2.0,,PE1
2026,15,abril,2026-04-06,4725,70,canastas,6.0,,6.0,6.0,,PE2
2026,15,abril,2026-04-06,4725,62,canastas,5.0,,5.0,5.0,,PEGUA
2026,15,abril,2026-04-06,4725,62,canastas,3.0,,3.0,3.0,,PEGUA
2026,15,abril,2026-04-06,4725,62,canastas,4.0,,4.0,4.0,,PE3
2026,15,abril,2026-04-06,4725,70,canastas,10.0,,10.0,10.0,,PEBAB
2026,15,abril,2026-04-06,4825,71,canastas,5.0,,5.0,5.0,,PEGUA
2026,15,abril,2026-04-07,,,canastas,3.0,,3.0,3.0,,AD2
2026,15,abril,2026-04-07,,,canastas,8.0,,8.0,8.0,,PE3
2026,15,abril,2026-04-07,,,canastas,8.0,,8.0,8.0,,PE3
2026,15,abril,2026-04-07,4725,70,canastas,4.0,,4.0,4.0,,PEGUA
2026,15,abril,2026-04-07,,,56,7.0,,7.0,7.0,,PEGUA
2026,15,abril,2026-04-07,,,canastas,20.0,,20.0,20.0,,PEBAB
2026,15,abril,2026-04-07,,,canastas,3.0,,3.0,3.0,,PEBAB
2026,15,abril,2026-04-07,,,canastas,4.0,,4.0,4.0,,PEGUA
2026,15,abril,2026-04-07,,,canastas,2.0,,2.0,2.0,,PE2
2026,15,abril,2026-04-07,,,canastas,3.0,,3.0,3.0,,PE2
2026,15,abril,2026-04-07,,,canastas,3.0,,3.0,3.0,,PE2
2026,15,abril,2026-04-07,,,canastas,4.0,,4.0,4.0,,PE1
2026,15,abril,2026-04-07,,,canastas,6.0,,6.0,6.0,,PE3
2026,15,abril,2026-04-07,,,canastas,3.0,,3.0,3.0,,PEGUA
2026,15,abril,2026-04-07,,,canastas,18.0,,18.0,18.0,,PEGUA
2026,15,abril,2026-04-07,,,canastas,3.0,,3.0,3.0,,PE3
2026,15,abril,2026-04-07,,,canastas,4.0,,4.0,4.0,,PE2
2026,15,abril,2026-04-07,,,canastas,8.0,,8.0,8.0,,AD-PJUG
2026,15,abril,2026-04-07,,,canastas,2.0,,2.0,2.0,,AD-PJUG
2026,15,abril,2026-04-07,4725,70,canastas,8.0,,8.0,8.0,,PEGUA
2026,15,abril,2026-04-07,,,canastas,6.0,,6.0,6.0,,PEGUA
2026,15,abril,2026-04-07,,,53,4.0,,4.0,4.0,,PEGUA
2026,15,abril,2026-04-08,626,76,canastas,2.0,,2.0,2.0,,AD-PJUG
2026,15,abril,2026-04-08,4725,62,canastas,3.0,,3.0,3.0,,PEGUA
2026,15,abril,2026-04-08,4725,62,canastas,1.0,,1.0,1.0,,PE2
2026,15,abril,2026-04-08,4725,63,canastas,2.0,,2.0,2.0,,PE1
2026,15,abril,2026-04-08,526,76,canastas,8.0,,8.0,8.0,,AD2
2026,15,abril,2026-04-08,4725,62,canastas,7.0,,7.0,7.0,,PE1
2026,15,abril,2026-04-08,,,canastas,5.0,,5.0,5.0,,PEGUA
2026,15,abril,2026-04-08,4825,70,canastas,13.0,,13.0,13.0,,PE1
2026,15,abril,2026-04-08,,,canastas,3.0,,3.0,3.0,,PE1
2026,15,abril,2026-04-08,4725,76,canastas,5.0,,5.0,5.0,,AD3
2026,15,abril,2026-04-08,4725,62,canastas,2.0,,2.0,2.0,,PE2
2026,15,abril,2026-04-08,,,canastas,5.0,,5.0,5.0,,PEGUA
2026,15,abril,2026-04-08,,,canastas,9.0,,9.0,9.0,,PEGUA
2026,15,abril,2026-04-08,,,canastas,5.0,,5.0,5.0,,PEBAB
2026,15,abril,2026-04-08,,,canastas,5.0,,5.0,5.0,,PEGUA
2026,15,abril,2026-04-08,4725,63,canastas,4.0,,4.0,4.0,,PE3
2026,15,abril,2026-04-08,,,canastas,40.0,,40.0,40.0,,PEGUA
2026,15,abril,2026-04-08,4725,62,canastas,5.0,,5.0,5.0,,PE3
2026,15,abril,2026-04-08,4725,62,canastas,5.0,,5.0,5.0,,PEGUA
2026,15,abril,2026-04-08,4725,63,canastas,3.0,,3.0,3.0,,PEGUA
2026,15,abril,2026-04-09,4825,63,canastas,2.0,,2.0,2.0,,PE2
2026,15,abril,2026-04-09,4825,63,canastas,4.0,,4.0,4.0,,PE2
2026,15,abril,2026-04-09,4825,63,canastas,2.0,,2.0,2.0,,PE1
2026,15,abril,2026-04-09,4825,63,canastas,2.0,,2.0,2.0,,PE1
2026,15,abril,2026-04-09,726,64,canastas,1.0,,1.0,1.0,,AD2
2026,15,abril,2026-04-09,4825,63,canastas,1.0,,1.0,1.0,,PE3
2026,15,abril,2026-04-09,4825,63,canastas,3.0,,3.0,3.0,,PIND
2026,15,abril,2026-04-09,726,64,canastas,2.0,,2.0,2.0,,AD-PJUG
2026,15,abril,2026-04-09,726,64,canastas,5.0,,5.0,5.0,,AD1
2026,15,abril,2026-04-09,4825,63,canastas,3.0,,3.0,3.0,,PE2
2026,15,abril,2026-04-09,,,76,10.0,,10.0,10.0,,PEBAB
2026,15,abril,2026-04-10,4725,63,canastas,7.0,,7.0,7.0,,PEGUA
2026,15,abril,2026-04-10,4725,62,canastas,9.0,,9.0,9.0,,PEBAB
2026,15,abril,2026-04-11,4825,63,canastas,1.0,,1.0,1.0,,PEBAB
2026,15,abril,2026-04-11,1026,64,canastas,2.0,,2.0,2.0,,ADGUA
2026,15,abril,2026-04-11,726,74,canastas,9.0,,9.0,9.0,,AD2
2026,15,abril,2026-04-11,4725,62,canastas,2.0,,2.0,2.0,,PEBAB
2026,15,abril,2026-04-11,726,74,canastas,6.0,,6.0,6.0,,PE3
2026,15,abril,2026-04-11,326,74,canastas,2.0,,2.0,2.0,,AD3
2026,15,abril,2026-04-11,326,74,canastas,9.0,,9.0,9.0,,AD1
2026,15,abril,2026-04-11,326,74,canastas,9.0,,9.0,9.0,,AD2
2026,15,abril,2026-04-11,4825,63,canastas,12.0,,12.0,12.0,,PE2
2026,15,abril,2026-04-11,4825,71,canastas,28.0,,28.0,28.0,,PE1
2026,15,abril,2026-04-11,4825,63,canastas,3.0,,3.0,3.0,,PE2
2026,15,abril,2026-04-11,226,74,canastas,9.0,,9.0,9.0,,AD-PJUG
2026,16,abril,2026-04-13,4825,63,canastas,5.0,,5.0,5.0,,PE2
2026,16,abril,2026-04-13,4825,71,canastas,4.0,,4.0,4.0,,PEGUA
2026,16,abril,2026-04-13,4825,63,canastas,3.0,,3.0,3.0,,PE3
2026,16,abril,2026-04-13,4825,62,canastas,5.0,,5.0,5.0,,PE3
2026,16,abril,2026-04-13,4825,63,canastas,2.0,,2.0,2.0,,PEGUA
2026,16,abril,2026-04-13,4825,63,canastas,1.0,,1.0,1.0,,PEBAB
2026,16,abril,2026-04-13,4825,71,canastas,3.0,,3.0,3.0,,PE2
2026,16,abril,2026-04-13,4825,63,canastas,4.0,,4.0,4.0,,PE2
2026,16,abril,2026-04-13,4825,71,canastas,6.0,,6.0,6.0,,PE3
2026,16,abril,2026-04-13,4825,71,canastas,2.0,,2.0,2.0,,PE3
2026,16,abril,2026-04-13,4825,71,canastas,4.0,,4.0,4.0,,PEGUA
2026,16,abril,2026-04-13,4825,63,canastas,1.0,,1.0,1.0,,PEBAB
2026,16,abril,2026-04-13,4825,71,canastas,20.0,,20.0,20.0,,PE1
2026,16,abril,2026-04-13,4825,63,canastas,3.0,,3.0,3.0,,PE2
2026,16,abril,2026-04-13,4825,63,canastas,4.0,,4.0,4.0,,PEGUA
2026,16,abril,2026-04-13,4825,63,canastas,1.0,,1.0,1.0,,PEBAB
2026,16,abril,2026-04-14,4825,63,canastas,5.0,,5.0,5.0,,PE2
2026,16,abril,2026-04-14,4825,71,canastas,5.0,,5.0,5.0,,PE2
2026,16,abril,2026-04-14,4825,71,canastas,3.0,,3.0,3.0,,PE2
2026,16,abril,2026-04-14,4825,63,canastas,2.0,,2.0,2.0,,PE1
2026,16,abril,2026-04-14,4825,71,canastas,2.0,,2.0,2.0,,PE1
2026,16,abril,2026-04-14,4825,63,canastas,4.0,,4.0,4.0,,PEGUA
2026,16,abril,2026-04-14,4825,71,canastas,2.0,,2.0,2.0,,PEGUA
2026,16,abril,2026-04-14,4825,63,canastas,6.0,,6.0,6.0,,PEGUA
2026,16,abril,2026-04-14,4825,63,canastas,2.0,,2.0,2.0,,PE3
2026,16,abril,2026-04-14,4825,63,canastas,3.0,,3.0,3.0,,PE3
2026,16,abril,2026-04-14,4825,63,canastas,5.0,,5.0,5.0,,PEGUA
2026,16,abril,2026-04-14,4825,63,canastas,4.0,,4.0,4.0,,PEBAB
2026,16,abril,2026-04-14,4825,63,canastas,4.0,,4.0,4.0,,PE2
2026,16,abril,2026-04-14,4825,71,canastas,12.0,,12.0,12.0,,PE1
2026,16,abril,2026-04-14,4825,71,canastas,8.0,,8.0,8.0,,PE2
2026,16,abril,2026-04-14,4825,71,canastas,4.0,,4.0,4.0,,PE1
2026,16,abril,2026-04-14,4825,63,canastas,8.0,,8.0,8.0,,PE3
2026,16,abril,2026-04-14,4825,63,canastas,4.0,,4.0,4.0,,PE2
2026,16,abril,2026-04-14,4825,63,canastas,2.0,,2.0,2.0,,PE2
2026,16,abril,2026-04-14,4825,63,canastas,2.0,,2.0,2.0,,PE3
2026,16,abril,2026-04-14,4825,63,canastas,6.0,,6.0,6.0,,PEBAB
2026,16,abril,2026-04-14,4825,63,canastas,3.0,,3.0,3.0,,PEGUA
2026,16,abril,2026-04-14,4825,63,canastas,2.0,,2.0,2.0,,PE3
2026,16,abril,2026-04-14,4825,71,canastas,2.0,,2.0,2.0,,PEBAB
2026,16,abril,2026-04-14,4825,63,canastas,4.0,,4.0,4.0,,PEGUA
2026,16,abril,2026-04-15,726,72,canastas,3.0,,3.0,3.0,,AD1
2026,16,abril,2026-04-15,726,72,canastas,2.0,,2.0,2.0,,AD2
2026,16,abril,2026-04-15,4825,63,canastas,2.0,,2.0,2.0,,PEGUA
2026,16,abril,2026-04-15,4825,71,canastas,1.0,,1.0,1.0,,PE2
2026,16,abril,2026-04-15,4825,63,canastas,1.0,,1.0,1.0,,PE3
2026,16,abril,2026-04-15,4825,71,canastas,1.0,,1.0,1.0,,PE3
2026,16,abril,2026-04-15,4825,63,canastas,2.0,,2.0,2.0,,PE2
2026,16,abril,2026-04-15,4825,63,canastas,3.0,,3.0,3.0,,PE1
2026,16,abril,2026-04-15,4825,71,canastas,5.0,,5.0,5.0,,PE1
2026,16,abril,2026-04-15,4825,63,canastas,5.0,,5.0,5.0,,PEBAB
2026,16,abril,2026-04-15,4825,71,canastas,12.0,,12.0,12.0,,PE1
2026,16,abril,2026-04-15,726,74,canastas,4.0,,4.0,4.0,,AD2
2026,16,abril,2026-04-15,4825,71,canastas,3.0,,3.0,3.0,,PE3
2026,16,abril,2026-04-15,4825,63,canastas,4.0,,4.0,4.0,,PE1
2026,16,abril,2026-04-15,4825,63,canastas,3.0,,3.0,3.0,,PEGUA
2026,16,abril,2026-04-15,4825,63,canastas,1.0,,1.0,1.0,,PE2
2026,16,abril,2026-04-15,4825,63,canastas,2.0,,2.0,2.0,,PE2
2026,16,abril,2026-04-15,4825,63,canastas,3.0,,3.0,3.0,,PE3
2026,16,abril,2026-04-15,4825,63,canastas,1.0,,1.0,1.0,,PEGUA
2026,16,abril,2026-04-16,4825,63,canastas,4.0,,4.0,4.0,,PEGUA
2026,16,abril,2026-04-16,426,74,canastas,9.0,,9.0,9.0,,PE1
2026,16,abril,2026-04-16,4825,63,canastas,1.0,,1.0,1.0,,PE2
2026,16,abril,2026-04-16,4825,63,canastas,4.0,,4.0,4.0,,PE1
2026,16,abril,2026-04-16,4825,63,canastas,2.0,,2.0,2.0,,PEGUA
2026,16,abril,2026-04-16,4825,63,canastas,2.0,,2.0,2.0,,PE3
2026,16,abril,2026-04-16,4825,63,canastas,4.0,,4.0,4.0,,PEGUA
2026,16,abril,2026-04-16,4825,63,canastas,38.0,,38.0,38.0,,PE2
2026,16,abril,2026-04-16,4825,63,canastas,2.0,,2.0,2.0,,PEGUA
2026,16,abril,2026-04-17,4825,63,canastas,3.0,,3.0,3.0,,PEGUA
2026,16,abril,2026-04-17,326,74,canastas,1.0,,1.0,1.0,,AD2
2026,16,abril,2026-04-17,4825,63,canastas,1.0,,1.0,1.0,,PE1
2026,16,abril,2026-04-17,4825,63,canastas,3.0,,3.0,3.0,,PIND
2026,16,abril,2026-04-17,4825,63,canastas,5.0,,5.0,5.0,,PEGUA
2026,16,abril,2026-04-17,4825,63,canastas,10.0,,10.0,10.0,,PEGUA
2026,16,abril,2026-04-17,4825,63,canastas,10.0,,10.0,10.0,,PEGUA
2026,16,abril,2026-04-17,4825,63,canastas,4.0,,4.0,4.0,,PE2
2026,16,abril,2026-04-17,326,74,canastas,2.0,,2.0,2.0,,AD2
2026,16,abril,2026-04-17,326,74,canastas,2.0,,2.0,2.0,,AD2
2026,16,abril,2026-04-17,326,74,canastas,2.0,,2.0,2.0,,AD1
2026,16,abril,2026-04-17,4825,63,canastas,2.0,,2.0,2.0,,PE1
2026,16,abril,2026-04-17,4825,63,canastas,5.0,,5.0,5.0,,PE3
2026,16,abril,2026-04-17,4825,63,canastas,4.0,,4.0,4.0,,PE3
2026,16,abril,2026-04-17,4825,63,canastas,3.0,,3.0,3.0,,PE3
2026,16,abril,2026-04-17,4825,63,canastas,1.0,,1.0,1.0,,PIND
2026,16,abril,2026-04-17,4825,63,canastas,181.0,,181.0,181.0,,PJUG
2026,16,abril,2026-04-17,4925,71,canastas,97.0,,97.0,97.0,,PJUG
2026,16,abril,2026-04-17,4825,63,canastas,19.0,,19.0,19.0,,PJUG
2026,16,abril,2026-04-17,326,74,canastas,11.0,,11.0,11.0,,AD1
2026,16,abril,2026-04-17,326,74,canastas,6.0,,6.0,6.0,,AD1
2026,16,abril,2026-04-17,326,74,canastas,12.0,,12.0,12.0,,AD2
2026,16,abril,2026-04-17,4825,63,canastas,6.0,,6.0,6.0,,PEGUA
2026,16,abril,2026-04-17,4825,63,canastas,5.0,,5.0,5.0,,PEBAB
2026,16,abril,2026-04-17,4825,63,canastas,2.0,,2.0,2.0,,PE3
2026,16,abril,2026-04-17,4925,71,canastas,14.0,,14.0,14.0,,PE1
2026,16,abril,2026-04-17,4925,71,canastas,14.0,,14.0,14.0,,PE1
2026,16,abril,2026-04-18,5025,71,canastas,1.0,,1.0,1.0,,PEGUA
2026,16,abril,2026-04-18,4825,63,canastas,10.0,,10.0,10.0,,PEBAB
2026,16,abril,2026-04-18,4825,63,canastas,4.0,,4.0,4.0,,PEBAB
2026,16,abril,2026-04-18,4825,63,canastas,419.0,,419.0,419.0,,PEBAB
2026,16,abril,2026-04-18,4825,63,canastas,121.0,,121.0,121.0,,PEBAB
2026,16,abril,2026-04-18,4925,71,canastas,12.0,,12.0,12.0,,PE2
2026,16,abril,2026-04-18,5025,71,canastas,7.0,,7.0,7.0,,AD2
2026,16,abril,2026-04-18,4825,63,canastas,7.0,,7.0,7.0,,PEBAB
2026,16,abril,2026-04-18,4825,63,canastas,34.0,,34.0,34.0,,PE2
2026,16,abril,2026-04-18,4825,63,canastas,34.0,,34.0,34.0,,PE2
2026,16,abril,2026-04-18,5025,71,canastas,65.0,,65.0,65.0,,AD1
2026,16,abril,2026-04-18,4925,71,canastas,66.0,,66.0,66.0,,PE1
2026,16,abril,2026-04-19,4925,71,canastas,14.0,,14.0,14.0,,PE1
2026,16,abril,2026-04-19,526,76,canastas,12.0,,12.0,12.0,,AD1
2026,17,abril,2026-04-20,4925,71,canastas,11.0,,11.0,11.0,,PE1
2026,17,abril,2026-04-20,4925,71,canastas,7.0,,7.0,7.0,,PE1
2026,17,abril,2026-04-20,4925,71,canastas,7.0,,7.0,7.0,,PE1
2026,17,abril,2026-04-20,1026,64,canastas,9.0,,9.0,9.0,,AD2
2026,17,abril,2026-04-20,4925,71,canastas,5.0,,5.0,5.0,,PE3
2026,17,abril,2026-04-20,4825,63,canastas,8.0,,8.0,8.0,,PEGUA
2026,17,abril,2026-04-20,5025,65,canastas,2.0,,2.0,2.0,,AD2
2026,17,abril,2026-04-20,4925,71,canastas,4.0,,4.0,4.0,,PE1
2026,17,abril,2026-04-20,4925,71,canastas,3.0,,3.0,3.0,,PE3
2026,17,abril,2026-04-21,4925,63,canastas,2.0,,2.0,2.0,,PEBAB
2026,17,abril,2026-04-21,4925,63,canastas,5.0,,5.0,5.0,,PE2
2026,17,abril,2026-04-21,4925,63,canastas,4.0,,4.0,4.0,,PE3
2026,17,abril,2026-04-21,5025,65,canastas,4.0,,4.0,4.0,,ADGUA
2026,17,abril,2026-04-21,4925,63,canastas,9.0,,9.0,9.0,,PEBAB
2026,17,abril,2026-04-21,4925,63,canastas,12.0,,12.0,12.0,,PE1
2026,17,abril,2026-04-22,4925,71,canastas,10.0,,10.0,10.0,,PE1
2026,17,abril,2026-04-22,5025,65,canastas,4.0,,4.0,4.0,,AD2
2026,17,abril,2026-04-22,4925,63,canastas,10.0,,10.0,10.0,,PE2
2026,17,abril,2026-04-22,4925,71,canastas,14.0,,14.0,14.0,,PE1
2026,17,abril,2026-04-22,4925,71,canastas,11.0,,11.0,11.0,,PE2
2026,17,abril,2026-04-22,4925,71,canastas,3.0,,3.0,3.0,,PEGUA
2026,17,abril,2026-04-22,4925,63,canastas,13.0,,13.0,13.0,,PEBAB
2026,17,abril,2026-04-22,626,76,canastas,15.0,,15.0,15.0,,AD-PJUG
2026,17,abril,2026-04-23,4925,71,canastas,3.0,,3.0,3.0,,PE2
2026,17,abril,2026-04-23,4925,71,canastas,2.0,,2.0,2.0,,PE2
2026,17,abril,2026-04-23,4925,71,canastas,12.0,,12.0,12.0,,PE1
2026,17,abril,2026-04-23,4925,63,canastas,57.0,,57.0,57.0,,PE1
2026,17,abril,2026-04-23,4925,71,canastas,8.0,,8.0,8.0,,PE1
2026,17,abril,2026-04-23,4925,71,canastas,4.0,,4.0,4.0,,PE3
2026,17,abril,2026-04-23,5025,71,canastas,26.0,,26.0,26.0,,AD-PJUG
2026,17,abril,2026-04-23,4925,71,canastas,4.0,,4.0,4.0,,PE3
2026,17,abril,2026-04-24,4925,71,canastas,3.0,,3.0,3.0,,PE2
2026,17,abril,2026-04-24,4925,71,canastas,2.0,,2.0,2.0,,PE1
2026,17,abril,2026-04-24,4925,71,canastas,5.0,,5.0,5.0,,PE1
2026,17,abril,2026-04-24,4925,71,canastas,4.0,,4.0,4.0,,PE3
2026,17,abril,2026-04-24,4925,71,canastas,5.0,,5.0,5.0,,PE3
2026,17,abril,2026-04-24,4925,63,canastas,7.0,,7.0,7.0,,PEGUA
2026,17,abril,2026-04-24,5125,71,canastas,88.0,,88.0,88.0,,AD-PJUG
2026,17,abril,2026-04-24,626,76,canastas,20.0,,20.0,20.0,,AD-PJUG
2026,17,abril,2026-04-24,4925,63,canastas,4.0,,4.0,4.0,,PE1
2026,17,abril,2026-04-24,4925,71,canastas,5.0,,5.0,5.0,,PEBAB
2026,17,abril,2026-04-25,4925,71,canastas,10.0,,10.0,10.0,,PEBAB
2026,17,abril,2026-04-25,4925,71,canastas,10.0,,10.0,10.0,,PEBAB
2026,17,abril,2026-04-25,4925,63,canastas,31.0,,31.0,31.0,,PEBAB
2026,17,abril,2026-04-25,4925,71,canastas,12.0,,12.0,12.0,,PE1
2026,17,abril,2026-04-25,726,64,canastas,12.0,,12.0,12.0,,AD1
2026,17,abril,2026-04-25,4925,71,canastas,10.0,,10.0,10.0,,PE3
2026,17,abril,2026-04-25,5225,19,canastas,16.0,,16.0,16.0,,AD-PJUG
2026,17,abril,2026-04-25,4925,71,canastas,8.0,,8.0,8.0,,PE3
2026,17,abril,2026-04-25,4925,63,canastas,9.0,,9.0,9.0,,PE3
2026,18,abril,2026-04-27,5025,65,canastas,434.0,,434.0,434.0,,AD1
2026,18,abril,2026-04-27,,,canastas,76.0,,76.0,76.0,,AD-PJUG
2026,18,abril,2026-04-27,,,canastas,10.0,,10.0,10.0,,AD2
2026,18,abril,2026-04-27,,,canastas,6.0,,6.0,6.0,,AD1
2026,18,abril,2026-04-27,5025,71,canastas,11.0,,11.0,11.0,,PE1
2026,18,abril,2026-04-28,5025,71,canastas,24.0,,24.0,24.0,,PEGUA
2026,18,abril,2026-04-28,,,canastas,62.0,,62.0,62.0,,AD1
2026,18,abril,2026-04-28,5025,71,canastas,4.0,,4.0,4.0,,PE3
2026,18,abril,2026-04-28,5025,71,canastas,3.0,,3.0,3.0,,PE2
2026,18,abril,2026-04-28,5025,71,canastas,6.0,,6.0,6.0,,PE1
2026,18,abril,2026-04-29,5225,19,canastas,3.0,,3.0,3.0,,AD2
2026,18,abril,2026-04-29,5125,19,canastas,6.0,,6.0,6.0,,AD1
2026,18,abril,2026-04-29,5025,71,canastas,10.0,,10.0,10.0,,PE2
2026,18,abril,2026-04-29,5025,71,canastas,7.0,,7.0,7.0,,PE1
2026,18,abril,2026-04-29,5025,71,canastas,4.0,,4.0,4.0,,PE3
2026,18,abril,2026-04-29,5025,71,canastas,22.0,,22.0,22.0,,PE1
2026,18,abril,2026-04-29,5025,71,canastas,20.0,,20.0,20.0,,PE2
2026,18,abril,2026-04-29,5025,65,canastas,4.0,,4.0,4.0,,PEBAB
2026,18,abril,2026-04-29,5025,71,canastas,6.0,,6.0,6.0,,PEGUA
2026,18,abril,2026-04-30,5025,65,canastas,2.0,,2.0,2.0,,PEGUA
2026,18,abril,2026-04-30,5025,71,canastas,7.0,,7.0,7.0,,PE1
2026,18,abril,2026-04-30,5025,65,canastas,6.0,,6.0,6.0,,PE3
2026,18,abril,2026-04-30,5125,19,canastas,115.0,,115.0,115.0,,AD-PJUG
2026,18,abril,2026-04-30,5025,71,canastas,20.0,,20.0,20.0,,PIND
2026,18,abril,2026-04-30,226,17,canastas,192.0,,192.0,192.0,,AD-PJUG
2026,18,abril,2026-04-30,5025,71,canastas,8.0,,8.0,8.0,,PE1
2026,18,abril,2026-04-30,5025,65,canastas,19.0,,19.0,19.0,,PE1
2026,18,abril,2026-04-30,5025,71,canastas,2.0,,2.0,2.0,,PE3
2026,18,abril,2026-04-30,5025,71,canastas,5.0,,5.0,5.0,,PE2
2026,18,abril,2026-04-30,5025,71,canastas,3.0,,3.0,3.0,,PE2
2026,18,abril,2026-04-30,5025,71,canastas,2.0,,2.0,2.0,,PE3
2026,18,abril,2026-04-30,5025,71,canastas,9.0,,9.0,9.0,,PE2
2026,18,abril,2026-04-30,5025,71,canastas,11.0,,11.0,11.0,,PE1
2026,18,abril,2026-04-30,5025,71,canastas,9.0,,9.0,9.0,,PEGUA
2026,18,abril,2026-04-30,5225,19,canastas,4.0,,4.0,4.0,,ADGUA
2026,18,mayo,2026-05-01,226,17,canastas,20.0,,20.0,20.0,,AD2
2026,18,mayo,2026-05-01,5025,71,87,30.0,,30.0,30.0,,PE1
2026,18,mayo,2026-05-01,5025,71,105,29.0,,29.0,29.0,,PE1
2026,18,mayo,2026-05-01,5025,71,canastas,3.0,,3.0,3.0,,PE2
2026,18,mayo,2026-05-01,226,17,canastas,20.0,,20.0,20.0,,AD2
2026,18,mayo,2026-05-02,5025,71,canastas,12.0,,12.0,12.0,,PE1
2026,18,mayo,2026-05-02,5125,19,canastas,2.0,,2.0,2.0,,AD1
2026,18,mayo,2026-05-02,5025,71,canastas,61.0,,61.0,61.0,,PE1
2026,18,mayo,2026-05-02,226,17,canastas,4.0,,4.0,4.0,,AD2
2026,18,mayo,2026-05-02,226,17,canastas,21.0,,21.0,21.0,,AD2
2026,18,mayo,2026-05-02,5025,71,canastas,12.0,,12.0,12.0,,PE1
2026,18,mayo,2026-05-02,5225,19,158,21.0,,21.0,21.0,,AD1
2026,18,mayo,2026-05-02,5025,65,canastas,5.0,,5.0,5.0,,PE3
2026,18,mayo,2026-05-02,426,17,canastas,3.0,,3.0,3.0,,AD2
2026,18,mayo,2026-05-02,5025,71,canastas,3.0,,3.0,3.0,,PEGUA
2026,18,mayo,2026-05-02,5125,19,12,4.0,,4.0,4.0,,AD1
2026,18,mayo,2026-05-02,226,17,canastas,3.0,,3.0,3.0,,AD3
2026,18,mayo,2026-05-02,5025,71,canastas,4.0,,4.0,4.0,,PE1
2026,18,mayo,2026-05-02,5025,71,canastas,3.0,,3.0,3.0,,PE1
2026,18,mayo,2026-05-02,5025,71,1,51.0,,51.0,51.0,,PE1
2026,18,mayo,2026-05-02,5025,71,73,43.0,,43.0,43.0,,PE1
2026,18,mayo,2026-05-02,5025,65,canastas,3.0,,3.0,3.0,,PE3
2026,18,mayo,2026-05-02,5025,71,canastas,6.0,,6.0,6.0,,PEGUA
2026,18,mayo,2026-05-02,5025,71,canastas,4.0,,4.0,4.0,,PEBAB
2026,19,mayo,2026-05-04,5025,65,canastas,517.0,,517.0,517.0,,PJUG
2026,19,mayo,2026-05-04,5025,71,canastas,6.0,,6.0,6.0,,PE3
2026,19,mayo,2026-05-04,5025,71,canastas,8.0,,8.0,8.0,,PE2
2026,19,mayo,2026-05-04,226,17,canastas,10.0,,10.0,10.0,,AD1
2026,19,mayo,2026-05-04,5125,75,canastas,6.0,,6.0,6.0,,PE1
2026,19,mayo,2026-05-04,5025,65,canastas,10.0,,10.0,10.0,,PEGUA
2026,19,mayo,2026-05-04,5025,71,canastas,6.0,,6.0,6.0,,PE1
2026,19,mayo,2026-05-04,5025,65,canastas,39.0,,39.0,39.0,,PE2
2026,19,mayo,2026-05-04,5025,71,canastas,20.0,,20.0,20.0,,PE1
2026,19,mayo,2026-05-04,5025,65,canastas,51.0,,51.0,51.0,,PE1
2026,19,mayo,2026-05-04,5025,71,canastas,8.0,,8.0,8.0,,PE1
2026,19,mayo,2026-05-04,5025,65,canastas,3.0,,3.0,3.0,,PE3
2026,19,mayo,2026-05-04,5025,65,canastas,20.0,,20.0,20.0,,PJUG
2026,19,mayo,2026-05-05,5025,65,canastas,2.0,,2.0,2.0,,PEGUA
2026,19,mayo,2026-05-05,5025,71,canastas,2.0,,2.0,2.0,,PE2
2026,19,mayo,2026-05-05,5225,19,canastas,8.0,,8.0,8.0,,ADGUA
2026,19,mayo,2026-05-05,5025,71,canastas,11.0,,11.0,11.0,,PE2
2026,19,mayo,2026-05-05,5025,71,canastas,7.0,,7.0,7.0,,PE2
2026,19,mayo,2026-05-05,5025,65,canastas,8.0,,8.0,8.0,,PE1
2026,19,mayo,2026-05-05,226,17,canastas,4.0,,4.0,4.0,,AD1
2026,19,mayo,2026-05-05,5025,71,canastas,2.0,,2.0,2.0,,PE1
2026,19,mayo,2026-05-05,5025,65,canastas,3.0,,3.0,3.0,,PE3
2026,19,mayo,2026-05-05,5025,65,canastas,7.0,,7.0,7.0,,PEGUA
2026,19,mayo,2026-05-05,5025,71,canastas,2.0,,2.0,2.0,,PEBAB
2026,19,mayo,2026-05-05,5025,65,canastas,30.0,,30.0,30.0,,PEBAB
2026,19,mayo,2026-05-05,226,17,canastas,3.0,,3.0,3.0,,AD3
2026,19,mayo,2026-05-05,5025,71,canastas,2.0,,2.0,2.0,,PE2
2026,19,mayo,2026-05-05,5025,65,canastas,2.0,,2.0,2.0,,PE3
2026,19,mayo,2026-05-05,5025,65,canastas,4.0,,4.0,4.0,,PE1
2026,19,mayo,2026-05-05,426,17,canastas,4.0,,4.0,4.0,,AD2
2026,19,mayo,2026-05-05,5025,65,canastas,4.0,,4.0,4.0,,PE2
2026,19,mayo,2026-05-05,5025,71,canastas,3.0,,3.0,3.0,,PE3
2026,19,mayo,2026-05-05,5025,65,canastas,1.0,,1.0,1.0,,PEGUA
2026,19,mayo,2026-05-05,226,17,canastas,4.0,,4.0,4.0,,AD2
2026,19,mayo,2026-05-05,5125,75,canastas,4.0,,4.0,4.0,,PE3
2026,19,mayo,2026-05-06,5125,19,canastas,5.0,,5.0,5.0,,PEGUA
2026,19,mayo,2026-05-06,5125,75,canastas,19.0,,19.0,19.0,,PE1
2026,19,mayo,2026-05-06,5125,75,canastas,2.0,,2.0,2.0,,PE1
2026,19,mayo,2026-05-06,5125,75,canastas,5.0,,5.0,5.0,,PE1
2026,19,mayo,2026-05-06,5225,19,canastas,2.0,,2.0,2.0,,AD1
2026,19,mayo,2026-05-06,5125,19,canastas,4.0,,4.0,4.0,,AD2
2026,19,mayo,2026-05-06,5125,75,canastas,10.0,,10.0,10.0,,PE2
2026,19,mayo,2026-05-06,5125,75,canastas,4.0,,4.0,4.0,,PE1
2026,19,mayo,2026-05-06,5125,75,canastas,6.0,,6.0,6.0,,PE1
2026,19,mayo,2026-05-06,526,76,canastas,2.0,,2.0,2.0,,PE2
2026,19,mayo,2026-05-06,5025,71,canastas,3.0,,3.0,3.0,,PE3
2026,19,mayo,2026-05-06,5025,71,canastas,2.0,,2.0,2.0,,PE3
2026,19,mayo,2026-05-06,5125,19,canastas,3.0,,3.0,3.0,,PE3
2026,19,mayo,2026-05-06,5025,71,canastas,16.0,,16.0,16.0,,PE1
2026,19,mayo,2026-05-06,5125,75,canastas,8.0,,8.0,8.0,,PE2
2026,19,mayo,2026-05-06,5025,65,canastas,43.0,,43.0,43.0,,PEGUA
2026,19,mayo,2026-05-06,5125,75,canastas,7.0,,7.0,7.0,,PEGUA
2026,19,mayo,2026-05-06,5125,75,canastas,10.0,,10.0,10.0,,PEGUA
2026,19,mayo,2026-05-06,5125,75,canastas,3.0,,3.0,3.0,,PE3
2026,19,mayo,2026-05-06,5125,75,canastas,2.0,,2.0,2.0,,PE2
2026,19,mayo,2026-05-06,5025,71,canastas,3.0,,3.0,3.0,,PE3
2026,19,mayo,2026-05-06,5125,71,canastas,6.0,,6.0,6.0,,PE3
2026,19,mayo,2026-05-06,5125,75,canastas,2.0,,2.0,2.0,,PE1
2026,19,mayo,2026-05-06,5125,19,canastas,10.0,,10.0,10.0,,PE1
2026,19,mayo,2026-05-06,5125,19,canastas,2.0,,2.0,2.0,,PE1
2026,19,mayo,2026-05-07,5125,71,canastas,10.0,,10.0,10.0,,PEGUA
2026,19,mayo,2026-05-07,5125,19,canastas,2.0,,2.0,2.0,,PE1
2026,19,mayo,2026-05-07,5125,75,canastas,9.0,,9.0,9.0,,PE2
2026,19,mayo,2026-05-07,726,70,canastas,6.0,,6.0,6.0,,AD1
2026,19,mayo,2026-05-07,5125,75,canastas,1.0,,1.0,1.0,,PE3
2026,19,mayo,2026-05-07,5125,19,canastas,3.0,,3.0,3.0,,PE3
2026,19,mayo,2026-05-07,726,72,canastas,8.0,,8.0,8.0,,AD2
2026,19,mayo,2026-05-07,726,72,canastas,6.0,,6.0,6.0,,AD1
2026,19,mayo,2026-05-07,5125,19,canastas,12.0,,12.0,12.0,,PE1
2026,19,mayo,2026-05-07,926,72,canastas,12.0,,12.0,12.0,,AD1
2026,19,mayo,2026-05-07,5125,19,canastas,6.0,,6.0,6.0,,PE2
2026,19,mayo,2026-05-07,5125,75,canastas,7.0,,7.0,7.0,,PE2
2026,19,mayo,2026-05-07,726,72,canastas,6.0,,6.0,6.0,,AD1
2026,19,mayo,2026-05-07,5125,19,canastas,3.0,,3.0,3.0,,PEGUA
2026,19,mayo,2026-05-07,5125,75,canastas,2.0,,2.0,2.0,,PEGUA
2026,19,mayo,2026-05-07,5125,71,canastas,4.0,,4.0,4.0,,PE2
2026,19,mayo,2026-05-07,5125,19,canastas,12.0,,12.0,12.0,,PE1
2026,19,mayo,2026-05-07,926,72,canastas,60.0,,60.0,60.0,,AD-PJUG
2026,19,mayo,2026-05-07,926,72,canastas,34.0,,34.0,34.0,,AD-PJUG
2026,19,mayo,2026-05-07,5125,75,canastas,12.0,,12.0,12.0,,PE1
2026,19,mayo,2026-05-07,5125,75,canastas,12.0,,12.0,12.0,,PE1
2026,19,mayo,2026-05-07,5125,75,canastas,4.0,,4.0,4.0,,PE3
2026,19,mayo,2026-05-07,726,72,canastas,10.0,,10.0,10.0,,AD2
2026,19,mayo,2026-05-07,5125,75,canastas,6.0,,6.0,6.0,,PE1
2026,19,mayo,2026-05-07,726,72,canastas,22.0,,22.0,22.0,,AD1
2026,19,mayo,2026-05-07,5225,19,canastas,2.0,,2.0,2.0,,AD3
2026,19,mayo,2026-05-08,5125,75,canastas,7.0,,7.0,7.0,,PEGUA
2026,19,mayo,2026-05-08,5125,19,canastas,1.0,,1.0,1.0,,PE3
2026,19,mayo,2026-05-08,926,72,canastas,6.0,,6.0,6.0,,AD2
2026,19,mayo,2026-05-08,726,72,canastas,93.0,,93.0,93.0,,AD2
2026,19,mayo,2026-05-08,926,72,canastas,12.0,,12.0,12.0,,AD1
2026,19,mayo,2026-05-08,5125,71,canastas,22.0,,22.0,22.0,,PE1
2026,19,mayo,2026-05-08,926,72,canastas,10.0,,10.0,10.0,,PE1
2026,19,mayo,2026-05-08,5125,75,canastas,6.0,,6.0,6.0,,PE1
2026,19,mayo,2026-05-08,5125,75,canastas,16.0,,16.0,16.0,,PE1
2026,19,mayo,2026-05-08,5125,71,canastas,8.0,,8.0,8.0,,PE1
2026,19,mayo,2026-05-08,5125,19,canastas,2.0,,2.0,2.0,,PE2
2026,19,mayo,2026-05-08,726,72,canastas,3.0,,3.0,3.0,,AD3
2026,19,mayo,2026-05-08,5125,75,canastas,4.0,,4.0,4.0,,PE1
2026,19,mayo,2026-05-08,5125,75,canastas,2.0,,2.0,2.0,,PEGUA
2026,19,mayo,2026-05-08,5125,19,canastas,4.0,,4.0,4.0,,PE1
2026,19,mayo,2026-05-08,926,72,canastas,20.0,,20.0,20.0,,AD-PJUG
2026,19,mayo,2026-05-08,926,72,canastas,1.0,,1.0,1.0,,AD3
2026,19,mayo,2026-05-08,726,72,canastas,10.0,,10.0,10.0,,AD1
2026,19,mayo,2026-05-08,926,72,canastas,6.0,,6.0,6.0,,PE1
2026,19,mayo,2026-05-08,5125,71,canastas,24.0,,24.0,24.0,,PE1
2026,19,mayo,2026-05-08,5025,65,canastas,12.0,,12.0,12.0,,PEBAB
2026,19,mayo,2026-05-08,5125,75,canastas,146.0,,146.0,146.0,,PEBAB
2026,19,mayo,2026-05-08,726,72,canastas,20.0,,20.0,20.0,,AD1
2026,19,mayo,2026-05-08,5125,19,canastas,10.0,,10.0,10.0,,PE1
2026,19,mayo,2026-05-09,726,72,canastas,6.0,,6.0,6.0,,AD2
2026,19,mayo,2026-05-09,5125,71,canastas,12.0,,12.0,12.0,,PE2
2026,19,mayo,2026-05-09,5125,75,canastas,20.0,,20.0,20.0,,PE2
2026,19,mayo,2026-05-09,726,72,canastas,12.0,,12.0,12.0,,AD1
2026,19,mayo,2026-05-09,926,72,canastas,11.0,,11.0,11.0,,AD1
2026,19,mayo,2026-05-09,5125,75,canastas,1.0,,1.0,1.0,,PE3
2026,19,mayo,2026-05-09,5125,19,canastas,12.0,,12.0,12.0,,PE1
2026,19,mayo,2026-05-09,5125,75,canastas,44.0,,44.0,44.0,,PE1
2026,19,mayo,2026-05-09,5125,75,canastas,2.0,,2.0,2.0,,PE3
2026,19,mayo,2026-05-09,5125,75,canastas,1.0,,1.0,1.0,,PE3
2026,19,mayo,2026-05-09,5125,75,canastas,20.0,,20.0,20.0,,PE2
2026,19,mayo,2026-05-09,5125,19,canastas,29.0,,29.0,29.0,,PEGUA
2026,19,mayo,2026-05-09,5125,75,canastas,20.0,,20.0,20.0,,PEBAB
2026,19,mayo,2026-05-09,5125,19,canastas,50.0,,50.0,50.0,,PEBAB
2026,19,mayo,2026-05-09,5125,75,canastas,84.0,,84.0,84.0,,PE1
2026,19,mayo,2026-05-09,5125,71,canastas,102.0,,102.0,102.0,,PE1
2026,19,mayo,2026-05-09,726,72,canastas,59.0,,59.0,59.0,,AD-PJUG
2026,20,mayo,2026-05-11,5125,71,canastas,9.0,,9.0,9.0,,PE1
2026,20,mayo,2026-05-11,5125,71,canastas,6.0,,6.0,6.0,,PE1
2026,20,mayo,2026-05-11,5125,71,canastas,7.0,,7.0,7.0,,PE1
2026,20,mayo,2026-05-11,1026,72,canastas,4.0,,4.0,4.0,,AD1
2026,20,mayo,2026-05-11,1026,72,canastas,3.0,,3.0,3.0,,AD2
2026,20,mayo,2026-05-11,5125,71,canastas,2.0,,2.0,2.0,,PE2
2026,20,mayo,2026-05-11,5125,71,canastas,6.0,,6.0,6.0,,PE1
2026,20,mayo,2026-05-11,5125,71,canastas,11.0,,11.0,11.0,,PE1
2026,20,mayo,2026-05-11,5125,71,canastas,5.0,,5.0,5.0,,PE1
2026,20,mayo,2026-05-11,1226,72,canastas,2.0,,2.0,2.0,,AD2
2026,20,mayo,2026-05-11,5125,71,canastas,2.0,,2.0,2.0,,PE3
2026,20,mayo,2026-05-11,1026,72,canastas,4.0,,4.0,4.0,,AD2
2026,20,mayo,2026-05-11,626,76,canastas,5.0,,5.0,5.0,,AD2
2026,20,mayo,2026-05-11,5125,71,canastas,5.0,,5.0,5.0,,PE2
2026,20,mayo,2026-05-11,5125,71,canastas,117.0,,117.0,117.0,,PJUG
2026,20,mayo,2026-05-11,5125,75,canastas,12.0,,12.0,12.0,,PE1
2026,20,mayo,2026-05-11,626,76,canastas,8.0,,8.0,8.0,,ADGUA
2026,20,mayo,2026-05-11,5125,71,canastas,4.0,,4.0,4.0,,PIND
2026,20,mayo,2026-05-11,5125,71,canastas,40.0,,40.0,40.0,,PE1
2026,20,mayo,2026-05-11,1226,72,canastas,4.0,,4.0,4.0,,AD3
2026,20,mayo,2026-05-11,5125,71,canastas,2.0,,2.0,2.0,,PE2
2026,20,mayo,2026-05-11,5125,75,canastas,10.0,,10.0,10.0,,PE1
2026,20,mayo,2026-05-12,5125,19,canastas,1.0,,1.0,1.0,,PEGUA
2026,20,mayo,2026-05-12,626,76,canastas,1.0,,1.0,1.0,,AD2
2026,20,mayo,2026-05-12,5125,19,canastas,3.0,,3.0,3.0,,PE1
2026,20,mayo,2026-05-12,5225,71,canastas,12.0,,12.0,12.0,,PE1
2026,20,mayo,2026-05-12,5225,71,canastas,6.0,,6.0,6.0,,PE2
2026,20,mayo,2026-05-12,5225,71,canastas,6.0,,6.0,6.0,,PEGUA
2026,20,mayo,2026-05-12,5225,71,canastas,4.0,,4.0,4.0,,PEGUA
2026,20,mayo,2026-05-12,5125,71,canastas,4.0,,4.0,4.0,,PE1
2026,20,mayo,2026-05-12,5225,71,canastas,4.0,,4.0,4.0,,PE3
2026,20,mayo,2026-05-12,5125,19,canastas,7.0,,7.0,7.0,,PEGUA
2026,20,mayo,2026-05-12,5225,71,canastas,21.0,,21.0,21.0,,PE3
2026,20,mayo,2026-05-12,5125,19,canastas,2.0,,2.0,2.0,,PE3
2026,20,mayo,2026-05-12,726,64,canastas,8.0,,8.0,8.0,,AD-PJUG
2026,20,mayo,2026-05-12,5225,71,canastas,4.0,,4.0,4.0,,PE3
2026,20,mayo,2026-05-12,5225,71,canastas,9.0,,9.0,9.0,,PE2
2026,20,mayo,2026-05-12,5225,71,canastas,9.0,,9.0,9.0,,PE2
2026,20,mayo,2026-05-12,5125,71,canastas,8.0,,8.0,8.0,,PE2
2026,20,mayo,2026-05-12,5125,19,canastas,12.0,,12.0,12.0,,PE1
2026,20,mayo,2026-05-13,5225,71,canastas,2.0,,2.0,2.0,,PE2
2026,20,mayo,2026-05-13,5225,71,canastas,1.0,,1.0,1.0,,PE2
2026,20,mayo,2026-05-13,5125,71,canastas,9.0,,9.0,9.0,,PE1
2026,20,mayo,2026-05-13,726,74,canastas,12.0,,12.0,12.0,,AD2
2026,20,mayo,2026-05-13,5125,71,canastas,8.0,,8.0,8.0,,PE2
2026,20,mayo,2026-05-13,5125,71,canastas,4.0,,4.0,4.0,,PE1
2026,20,mayo,2026-05-13,5125,71,canastas,7.0,,7.0,7.0,,PE3
2026,20,mayo,2026-05-13,5125,71,canastas,7.0,,7.0,7.0,,PIND
2026,20,mayo,2026-05-13,5225,71,canastas,74.0,,74.0,74.0,,PJUG
2026,20,mayo,2026-05-13,5225,71,canastas,89.0,,89.0,89.0,,PJUG
2026,20,mayo,2026-05-13,1026,72,canastas,5.0,,5.0,5.0,,AD2
2026,20,mayo,2026-05-13,1526,72,canastas,5.0,,5.0,5.0,,AD2
2026,20,mayo,2026-05-13,1226,72,canastas,2.0,,2.0,2.0,,AD2
2026,20,mayo,2026-05-13,5225,71,canastas,482.0,,482.0,482.0,,PE1
2026,20,mayo,2026-05-13,5225,71,canastas,106.0,,106.0,106.0,,PE1
2026,20,mayo,2026-05-13,5225,71,canastas,56.0,,56.0,56.0,,PE1
2026,20,mayo,2026-05-13,5125,19,canastas,245.0,,245.0,245.0,,PE1
2026,20,mayo,2026-05-13,5225,71,canastas,37.0,,37.0,37.0,,PE1
2026,20,mayo,2026-05-13,5125,71,canastas,7.0,,7.0,7.0,,PE1
2026,20,mayo,2026-05-13,726,70,canastas,19.0,,19.0,19.0,,AD1
2026,20,mayo,2026-05-13,5225,71,canastas,53.0,,53.0,53.0,,PE2
2026,20,mayo,2026-05-13,926,72,canastas,32.0,,32.0,32.0,,AD3
2026,20,mayo,2026-05-13,5125,71,canastas,5.0,,5.0,5.0,,PEGUA
2026,20,mayo,2026-05-13,5125,71,canastas,11.0,,11.0,11.0,,PE3
2026,20,mayo,2026-05-13,5125,71,canastas,6.0,,6.0,6.0,,PE1
2026,20,mayo,2026-05-13,5225,19,canastas,12.0,,12.0,12.0,,PE1
2026,20,mayo,2026-05-13,5125,71,canastas,12.0,,12.0,12.0,,PE1
2026,20,mayo,2026-05-13,5225,71,canastas,85.0,,85.0,85.0,,PE1
2026,20,mayo,2026-05-13,5225,19,canastas,8.0,,8.0,8.0,,PE1
2026,20,mayo,2026-05-13,5125,19,canastas,4.0,,4.0,4.0,,PE2
2026,20,mayo,2026-05-13,5225,71,canastas,5.0,,5.0,5.0,,PE2
2026,20,mayo,2026-05-13,5225,71,canastas,16.0,,16.0,16.0,,PE1
2026,20,mayo,2026-05-14,5225,19,canastas,485.0,,485.0,485.0,,AL-PE1
2026,20,mayo,2026-05-14,5125,71,canastas,20.0,,20.0,20.0,,PE2
2026,20,mayo,2026-05-14,726,74,canastas,2.0,,2.0,2.0,,AD1
2026,20,mayo,2026-05-14,5225,71,canastas,6.0,,6.0,6.0,,PE1
2026,20,mayo,2026-05-14,726,74,canastas,13.0,,13.0,13.0,,AD1
2026,20,mayo,2026-05-14,,,canastas,4.0,,4.0,4.0,,PE2
2026,20,mayo,2026-05-14,5125,71,canastas,3.0,,3.0,3.0,,PE3
2026,20,mayo,2026-05-14,5225,19,canastas,20.0,,20.0,20.0,,PE1
2026,20,mayo,2026-05-15,5225,19,canastas,2.0,,2.0,2.0,,PE2
2026,20,mayo,2026-05-15,5225,71,canastas,2.0,,2.0,2.0,,PEGUA
2026,20,mayo,2026-05-15,726,74,canastas,2.0,,2.0,2.0,,AD1
2026,20,mayo,2026-05-15,5225,19,canastas,8.0,,8.0,8.0,,PE1
2026,20,mayo,2026-05-15,5225,19,canastas,4.0,,4.0,4.0,,PE1
2026,20,mayo,2026-05-15,726,64,canastas,45.0,,45.0,45.0,,AD1
2026,20,mayo,2026-05-15,5225,19,canastas,3.0,,3.0,3.0,,PE3
2026,20,mayo,2026-05-15,5225,71,canastas,2.0,,2.0,2.0,,PE3
2026,20,mayo,2026-05-15,5225,71,canastas,2.0,,2.0,2.0,,PE3
2026,20,mayo,2026-05-15,5225,71,canastas,2.0,,2.0,2.0,,PE3
2026,20,mayo,2026-05-15,5225,71,canastas,14.0,,14.0,14.0,,PEGUA
2026,20,mayo,2026-05-15,5225,19,canastas,6.0,,6.0,6.0,,PEGUA
2026,20,mayo,2026-05-15,5225,71,canastas,2.0,,2.0,2.0,,PEBAB
2026,20,mayo,2026-05-15,5225,19,canastas,2.0,,2.0,2.0,,PE2
2026,20,mayo,2026-05-15,5225,19,canastas,4.0,,4.0,4.0,,PE3
2026,20,mayo,2026-05-15,5225,19,canastas,2.0,,2.0,2.0,,PE3
2026,20,mayo,2026-05-15,5225,19,canastas,3.0,,3.0,3.0,,PEBAB
2026,20,mayo,2026-05-15,5225,19,canastas,5.0,,5.0,5.0,,PE2
2026,20,mayo,2026-05-15,5225,19,canastas,10.0,,10.0,10.0,,PE1
2026,20,mayo,2026-05-15,5225,71,canastas,1.0,,1.0,1.0,,PE2
2026,20,mayo,2026-05-15,726,74,canastas,2.0,,2.0,2.0,,AD1
2026,20,mayo,2026-05-15,5125,19,canastas,8.0,,8.0,8.0,,PE2
2026,20,mayo,2026-05-15,5225,71,canastas,110.0,,110.0,110.0,,PE2
2026,20,mayo,2026-05-15,726,74,canastas,8.0,,8.0,8.0,,AD1
2026,20,mayo,2026-05-15,5225,19,canastas,30.0,,30.0,30.0,,PE1
2026,20,mayo,2026-05-15,726,64,canastas,68.0,,68.0,68.0,,AD-PJUG
2026,20,mayo,2026-05-15,5225,19,canastas,2.0,,2.0,2.0,,PEGUA
2026,20,mayo,2026-05-15,5225,19,canastas,2.0,,2.0,2.0,,PE2
2026,20,mayo,2026-05-15,726,74,canastas,1.0,,1.0,1.0,,AD3
2026,20,mayo,2026-05-15,5225,19,canastas,1.0,,1.0,1.0,,PE3
2026,20,mayo,2026-05-15,5225,19,canastas,10.0,,10.0,10.0,,PE3
2026,20,mayo,2026-05-15,5225,19,canastas,3.0,,3.0,3.0,,PE1
2026,20,mayo,2026-05-16,226,74,canastas,2.0,,2.0,2.0,,ADGUA
2026,20,mayo,2026-05-16,5225,19,canastas,2.0,,2.0,2.0,,PEGUA
2026,20,mayo,2026-05-16,5225,19,canastas,9.0,,9.0,9.0,,PE1
2026,20,mayo,2026-05-16,5225,19,canastas,10.0,,10.0,10.0,,PE1
2026,20,mayo,2026-05-16,226,74,canastas,2.0,,2.0,2.0,,AD2
2026,20,mayo,2026-05-16,5225,19,canastas,2.0,,2.0,2.0,,PE3
2026,20,mayo,2026-05-16,5225,19,canastas,3.0,,3.0,3.0,,PE2
2026,20,mayo,2026-05-16,5225,71,canastas,9.0,,9.0,9.0,,PE2
2026,20,mayo,2026-05-16,226,74,canastas,10.0,,10.0,10.0,,AD1
2026,20,mayo,2026-05-16,5225,19,canastas,4.0,,4.0,4.0,,PEGUA
2026,20,mayo,2026-05-16,5225,19,canastas,2.0,,2.0,2.0,,PEGUA
2026,20,mayo,2026-05-16,5225,19,canastas,6.0,,6.0,6.0,,PE2
2026,20,mayo,2026-05-16,5225,19,canastas,9.0,,9.0,9.0,,PE1
2026,20,mayo,2026-05-16,5225,71,canastas,3.0,,3.0,3.0,,PE2
2026,20,mayo,2026-05-16,5225,19,canastas,3.0,,3.0,3.0,,PEGUA
2026,20,mayo,2026-05-16,5225,19,canastas,4.0,,4.0,4.0,,PE1
2026,20,mayo,2026-05-16,5225,19,canastas,4.0,,4.0,4.0,,PE3
2026,20,mayo,2026-05-16,5225,19,canastas,2.0,,2.0,2.0,,PE3
2026,20,mayo,2026-05-16,5225,19,canastas,12.0,,12.0,12.0,,PIND
2026,20,mayo,2026-05-16,5225,19,canastas,43.0,,43.0,43.0,,PIND
2026,20,mayo,2026-05-16,5225,19,canastas,200.0,,200.0,200.0,,PJUG
2026,20,mayo,2026-05-16,,,canastas,24.0,,24.0,24.0,,PE2
2026,20,mayo,2026-05-17,326,74,canastas,5.0,,5.0,5.0,,AD2
2026,20,mayo,2026-05-17,126,75,canastas,23.0,,23.0,23.0,,PE2
2026,20,mayo,2026-05-17,626,74,canastas,36.0,,36.0,36.0,,AD1
2026,20,mayo,2026-05-17,126,75,canastas,8.0,,8.0,8.0,,PE1
2026,20,mayo,2026-05-17,726,74,canastas,340.0,,340.0,340.0,,AD1
2026,20,mayo,2026-05-17,226,74,canastas,32.0,,32.0,32.0,,AD2
2026,21,mayo,2026-05-18,226,74,canastas,10.0,,10.0,10.0,,AD3
2026,21,mayo,2026-05-18,5225,19,canastas,4.0,,4.0,4.0,,PE3
2026,21,mayo,2026-05-18,5225,19,canastas,2.0,,2.0,2.0,,PEBAB
2026,21,mayo,2026-05-18,226,74,canastas,8.0,,8.0,8.0,,AD1
2026,21,mayo,2026-05-18,5225,19,canastas,3.0,,3.0,3.0,,PE3
2026,21,mayo,2026-05-18,126,75,canastas,3.0,,3.0,3.0,,PE2
2026,21,mayo,2026-05-18,126,75,canastas,3.0,,3.0,3.0,,PE2
2026,21,mayo,2026-05-18,5226,19,canastas,19.0,,19.0,19.0,,PE2
2026,21,mayo,2026-05-18,126,75,canastas,8.0,,8.0,8.0,,PE1
2026,21,mayo,2026-05-18,5225,19,canastas,26.0,,26.0,26.0,,PE1
2026,21,mayo,2026-05-18,126,75,canastas,6.0,,6.0,6.0,,PE1
2026,21,mayo,2026-05-18,5226,19,canastas,6.0,,6.0,6.0,,PE1
2026,21,mayo,2026-05-18,5225,19,canastas,6.0,,6.0,6.0,,PE2
2026,21,mayo,2026-05-18,126,75,canastas,28.0,,28.0,28.0,,PJUG
2026,21,mayo,2026-05-18,126,75,canastas,182.0,,182.0,182.0,,PJUG
2026,21,mayo,2026-05-18,126,75,canastas,247.0,,247.0,247.0,,PJUG
2026,21,mayo,2026-05-18,5226,19,canastas,14.0,,14.0,14.0,,PJUG
2026,21,mayo,2026-05-18,5225,19,canastas,8.0,,8.0,8.0,,PEGUA
2026,21,mayo,2026-05-18,826,75,canastas,32.0,,32.0,32.0,,AD2
2026,21,mayo,2026-05-19,126,75,canastas,4.0,,4.0,4.0,,PE1
2026,21,mayo,2026-05-19,126,75,canastas,10.0,,10.0,10.0,,PE1
2026,21,mayo,2026-05-19,5225,19,canastas,6.0,,6.0,6.0,,PE2
2026,21,mayo,2026-05-19,5225,19,canastas,2.0,,2.0,2.0,,PE2
2026,21,mayo,2026-05-19,126,75,canastas,63.0,,63.0,63.0,,PE2
2026,21,mayo,2026-05-19,126,75,canastas,6.0,,6.0,6.0,,PE1
2026,21,mayo,2026-05-19,826,75,canastas,3.0,,3.0,3.0,,AD3
2026,21,mayo,2026-05-19,826,75,canastas,3.0,,3.0,3.0,,ADGUA
2026,21,mayo,2026-05-19,126,75,canastas,5.0,,5.0,5.0,,PE2
2026,21,mayo,2026-05-19,5225,19,canastas,6.0,,6.0,6.0,,PE3
2026,21,mayo,2026-05-19,5225,19,canastas,13.0,,13.0,13.0,,PE1
2026,21,mayo,2026-05-19,126,75,canastas,17.0,,17.0,17.0,,PE1
2026,21,mayo,2026-05-19,5225,19,canastas,117.0,,117.0,117.0,,PE2
2026,21,mayo,2026-05-19,5225,19,canastas,50.0,,50.0,50.0,,PE1
2026,21,mayo,2026-05-20,126,75,canastas,1.0,,1.0,1.0,,PE2
2026,21,mayo,2026-05-20,126,75,canastas,1.0,,1.0,1.0,,PE1
2026,21,mayo,2026-05-20,126,75,canastas,6.0,,6.0,6.0,,PE2
2026,21,mayo,2026-05-20,5225,19,canastas,7.0,,7.0,7.0,,PE1
2026,21,mayo,2026-05-20,5225,19,canastas,4.0,,4.0,4.0,,PE3
2026,21,mayo,2026-05-20,5225,19,canastas,6.0,,6.0,6.0,,PEGUA
2026,21,mayo,2026-05-20,626,76,canastas,2.0,,2.0,2.0,,ADBABY
2026,21,mayo,2026-05-20,126,75,canastas,3.0,,3.0,3.0,,PE2
2026,21,mayo,2026-05-20,626,76,canastas,2.0,,2.0,2.0,,AD3
2026,21,mayo,2026-05-20,5225,19,canastas,3.0,,3.0,3.0,,PEGUA
2026,21,mayo,2026-05-20,126,75,canastas,4.0,,4.0,4.0,,PE1
2026,21,mayo,2026-05-20,626,76,canastas,8.0,,8.0,8.0,,AD2
2026,21,mayo,2026-05-20,126,75,canastas,10.0,,10.0,10.0,,PE1
2026,21,mayo,2026-05-20,126,75,canastas,10.0,,10.0,10.0,,PE1
2026,21,mayo,2026-05-20,126,75,canastas,24.0,,24.0,24.0,,PE1
2026,21,mayo,2026-05-20,126,19,canastas,25.0,,25.0,25.0,,PE1
2026,21,mayo,2026-05-20,626,76,canastas,26.0,,26.0,26.0,,AD3
2026,21,mayo,2026-05-20,626,76,canastas,20.0,,20.0,20.0,,AD-PJUG
2026,21,mayo,2026-05-20,5225,19,canastas,20.0,,20.0,20.0,,PE1
2026,21,mayo,2026-05-20,226,74,canastas,306.0,,306.0,306.0,,AD3
2026,21,mayo,2026-05-21,226,74,canastas,519.0,,519.0,519.0,,AD2
2026,21,mayo,2026-05-21,126,74,canastas,246.0,,246.0,246.0,,AD2
2026,21,mayo,2026-05-21,126,19,canastas,2.0,,2.0,2.0,,PE3
2026,21,mayo,2026-05-21,5225,19,canastas,3.0,,3.0,3.0,,PEGUA
2026,21,mayo,2026-05-21,126,19,canastas,6.0,,6.0,6.0,,PE2
2026,21,mayo,2026-05-21,126,19,canastas,3.0,,3.0,3.0,,PE3
2026,21,mayo,2026-05-21,126,19,canastas,2.0,,2.0,2.0,,PE1
2026,21,mayo,2026-05-21,126,19,canastas,3.0,,3.0,3.0,,PEGUA
2026,21,mayo,2026-05-21,126,19,canastas,11.0,,11.0,11.0,,PE1
2026,21,mayo,2026-05-21,126,19,canastas,2.0,,2.0,2.0,,PE2
2026,21,mayo,2026-05-21,126,19,canastas,4.0,,4.0,4.0,,PE2
2026,21,mayo,2026-05-21,126,19,canastas,4.0,,4.0,4.0,,PE2
2026,21,mayo,2026-05-21,226,74,canastas,23.0,,23.0,23.0,,AD-PIND
2026,21,mayo,2026-05-22,126,19,canastas,2.0,,2.0,2.0,,PEGUA
2026,21,mayo,2026-05-22,326,74,canastas,4.0,,4.0,4.0,,AD1
2026,21,mayo,2026-05-22,226,74,canastas,1.0,,1.0,1.0,,AD3
2026,21,mayo,2026-05-22,5225,19,canastas,2.0,,2.0,2.0,,PE2
2026,21,mayo,2026-05-22,5225,19,canastas,108.0,,108.0,108.0,,PE2
2026,21,mayo,2026-05-22,526,76,canastas,288.0,,288.0,288.0,,AD1
2026,21,mayo,2026-05-22,626,76,canastas,490.0,,490.0,490.0,,AD1
2026,21,mayo,2026-05-22,126,19,canastas,1.0,,1.0,1.0,,PEGUA
2026,21,mayo,2026-05-22,126,75,canastas,10.0,,10.0,10.0,,PEBAB
2026,21,mayo,2026-05-22,126,19,canastas,109.0,,109.0,109.0,,PEBAB
2026,21,mayo,2026-05-22,226,74,canastas,12.0,,12.0,12.0,,AD1
2026,21,mayo,2026-05-22,426,74,canastas,3.0,,3.0,3.0,,AD3
2026,21,mayo,2026-05-22,126,19,canastas,41.0,,41.0,41.0,,PEGUA
2026,21,mayo,2026-05-22,126,19,canastas,6.0,,6.0,6.0,,PE1
2026,21,mayo,2026-05-22,226,74,canastas,5.0,,5.0,5.0,,AD2
2026,21,mayo,2026-05-22,126,75,canastas,8.0,,8.0,8.0,,PE2
2026,21,mayo,2026-05-22,126,75,canastas,11.0,,11.0,11.0,,PE1
2026,21,mayo,2026-05-23,126,19,canastas,2.0,,2.0,2.0,,PE2
2026,21,mayo,2026-05-23,1126,72,canastas,2.0,,2.0,2.0,,AD1
2026,21,mayo,2026-05-23,126,19,canastas,12.0,,12.0,12.0,,PE2
2026,21,mayo,2026-05-23,126,75,canastas,2.0,,2.0,2.0,,PE2
2026,21,mayo,2026-05-23,826,74,canastas,3.0,,3.0,3.0,,AD1
2026,21,mayo,2026-05-23,126,19,canastas,3.0,,3.0,3.0,,PE3
2026,21,mayo,2026-05-23,326,74,canastas,6.0,,6.0,6.0,,AD2
2026,21,mayo,2026-05-23,126,75,canastas,42.0,,42.0,42.0,,PE2
2026,21,mayo,2026-05-23,126,19,canastas,5.0,,5.0,5.0,,PE2
2026,21,mayo,2026-05-23,626,76,canastas,209.0,,209.0,209.0,,AD1
2026,21,mayo,2026-05-23,5225,19,canastas,546.0,,546.0,546.0,,PE1
2026,21,mayo,2026-05-23,826,74,canastas,2.0,,2.0,2.0,,AD1
2026,21,mayo,2026-05-23,126,75,canastas,2.0,,2.0,2.0,,PE1
2026,21,mayo,2026-05-23,126,19,canastas,2.0,,2.0,2.0,,PE1
2026,21,mayo,2026-05-23,126,19,canastas,5.0,,5.0,5.0,,PEGUA
2026,21,mayo,2026-05-23,126,75,canastas,200.0,,200.0,200.0,,PJUG
2026,21,mayo,2026-05-24,926,72,canastas,15.0,,15.0,15.0,,AD3
2026,22,mayo,2026-05-25,126,75,canastas,4.0,,4.0,4.0,,PEGUA
2026,22,mayo,2026-05-25,126,75,canastas,2.0,,2.0,2.0,,PE1
2026,22,mayo,2026-05-25,126,19,canastas,8.0,,8.0,8.0,,PE3
2026,22,mayo,2026-05-25,126,75,canastas,8.0,,8.0,8.0,,PE3
2026,22,mayo,2026-05-25,126,19,canastas,3.0,,3.0,3.0,,PE1
2026,22,mayo,2026-05-25,126,19,canastas,10.0,,10.0,10.0,,PE2
2026,22,mayo,2026-05-25,126,19,canastas,2.0,,2.0,2.0,,PE2
2026,22,mayo,2026-05-25,126,75,canastas,10.0,,10.0,10.0,,PE1
2026,22,mayo,2026-05-25,126,75,canastas,10.0,,10.0,10.0,,PE2
2026,22,mayo,2026-05-25,126,19,canastas,3.0,,3.0,3.0,,PEGUA
2026,22,mayo,2026-05-25,126,75,canastas,5.0,,5.0,5.0,,PE3
2026,22,mayo,2026-05-25,126,19,canastas,3.0,,3.0,3.0,,PEBAB
2026,22,mayo,2026-05-25,126,75,canastas,10.0,,10.0,10.0,,PE1
2026,22,mayo,2026-05-25,126,75,canastas,2.0,,2.0,2.0,,PE2
2026,22,mayo,2026-05-25,126,75,canastas,5.0,,5.0,5.0,,PE3
2026,22,mayo,2026-05-25,126,19,canastas,7.0,,7.0,7.0,,PEGUA
2026,22,mayo,2026-05-25,126,19,canastas,4.0,,4.0,4.0,,PE2
2026,22,mayo,2026-05-25,126,75,canastas,2.0,,2.0,2.0,,PE3
2026,22,mayo,2026-05-25,126,19,canastas,12.0,,12.0,12.0,,PE1
2026,22,mayo,2026-05-25,126,75,canastas,38.0,,38.0,38.0,,PE1
2026,22,mayo,2026-05-25,126,75,canastas,5.0,,5.0,5.0,,PEGUA
2026,22,mayo,2026-05-25,126,75,canastas,30.0,,30.0,30.0,,PE1
2026,22,mayo,2026-05-25,126,75,canastas,10.0,,10.0,10.0,,PE2
2026,22,mayo,2026-05-25,126,75,canastas,26.0,,26.0,26.0,,PE2
2026,22,mayo,2026-05-26,126,19,canastas,2.0,,2.0,2.0,,PEGUA
2026,22,mayo,2026-05-26,126,75,canastas,2.0,,2.0,2.0,,PE2
2026,22,mayo,2026-05-26,126,19,canastas,2.0,,2.0,2.0,,PE1
2026,22,mayo,2026-05-26,126,75,canastas,3.0,,3.0,3.0,,PE3
2026,22,mayo,2026-05-26,126,19,canastas,2.0,,2.0,2.0,,PE3
2026,22,mayo,2026-05-26,126,75,canastas,7.0,,7.0,7.0,,PE3
2026,22,mayo,2026-05-26,126,19,canastas,2.0,,2.0,2.0,,PE2
2026,22,mayo,2026-05-26,126,75,canastas,8.0,,8.0,8.0,,PE2
2026,22,mayo,2026-05-26,126,75,canastas,1.0,,1.0,1.0,,PE2
2026,22,mayo,2026-05-26,126,19,canastas,12.0,,12.0,12.0,,PE1
2026,22,mayo,2026-05-26,126,19,canastas,8.0,,8.0,8.0,,PE1
2026,22,mayo,2026-05-26,126,75,canastas,6.0,,6.0,6.0,,PE3
2026,22,mayo,2026-05-26,126,19,canastas,2.0,,2.0,2.0,,PE1
2026,22,mayo,2026-05-26,126,19,canastas,14.0,,14.0,14.0,,PE1
2026,22,mayo,2026-05-26,126,19,canastas,8.0,,8.0,8.0,,PEGUA
2026,22,mayo,2026-05-26,101,101,canastas,22.0,,22.0,22.0,,AD-PIND
2026,22,mayo,2026-05-26,126,19,canastas,12.0,,12.0,12.0,,PE1
2026,22,mayo,2026-05-26,126,75,canastas,3.0,,3.0,3.0,,PE3
2026,22,mayo,2026-05-26,126,75,canastas,6.0,,6.0,6.0,,PE2
2026,22,mayo,2026-05-26,126,19,canastas,14.0,,14.0,14.0,,PEBAB
2026,22,mayo,2026-05-26,126,19,canastas,28.0,,28.0,28.0,,PEBAB
2026,22,mayo,2026-05-26,126,19,canastas,234.0,,234.0,234.0,,PEBAB
2026,22,mayo,2026-05-26,126,19,canastas,4.0,,4.0,4.0,,PE2
2026,22,mayo,2026-05-26,126,75,canastas,5.0,,5.0,5.0,,PEGUA
2026,22,mayo,2026-05-26,126,75,canastas,5.0,,5.0,5.0,,PEBAB
2026,22,mayo,2026-05-26,126,75,canastas,18.0,,18.0,18.0,,PE1
2026,22,mayo,2026-05-26,126,75,canastas,28.0,,28.0,28.0,,PE1
2026,22,mayo,2026-05-26,126,75,canastas,8.0,,8.0,8.0,,PE2
2026,22,mayo,2026-05-26,126,19,canastas,13.0,,13.0,13.0,,PE2
2026,22,mayo,2026-05-27,126,19,canastas,2.0,,2.0,2.0,,PEGUA
2026,22,mayo,2026-05-27,426,17,canastas,2.0,,2.0,2.0,,AD1
2026,22,mayo,2026-05-27,226,74,canastas,3.0,,3.0,3.0,,PE2
2026,22,mayo,2026-05-27,126,19,canastas,4.0,,4.0,4.0,,PE2
2026,22,mayo,2026-05-27,426,17,canastas,2.0,,2.0,2.0,,AD2
2026,22,mayo,2026-05-27,326,19,canastas,4.0,,4.0,4.0,,AD1
2026,22,mayo,2026-05-27,126,19,canastas,4.0,,4.0,4.0,,PE1
2026,22,mayo,2026-05-27,126,19,canastas,2.0,,2.0,2.0,,PE1
2026,22,mayo,2026-05-27,126,19,canastas,8.0,,8.0,8.0,,PE1
2026,22,mayo,2026-05-27,126,19,canastas,3.0,,3.0,3.0,,PE3
2026,22,mayo,2026-05-27,126,19,canastas,4.0,,4.0,4.0,,PE3
2026,22,mayo,2026-05-27,426,17,canastas,3.0,,3.0,3.0,,AD3
2026,22,mayo,2026-05-27,126,19,canastas,6.0,,6.0,6.0,,PE3
2026,22,mayo,2026-05-27,426,17,canastas,3.0,,3.0,3.0,,ADGUA
2026,22,mayo,2026-05-27,326,65,canastas,4.0,,4.0,4.0,,AD1
2026,22,mayo,2026-05-27,226,74,canastas,17.0,,17.0,17.0,,PE1
2026,22,mayo,2026-05-27,126,19,canastas,4.0,,4.0,4.0,,PE1
2026,22,mayo,2026-05-27,126,19,canastas,6.0,,6.0,6.0,,PE1
2026,22,mayo,2026-05-27,126,19,canastas,9.0,,9.0,9.0,,PEGUA
2026,22,mayo,2026-05-27,126,19,canastas,2.0,,2.0,2.0,,PE3
2026,22,mayo,2026-05-27,426,17,canastas,3.0,,3.0,3.0,,AD1
2026,22,mayo,2026-05-27,126,19,canastas,3.0,,3.0,3.0,,PE3
2026,22,mayo,2026-05-27,126,19,canastas,31.0,,31.0,31.0,,PE3
2026,22,mayo,2026-05-27,126,19,canastas,5.0,,5.0,5.0,,PEGUA
2026,22,mayo,2026-05-27,426,17,canastas,60.0,,60.0,60.0,,AD-PJUG
2026,22,mayo,2026-05-27,226,74,canastas,2.0,,2.0,2.0,,PE3
2026,22,mayo,2026-05-27,126,19,canastas,10.0,,10.0,10.0,,PE2
2026,22,mayo,2026-05-27,226,74,canastas,10.0,,10.0,10.0,,PE1
2026,22,mayo,2026-05-27,426,17,canastas,12.0,,12.0,12.0,,AD1
2026,22,mayo,2026-05-28,726,72,canastas,2.0,,2.0,2.0,,AD1
2026,22,mayo,2026-05-28,226,74,canastas,3.0,,3.0,3.0,,PE1
2026,22,mayo,2026-05-28,226,17,canastas,1.0,,1.0,1.0,,PEGUA
2026,22,mayo,2026-05-28,226,74,canastas,6.0,,6.0,6.0,,PE1
2026,22,mayo,2026-05-28,226,74,canastas,13.0,,13.0,13.0,,PE2
2026,22,mayo,2026-05-28,726,72,canastas,8.0,,8.0,8.0,,AD1
2026,22,mayo,2026-05-28,726,72,canastas,10.0,,10.0,10.0,,AD3
2026,22,mayo,2026-05-28,226,17,canastas,5.0,,5.0,5.0,,PE3
2026,22,mayo,2026-05-28,126,19,canastas,2.0,,2.0,2.0,,PEBAB
2026,22,mayo,2026-05-28,126,19,canastas,2.0,,2.0,2.0,,PEBAB
2026,22,mayo,2026-05-28,726,72,canastas,4.0,,4.0,4.0,,AD2
2026,22,mayo,2026-05-28,226,19,canastas,4.0,,4.0,4.0,,PE1
2026,22,mayo,2026-05-28,126,19,canastas,3.0,,3.0,3.0,,PE1
2026,22,mayo,2026-05-28,126,19,canastas,2.0,,2.0,2.0,,PE1
2026,22,mayo,2026-05-28,126,19,canastas,4.0,,4.0,4.0,,PE3
2026,22,mayo,2026-05-28,126,19,canastas,1.0,,1.0,1.0,,PE3
2026,22,mayo,2026-05-28,226,17,canastas,4.0,,4.0,4.0,,PE2
2026,22,mayo,2026-05-28,226,17,canastas,3.0,,3.0,3.0,,PE2
2026,22,mayo,2026-05-28,126,19,canastas,12.0,,12.0,12.0,,PE1
2026,22,mayo,2026-05-28,126,19,canastas,52.0,,52.0,52.0,,PE1
2026,22,mayo,2026-05-28,126,19,canastas,7.0,,7.0,7.0,,PE1
2026,22,mayo,2026-05-28,226,74,canastas,7.0,,7.0,7.0,,PEGUA
2026,22,mayo,2026-05-28,226,17,canastas,4.0,,4.0,4.0,,PE3
2026,22,mayo,2026-05-28,226,74,canastas,2.0,,2.0,2.0,,PE3
2026,22,mayo,2026-05-28,726,72,canastas,4.0,,4.0,4.0,,AD2
2026,22,mayo,2026-05-28,126,19,canastas,4.0,,4.0,4.0,,PEGUA
2026,22,mayo,2026-05-28,726,72,canastas,208.0,,208.0,208.0,,AD-PJUG
2026,22,mayo,2026-05-28,1126,72,canastas,13.0,,13.0,13.0,,AD-PIND
2026,22,mayo,2026-05-28,726,72,canastas,12.0,,12.0,12.0,,AD1
2026,22,mayo,2026-05-28,226,74,canastas,10.0,,10.0,10.0,,PE2
2026,22,mayo,2026-05-29,226,19,canastas,3.0,,3.0,3.0,,PEGUA
2026,22,mayo,2026-05-29,226,74,canastas,8.0,,8.0,8.0,,AL-PEGUA
2026,22,mayo,2026-05-29,226,19,canastas,3.0,,3.0,3.0,,PE2
2026,22,mayo,2026-05-29,1226,72,canastas,2.0,,2.0,2.0,,AD1
2026,22,mayo,2026-05-29,226,74,canastas,20.0,,20.0,20.0,,PE1
2026,22,mayo,2026-05-29,226,74,canastas,13.0,,13.0,13.0,,PE2
2026,22,mayo,2026-05-29,226,74,canastas,5.0,,5.0,5.0,,PE1
2026,22,mayo,2026-05-29,1026,72,canastas,4.0,,4.0,4.0,,AD1
2026,22,mayo,2026-05-29,226,74,canastas,3.0,,3.0,3.0,,PE2
2026,22,mayo,2026-05-29,226,17,canastas,20.0,,20.0,20.0,,PE2
2026,22,mayo,2026-05-29,1026,72,canastas,4.0,,4.0,4.0,,AD2
2026,22,mayo,2026-05-29,126,19,canastas,10.0,,10.0,10.0,,PEBAB
2026,22,mayo,2026-05-30,226,74,canastas,3.0,,3.0,3.0,,PE2
2026,22,mayo,2026-05-30,226,74,canastas,4.0,,4.0,4.0,,PE1
2026,22,mayo,2026-05-30,226,74,canastas,15.0,,15.0,15.0,,PE2
2026,22,mayo,2026-05-30,1026,72,canastas,4.0,,4.0,4.0,,AD3
2026,22,mayo,2026-05-30,1026,72,canastas,3.0,,3.0,3.0,,AD3
2026,22,mayo,2026-05-30,226,74,canastas,2.0,,2.0,2.0,,PEGUA
2026,22,mayo,2026-05-30,226,74,canastas,8.0,,8.0,8.0,,PE1
2026,22,mayo,2026-05-30,226,17,canastas,540.0,,540.0,540.0,,PE1
2026,22,mayo,2026-05-30,1026,72,canastas,110.0,,110.0,110.0,,AD1
2026,22,mayo,2026-05-30,1126,72,canastas,28.0,,28.0,28.0,,AD-PIND
2026,22,mayo,2026-05-30,1126,72,canastas,229.0,,229.0,229.0,,AD-PJUG
2026,22,mayo,2026-05-30,1126,72,canastas,13.0,,13.0,13.0,,AD3
2026,22,mayo,2026-05-30,226,17,canastas,40.0,,40.0,40.0,,PEBAB
2026,22,mayo,2026-05-30,226,17,canastas,26.0,,26.0,26.0,,PEGUA
2026,22,mayo,2026-05-30,126,19,canastas,112.0,,112.0,112.0,,PEBAB
2026,22,mayo,2026-05-30,226,74,canastas,51.0,,51.0,51.0,,PE3
2026,22,mayo,2026-05-30,1026,72,canastas,8.0,,8.0,8.0,,AD2
2026,22,mayo,2026-05-30,1226,72,canastas,18.0,,18.0,18.0,,AD2
2026,22,mayo,2026-05-30,226,17,canastas,11.0,,11.0,11.0,,PEGUA
2026,23,junio,2026-06-01,226,17,canastas,2.0,,2.0,2.0,,PE1
2026,23,junio,2026-06-01,1326,73,canastas,7.0,,7.0,7.0,,AD1
2026,23,junio,2026-06-01,1326,73,canastas,4.0,,4.0,4.0,,AD2
2026,23,junio,2026-06-01,1526,73,canastas,8.0,,8.0,8.0,,AD1
2026,23,junio,2026-06-01,1426,73,canastas,6.0,,6.0,6.0,,AD1
2026,23,junio,2026-06-01,226,17,canastas,5.0,,5.0,5.0,,PE2
2026,23,junio,2026-06-01,1426,73,canastas,5.0,,5.0,5.0,,AD2
2026,23,junio,2026-06-01,226,17,canastas,2.0,,2.0,2.0,,PEGUA
2026,23,junio,2026-06-01,1526,73,canastas,6.0,,6.0,6.0,,AD2
2026,23,junio,2026-06-01,1526,73,canastas,4.0,,4.0,4.0,,AD2
2026,23,junio,2026-06-01,1326,73,canastas,6.0,,6.0,6.0,,AD1
2026,23,junio,2026-06-01,1026,72,canastas,2.0,,2.0,2.0,,AD1
2026,23,junio,2026-06-01,626,73,canastas,4.0,,4.0,4.0,,AD2
2026,23,junio,2026-06-01,226,17,canastas,4.0,,4.0,4.0,,PE2
2026,23,junio,2026-06-01,226,17,canastas,2.0,,2.0,2.0,,PE3
2026,23,junio,2026-06-01,226,17,canastas,8.0,,8.0,8.0,,PE3
2026,23,junio,2026-06-01,226,17,canastas,4.0,,4.0,4.0,,PE3
2026,23,junio,2026-06-01,226,17,canastas,4.0,,4.0,4.0,,PEGUA
2026,23,junio,2026-06-01,226,17,canastas,5.0,,5.0,5.0,,PE3
2026,23,junio,2026-06-01,226,17,canastas,5.0,,5.0,5.0,,PEGUA
2026,23,junio,2026-06-01,226,17,canastas,4.0,,4.0,4.0,,PEGUA
2026,23,junio,2026-06-01,226,17,canastas,4.0,,4.0,4.0,,PEBAB
2026,23,junio,2026-06-01,326,74,canastas,6.0,,6.0,6.0,,PEGUA
2026,23,junio,2026-06-01,226,17,canastas,2.0,,2.0,2.0,,PEBAB
2026,23,junio,2026-06-01,326,74,canastas,20.0,,20.0,20.0,,PE1
2026,23,junio,2026-06-01,226,74,canastas,4.0,,4.0,4.0,,PE2
2026,23,junio,2026-06-02,226,17,canastas,4.0,,4.0,4.0,,PEGUA
2026,23,junio,2026-06-02,226,74,canastas,4.0,,4.0,4.0,,PE1
2026,23,junio,2026-06-02,226,74,canastas,2.0,,2.0,2.0,,PE3
2026,23,junio,2026-06-02,1526,73,canastas,16.0,,16.0,16.0,,AD3
2026,23,junio,2026-06-02,226,74,canastas,3.0,,3.0,3.0,,PE2
2026,23,junio,2026-06-02,1526,73,canastas,5.0,,5.0,5.0,,AD3
2026,23,junio,2026-06-02,226,74,canastas,3.0,,3.0,3.0,,PE2
2026,23,junio,2026-06-02,226,74,canastas,10.0,,10.0,10.0,,PE1
2026,23,junio,2026-06-02,326,74,canastas,4.0,,4.0,4.0,,PE1
2026,23,junio,2026-06-02,226,74,canastas,2.0,,2.0,2.0,,PE2
2026,23,junio,2026-06-02,226,74,canastas,4.0,,4.0,4.0,,PE3
2026,23,junio,2026-06-02,326,74,canastas,2.0,,2.0,2.0,,PE3
2026,23,junio,2026-06-02,226,74,canastas,4.0,,4.0,4.0,,PE2
2026,23,junio,2026-06-02,226,74,canastas,2.0,,2.0,2.0,,PEBAB
2026,23,junio,2026-06-02,226,17,canastas,7.0,,7.0,7.0,,PE2
2026,23,junio,2026-06-02,226,74,canastas,2.0,,2.0,2.0,,PE2
2026,23,junio,2026-06-02,226,74,canastas,3.0,,3.0,3.0,,PEGUA
2026,23,junio,2026-06-02,226,19,canastas,6.0,,6.0,6.0,,PE1
2026,23,junio,2026-06-02,226,74,canastas,7.0,,7.0,7.0,,PE1
2026,23,junio,2026-06-02,226,74,canastas,1.0,,1.0,1.0,,PE1
2026,23,junio,2026-06-02,226,74,canastas,6.0,,6.0,6.0,,PE2
2026,23,junio,2026-06-02,1526,73,canastas,342.0,,342.0,342.0,,AD-PJUG
2026,23,junio,2026-06-02,1526,73,canastas,439.0,,439.0,439.0,,AD-PJUG
2026,23,junio,2026-06-02,1426,73,canastas,486.0,,486.0,486.0,,PJUG
2026,23,junio,2026-06-02,1426,73,canastas,20.0,,20.0,20.0,,AD-PJUG
2026,23,junio,2026-06-02,226,17,canastas,162.0,,162.0,162.0,,PJUG
2026,23,junio,2026-06-02,226,17,canastas,135.0,,135.0,135.0,,PJUG
2026,23,junio,2026-06-02,226,74,canastas,4.0,,4.0,4.0,,PE2
2026,23,junio,2026-06-02,226,74,canastas,20.0,,20.0,20.0,,PE2
2026,23,junio,2026-06-02,1526,73,canastas,153.0,,153.0,153.0,,AD-PJUG
2026,23,junio,2026-06-03,326,74,canastas,2.0,,2.0,2.0,,PE2
2026,23,junio,2026-06-03,226,17,canastas,2.0,,2.0,2.0,,PEGUA
2026,23,junio,2026-06-03,1426,73,canastas,3.0,,3.0,3.0,,AD1
2026,23,junio,2026-06-03,1426,73,canastas,5.0,,5.0,5.0,,ADBABY
2026,23,junio,2026-06-03,1426,73,canastas,4.0,,4.0,4.0,,ADGUA
2026,23,junio,2026-06-03,226,17,canastas,6.0,,6.0,6.0,,PE1
2026,23,junio,2026-06-03,1426,73,canastas,3.0,,3.0,3.0,,AD3
2026,23,junio,2026-06-03,226,17,canastas,5.0,,5.0,5.0,,PEGUA
2026,23,junio,2026-06-03,326,74,canastas,6.0,,6.0,6.0,,PE1
2026,23,junio,2026-06-03,226,17,canastas,4.0,,4.0,4.0,,PE1
2026,23,junio,2026-06-03,226,17,canastas,4.0,,4.0,4.0,,PE3
2026,23,junio,2026-06-03,226,17,canastas,3.0,,3.0,3.0,,PE3
2026,23,junio,2026-06-03,226,17,canastas,2.0,,2.0,2.0,,PE2
2026,23,junio,2026-06-03,326,74,canastas,15.0,,15.0,15.0,,PE1
2026,23,junio,2026-06-03,226,74,canastas,4.0,,4.0,4.0,,PE1
2026,23,junio,2026-06-03,226,17,canastas,5.0,,5.0,5.0,,PE1
2026,23,junio,2026-06-03,1426,73,canastas,80.0,,80.0,80.0,,AD-PJUG
2026,23,junio,2026-06-03,226,19,canastas,2.0,,2.0,2.0,,PEBAB
2026,23,junio,2026-06-03,326,74,canastas,6.0,,6.0,6.0,,PE2
2026,23,junio,2026-06-03,226,74,canastas,2.0,,2.0,2.0,,PE2
2026,23,junio,2026-06-03,326,74,canastas,5.0,,5.0,5.0,,PEGUA
2026,23,junio,2026-06-03,226,19,canastas,7.0,,7.0,7.0,,PE3
2026,23,junio,2026-06-03,1426,73,canastas,6.0,,6.0,6.0,,AD2
2026,23,junio,2026-06-03,326,65,canastas,3.0,,3.0,3.0,,PE3
2026,23,junio,2026-06-04,626,76,canastas,9.0,,9.0,9.0,,AD2
2026,23,junio,2026-06-04,326,65,canastas,1.0,,1.0,1.0,,PEGUA
2026,23,junio,2026-06-04,326,65,canastas,2.0,,2.0,2.0,,PE3
2026,23,junio,2026-06-04,226,19,canastas,5.0,,5.0,5.0,,PE3
2026,23,junio,2026-06-04,526,76,canastas,3.0,,3.0,3.0,,AD2
2026,23,junio,2026-06-04,326,65,canastas,11.0,,11.0,11.0,,AD1
2026,23,junio,2026-06-04,326,65,canastas,4.0,,4.0,4.0,,PE1
2026,23,junio,2026-06-04,326,74,canastas,2.0,,2.0,2.0,,PE3
2026,23,junio,2026-06-04,326,65,canastas,1.0,,1.0,1.0,,PE3
2026,23,junio,2026-06-04,326,65,canastas,3.0,,3.0,3.0,,PE2
2026,23,junio,2026-06-04,326,65,canastas,2.0,,2.0,2.0,,PE2
2026,23,junio,2026-06-04,626,76,canastas,4.0,,4.0,4.0,,ADGUA
2026,23,junio,2026-06-04,226,74,canastas,6.0,,6.0,6.0,,PE1
2026,23,junio,2026-06-04,226,19,canastas,10.0,,10.0,10.0,,PEGUA
2026,23,junio,2026-06-04,326,74,canastas,10.0,,10.0,10.0,,PE1
2026,23,junio,2026-06-05,326,65,canastas,2.0,,2.0,2.0,,PEGUA
2026,23,junio,2026-06-05,426,74,canastas,3.0,,3.0,3.0,,PE2
2026,23,junio,2026-06-05,326,74,canastas,4.0,,4.0,4.0,,PE1
2026,23,junio,2026-06-05,326,74,canastas,6.0,,6.0,6.0,,PE2
2026,23,junio,2026-06-05,326,74,canastas,8.0,,8.0,8.0,,PE1
2026,23,junio,2026-06-05,326,65,canastas,3.0,,3.0,3.0,,PE1
2026,23,junio,2026-06-05,426,74,canastas,2.0,,2.0,2.0,,PE3
2026,23,junio,2026-06-05,326,74,canastas,2.0,,2.0,2.0,,PE3
2026,23,junio,2026-06-05,326,74,canastas,25.0,,25.0,25.0,,AL-PE1
2026,23,junio,2026-06-05,226,17,canastas,175.0,,175.0,175.0,,PJUG
2026,23,junio,2026-06-05,226,17,canastas,96.0,,96.0,96.0,,PJUG
2026,23,junio,2026-06-05,1426,73,canastas,37.0,,37.0,37.0,,AD-PJUG
2026,23,junio,2026-06-05,1426,73,canastas,80.0,,80.0,80.0,,AD-PJUG
2026,23,junio,2026-06-05,326,74,canastas,2.0,,2.0,2.0,,PE3
2026,23,junio,2026-06-05,526,76,canastas,2.0,,2.0,2.0,,AD3
2026,23,junio,2026-06-05,426,74,canastas,2.0,,2.0,2.0,,PE3
2026,23,junio,2026-06-05,326,65,canastas,5.0,,5.0,5.0,,PEGUA
2026,23,junio,2026-06-05,326,65,canastas,3.0,,3.0,3.0,,PEBAB
2026,23,junio,2026-06-05,326,74,canastas,4.0,,4.0,4.0,,PE1
2026,23,junio,2026-06-05,326,74,canastas,6.0,,6.0,6.0,,PE3
2026,23,junio,2026-06-05,626,76,canastas,31.0,,31.0,31.0,,AD-PJUG
2026,23,junio,2026-06-05,326,74,canastas,5.0,,5.0,5.0,,PEGUA
2026,23,junio,2026-06-05,826,75,canastas,3.0,,3.0,3.0,,AD2
2026,23,junio,2026-06-05,526,76,canastas,4.0,,4.0,4.0,,AD1
2026,23,junio,2026-06-05,326,65,canastas,3.0,,3.0,3.0,,PE3
2026,23,junio,2026-06-05,326,74,canastas,5.0,,5.0,5.0,,PE3
2026,23,junio,2026-06-05,826,75,canastas,2.0,,2.0,2.0,,AD1
2026,23,junio,2026-06-05,326,74,canastas,20.0,,20.0,20.0,,PE1
2026,23,junio,2026-06-06,326,65,canastas,3.0,,3.0,3.0,,PEGUA
2026,23,junio,2026-06-06,426,74,canastas,4.0,,4.0,4.0,,PE1
2026,23,junio,2026-06-06,326,74,canastas,8.0,,8.0,8.0,,PE1
2026,23,junio,2026-06-06,326,65,canastas,1.0,,1.0,1.0,,PE2
2026,23,junio,2026-06-06,326,74,canastas,2.0,,2.0,2.0,,PE3
2026,23,junio,2026-06-06,426,74,canastas,2.0,,2.0,2.0,,PE1
2026,23,junio,2026-06-06,426,74,canastas,8.0,,8.0,8.0,,PE1
2026,23,junio,2026-06-06,326,75,canastas,8.0,,8.0,8.0,,PEGUA
2026,23,junio,2026-06-06,326,74,canastas,6.0,,6.0,6.0,,PE1
2026,23,junio,2026-06-06,326,75,canastas,33.0,,33.0,33.0,,PE1
2026,23,junio,2026-06-06,1026,72,canastas,10.0,,10.0,10.0,,AD1
2026,23,junio,2026-06-06,326,65,canastas,8.0,,8.0,8.0,,PE2
2026,23,junio,2026-06-06,326,74,canastas,13.0,,13.0,13.0,,PE2
2026,23,junio,2026-06-06,326,74,canastas,7.0,,7.0,7.0,,PEGUA
2026,23,junio,2026-06-06,326,74,canastas,4.0,,4.0,4.0,,PEGUA
2026,23,junio,2026-06-06,326,74,canastas,2.0,,2.0,2.0,,PE3
2026,23,junio,2026-06-06,326,74,canastas,3.0,,3.0,3.0,,PE2
2026,23,junio,2026-06-06,326,74,canastas,3.0,,3.0,3.0,,PE2
2026,23,junio,2026-06-06,226,19,canastas,13.0,,13.0,13.0,,PEBAB
2026,23,junio,2026-06-06,326,74,canastas,15.0,,15.0,15.0,,PEBAB
2026,23,junio,2026-06-06,326,65,canastas,621.0,,621.0,621.0,,PE2
2026,23,junio,2026-06-06,626,76,canastas,562.0,,562.0,562.0,,AD-PJUG
2026,23,junio,2026-06-06,326,65,canastas,243.0,,243.0,243.0,,PJUG
2026,23,junio,2026-06-06,626,76,canastas,536.0,,536.0,536.0,,AD-PJUG
2026,23,junio,2026-06-06,326,65,canastas,477.0,,477.0,477.0,,PJUG
2026,23,junio,2026-06-06,326,65,canastas,215.0,,215.0,215.0,,PE2
2026,23,junio,2026-06-06,526,76,canastas,538.0,,538.0,538.0,,AD-PJUG
2026,23,junio,2026-06-06,626,76,canastas,53.0,,53.0,53.0,,AD-PJUG
2026,23,junio,2026-06-06,326,65,canastas,109.0,,109.0,109.0,,PJUG
2026,23,junio,2026-06-06,626,76,canastas,199.0,,199.0,199.0,,AD-PJUG
2026,23,junio,2026-06-06,626,76,canastas,516.0,,516.0,516.0,,AD-PJUG
2026,23,junio,2026-06-06,626,76,canastas,369.0,,369.0,369.0,,AD-PJUG
2026,23,junio,2026-06-06,626,76,canastas,519.0,,519.0,519.0,,AD-PJUG
2026,23,junio,2026-06-06,526,76,canastas,600.0,,600.0,600.0,,AD-PJUG
2026,23,junio,2026-06-06,826,75,canastas,252.0,,252.0,252.0,,AD-PJUG
2026,23,junio,2026-06-07,326,65,canastas,365.0,,365.0,365.0,,PEBAB
2026,23,junio,2026-06-07,226,19,canastas,40.0,,40.0,40.0,,PEBAB
2026,23,junio,2026-06-07,326,65,canastas,16.0,,16.0,16.0,,PEBAB
2026,24,junio,2026-06-08,326,65,canastas,12.0,,12.0,12.0,,PEGUA
2026,24,junio,2026-06-08,326,65,canastas,4.0,,4.0,4.0,,PE1
2026,24,junio,2026-06-08,1226,72,canastas,10.0,,10.0,10.0,,AD1
2026,24,junio,2026-06-08,326,65,canastas,231.0,,231.0,231.0,,PIND
2026,24,junio,2026-06-08,226,19,canastas,459.0,,459.0,459.0,,PIND
2026,24,junio,2026-06-08,326,65,canastas,450.0,,450.0,450.0,,PIND
2026,24,junio,2026-06-08,326,74,canastas,12.0,,12.0,12.0,,PE3
2026,24,junio,2026-06-08,326,74,canastas,4.0,,4.0,4.0,,PE2
2026,24,junio,2026-06-08,326,65,canastas,55.0,,55.0,55.0,,PE2
2026,24,junio,2026-06-08,926,72,canastas,12.0,,12.0,12.0,,AD1
2026,24,junio,2026-06-08,426,74,canastas,23.0,,23.0,23.0,,PE2
2026,24,junio,2026-06-08,426,74,canastas,8.0,,8.0,8.0,,PEGUA
2026,24,junio,2026-06-08,426,74,canastas,89.0,,89.0,89.0,,PE3
2026,24,junio,2026-06-08,326,65,canastas,10.0,,10.0,10.0,,PEGUA
2026,24,junio,2026-06-09,326,65,canastas,573.0,,573.0,573.0,,PJUG
2026,24,junio,2026-06-09,326,74,canastas,511.0,,511.0,511.0,,PJUG
2026,24,junio,2026-06-09,326,74,canastas,387.0,,387.0,387.0,,PJUG
2026,24,junio,2026-06-09,326,65,canastas,326.0,,326.0,326.0,,PJUG
2026,24,junio,2026-06-09,1026,72,95,1117.0,,1117.0,1117.0,,AD-PJUG
2026,24,junio,2026-06-09,926,72,71,1417.0,,1417.0,1417.0,,AD-PJUG
2026,24,junio,2026-06-09,926,72,48,1523.0,,1523.0,1523.0,,AD-PJUG
2026,24,junio,2026-06-09,326,74,canastas,356.0,,356.0,356.0,,PJUG
2026,24,junio,2026-06-09,826,72,canastas,107.0,,107.0,107.0,,AD-PJUG
2026,24,junio,2026-06-09,726,74,canastas,4.0,,4.0,4.0,,AD1
2026,24,junio,2026-06-09,326,65,canastas,1.0,,1.0,1.0,,PEBAB
2026,24,junio,2026-06-09,326,65,canastas,3.0,,3.0,3.0,,PEGUA
2026,24,junio,2026-06-09,426,74,canastas,6.0,,6.0,6.0,,PE2
2026,24,junio,2026-06-09,426,74,canastas,1.0,,1.0,1.0,,PE3
2026,24,junio,2026-06-09,426,74,canastas,1.0,,1.0,1.0,,PE1
2026,24,junio,2026-06-09,326,74,canastas,4.0,,4.0,4.0,,PE2
2026,24,junio,2026-06-09,426,74,canastas,205.0,,205.0,205.0,,PE1
2026,24,junio,2026-06-09,426,74,canastas,105.0,,105.0,105.0,,PE2
2026,24,junio,2026-06-09,426,74,canastas,2.0,,2.0,2.0,,PE3
2026,24,junio,2026-06-09,426,74,canastas,2.0,,2.0,2.0,,PE3
2026,24,junio,2026-06-09,426,17,canastas,15.0,,15.0,15.0,,PEBAB
2026,24,junio,2026-06-09,426,74,canastas,6.0,,6.0,6.0,,PE2
2026,24,junio,2026-06-09,326,65,canastas,5.0,,5.0,5.0,,PE1
2026,24,junio,2026-06-09,326,65,canastas,5.0,,5.0,5.0,,PEBAB
2026,24,junio,2026-06-09,326,65,canastas,20.0,,20.0,20.0,,PEGUA
2026,24,junio,2026-06-10,426,17,canastas,1.0,,1.0,1.0,,PEGUA
2026,24,junio,2026-06-10,926,72,canastas,1.0,,1.0,1.0,,AD2
2026,24,junio,2026-06-10,926,72,canastas,2.0,,2.0,2.0,,AD1
2026,24,junio,2026-06-10,326,65,canastas,3.0,,3.0,3.0,,PE3
2026,24,junio,2026-06-10,326,65,canastas,3.0,,3.0,3.0,,PE3
2026,24,junio,2026-06-10,326,65,canastas,2.0,,2.0,2.0,,PEGUA
2026,24,junio,2026-06-10,726,74,canastas,559.0,,559.0,559.0,,AD-PJUG
2026,24,junio,2026-06-10,926,73,canastas,352.0,,352.0,352.0,,AD-PJUG
2026,24,junio,2026-06-10,926,72,canastas,572.0,,572.0,572.0,,AD-PJUG
2026,24,junio,2026-06-10,926,73,canastas,456.0,,456.0,456.0,,AD-PJUG
2026,24,junio,2026-06-10,926,73,canastas,500.0,,500.0,500.0,,AD-PJUG
2026,24,junio,2026-06-10,926,72,canastas,252.0,,252.0,252.0,,AD-PJUG
2026,24,junio,2026-06-10,926,72,canastas,558.0,,558.0,558.0,,AD-PJUG
2026,24,junio,2026-06-10,726,74,canastas,509.0,,509.0,509.0,,AD-PJUG
2026,24,junio,2026-06-10,726,74,canastas,549.0,,549.0,549.0,,AD-PJUG
2026,24,junio,2026-06-10,726,74,canastas,547.0,,547.0,547.0,,AD-PJUG
2026,24,junio,2026-06-10,926,72,canastas,511.0,,511.0,511.0,,AD-PJUG
2026,24,junio,2026-06-10,926,74,canastas,541.0,,541.0,541.0,,AD-PJUG
2026,24,junio,2026-06-10,926,74,canastas,506.0,,506.0,506.0,,AD-PJUG
2026,24,junio,2026-06-10,1226,72,canastas,561.0,,561.0,561.0,,AD-PJUG
2026,24,junio,2026-06-10,1226,72,canastas,515.0,,515.0,515.0,,AD-PJUG
2026,24,junio,2026-06-10,726,74,canastas,550.0,,550.0,550.0,,AD-PJUG
2026,24,junio,2026-06-10,426,74,canastas,8.0,,8.0,8.0,,PE1
2026,24,junio,2026-06-10,426,17,canastas,301.0,,301.0,301.0,,PE3
2026,24,junio,2026-06-10,426,17,canastas,7.0,,7.0,7.0,,PEGUA
2026,24,junio,2026-06-10,426,17,canastas,6.0,,6.0,6.0,,PEBAB
2026,24,junio,2026-06-10,426,17,canastas,5.0,,5.0,5.0,,PE2
2026,24,junio,2026-06-10,426,17,canastas,6.0,,6.0,6.0,,PE1
2026,24,junio,2026-06-10,326,65,canastas,3.0,,3.0,3.0,,PE2
2026,24,junio,2026-06-10,426,17,canastas,4.0,,4.0,4.0,,PE3
2026,24,junio,2026-06-10,426,17,canastas,5.0,,5.0,5.0,,PE1
2026,24,junio,2026-06-10,426,74,canastas,2.0,,2.0,2.0,,PE3
2026,24,junio,2026-06-10,426,74,canastas,7.0,,7.0,7.0,,PE1
2026,24,junio,2026-06-10,926,72,canastas,65.0,,65.0,65.0,,AD-PJUG
2026,24,junio,2026-06-11,426,17,canastas,1.0,,1.0,1.0,,PIND
2026,24,junio,2026-06-11,926,72,canastas,4.0,,4.0,4.0,,AD2
2026,24,junio,2026-06-11,426,74,canastas,3.0,,3.0,3.0,,PE1
2026,24,junio,2026-06-11,426,17,canastas,3.0,,3.0,3.0,,PE2
2026,24,junio,2026-06-11,426,17,132,865.0,,865.0,865.0,,PIND
2026,24,junio,2026-06-11,426,17,85,914.0,,914.0,914.0,,PIND
2026,24,junio,2026-06-11,426,17,canastas,2.0,,2.0,2.0,,PE3
2026,24,junio,2026-06-11,1226,3,152,225.0,,225.0,225.0,,AD-PJUG
2026,24,junio,2026-06-11,926,72,canastas,200.0,,200.0,200.0,,AD-PJUG
2026,24,junio,2026-06-11,426,74,canastas,12.0,,12.0,12.0,,PE2
2026,24,junio,2026-06-11,426,17,canastas,5.0,,5.0,5.0,,PE3
2026,24,junio,2026-06-11,426,17,canastas,3.0,,3.0,3.0,,PEBAB
2026,24,junio,2026-06-11,426,74,canastas,3.0,,3.0,3.0,,PEGUA
2026,24,junio,2026-06-11,426,17,canastas,238.0,,238.0,238.0,,AD-PJUG
2026,24,junio,2026-06-11,426,17,145,182.0,,182.0,182.0,,PJUG
2026,24,junio,2026-06-12,426,17,canastas,1.0,,1.0,1.0,,PEGUA
2026,24,junio,2026-06-12,726,72,canastas,1.0,,1.0,1.0,,AD2
2026,24,junio,2026-06-12,726,72,canastas,6.0,,6.0,6.0,,AD1
2026,24,junio,2026-06-12,526,76,canastas,4.0,,4.0,4.0,,PE3
2026,24,junio,2026-06-12,426,17,canastas,4.0,,4.0,4.0,,PE2
2026,24,junio,2026-06-12,526,76,canastas,4.0,,4.0,4.0,,PE2
2026,24,junio,2026-06-12,1626,73,canastas,4.0,,4.0,4.0,,AD1
2026,24,junio,2026-06-12,526,76,canastas,4.0,,4.0,4.0,,PE1
2026,24,junio,2026-06-12,426,74,canastas,3.0,,3.0,3.0,,PE2
2026,24,junio,2026-06-12,426,17,canastas,3.0,,3.0,3.0,,PE3
2026,24,junio,2026-06-12,426,74,canastas,3.0,,3.0,3.0,,PE1
2026,24,junio,2026-06-12,426,17,canastas,3.0,,3.0,3.0,,PE2
2026,24,junio,2026-06-12,426,17,canastas,2.0,,2.0,2.0,,PE2
2026,24,junio,2026-06-12,426,17,canastas,444.0,,444.0,444.0,,PJUG
2026,24,junio,2026-06-12,426,17,canastas,3.0,,3.0,3.0,,PE3
2026,24,junio,2026-06-12,426,17,canastas,4.0,,4.0,4.0,,PEGUA
2026,24,junio,2026-06-12,426,17,canastas,4.0,,4.0,4.0,,PE2
2026,24,junio,2026-06-12,624,74,canastas,9.0,,9.0,9.0,,PE1
2026,24,junio,2026-06-12,426,74,canastas,3.0,,3.0,3.0,,PE1
2026,24,junio,2026-06-13,1226,72,canastas,4.0,,4.0,4.0,,AD2
2026,24,junio,2026-06-13,426,17,canastas,2.0,,2.0,2.0,,PEGUA
2026,24,junio,2026-06-13,426,17,canastas,1.0,,1.0,1.0,,PEGUA
2026,24,junio,2026-06-13,626,75,canastas,2.0,,2.0,2.0,,AD3
2026,24,junio,2026-06-13,1526,73,canastas,1.0,,1.0,1.0,,AD3
2026,24,junio,2026-06-13,426,74,canastas,3.0,,3.0,3.0,,PE3
2026,24,junio,2026-06-13,426,74,canastas,1.0,,1.0,1.0,,PE3
2026,24,junio,2026-06-13,1026,72,canastas,1.0,,1.0,1.0,,AD2
2026,24,junio,2026-06-13,426,74,canastas,8.0,,8.0,8.0,,PE1
2026,24,junio,2026-06-13,426,17,canastas,2.0,,2.0,2.0,,PE3
2026,24,junio,2026-06-13,426,74,canastas,8.0,,8.0,8.0,,PE2
2026,24,junio,2026-06-13,426,17,canastas,20.0,,20.0,20.0,,PE1
2026,24,junio,2026-06-13,426,17,canastas,6.0,,6.0,6.0,,PE1
2026,25,junio,2026-06-15,726,72,canastas,85.0,,85.0,85.0,,ADBABY
2026,25,junio,2026-06-15,426,17,canastas,15.0,,15.0,15.0,,PEGUA
2026,25,junio,2026-06-15,726,72,canastas,139.0,,139.0,139.0,,ADGUA
2026,25,junio,2026-06-15,1126,65,canastas,27.0,,27.0,27.0,,AD1
2026,25,junio,2026-06-15,426,17,canastas,7.0,,7.0,7.0,,PEGUA
2026,25,junio,2026-06-15,426,17,canastas,6.0,,6.0,6.0,,PE2
2026,25,junio,2026-06-16,426,17,canastas,2.0,,2.0,2.0,,PEBAB
2026,25,junio,2026-06-16,426,74,canastas,17.0,,17.0,17.0,,PEGUA
2026,25,junio,2026-06-16,426,17,canastas,40.0,,40.0,40.0,,PEGUA
2026,25,junio,2026-06-16,426,17,canastas,1.0,,1.0,1.0,,PIND
2026,25,junio,2026-06-16,526,76,canastas,3.0,,3.0,3.0,,PE1
2026,25,junio,2026-06-16,426,17,canastas,22.0,,22.0,22.0,,PEBAB
2026,25,junio,2026-06-16,1226,72,canastas,520.0,,520.0,520.0,,AD-PJUG
2026,25,junio,2026-06-16,426,17,canastas,432.0,,432.0,432.0,,PJUG
2026,25,junio,2026-06-16,1126,72,canastas,529.0,,529.0,529.0,,AD-PJUG
2026,25,junio,2026-06-16,426,17,canastas,522.0,,522.0,522.0,,PJUG
2026,25,junio,2026-06-16,426,17,canastas,498.0,,498.0,498.0,,PJUG
2026,25,junio,2026-06-16,426,17,canastas,527.0,,527.0,527.0,,PJUG
2026,25,junio,2026-06-16,1526,73,canastas,517.0,,517.0,517.0,,AD-PJUG
2026,25,junio,2026-06-16,426,17,canastas,453.0,,453.0,453.0,,PJUG
2026,25,junio,2026-06-16,1126,76,canastas,487.0,,487.0,487.0,,AD-PJUG
2026,25,junio,2026-06-16,426,17,canastas,294.0,,294.0,294.0,,PJUG
2026,25,junio,2026-06-16,1526,73,canastas,210.0,,210.0,210.0,,AD-PJUG
2026,25,junio,2026-06-16,1226,72,canastas,329.0,,329.0,329.0,,AD-PJUG
2026,25,junio,2026-06-16,326,12,canastas,145.0,,145.0,145.0,,AD-PJUG
2026,25,junio,2026-06-16,1526,73,canastas,484.0,,484.0,484.0,,AD-PJUG
2026,25,junio,2026-06-16,426,17,canastas,421.0,,421.0,421.0,,PJUG
2026,25,junio,2026-06-16,426,17,canastas,4.0,,4.0,4.0,,PE3
2026,25,junio,2026-06-16,426,17,canastas,2.0,,2.0,2.0,,PE3
2026,25,junio,2026-06-16,426,17,canastas,6.0,,6.0,6.0,,PE2
2026,25,junio,2026-06-16,526,76,canastas,1.0,,1.0,1.0,,PE2
2026,25,junio,2026-06-16,426,17,canastas,5.0,,5.0,5.0,,PEBAB
2026,25,junio,2026-06-16,426,17,canastas,10.0,,10.0,10.0,,PEGUA
2026,25,junio,2026-06-16,526,76,canastas,9.0,,9.0,9.0,,PE2
2026,25,junio,2026-06-16,526,76,canastas,182.0,,182.0,182.0,,PE1
2026,25,junio,2026-06-16,426,17,canastas,5.0,,5.0,5.0,,PEGUA
2026,25,junio,2026-06-17,526,17,canastas,11.0,,11.0,11.0,,PEGUA
2026,25,junio,2026-06-17,726,74,canastas,456.0,,456.0,456.0,,AD-PJUG
2026,25,junio,2026-06-17,726,64,canastas,489.0,,489.0,489.0,,AD-PJUG
2026,25,junio,2026-06-17,526,76,canastas,554.0,,554.0,554.0,,AD-PJUG
2026,25,junio,2026-06-17,726,64,canastas,565.0,,565.0,565.0,,AD-PJUG
2026,25,junio,2026-06-17,726,64,canastas,479.0,,479.0,479.0,,AD-PJUG
2026,25,junio,2026-06-17,626,76,canastas,465.0,,465.0,465.0,,AD-PJUG
2026,25,junio,2026-06-17,1526,73,canastas,486.0,,486.0,486.0,,AD-PJUG
2026,25,junio,2026-06-17,1526,73,canastas,562.0,,562.0,562.0,,AD-PJUG
2026,25,junio,2026-06-17,726,74,canastas,449.0,,449.0,449.0,,AD-PJUG
2026,25,junio,2026-06-17,726,74,canastas,554.0,,554.0,554.0,,AD-PJUG
2026,25,junio,2026-06-17,826,75,canastas,506.0,,506.0,506.0,,AD-PJUG
2026,25,junio,2026-06-17,826,75,canastas,463.0,,463.0,463.0,,AD-PJUG
2026,25,junio,2026-06-17,426,17,canastas,1.0,,1.0,1.0,,PIND
2026,25,junio,2026-06-17,526,17,canastas,4.0,,4.0,4.0,,PIND
2026,25,junio,2026-06-17,426,17,canastas,7.0,,7.0,7.0,,PEBAB
2026,25,junio,2026-06-17,726,74,canastas,111.0,,111.0,111.0,,AD-PJUG
2026,25,junio,2026-06-17,1126,1,canastas,564.0,,564.0,564.0,,AD-PJUG
2026,25,junio,2026-06-17,526,17,canastas,2.0,,2.0,2.0,,PE2
2026,25,junio,2026-06-17,426,17,canastas,1.0,,1.0,1.0,,PEGUA
2026,25,junio,2026-06-17,526,76,canastas,3.0,,3.0,3.0,,PE3
2026,25,junio,2026-06-17,526,17,canastas,5.0,,5.0,5.0,,PE3
2026,25,junio,2026-06-17,526,17,canastas,5.0,,5.0,5.0,,PE3
2026,25,junio,2026-06-17,526,76,canastas,6.0,,6.0,6.0,,PEGUA
2026,25,junio,2026-06-17,426,17,canastas,4.0,,4.0,4.0,,PE2
2026,25,junio,2026-06-17,526,17,canastas,11.0,,11.0,11.0,,PE2
2026,25,junio,2026-06-17,726,74,canastas,10.0,,10.0,10.0,,AD2
2026,25,junio,2026-06-17,526,76,canastas,10.0,,10.0,10.0,,PE1
2026,25,junio,2026-06-17,726,74,canastas,12.0,,12.0,12.0,,AD1
2026,25,junio,2026-06-17,526,72,canastas,5.0,,5.0,5.0,,PEBAB
2026,25,junio,2026-06-17,1426,73,canastas,35.0,,35.0,35.0,,AD-PJUG
2026,25,junio,2026-06-17,526,76,canastas,13.0,,13.0,13.0,,PE2
2026,25,junio,2026-06-17,726,74,canastas,20.0,,20.0,20.0,,AD1
2026,25,junio,2026-06-17,1426,73,canastas,11.0,,11.0,11.0,,AD1
2026,25,junio,2026-06-18,526,76,canastas,2.0,,2.0,2.0,,PEGUA
2026,25,junio,2026-06-18,1026,72,canastas,2.0,,2.0,2.0,,AD1
2026,25,junio,2026-06-18,426,17,canastas,2.0,,2.0,2.0,,PE3
2026,25,junio,2026-06-18,526,76,canastas,10.0,,10.0,10.0,,PE3
2026,25,junio,2026-06-18,526,76,canastas,3.0,,3.0,3.0,,PE3
2026,25,junio,2026-06-18,1226,72,canastas,4.0,,4.0,4.0,,AD2
2026,25,junio,2026-06-18,526,17,canastas,2.0,,2.0,2.0,,PE3
2026,25,junio,2026-06-18,526,76,canastas,2.0,,2.0,2.0,,PE2
2026,25,junio,2026-06-18,526,76,canastas,1.0,,1.0,1.0,,PE3
2026,25,junio,2026-06-18,526,76,canastas,2.0,,2.0,2.0,,PE1
2026,25,junio,2026-06-18,526,76,canastas,2.0,,2.0,2.0,,PEBAB
2026,25,junio,2026-06-18,1426,73,canastas,9.0,,9.0,9.0,,AD1
2026,25,junio,2026-06-18,1426,73,canastas,3.0,,3.0,3.0,,AD2
2026,25,junio,2026-06-18,1226,72,canastas,8.0,,8.0,8.0,,AD2
2026,25,junio,2026-06-18,726,72,canastas,9.0,,9.0,9.0,,AD1
2026,25,junio,2026-06-18,1426,73,canastas,5.0,,5.0,5.0,,AD1
2026,25,junio,2026-06-18,526,76,canastas,25.0,,25.0,25.0,,PE1
2026,25,junio,2026-06-18,526,76,canastas,3.0,,3.0,3.0,,PE3
2026,25,junio,2026-06-18,1026,72,canastas,5.0,,5.0,5.0,,AD1
2026,25,junio,2026-06-18,526,76,canastas,8.0,,8.0,8.0,,PE2
2026,25,junio,2026-06-18,726,74,canastas,225.0,,225.0,225.0,,AD-PJUG
2026,25,junio,2026-06-18,1126,65,canastas,423.0,,423.0,423.0,,AD-PJUG
2026,25,junio,2026-06-18,426,74,canastas,442.0,,442.0,442.0,,PJUG
2026,25,junio,2026-06-18,624,74,canastas,398.0,,398.0,398.0,,PJUG
2026,25,junio,2026-06-18,426,17,canastas,412.0,,412.0,412.0,,PJUG
2026,25,junio,2026-06-18,426,17,canastas,261.0,,261.0,261.0,,PJUG
2026,25,junio,2026-06-18,426,17,canastas,100.0,,100.0,100.0,,PJUG
2026,25,junio,2026-06-18,426,17,canastas,400.0,,400.0,400.0,,PJUG
2026,25,junio,2026-06-19,526,17,canastas,1.0,,1.0,1.0,,PEGUA
2026,25,junio,2026-06-19,1226,72,canastas,2.0,,2.0,2.0,,AD2
2026,25,junio,2026-06-19,1426,73,canastas,2.0,,2.0,2.0,,AD1
2026,25,junio,2026-06-19,1026,73,canastas,43.0,,43.0,43.0,,AD-PJUG
2026,25,junio,2026-06-19,526,17,canastas,4.0,,4.0,4.0,,PJUG
2026,25,junio,2026-06-19,526,76,canastas,5.0,,5.0,5.0,,PE2
2026,25,junio,2026-06-19,1626,73,canastas,7.0,,7.0,7.0,,AD1
2026,25,junio,2026-06-19,526,17,canastas,3.0,,3.0,3.0,,PE3
2026,25,junio,2026-06-19,526,17,canastas,104.0,,104.0,104.0,,PJUG
2026,25,junio,2026-06-19,526,76,canastas,45.0,,45.0,45.0,,PEBAB
2026,25,junio,2026-06-19,526,17,canastas,115.0,,115.0,115.0,,PEBAB
2026,25,junio,2026-06-20,526,1,canastas,2.0,,2.0,2.0,,PEGUA
2026,25,junio,2026-06-20,526,17,canastas,2.0,,2.0,2.0,,PE2
2026,25,junio,2026-06-20,726,64,canastas,2.0,,2.0,2.0,,AD1
2026,25,junio,2026-06-20,626,76,canastas,10.0,,10.0,10.0,,PEBAB
2026,25,junio,2026-06-20,526,1,canastas,8.0,,8.0,8.0,,PEGUA
2026,25,junio,2026-06-20,726,64,canastas,2.0,,2.0,2.0,,ADGUA
2026,25,junio,2026-06-20,526,17,canastas,7.0,,7.0,7.0,,PE2
2026,25,junio,2026-06-20,1426,73,canastas,6.0,,6.0,6.0,,AD3
2026,25,junio,2026-06-20,1226,72,canastas,13.0,,13.0,13.0,,AD2
2026,25,junio,2026-06-20,1226,72,canastas,6.0,,6.0,6.0,,AD2
2026,25,junio,2026-06-20,1026,72,canastas,26.0,,26.0,26.0,,AD2
2026,25,junio,2026-06-20,1426,73,canastas,9.0,,9.0,9.0,,AD2
2026,25,junio,2026-06-20,1426,73,canastas,10.0,,10.0,10.0,,AD1
2026,25,junio,2026-06-20,1226,73,canastas,8.0,,8.0,8.0,,AD2
2026,25,junio,2026-06-20,1426,73,canastas,13.0,,13.0,13.0,,AD2
2026,25,junio,2026-06-20,526,17,canastas,3.0,,3.0,3.0,,PE2
2026,25,junio,2026-06-20,1426,73,canastas,7.0,,7.0,7.0,,AD1
2026,25,junio,2026-06-20,526,17,canastas,12.0,,12.0,12.0,,PE1
2026,25,junio,2026-06-20,526,76,canastas,211.0,,211.0,211.0,,PE1
2026,25,junio,2026-06-20,1426,73,canastas,5.0,,5.0,5.0,,AD2
2026,25,junio,2026-06-20,526,17,canastas,6.0,,6.0,6.0,,PEGUA
2026,25,junio,2026-06-20,526,17,canastas,6.0,,6.0,6.0,,PEBAB
2026,25,junio,2026-06-20,526,1,canastas,3.0,,3.0,3.0,,PE3
2026,25,junio,2026-06-20,526,17,canastas,3.0,,3.0,3.0,,PE2
2026,25,junio,2026-06-20,626,76,canastas,3.0,,3.0,3.0,,PEGUA
2026,25,junio,2026-06-20,626,76,canastas,23.0,,23.0,23.0,,PJUG
2026,25,junio,2026-06-20,526,17,canastas,200.0,,200.0,200.0,,PE3
2026,25,junio,2026-06-20,526,17,canastas,47.0,,47.0,47.0,,PE1
2026,25,junio,2026-06-20,426,17,canastas,397.0,,397.0,397.0,,PE1
2026,25,junio,2026-06-20,726,72,canastas,8.0,,8.0,8.0,,AD1
2026,25,junio,2026-06-20,1426,73,canastas,46.0,,46.0,46.0,,AD1
2026,25,junio,2026-06-20,526,17,canastas,11.0,,11.0,11.0,,PE1
2026,26,junio,2026-06-22,1526,73,canastas,469.0,,469.0,469.0,,AD-PJUG
2026,26,junio,2026-06-22,726,64,canastas,468.0,,468.0,468.0,,AD-PJUG
2026,26,junio,2026-06-22,1226,73,canastas,453.0,,453.0,453.0,,AD-PJUG
2026,26,junio,2026-06-22,826,64,canastas,459.0,,459.0,459.0,,AD-PJUG
2026,26,junio,2026-06-22,626,76,canastas,431.0,,431.0,431.0,,AD-PJUG
2026,26,junio,2026-06-22,626,76,canastas,444.0,,444.0,444.0,,AD-PJUG
2026,26,junio,2026-06-22,1426,73,canastas,546.0,,546.0,546.0,,AD-PJUG
2026,26,junio,2026-06-22,1426,73,canastas,161.0,,161.0,161.0,,AD-PJUG
2026,26,junio,2026-06-22,526,1,canastas,451.0,,451.0,451.0,,PJUG
2026,26,junio,2026-06-22,626,76,canastas,165.0,,165.0,165.0,,PJUG
2026,26,junio,2026-06-22,626,76,canastas,2.0,,2.0,2.0,,PE3
2026,26,junio,2026-06-22,626,76,canastas,2.0,,2.0,2.0,,PE3
2026,26,junio,2026-06-22,1226,72,canastas,4.0,,4.0,4.0,,AD3
2026,26,junio,2026-06-22,1526,73,canastas,8.0,,8.0,8.0,,AD3
2026,26,junio,2026-06-22,626,76,canastas,11.0,,11.0,11.0,,PE1
2026,26,junio,2026-06-22,1026,73,canastas,6.0,,6.0,6.0,,AD1
2026,26,junio,2026-06-22,1226,73,canastas,20.0,,20.0,20.0,,AD1
2026,26,junio,2026-06-22,626,76,canastas,6.0,,6.0,6.0,,PE2
2026,26,junio,2026-06-22,526,1,canastas,34.0,,34.0,34.0,,PE2
2026,26,junio,2026-06-22,526,1,canastas,3.0,,3.0,3.0,,PEBAB
2026,26,junio,2026-06-22,626,76,canastas,20.0,,20.0,20.0,,PE1
2026,26,junio,2026-06-22,526,1,canastas,9.0,,9.0,9.0,,PE1
2026,26,junio,2026-06-23,626,76,canastas,2.0,,2.0,2.0,,PEGUA
2026,26,junio,2026-06-23,626,76,canastas,5.0,,5.0,5.0,,PE1
2026,26,junio,2026-06-23,726,64,canastas,2.0,,2.0,2.0,,AD1
2026,26,junio,2026-06-23,626,76,canastas,4.0,,4.0,4.0,,PEBAB
2026,26,junio,2026-06-23,626,76,canastas,5.0,,5.0,5.0,,PE3
2026,26,junio,2026-06-23,626,76,canastas,9.0,,9.0,9.0,,PE2
2026,26,junio,2026-06-23,1026,64,canastas,2.0,,2.0,2.0,,AD1
2026,26,junio,2026-06-23,1026,64,66,35.0,,35.0,35.0,,AD-PJUG
2026,26,junio,2026-06-23,1026,64,canastas,12.0,,12.0,12.0,,AD-PJUG
2026,26,junio,2026-06-23,526,17,canastas,2.0,,2.0,2.0,,PE3
2026,26,junio,2026-06-23,526,17,canastas,5.0,,5.0,5.0,,PE3
2026,26,junio,2026-06-23,626,76,canastas,10.0,,10.0,10.0,,PE1
2026,26,junio,2026-06-23,526,17,canastas,5.0,,5.0,5.0,,PEGUA
2026,26,junio,2026-06-23,526,17,canastas,4.0,,4.0,4.0,,PE1
2026,26,junio,2026-06-23,526,17,canastas,6.0,,6.0,6.0,,PE2
2026,26,junio,2026-06-23,526,17,canastas,2.0,,2.0,2.0,,PE3
2026,26,junio,2026-06-23,526,1,canastas,2.0,,2.0,2.0,,PE3
2026,26,junio,2026-06-23,526,17,canastas,4.0,,4.0,4.0,,PE3
2026,26,junio,2026-06-23,626,76,canastas,3.0,,3.0,3.0,,PE2
2026,26,junio,2026-06-24,1526,73,canastas,3.0,,3.0,3.0,,AD1
2026,26,junio,2026-06-24,1526,73,canastas,2.0,,2.0,2.0,,AD2
2026,26,junio,2026-06-24,526,17,canastas,2.0,,2.0,2.0,,PEGUA
2026,26,junio,2026-06-24,526,17,canastas,2.0,,2.0,2.0,,PIND
2026,26,junio,2026-06-24,526,17,canastas,2.0,,2.0,2.0,,PE1
2026,26,junio,2026-06-24,726,64,canastas,2.0,,2.0,2.0,,AD-PIND
2026,26,junio,2026-06-24,526,1,canastas,15.0,,15.0,15.0,,PIND
2026,26,junio,2026-06-24,1026,64,64,1521.0,,1521.0,1521.0,,AD-PJUG
2026,26,junio,2026-06-24,526,17,canastas,2.0,,2.0,2.0,,PJUG
2026,26,junio,2026-06-24,726,64,canastas,47.0,,47.0,47.0,,AD-PJUG
2026,26,junio,2026-06-24,1026,73,canastas,70.0,,70.0,70.0,,AD-PJUG
2026,26,junio,2026-06-24,726,64,canastas,9.0,,9.0,9.0,,AD-PJUG
2026,26,junio,2026-06-24,1526,73,canastas,374.0,,374.0,374.0,,AD-PJUG
2026,26,junio,2026-06-24,526,1,canastas,2.0,,2.0,2.0,,PE3
2026,26,junio,2026-06-24,526,17,canastas,190.0,,190.0,190.0,,PEBAB
2026,26,junio,2026-06-25,526,1,canastas,5.0,,5.0,5.0,,PEBAB
2026,26,junio,2026-06-25,526,1,canastas,16.0,,16.0,16.0,,PEBAB
2026,26,junio,2026-06-25,626,75,canastas,4.0,,4.0,4.0,,PE1
2026,26,junio,2026-06-25,826,75,canastas,3.0,,3.0,3.0,,AD2
2026,26,junio,2026-06-25,626,75,canastas,3.0,,3.0,3.0,,PE2
2026,26,junio,2026-06-25,526,17,canastas,2.0,,2.0,2.0,,PE2
2026,26,junio,2026-06-25,626,1,canastas,3.0,,3.0,3.0,,PE2
2026,26,junio,2026-06-25,625,76,canastas,2.0,,2.0,2.0,,PE2
2026,26,junio,2026-06-25,626,76,canastas,3.0,,3.0,3.0,,PE3
2026,26,junio,2026-06-25,626,76,canastas,4.0,,4.0,4.0,,PEGUA
2026,26,junio,2026-06-26,826,75,canastas,2.0,,2.0,2.0,,AD2
2026,26,junio,2026-06-26,626,1,canastas,2.0,,2.0,2.0,,PE1
2026,26,junio,2026-06-26,826,75,canastas,3.0,,3.0,3.0,,AD1
2026,26,junio,2026-06-26,726,76,canastas,175.0,,175.0,175.0,,AD-PJUG
2026,26,junio,2026-06-26,626,1,canastas,2.0,,2.0,2.0,,PE3
2026,26,junio,2026-06-26,626,75,canastas,2.0,,2.0,2.0,,PE2
2026,26,junio,2026-06-26,526,17,canastas,6.0,,6.0,6.0,,PEGUA
2026,26,junio,2026-06-26,526,1,canastas,120.0,,120.0,120.0,,PEGUA
2026,26,junio,2026-06-26,826,75,canastas,480.0,,480.0,480.0,,AD-PJUG
2026,26,junio,2026-06-26,626,1,canastas,214.0,,214.0,214.0,,PJUG
2026,26,junio,2026-06-26,526,1,canastas,190.0,,190.0,190.0,,PEGUA
2026,26,junio,2026-06-26,626,1,canastas,405.0,,405.0,405.0,,PJUG
2026,26,junio,2026-06-26,726,64,canastas,199.0,,199.0,199.0,,AD-PJUG
2026,26,junio,2026-06-26,726,64,canastas,338.0,,338.0,338.0,,AD-PJUG
2026,26,junio,2026-06-26,1025,64,canastas,330.0,,330.0,330.0,,AD-PJUG
2026,26,junio,2026-06-26,1026,64,canastas,99.0,,99.0,99.0,,ADGUA
2026,26,junio,2026-06-26,526,17,canastas,107.0,,107.0,107.0,,PJUG
2026,26,junio,2026-06-26,626,76,canastas,462.0,,462.0,462.0,,PJUG
2026,26,junio,2026-06-26,626,1,canastas,557.0,,557.0,557.0,,PJUG
2026,26,junio,2026-06-26,626,76,canastas,478.0,,478.0,478.0,,PJUG
2026,26,junio,2026-06-26,726,76,canastas,471.0,,471.0,471.0,,AD-PJUG
2026,26,junio,2026-06-26,526,1,canastas,482.0,,482.0,482.0,,PJUG
2026,26,junio,2026-06-26,526,1,canastas,396.0,,396.0,396.0,,PJUG
2026,26,junio,2026-06-26,726,64,canastas,537.0,,537.0,537.0,,AD-PJUG
2026,26,junio,2026-06-26,726,76,canastas,503.0,,503.0,503.0,,AD-PJUG
2026,26,junio,2026-06-26,626,76,canastas,476.0,,476.0,476.0,,PJUG
2026,26,junio,2026-06-26,726,64,canastas,503.0,,503.0,503.0,,AD-PJUG
2026,26,junio,2026-06-26,626,76,canastas,472.0,,472.0,472.0,,PJUG
2026,26,junio,2026-06-26,726,64,canastas,274.0,,274.0,274.0,,AD-PJUG
2026,26,junio,2026-06-26,726,76,canastas,492.0,,492.0,492.0,,AD-PJUG
2026,26,junio,2026-06-26,726,76,canastas,508.0,,508.0,508.0,,AD-PJUG
2026,26,junio,2026-06-26,626,1,canastas,101.0,,101.0,101.0,,PJUG
2026,26,junio,2026-06-26,526,17,canastas,54.0,,54.0,54.0,,PEGUA
2026,26,junio,2026-06-26,626,76,canastas,354.0,,354.0,354.0,,PEBAB
2026,26,junio,2026-06-26,626,1,canastas,8.0,,8.0,8.0,,PEBAB
2026,26,junio,2026-06-26,826,75,canastas,3.0,,3.0,3.0,,AD2
2026,26,junio,2026-06-26,826,75,canastas,10.0,,10.0,10.0,,AD1
2026,26,junio,2026-06-27,526,1,canastas,476.0,,476.0,476.0,,PIND
2026,26,junio,2026-06-27,526,1,canastas,392.0,,392.0,392.0,,PIND
2026,26,junio,2026-06-27,826,75,canastas,4.0,,4.0,4.0,,ADGUA
2026,26,junio,2026-06-27,626,1,canastas,1.0,,1.0,1.0,,PEGUA
2026,26,junio,2026-06-27,1226,3,canastas,2.0,,2.0,2.0,,AD2
2026,26,junio,2026-06-27,1226,3,canastas,2.0,,2.0,2.0,,AD1
2026,26,junio,2026-06-27,526,75,canastas,2.0,,2.0,2.0,,PE3
2026,26,junio,2026-06-27,626,75,canastas,2.0,,2.0,2.0,,PE3
2026,26,junio,2026-06-27,626,1,canastas,4.0,,4.0,4.0,,PE3
2026,26,junio,2026-06-27,826,76,canastas,8.0,,8.0,8.0,,AD1
2026,26,junio,2026-06-27,1226,3,canastas,2.0,,2.0,2.0,,AD2
2026,26,junio,2026-06-27,826,76,canastas,7.0,,7.0,7.0,,AD2
2026,26,junio,2026-06-27,626,1,canastas,9.0,,9.0,9.0,,PE1
2026,26,junio,2026-06-27,626,75,canastas,4.0,,4.0,4.0,,PE2
2026,26,junio,2026-06-27,626,1,canastas,3.0,,3.0,3.0,,PEBAB
2026,26,junio,2026-06-27,926,3,canastas,2.0,,2.0,2.0,,AD2
2026,26,junio,2026-06-27,1426,75,canastas,4.0,,4.0,4.0,,AD1
2026,26,junio,2026-06-27,626,1,canastas,4.0,,4.0,4.0,,PE3
2026,26,junio,2026-06-27,626,1,canastas,4.0,,4.0,4.0,,PE2
2026,26,junio,2026-06-27,626,1,canastas,6.0,,6.0,6.0,,PE1
2026,26,junio,2026-06-27,826,75,canastas,71.0,,71.0,71.0,,AD-PJUG
2026,26,junio,2026-06-27,626,1,canastas,3.0,,3.0,3.0,,PE3
2026,26,junio,2026-06-27,626,75,canastas,4.0,,4.0,4.0,,PE3
2026,26,junio,2026-06-27,826,76,canastas,13.0,,13.0,13.0,,AD1
2026,26,junio,2026-06-27,1226,3,canastas,6.0,,6.0,6.0,,AD2
2026,26,junio,2026-06-27,626,75,canastas,6.0,,6.0,6.0,,PE2
2026,27,junio,2026-06-29,626,1,canastas,40.0,,40.0,40.0,,PEGUA
2026,27,junio,2026-06-29,626,1,canastas,1.0,,1.0,1.0,,PEBAB
2026,27,junio,2026-06-29,826,3,canastas,2.0,,2.0,2.0,,AD1
2026,27,junio,2026-06-29,626,1,canastas,12.0,,12.0,12.0,,PE2
2026,27,junio,2026-06-29,626,76,canastas,3.0,,3.0,3.0,,PE3
2026,27,junio,2026-06-29,826,3,canastas,7.0,,7.0,7.0,,AD2
2026,27,junio,2026-06-29,826,3,canastas,5.0,,5.0,5.0,,AD1
2026,27,junio,2026-06-29,626,1,canastas,8.0,,8.0,8.0,,PE1
2026,27,junio,2026-06-29,626,76,canastas,2.0,,2.0,2.0,,PE1
2026,27,junio,2026-06-29,626,76,canastas,10.0,,10.0,10.0,,PE3
2026,27,junio,2026-06-29,626,1,canastas,8.0,,8.0,8.0,,PE3
2026,27,junio,2026-06-29,726,74,canastas,2.0,,2.0,2.0,,PE3
2026,27,junio,2026-06-29,626,76,canastas,16.0,,16.0,16.0,,PE2
2026,27,junio,2026-06-29,626,1,canastas,20.0,,20.0,20.0,,PIND
2026,27,junio,2026-06-29,626,1,canastas,110.0,,110.0,110.0,,PIND
2026,27,junio,2026-06-29,826,75,canastas,2.0,,2.0,2.0,,ADGUA
2026,27,junio,2026-06-29,526,17,canastas,20.0,,20.0,20.0,,PEGUA
2026,27,junio,2026-06-29,626,1,canastas,439.0,,439.0,439.0,,PEGUA
2026,27,junio,2026-06-29,626,1,canastas,154.0,,154.0,154.0,,PEGUA
2026,27,junio,2026-06-29,826,75,canastas,83.0,,83.0,83.0,,AD-PIND
2026,27,junio,2026-06-29,626,1,canastas,51.0,,51.0,51.0,,PIND
2026,27,junio,2026-06-29,926,72,canastas,6.0,,6.0,6.0,,AD1
2026,27,junio,2026-06-29,526,17,canastas,374.0,,374.0,374.0,,PJUG
2026,27,junio,2026-06-29,626,75,canastas,510.0,,510.0,510.0,,PJUG
2026,27,junio,2026-06-30,626,76,canastas,6.0,,6.0,6.0,,PEBAB
2026,27,junio,2026-06-30,626,76,canastas,20.0,,20.0,20.0,,PEGUA
2026,27,junio,2026-06-30,526,75,canastas,4.0,,4.0,4.0,,PIND
2026,27,junio,2026-06-30,626,76,canastas,100.0,,100.0,100.0,,PIND
2026,27,junio,2026-06-30,826,3,canastas,17.0,,17.0,17.0,,ADGUA
2026,27,junio,2026-06-30,626,1,canastas,6.0,,6.0,6.0,,PEBAB
2026,27,junio,2026-06-30,626,1,canastas,5.0,,5.0,5.0,,PEBAB
2026,27,junio,2026-06-30,626,1,canastas,10.0,,10.0,10.0,,PE3
2026,27,junio,2026-06-30,626,76,canastas,4.0,,4.0,4.0,,PEGUA
2026,27,junio,2026-06-30,626,76,canastas,1.0,,1.0,1.0,,PEGUA
2026,27,junio,2026-06-30,626,1,canastas,4.0,,4.0,4.0,,PE3
2026,27,junio,2026-06-30,626,1,canastas,2.0,,2.0,2.0,,PE2
2026,27,junio,2026-06-30,626,76,canastas,4.0,,4.0,4.0,,PE1
2026,27,junio,2026-06-30,626,1,canastas,5.0,,5.0,5.0,,PE1
2026,27,junio,2026-06-30,626,76,canastas,3.0,,3.0,3.0,,PE3
2026,27,junio,2026-06-30,626,1,canastas,3.0,,3.0,3.0,,PE2
2026,27,junio,2026-06-30,626,1,canastas,7.0,,7.0,7.0,,PE2
2026,27,junio,2026-06-30,626,76,canastas,3.0,,3.0,3.0,,PE3
2026,27,junio,2026-06-30,626,76,canastas,4.0,,4.0,4.0,,PE1
2026,27,junio,2026-06-30,626,76,canastas,15.0,,15.0,15.0,,PE2
2026,27,junio,2026-06-30,726,74,canastas,2.0,,2.0,2.0,,PE2
2026,27,junio,2026-06-30,626,1,canastas,3.0,,3.0,3.0,,PEGUA
2026,27,junio,2026-06-30,626,1,canastas,4.0,,4.0,4.0,,PEGUA
2026,27,junio,2026-06-30,626,76,canastas,20.0,,20.0,20.0,,PJUG
2026,27,junio,2026-06-30,626,76,canastas,470.0,,470.0,470.0,,PJUG
2026,27,junio,2026-06-30,626,1,canastas,30.0,,30.0,30.0,,PJUG
2026,27,junio,2026-06-30,626,1,canastas,70.0,,70.0,70.0,,PJUG
2026,27,junio,2026-06-30,626,76,canastas,20.0,,20.0,20.0,,PJUG
2026,27,junio,2026-06-30,826,3,canastas,503.0,,503.0,503.0,,AD-PJUG
2026,27,junio,2026-06-30,826,3,canastas,503.0,,503.0,503.0,,AD-PJUG
2026,27,junio,2026-06-30,926,72,canastas,485.0,,485.0,485.0,,AD-PJUG
2026,27,junio,2026-06-30,926,72,canastas,449.0,,449.0,449.0,,AD-PJUG
2026,27,junio,2026-06-30,826,3,canastas,479.0,,479.0,479.0,,AD-PJUG
2026,27,junio,2026-06-30,826,76,canastas,416.0,,416.0,416.0,,AD-PJUG
2026,27,junio,2026-06-30,826,75,canastas,452.0,,452.0,452.0,,AD-PJUG
2026,27,junio,2026-06-30,1126,72,canastas,270.0,,270.0,270.0,,AD-PJUG
2026,27,julio,2026-07-01,626,1,canastas,20.0,,20.0,20.0,,PEGUA
2026,27,julio,2026-07-01,626,1,canastas,1.0,,1.0,1.0,,PEGUA
2026,27,julio,2026-07-01,626,76,canastas,9.0,,9.0,9.0,,PEGUA
2026,27,julio,2026-07-01,626,1,canastas,9.0,,9.0,9.0,,PIND
2026,27,julio,2026-07-01,626,76,canastas,9.0,,9.0,9.0,,PIND
2026,27,julio,2026-07-01,626,1,canastas,40.0,,40.0,40.0,,PEBAB
2026,27,julio,2026-07-01,826,3,canastas,16.0,,16.0,16.0,,AD1
2026,27,julio,2026-07-01,1126,72,canastas,7.0,,7.0,7.0,,AD2
2026,27,julio,2026-07-01,926,72,canastas,2.0,,2.0,2.0,,AD2
2026,27,julio,2026-07-01,1026,72,canastas,3.0,,3.0,3.0,,ADGUA
2026,27,julio,2026-07-01,626,1,canastas,1.0,,1.0,1.0,,PEGUA
2026,27,julio,2026-07-01,1026,72,canastas,3.0,,3.0,3.0,,AD1
2026,27,julio,2026-07-01,626,76,canastas,4.0,,4.0,4.0,,PE1
2026,27,julio,2026-07-01,726,74,canastas,3.0,,3.0,3.0,,PE1
2026,27,julio,2026-07-01,626,1,canastas,2.0,,2.0,2.0,,PE3
2026,27,julio,2026-07-01,1026,72,canastas,2.0,,2.0,2.0,,AD3
2026,27,julio,2026-07-01,626,1,canastas,5.0,,5.0,5.0,,PEBAB
2026,27,julio,2026-07-01,626,1,canastas,4.0,,4.0,4.0,,PE2
2026,27,julio,2026-07-01,626,76,canastas,25.0,,25.0,25.0,,PE1
2026,27,julio,2026-07-01,726,77,canastas,6.0,,6.0,6.0,,PE1
2026,27,julio,2026-07-01,1126,72,canastas,5.0,,5.0,5.0,,AD2
2026,27,julio,2026-07-01,726,74,canastas,3.0,,3.0,3.0,,PEBAB
2026,27,julio,2026-07-01,1126,72,canastas,40.0,,40.0,40.0,,AD2
2026,27,julio,2026-07-01,626,1,canastas,400.0,,400.0,400.0,,PJUG
2026,27,julio,2026-07-01,726,77,canastas,454.0,,454.0,454.0,,PJUG
2026,27,julio,2026-07-01,1026,72,canastas,30.0,,30.0,30.0,,AD-PJUG
2026,27,julio,2026-07-01,626,1,canastas,60.0,,60.0,60.0,,PE1
2026,27,julio,2026-07-01,626,1,canastas,12.0,,12.0,12.0,,PE1
2026,27,julio,2026-07-01,726,74,canastas,30.0,,30.0,30.0,,PE1
2026,27,julio,2026-07-01,726,77,canastas,80.0,,80.0,80.0,,PJUG
2026,27,julio,2026-07-02,1126,72,canastas,6.0,,6.0,6.0,,AD1
2026,27,julio,2026-07-02,926,72,canastas,10.0,,10.0,10.0,,AD1
2026,27,julio,2026-07-02,726,74,canastas,20.0,,20.0,20.0,,PE1
2026,27,julio,2026-07-02,1126,72,canastas,13.0,,13.0,13.0,,AD1
2026,27,julio,2026-07-02,1126,72,canastas,8.0,,8.0,8.0,,AD1
2026,27,julio,2026-07-02,726,74,canastas,15.0,,15.0,15.0,,PE2
2026,27,julio,2026-07-02,626,1,canastas,14.0,,14.0,14.0,,PE2
2026,27,julio,2026-07-02,1026,72,canastas,6.0,,6.0,6.0,,AD1
2026,27,julio,2026-07-02,1126,72,canastas,3.0,,3.0,3.0,,AD2
2026,27,julio,2026-07-02,626,1,canastas,7.0,,7.0,7.0,,PE2
2026,27,julio,2026-07-02,726,74,canastas,9.0,,9.0,9.0,,PE1
2026,27,julio,2026-07-02,626,1,canastas,4.0,,4.0,4.0,,PE3
2026,27,julio,2026-07-02,726,74,canastas,6.0,,6.0,6.0,,PE1
2026,27,julio,2026-07-02,626,1,canastas,76.0,,76.0,76.0,,PE1
2026,27,julio,2026-07-02,726,74,canastas,290.0,,290.0,290.0,,PE1
2026,27,julio,2026-07-02,626,1,canastas,15.0,,15.0,15.0,,PE2
2026,27,julio,2026-07-02,726,74,canastas,160.0,,160.0,160.0,,PE2
2026,27,julio,2026-07-02,726,74,canastas,8.0,,8.0,8.0,,PE1
2026,27,julio,2026-07-02,626,1,canastas,47.0,,47.0,47.0,,PE1
2026,27,julio,2026-07-02,1126,72,canastas,10.0,,10.0,10.0,,AD2
2026,27,julio,2026-07-02,726,74,canastas,14.0,,14.0,14.0,,PEGUA
2026,27,julio,2026-07-02,726,74,canastas,7.0,,7.0,7.0,,PEGUA
2026,27,julio,2026-07-02,726,74,canastas,3.0,,3.0,3.0,,PE3
2026,27,julio,2026-07-02,726,74,canastas,8.0,,8.0,8.0,,AD2
2026,27,julio,2026-07-02,1126,72,canastas,20.0,,20.0,20.0,,AD2
2026,27,julio,2026-07-02,1026,72,canastas,6.0,,6.0,6.0,,AD2
2026,27,julio,2026-07-02,1026,72,canastas,34.0,,34.0,34.0,,AD2
2026,27,julio,2026-07-02,726,74,canastas,10.0,,10.0,10.0,,PE1
2026,27,julio,2026-07-02,726,74,canastas,486.0,,486.0,486.0,,PE1
2026,27,julio,2026-07-02,626,1,canastas,36.0,,36.0,36.0,,PE3
2026,27,julio,2026-07-02,726,74,canastas,10.0,,10.0,10.0,,PEGUA
2026,27,julio,2026-07-02,726,74,canastas,15.0,,15.0,15.0,,PEGUA
2026,27,julio,2026-07-03,826,3,canastas,2.0,,2.0,2.0,,ADGUA
2026,27,julio,2026-07-03,926,72,canastas,3.0,,3.0,3.0,,AD2
2026,27,julio,2026-07-03,826,3,canastas,4.0,,4.0,4.0,,AD1
2026,27,julio,2026-07-03,726,74,canastas,6.0,,6.0,6.0,,PE1
2026,27,julio,2026-07-03,626,1,canastas,2.0,,2.0,2.0,,PE2
2026,27,julio,2026-07-03,626,1,canastas,3.0,,3.0,3.0,,PE3
2026,27,julio,2026-07-03,726,74,canastas,12.0,,12.0,12.0,,PE1
2026,27,julio,2026-07-03,726,74,canastas,4.0,,4.0,4.0,,PEBAB
2026,27,julio,2026-07-03,626,1,canastas,5.0,,5.0,5.0,,PEGUA
2026,27,julio,2026-07-03,726,74,canastas,3.0,,3.0,3.0,,PE3
2026,27,julio,2026-07-03,1126,72,canastas,16.0,,16.0,16.0,,AD1
2026,27,julio,2026-07-03,1126,72,canastas,17.0,,17.0,17.0,,AD1
2026,27,julio,2026-07-03,726,74,canastas,12.0,,12.0,12.0,,PE1
2026,27,julio,2026-07-03,1126,72,canastas,2.0,,2.0,2.0,,AD-PJUG
2026,27,julio,2026-07-03,1026,72,canastas,161.0,,161.0,161.0,,AD-PJUG
2026,27,julio,2026-07-03,726,74,canastas,6.0,,6.0,6.0,,PE2
2026,27,julio,2026-07-03,826,3,canastas,2.0,,2.0,2.0,,ADGUA
2026,27,julio,2026-07-03,726,74,canastas,4.0,,4.0,4.0,,PE2
2026,27,julio,2026-07-03,1126,72,canastas,15.0,,15.0,15.0,,AD2
2026,27,julio,2026-07-03,1126,72,canastas,7.0,,7.0,7.0,,AD3
2026,27,julio,2026-07-03,826,3,canastas,10.0,,10.0,10.0,,AD2
2026,27,julio,2026-07-03,726,74,canastas,8.0,,8.0,8.0,,PE1
2026,27,julio,2026-07-03,726,74,canastas,3.0,,3.0,3.0,,PE1
2026,27,julio,2026-07-03,926,72,canastas,2.0,,2.0,2.0,,AD2
2026,27,julio,2026-07-03,726,72,canastas,24.0,,24.0,24.0,,PE2
2026,27,julio,2026-07-03,1026,72,canastas,6.0,,6.0,6.0,,AD3
2026,27,julio,2026-07-03,726,72,canastas,12.0,,12.0,12.0,,PE1
2026,27,julio,2026-07-03,626,1,canastas,60.0,,60.0,60.0,,PE3
2026,27,julio,2026-07-03,726,74,canastas,30.0,,30.0,30.0,,PIND
2026,27,julio,2026-07-03,926,72,canastas,37.0,,37.0,37.0,,PIND
2026,27,julio,2026-07-04,826,3,canastas,22.0,,22.0,22.0,,AD2
2026,27,julio,2026-07-04,726,64,canastas,8.0,,8.0,8.0,,PEGUA
2026,27,julio,2026-07-04,1126,72,canastas,568.0,,568.0,568.0,,AD-PJUG
2026,27,julio,2026-07-04,726,74,canastas,218.0,,218.0,218.0,,PE3
2026,27,julio,2026-07-04,726,74,canastas,215.0,,215.0,215.0,,PJUG
2026,27,julio,2026-07-04,726,77,canastas,240.0,,240.0,240.0,,PE1
2026,27,julio,2026-07-04,626,76,canastas,287.0,,287.0,287.0,,PE1
2026,27,julio,2026-07-04,1626,49,canastas,8.0,,8.0,8.0,,AD1
2026,27,julio,2026-07-04,626,1,canastas,16.0,,16.0,16.0,,PE2
2026,27,julio,2026-07-04,726,72,canastas,2.0,,2.0,2.0,,PE3
2026,27,julio,2026-07-04,726,64,canastas,10.0,,10.0,10.0,,PEGUA
2026,27,julio,2026-07-04,726,74,canastas,9.0,,9.0,9.0,,PE1
2026,27,julio,2026-07-04,726,64,canastas,8.0,,8.0,8.0,,PE2
2026,27,julio,2026-07-04,1026,72,canastas,151.0,,151.0,151.0,,AD-PJUG
2026,27,julio,2026-07-04,726,72,canastas,10.0,,10.0,10.0,,PE1
2026,27,julio,2026-07-04,726,74,canastas,80.0,,80.0,80.0,,PJUG
2026,27,julio,2026-07-04,726,74,canastas,185.0,,185.0,185.0,,PE3
2026,27,julio,2026-07-04,726,74,canastas,513.0,,513.0,513.0,,PJUG
2026,27,julio,2026-07-04,726,72,canastas,78.0,,78.0,78.0,,PJUG
2026,27,julio,2026-07-04,826,3,canastas,374.0,,374.0,374.0,,AD-PJUG
2026,27,julio,2026-07-04,826,3,canastas,227.0,,227.0,227.0,,AD-PJUG
2026,27,julio,2026-07-04,826,3,canastas,322.0,,322.0,322.0,,AD-PJUG
2026,27,julio,2026-07-04,926,72,canastas,75.0,,75.0,75.0,,AD-PJUG
2026,28,julio,2026-07-06,1626,49,canastas,10.0,,10.0,10.0,,AD-PIND
2026,28,julio,2026-07-06,726,72,canastas,4.0,,4.0,4.0,,PEBAB
2026,28,julio,2026-07-06,726,72,canastas,20.0,,20.0,20.0,,PE1
2026,28,julio,2026-07-06,726,64,canastas,9.0,,9.0,9.0,,PEBAB
2026,28,julio,2026-07-06,726,72,canastas,3.0,,3.0,3.0,,PEGUA
2026,28,julio,2026-07-06,726,72,canastas,9.0,,9.0,9.0,,PEGUA
2026,28,julio,2026-07-06,726,72,canastas,22.0,,22.0,22.0,,PE1
2026,28,julio,2026-07-06,726,72,canastas,14.0,,14.0,14.0,,PE1
2026,28,julio,2026-07-06,1526,73,canastas,7.0,,7.0,7.0,,AD1
2026,28,julio,2026-07-06,726,72,canastas,7.0,,7.0,7.0,,PE1
2026,28,julio,2026-07-06,726,64,canastas,61.0,,61.0,61.0,,PE1
2026,28,julio,2026-07-06,726,64,canastas,7.0,,7.0,7.0,,PEGUA
2026,28,julio,2026-07-06,1626,49,canastas,61.0,,61.0,61.0,,AD2
2026,28,julio,2026-07-06,1526,73,canastas,5.0,,5.0,5.0,,AD2
2026,28,julio,2026-07-06,1526,73,canastas,5.0,,5.0,5.0,,AD2
2026,28,julio,2026-07-06,726,72,canastas,21.0,,21.0,21.0,,PE2
2026,28,julio,2026-07-06,826,75,canastas,12.0,,12.0,12.0,,PE1
2026,28,julio,2026-07-06,726,72,canastas,5.0,,5.0,5.0,,PE3
2026,28,julio,2026-07-06,726,64,canastas,3.0,,3.0,3.0,,PEBAB
2026,28,julio,2026-07-06,726,64,canastas,2.0,,2.0,2.0,,PEBAB
2026,28,julio,2026-07-06,726,72,canastas,1.0,,1.0,1.0,,PE2
2026,28,julio,2026-07-06,1126,76,canastas,4.0,,4.0,4.0,,AD1
2026,28,julio,2026-07-06,1526,73,canastas,3.0,,3.0,3.0,,AD2
2026,28,julio,2026-07-06,726,72,canastas,8.0,,8.0,8.0,,PE2
2026,28,julio,2026-07-06,726,72,canastas,3.0,,3.0,3.0,,PE3
2026,28,julio,2026-07-06,726,64,canastas,63.0,,63.0,63.0,,PE3
2026,28,julio,2026-07-06,1526,73,canastas,3.0,,3.0,3.0,,AD2
2026,28,julio,2026-07-06,726,64,canastas,2.0,,2.0,2.0,,PEGUA
2026,28,julio,2026-07-06,726,64,canastas,4.0,,4.0,4.0,,PE3
2026,28,julio,2026-07-06,726,72,canastas,544.0,,544.0,544.0,,PJUG
2026,28,julio,2026-07-06,726,72,canastas,512.0,,512.0,512.0,,PJUG
2026,28,julio,2026-07-06,1626,49,canastas,494.0,,494.0,494.0,,AD-PJUG
2026,28,julio,2026-07-06,1126,72,canastas,507.0,,507.0,507.0,,AD-PJUG
2026,28,julio,2026-07-06,1626,49,canastas,526.0,,526.0,526.0,,AD-PJUG
2026,28,julio,2026-07-06,1126,72,canastas,506.0,,506.0,506.0,,AD-PJUG
2026,28,julio,2026-07-06,1026,72,canastas,500.0,,500.0,500.0,,AD-PJUG
2026,28,julio,2026-07-07,726,64,canastas,271.0,,271.0,271.0,,PJUG
2026,28,julio,2026-07-07,726,64,canastas,274.0,,274.0,274.0,,PJUG
2026,28,julio,2026-07-07,726,72,canastas,390.0,,390.0,390.0,,PE2
2026,28,julio,2026-07-06,1526,73,canastas,3.0,,3.0,3.0,,AD1
2026,28,julio,2026-07-07,726,64,canastas,5.0,,5.0,5.0,,PEBAB
2026,28,julio,2026-07-07,726,64,canastas,459.0,,459.0,459.0,,PEGUA
2026,28,julio,2026-07-07,726,64,canastas,7.0,,7.0,7.0,,PIND
2026,28,julio,2026-07-07,726,64,canastas,16.0,,16.0,16.0,,PEGUA
2026,28,julio,2026-07-07,726,64,canastas,5.0,,5.0,5.0,,PEGUA
2026,28,julio,2026-07-07,726,64,canastas,6.0,,6.0,6.0,,PE1
2026,28,julio,2026-07-07,726,64,canastas,12.0,,12.0,12.0,,PEBAB
2026,28,julio,2026-07-07,726,64,canastas,15.0,,15.0,15.0,,PEBAB
2026,28,julio,2026-07-07,726,64,canastas,7.0,,7.0,7.0,,PE2
2026,28,julio,2026-07-07,1526,73,canastas,18.0,,18.0,18.0,,AD1
2026,28,julio,2026-07-07,726,64,canastas,6.0,,6.0,6.0,,PEBAB
2026,28,julio,2026-07-07,726,64,canastas,4.0,,4.0,4.0,,PEGUA
2026,28,julio,2026-07-07,826,75,canastas,2.0,,2.0,2.0,,PE1
2026,28,julio,2026-07-07,726,64,canastas,2.0,,2.0,2.0,,PIND
2026,28,julio,2026-07-07,1526,73,canastas,480.0,,480.0,480.0,,AD-PJUG
2026,28,julio,2026-07-07,726,64,canastas,169.0,,169.0,169.0,,PJUG
2026,28,julio,2026-07-07,726,64,canastas,282.0,,282.0,282.0,,PE1
2026,28,julio,2026-07-07,726,64,canastas,4.0,,4.0,4.0,,PE2
2026,28,julio,2026-07-07,1526,73,canastas,208.0,,208.0,208.0,,AD-PJUG
2026,28,julio,2026-07-07,1526,73,canastas,300.0,,300.0,300.0,,AD-PJUG
2026,28,julio,2026-07-07,726,64,canastas,8.0,,8.0,8.0,,PE1
2026,28,julio,2026-07-08,726,64,canastas,212.0,,212.0,212.0,,PE3
2026,28,julio,2026-07-08,726,72,canastas,199.0,,199.0,199.0,,PE3
2026,28,julio,2026-07-08,726,64,canastas,467.0,,467.0,467.0,,PE3
2026,28,julio,2026-07-07,826,75,canastas,160.0,,160.0,160.0,,PE2
2026,28,julio,2026-07-07,1526,73,canastas,96.0,,96.0,96.0,,AD-PJUG
2026,28,julio,2026-07-07,1526,73,canastas,525.0,,525.0,525.0,,AD-PJUG
2026,28,julio,2026-07-07,1526,73,canastas,498.0,,498.0,498.0,,AD-PJUG
2026,28,julio,2026-07-07,1526,73,canastas,326.0,,326.0,326.0,,AD-PJUG
2026,28,julio,2026-07-07,1526,73,canastas,214.0,,214.0,214.0,,AD-PJUG
2026,28,julio,2026-07-07,1526,73,canastas,263.0,,263.0,263.0,,AD-PJUG
2026,28,julio,2026-07-07,726,72,canastas,532.0,,532.0,532.0,,PJUG
2026,28,julio,2026-07-07,726,64,canastas,457.0,,457.0,457.0,,PJUG
2026,28,julio,2026-07-07,726,64,canastas,460.0,,460.0,460.0,,PJUG
2026,28,julio,2026-07-07,726,64,canastas,463.0,,463.0,463.0,,PJUG
2026,28,julio,2026-07-07,726,64,canastas,542.0,,542.0,542.0,,PJUG
2026,28,julio,2026-07-07,726,64,canastas,487.0,,487.0,487.0,,PJUG
2026,28,julio,2026-07-07,726,64,canastas,450.0,,450.0,450.0,,PJUG
2026,28,julio,2026-07-07,726,64,canastas,526.0,,526.0,526.0,,PJUG
2026,28,julio,2026-07-07,726,72,canastas,214.0,,214.0,214.0,,PJUG
2026,28,julio,2026-07-08,826,74,canastas,4.0,,4.0,4.0,,PE2
2026,28,julio,2026-07-08,826,75,canastas,4.0,,4.0,4.0,,PE1
2026,28,julio,2026-07-08,826,74,canastas,5.0,,5.0,5.0,,PEGUA
2026,28,julio,2026-07-08,826,75,canastas,7.0,,7.0,7.0,,PE2
2026,28,julio,2026-07-08,826,75,canastas,12.0,,12.0,12.0,,PE1
2026,28,julio,2026-07-08,826,74,canastas,2.0,,2.0,2.0,,PE1
2026,28,julio,2026-07-08,826,75,canastas,5.0,,5.0,5.0,,PE3
2026,28,julio,2026-07-08,826,74,canastas,10.0,,10.0,10.0,,PE1
2026,28,julio,2026-07-08,826,74,canastas,3.0,,3.0,3.0,,PE1
2026,28,julio,2026-07-08,826,74,canastas,3.0,,3.0,3.0,,PE2
2026,28,julio,2026-07-08,826,75,canastas,3.0,,3.0,3.0,,PE3
2026,28,julio,2026-07-08,726,64,canastas,6.0,,6.0,6.0,,PE3
2026,28,julio,2026-07-08,826,74,canastas,85.0,,85.0,85.0,,PJUG
2026,28,julio,2026-07-08,826,74,canastas,3.0,,3.0,3.0,,PEGUA
2026,28,julio,2026-07-08,826,74,canastas,3.0,,3.0,3.0,,PE2
2026,28,julio,2026-07-08,826,75,canastas,4.0,,4.0,4.0,,PE3
2026,28,julio,2026-07-08,726,64,canastas,2.0,,2.0,2.0,,PEBAB
2026,28,julio,2026-07-08,826,74,canastas,5.0,,5.0,5.0,,PE3
2026,28,julio,2026-07-08,826,75,canastas,11.0,,11.0,11.0,,PE1
2026,28,julio,2026-07-08,1826,45,canastas,434.0,,434.0,434.0,,AD-PJUG
2026,28,julio,2026-07-08,1526,73,canastas,434.0,,434.0,434.0,,AD-PJUG
2026,28,julio,2026-07-08,1526,73,canastas,420.0,,420.0,420.0,,AD-PJUG
2026,28,julio,2026-07-08,1526,73,canastas,424.0,,424.0,424.0,,AD-PJUG
2026,28,julio,2026-07-08,1526,73,canastas,518.0,,518.0,518.0,,AD-PJUG
2026,28,julio,2026-07-08,1526,73,canastas,443.0,,443.0,443.0,,AD-PJUG
2026,28,julio,2026-07-08,1526,73,canastas,542.0,,542.0,542.0,,AD-PJUG
2026,28,julio,2026-07-08,1526,73,canastas,460.0,,460.0,460.0,,AD-PJUG
2026,28,julio,2026-07-08,1526,73,canastas,483.0,,483.0,483.0,,AD-PJUG
2026,28,julio,2026-07-08,1526,73,canastas,421.0,,421.0,421.0,,AD-PJUG
2026,28,julio,2026-07-08,1526,73,canastas,469.0,,469.0,469.0,,AD-PJUG
2026,28,julio,2026-07-08,1526,73,canastas,455.0,,455.0,455.0,,AD-PJUG
2026,28,julio,2026-07-08,1526,73,canastas,441.0,,441.0,441.0,,AD-PJUG
2026,28,julio,2026-07-08,1526,73,canastas,532.0,,532.0,532.0,,AD-PJUG
2026,28,julio,2026-07-08,1526,73,canastas,473.0,,473.0,473.0,,AD-PJUG
2026,28,julio,2026-07-08,1526,73,canastas,492.0,,492.0,492.0,,AD-PJUG
2026,28,julio,2026-07-08,1526,73,canastas,481.0,,481.0,481.0,,AD-PJUG
2026,28,julio,2026-07-08,1526,73,canastas,571.0,,571.0,571.0,,AD-PJUG
2026,28,julio,2026-07-08,726,64,canastas,438.0,,438.0,438.0,,PJUG
2026,28,julio,2026-07-08,726,64,canastas,434.0,,434.0,434.0,,PJUG
2026,28,julio,2026-07-08,1526,73,canastas,493.0,,493.0,493.0,,AD-PJUG
2026,28,julio,2026-07-09,826,3,canastas,2.0,,2.0,2.0,,PEGUA
2026,28,julio,2026-07-09,1426,73,canastas,11.0,,11.0,11.0,,AD1
2026,28,julio,2026-07-09,826,75,canastas,5.0,,5.0,5.0,,PE2
2026,28,julio,2026-07-09,826,75,canastas,6.0,,6.0,6.0,,PE2
2026,28,julio,2026-07-09,826,3,canastas,6.0,,6.0,6.0,,PE3
2026,28,julio,2026-07-09,826,3,canastas,4.0,,4.0,4.0,,PEGUA
2026,28,julio,2026-07-09,826,75,canastas,5.0,,5.0,5.0,,PEGUA
2026,28,julio,2026-07-09,826,74,canastas,5.0,,5.0,5.0,,PE1
2026,28,julio,2026-07-09,826,75,canastas,10.0,,10.0,10.0,,PE1
2026,28,julio,2026-07-09,826,75,canastas,3.0,,3.0,3.0,,PEBAB
2026,28,julio,2026-07-09,826,75,canastas,4.0,,4.0,4.0,,PEBAB
2026,28,julio,2026-07-09,1526,73,canastas,4.0,,4.0,4.0,,AD3
2026,28,julio,2026-07-09,826,75,canastas,9.0,,9.0,9.0,,PE2
2026,28,julio,2026-07-09,826,75,canastas,8.0,,8.0,8.0,,PIND
2026,28,julio,2026-07-09,1426,73,canastas,48.0,,48.0,48.0,,AD-PIND
2026,28,julio,2026-07-09,1626,73,109,127.0,,127.0,127.0,,AD-PJUG
2026,28,julio,2026-07-09,1626,73,canastas,2.0,,2.0,2.0,,AD1
2026,28,julio,2026-07-10,826,75,canastas,8.0,,8.0,8.0,,PEGUA
2026,28,julio,2026-07-10,826,75,canastas,12.0,,12.0,12.0,,PE1
2026,28,julio,2026-07-10,826,3,canastas,15.0,,15.0,15.0,,PE1
2026,28,julio,2026-07-10,826,3,canastas,6.0,,6.0,6.0,,PE2
2026,28,julio,2026-07-10,826,75,canastas,7.0,,7.0,7.0,,PEBAB
2026,28,julio,2026-07-10,826,3,25,8.0,,8.0,8.0,,PEGUA
2026,28,julio,2026-07-10,826,3,canastas,10.0,,10.0,10.0,,PIND
2026,28,julio,2026-07-10,1526,73,canastas,48.0,,48.0,48.0,,AD-PIND
2026,28,julio,2026-07-10,826,3,canastas,3.0,,3.0,3.0,,PE3
2026,28,julio,2026-07-10,826,3,canastas,6.0,,6.0,6.0,,PE1
2026,28,julio,2026-07-10,826,75,canastas,4.0,,4.0,4.0,,PE2
2026,28,julio,2026-07-10,826,3,canastas,3.0,,3.0,3.0,,PEGUA
2026,28,julio,2026-07-10,1526,73,canastas,4.0,,4.0,4.0,,AD1
2026,28,julio,2026-07-10,1526,73,canastas,3.0,,3.0,3.0,,AD1
2026,28,julio,2026-07-10,1426,73,73,443.0,,443.0,443.0,,AD-PJUG
2026,28,julio,2026-07-10,1426,73,canastas,443.0,,443.0,443.0,,PJUG
2026,28,julio,2026-07-10,1426,73,canastas,473.0,,473.0,473.0,,PJUG
2026,28,julio,2026-07-10,1426,73,canastas,488.0,,488.0,488.0,,AD-PJUG
2026,28,julio,2026-07-10,1426,73,canastas,535.0,,535.0,535.0,,AD-PJUG
2026,28,julio,2026-07-10,1426,73,canastas,485.0,,485.0,485.0,,AD-PJUG
2026,28,julio,2026-07-10,1526,73,canastas,479.0,,479.0,479.0,,AD-PJUG
2026,28,julio,2026-07-10,1526,73,canastas,511.0,,511.0,511.0,,AD-PJUG
2026,28,julio,2026-07-10,1526,73,canastas,500.0,,500.0,500.0,,AD-PJUG
2026,28,julio,2026-07-10,1626,73,canastas,535.0,,535.0,535.0,,AD-PJUG
2026,28,julio,2026-07-10,1526,73,canastas,451.0,,451.0,451.0,,AD-PJUG
2026,28,julio,2026-07-10,1426,73,canastas,499.0,,499.0,499.0,,AD-PJUG
2026,28,julio,2026-07-10,1426,73,canastas,330.0,,330.0,330.0,,AD-PJUG
2026,28,julio,2026-07-10,1426,73,151,1145.0,,1145.0,1145.0,,AD-PJUG
2026,28,julio,2026-07-10,1626,73,65,1242.0,,1242.0,1242.0,,AD-PJUG
2026,28,julio,2026-07-10,1626,73,11,1269.0,,1269.0,1269.0,,AD-PJUG
2026,28,julio,2026-07-10,1426,73,77,1239.0,,1239.0,1239.0,,AD-PJUG
2026,28,julio,2026-07-10,1526,73,29,829.0,,829.0,829.0,,AD-PJUG
2026,28,julio,2026-07-10,1526,73,16,1227.0,,1227.0,1227.0,,AD-PJUG
2026,28,julio,2026-07-10,1526,73,71,1211.0,,1211.0,1211.0,,AD-PJUG
2026,28,julio,2026-07-10,1426,73,56,1053.0,,1053.0,1053.0,,AD-PJUG
2026,28,julio,2026-07-10,1426,73,123,1068.0,,1068.0,1068.0,,AD-PJUG
2026,28,julio,2026-07-10,1626,73,46,1205.0,,1205.0,1205.0,,AD-PJUG
2026,28,julio,2026-07-10,1626,73,143,1268.0,,1268.0,1268.0,,AD-PJUG
2026,28,julio,2026-07-10,1526,73,102,1254.0,,1254.0,1254.0,,AD-PJUG
2026,28,julio,2026-07-10,1426,73,135,1242.0,,1242.0,1242.0,,AD-PJUG
2026,28,julio,2026-07-10,1426,73,117,1290.0,,1290.0,1290.0,,AD-PJUG
2026,28,julio,2026-07-10,1526,73,70,1727.0,,1727.0,1727.0,,AD-PJUG
2026,28,julio,2026-07-10,826,3,canastas,468.0,,468.0,468.0,,AD-PJUG
2026,28,julio,2026-07-10,826,75,canastas,450.0,,450.0,450.0,,PJUG
2026,28,julio,2026-07-10,826,75,canastas,457.0,,457.0,457.0,,PJUG
2026,28,julio,2026-07-10,1526,73,canastas,443.0,,443.0,443.0,,AD-PJUG
2026,28,julio,2026-07-10,1426,73,canastas,471.0,,471.0,471.0,,AD-PJUG
2026,28,julio,2026-07-10,1426,73,canastas,469.0,,469.0,469.0,,AD-PJUG
2026,28,julio,2026-07-10,1426,73,canastas,265.0,,265.0,265.0,,AD-PJUG
2026,28,julio,2026-07-10,1626,73,canastas,389.0,,389.0,389.0,,PJUG
2026,28,julio,2026-07-10,1426,73,canastas,482.0,,482.0,482.0,,AD-PJUG
2026,28,julio,2026-07-10,1526,73,138,1196.0,,1196.0,1196.0,,AD-PJUG
2026,28,julio,2026-07-10,1526,73,20,1065.0,,1065.0,1065.0,,AD-PJUG
2026,28,julio,2026-07-10,1626,73,128,1107.0,,1107.0,1107.0,,AD-PJUG
2026,28,julio,2026-07-10,1526,73,104,1451.0,,1451.0,1451.0,,AD-PJUG
2026,28,julio,2026-07-10,1526,73,82,1263.0,,1263.0,1263.0,,AD-PJUG
2026,28,julio,2026-07-10,1426,73,40,1675.0,,1675.0,1675.0,,AD-PJUG
2026,28,julio,2026-07-10,1426,73,72,1569.0,,1569.0,1569.0,,AD-PJUG
2026,28,julio,2026-07-10,1426,73,58,1046.0,,1046.0,1046.0,,AD-PJUG
2026,28,julio,2026-07-10,1426,73,132,1073.0,,1073.0,1073.0,,AD-PJUG
2026,28,julio,2026-07-10,826,73,141,1313.0,,1313.0,1313.0,,PJUG
2026,28,julio,2026-07-11,1526,73,158,610.0,,610.0,610.0,,AD-PJUG
2026,28,julio,2026-07-11,1526,73,88,1394.0,,1394.0,1394.0,,AD-PJUG
2026,28,julio,2026-07-11,826,3,79,1587.0,,1587.0,1587.0,,PJUG
2026,28,julio,2026-07-11,826,3,95,1380.0,,1380.0,1380.0,,PJUG
2026,28,julio,2026-07-11,826,3,54,1375.0,,1375.0,1375.0,,PJUG
2026,28,julio,2026-07-11,1426,73,59,1360.0,,1360.0,1360.0,,AD-PJUG
2026,28,julio,2026-07-11,1526,73,61,1364.0,,1364.0,1364.0,,AD-PJUG
2026,28,julio,2026-07-11,1426,73,148,1323.0,,1323.0,1323.0,,AD-PJUG
2026,28,julio,2026-07-11,1426,73,62,1506.0,,1506.0,1506.0,,AD-PJUG
2026,28,julio,2026-07-11,1526,73,19,656.0,,656.0,656.0,,AD-PJUG
2026,28,julio,2026-07-11,1526,73,canastas,5.0,,5.0,5.0,,AD2
2026,28,julio,2026-07-11,1526,73,canastas,2.0,,2.0,2.0,,AD1
2026,28,julio,2026-07-11,1526,73,canastas,7.0,,7.0,7.0,,AD1
2026,28,julio,2026-07-11,1526,73,canastas,3.0,,3.0,3.0,,AD1
2026,28,julio,2026-07-11,826,3,canastas,8.0,,8.0,8.0,,PEGUA
2026,28,julio,2026-07-11,826,3,canastas,7.0,,7.0,7.0,,PEGUA
2026,28,julio,2026-07-11,826,75,canastas,17.0,,17.0,17.0,,PE3
2026,28,julio,2026-07-11,826,3,canastas,6.0,,6.0,6.0,,PEBAB
2026,28,julio,2026-07-11,826,3,canastas,6.0,,6.0,6.0,,PEBAB
2026,28,julio,2026-07-11,1426,73,canastas,13.0,,13.0,13.0,,AD1
2026,28,julio,2026-07-11,826,75,canastas,48.0,,48.0,48.0,,PE1
2026,28,julio,2026-07-11,1526,73,85,152.0,,152.0,152.0,,AD-PJUG
2026,28,julio,2026-07-12,826,3,canastas,28.0,,28.0,28.0,,PEBAB
2026,28,julio,2026-07-12,826,75,140,45.0,,45.0,45.0,,PEGUA
2026,28,julio,2026-07-12,1426,73,canastas,17.0,,17.0,17.0,,ADBABY
2026,28,julio,2026-07-12,826,75,canastas,10.0,,10.0,10.0,,PEGUA
2026,28,julio,2026-07-12,826,75,130,1354.0,,1354.0,1354.0,,PJUG
2026,28,julio,2026-07-12,826,3,125,1351.0,,1351.0,1351.0,,PJUG
2026,28,julio,2026-07-12,826,74,canastas,483.0,,483.0,483.0,,PE1
2026,28,julio,2026-07-12,826,75,146,1290.0,,1290.0,1290.0,,PJUG
2026,28,julio,2026-07-12,826,3,11,1152.0,,1152.0,1152.0,,PJUG
2026,28,julio,2026-07-12,1526,73,134,1219.0,,1219.0,1219.0,,AD-PJUG
2026,28,julio,2026-07-12,826,3,39,1103.0,,1103.0,1103.0,,PJUG
2026,28,julio,2026-07-12,826,3,canastas,469.0,,469.0,469.0,,PJUG
2026,28,julio,2026-07-12,1526,73,canastas,332.0,,332.0,332.0,,AD-PJUG
2026,28,julio,2026-07-12,1526,73,canastas,12.0,,12.0,12.0,,AD1
2026,28,julio,2026-07-12,826,3,canastas,10.0,,10.0,10.0,,PE1
2026,28,julio,2026-07-12,1526,73,canastas,10.0,,10.0,10.0,,AD1
2026,28,julio,2026-07-12,1526,73,canastas,20.0,,20.0,20.0,,AD1
2026,28,julio,2026-07-12,826,3,canastas,8.0,,8.0,8.0,,PE2
2026,28,julio,2026-07-12,1526,73,canastas,7.0,,7.0,7.0,,AD3
2026,28,julio,2026-07-12,826,75,32,7.0,,7.0,7.0,,PE1
2026,29,julio,2026-07-13,926,72,canastas,12.0,,12.0,12.0,,PE1
2026,29,julio,2026-07-13,1226,72,canastas,10.0,,10.0,10.0,,AD1
2026,29,julio,2026-07-13,1426,73,canastas,12.0,,12.0,12.0,,AD1
2026,29,julio,2026-07-13,826,75,157,5.0,,5.0,5.0,,PE3
2026,29,julio,2026-07-13,826,75,canastas,8.0,,8.0,8.0,,PE2
2026,29,julio,2026-07-13,1426,73,canastas,5.0,,5.0,5.0,,AD1
2026,29,julio,2026-07-13,926,72,canastas,6.0,,6.0,6.0,,PE1
2026,29,julio,2026-07-13,926,72,canastas,6.0,,6.0,6.0,,PE2
2026,29,julio,2026-07-13,926,72,canastas,4.0,,4.0,4.0,,PE3
2026,29,julio,2026-07-13,926,72,canastas,4.0,,4.0,4.0,,PE3
2026,29,julio,2026-07-13,826,3,canastas,6.0,,6.0,6.0,,PEGUA
2026,29,julio,2026-07-14,926,72,canastas,2.0,,2.0,2.0,,PE1
2026,29,julio,2026-07-14,1426,73,canastas,3.0,,3.0,3.0,,AD1
2026,29,julio,2026-07-14,826,3,canastas,8.0,,8.0,8.0,,PEGUA
2026,29,julio,2026-07-14,926,72,canastas,14.0,,14.0,14.0,,PE1
2026,29,julio,2026-07-14,1226,73,canastas,10.0,,10.0,10.0,,AD-PIND
2026,29,julio,2026-07-14,1226,73,canastas,4.0,,4.0,4.0,,AD2
2026,29,julio,2026-07-14,1226,73,canastas,4.0,,4.0,4.0,,AD1
2026,29,julio,2026-07-14,926,72,canastas,3.0,,3.0,3.0,,PE3
2026,29,julio,2026-07-14,926,72,canastas,12.0,,12.0,12.0,,PE1
2026,29,julio,2026-07-14,1226,73,123,140.0,,140.0,140.0,,AD-PJUG
2026,29,julio,2026-07-14,1226,72,94,626.0,,626.0,626.0,,AD-PJUG
2026,29,julio,2026-07-14,1426,73,137,1401.0,,1401.0,1401.0,,AD-PJUG
2026,29,julio,2026-07-14,1226,72,51,1457.0,,1457.0,1457.0,,AD-PJUG
2026,29,julio,2026-07-14,1226,72,86,1311.0,,1311.0,1311.0,,AD-PJUG
2026,29,julio,2026-07-14,1426,73,145,1067.0,,1067.0,1067.0,,AD-PJUG
2026,29,julio,2026-07-14,1226,72,76,1387.0,,1387.0,1387.0,,AD-PJUG
2026,29,julio,2026-07-14,1426,73,canastas,349.0,,349.0,349.0,,AD-PJUG
2026,29,julio,2026-07-14,1426,73,canastas,32.0,,32.0,32.0,,AD-PJUG
2026,29,julio,2026-07-14,826,75,canastas,145.0,,145.0,145.0,,PE1
2026,29,julio,2026-07-14,1226,72,canastas,176.0,,176.0,176.0,,AD-PJUG
2026,29,julio,2026-07-14,926,72,canastas,272.0,,272.0,272.0,,PJUG
2026,29,julio,2026-07-14,926,72,canastas,23.0,,23.0,23.0,,PE1
2026,29,julio,2026-07-14,926,73,canastas,6.0,,6.0,6.0,,PEGUA
2026,29,julio,2026-07-15,926,72,canastas,25.0,,25.0,25.0,,PJUG
2026,29,julio,2026-07-15,926,72,canastas,250.0,,250.0,250.0,,AL-PE1
2026,29,julio,2026-07-15,926,73,canastas,12.0,,12.0,12.0,,PE1
2026,29,julio,2026-07-15,826,3,128,1248.0,,1248.0,1248.0,,PJUG
2026,29,julio,2026-07-15,826,3,48,1265.0,,1265.0,1265.0,,PJUG
2026,29,julio,2026-07-15,826,3,21,1435.0,,1435.0,1435.0,,PJUG
2026,29,julio,2026-07-15,926,72,8,1285.0,,1285.0,1285.0,,PJUG
2026,29,julio,2026-07-15,826,3,101,1405.0,,1405.0,1405.0,,PJUG
2026,29,julio,2026-07-15,826,3,41,1278.0,,1278.0,1278.0,,PJUG
2026,29,julio,2026-07-15,826,3,45,1249.0,,1249.0,1249.0,,PJUG
2026,29,julio,2026-07-15,826,3,5,1350.0,,1350.0,1350.0,,PJUG
2026,29,julio,2026-07-15,1426,72,18,932.0,,932.0,932.0,,AD-PJUG
2026,29,julio,2026-07-15,1426,72,78,1216.0,,1216.0,1216.0,,AD-PJUG
2026,29,julio,2026-07-15,1226,73,81,1297.0,,1297.0,1297.0,,AD-PJUG
2026,29,julio,2026-07-15,1626,73,canastas,12.0,,12.0,12.0,,AD1
2026,29,julio,2026-07-15,926,3,canastas,4.0,,4.0,4.0,,PE2
2026,29,julio,2026-07-15,1526,73,canastas,4.0,,4.0,4.0,,AD-PJUG
2026,29,julio,2026-07-15,1226,72,canastas,2.0,,2.0,2.0,,AD1
2026,29,julio,2026-07-15,926,3,canastas,3.0,,3.0,3.0,,PE2
2026,29,julio,2026-07-15,926,3,canastas,2.0,,2.0,2.0,,PE3
2026,29,julio,2026-07-15,926,73,canastas,4.0,,4.0,4.0,,PE2
2026,29,julio,2026-07-15,1526,73,canastas,5.0,,5.0,5.0,,AD1
2026,29,julio,2026-07-15,1226,72,canastas,5.0,,5.0,5.0,,AD1
2026,29,julio,2026-07-15,926,3,canastas,2.0,,2.0,2.0,,PE3
2026,29,julio,2026-07-15,926,72,canastas,2.0,,2.0,2.0,,PE3
2026,29,julio,2026-07-15,926,3,canastas,3.0,,3.0,3.0,,PEGUA
2026,29,julio,2026-07-15,926,3,canastas,3.0,,3.0,3.0,,PEBAB
2026,29,julio,2026-07-15,926,3,canastas,2.0,,2.0,2.0,,PE3
2026,29,julio,2026-07-16,926,3,canastas,1.0,,1.0,1.0,,PEGUA
2026,29,julio,2026-07-16,926,3,canastas,4.0,,4.0,4.0,,PE1
2026,29,julio,2026-07-16,926,3,canastas,10.0,,10.0,10.0,,PE2
2026,29,julio,2026-07-16,926,72,canastas,5.0,,5.0,5.0,,PE2
2026,29,julio,2026-07-16,926,72,canastas,8.0,,8.0,8.0,,PE1
2026,29,julio,2026-07-16,926,3,canastas,6.0,,6.0,6.0,,PE2
2026,29,julio,2026-07-16,926,3,canastas,5.0,,5.0,5.0,,PEGUA
2026,29,julio,2026-07-16,926,3,canastas,7.0,,7.0,7.0,,AL-PE2
2026,29,julio,2026-07-16,926,3,canastas,10.0,,10.0,10.0,,PE1
2026,29,julio,2026-07-16,926,3,canastas,5.0,,5.0,5.0,,PEBAB
2026,29,julio,2026-07-16,1126,72,canastas,5.0,,5.0,5.0,,AD2
2026,29,julio,2026-07-16,1526,73,canastas,5.0,,5.0,5.0,,AD1
2026,29,julio,2026-07-16,1126,72,canastas,5.0,,5.0,5.0,,AD3
2026,29,julio,2026-07-16,926,72,canastas,5.0,,5.0,5.0,,PEGUA
2026,29,julio,2026-07-16,926,72,canastas,10.0,,10.0,10.0,,PEGUA
2026,29,julio,2026-07-16,1226,72,canastas,5.0,,5.0,5.0,,PE3
2026,29,julio,2026-07-16,826,3,72,1424.0,,1424.0,1424.0,,PJUG
2026,29,julio,2026-07-16,826,3,66,1511.0,,1511.0,1511.0,,PJUG
2026,29,julio,2026-07-16,826,3,63,1506.0,,1506.0,1506.0,,PJUG
2026,29,julio,2026-07-16,826,3,19,1510.0,,1510.0,1510.0,,PJUG
2026,29,julio,2026-07-16,1526,73,14,1452.0,,1452.0,1452.0,,AD-PJUG
2026,29,julio,2026-07-16,1526,73,22,1134.0,,1134.0,1134.0,,AD-PJUG
2026,29,julio,2026-07-16,1526,73,87,1404.0,,1404.0,1404.0,,AD-PJUG
2026,29,julio,2026-07-16,826,3,62,986.0,,986.0,986.0,,PJUG
2026,29,julio,2026-07-16,926,73,120,1338.0,,1338.0,1338.0,,PJUG
2026,29,julio,2026-07-16,826,3,65,1007.0,,1007.0,1007.0,,PJUG
2026,29,julio,2026-07-16,826,3,133,1359.0,,1359.0,1359.0,,PJUG
2026,29,julio,2026-07-16,826,3,27,1449.0,,1449.0,1449.0,,PJUG
2026,29,julio,2026-07-16,826,3,71,903.0,,903.0,903.0,,PJUG
2026,29,julio,2026-07-16,826,3,56,1071.0,,1071.0,1071.0,,PJUG
2026,29,julio,2026-07-16,826,3,61,1090.0,,1090.0,1090.0,,PJUG
2026,29,julio,2026-07-16,826,3,138,1039.0,,1039.0,1039.0,,PJUG
2026,29,julio,2026-07-16,826,3,100,995.0,,995.0,995.0,,PJUG
2026,29,julio,2026-07-16,826,3,24,1032.0,,1032.0,1032.0,,PJUG
2026,29,julio,2026-07-16,826,3,84,1001.0,,1001.0,1001.0,,PJUG
2026,29,julio,2026-07-16,826,3,46,1135.0,,1135.0,1135.0,,PJUG
2026,29,julio,2026-07-16,826,3,80,996.0,,996.0,996.0,,PJUG
2026,29,julio,2026-07-16,826,3,136,1050.0,,1050.0,1050.0,,PJUG
2026,29,julio,2026-07-16,826,3,73,971.0,,971.0,971.0,,PJUG
2026,29,julio,2026-07-16,826,3,60,1685.0,,1685.0,1685.0,,PJUG
2026,29,julio,2026-07-16,1126,72,canastas,512.0,,512.0,512.0,,AD-PJUG
2026,29,julio,2026-07-16,1226,3,97,1215.0,,1215.0,1215.0,,AD-PJUG
2026,29,julio,2026-07-16,1226,3,18,1144.0,,1144.0,1144.0,,AD-PJUG
2026,29,julio,2026-07-16,1126,72,canastas,623.0,,623.0,623.0,,AD-PJUG
2026,29,julio,2026-07-16,1226,3,canastas,517.0,,517.0,517.0,,AD-PJUG
2026,29,julio,2026-07-16,926,3,canastas,497.0,,497.0,497.0,,PJUG
2026,29,julio,2026-07-16,1126,72,canastas,203.0,,203.0,203.0,,AD-PJUG
2026,29,julio,2026-07-16,1226,72,canastas,523.0,,523.0,523.0,,AD-PJUG
2026,29,julio,2026-07-16,1226,72,canastas,14.0,,14.0,14.0,,AD-PIND
2026,29,julio,2026-07-16,926,3,canastas,25.0,,25.0,25.0,,PIND
2026,29,julio,2026-07-16,926,3,canastas,69.0,,69.0,69.0,,PJUG
2026,29,julio,2026-07-16,926,73,canastas,491.0,,491.0,491.0,,PJUG
2026,29,julio,2026-07-16,1526,73,canastas,155.0,,155.0,155.0,,AD-PJUG
2026,29,julio,2026-07-16,1526,73,canastas,144.0,,144.0,144.0,,AD-PJUG
2026,29,julio,2026-07-16,926,3,16,160.0,,160.0,160.0,,PJUG
2026,29,julio,2026-07-16,926,3,canastas,1.0,,1.0,1.0,,PJUG
2026,29,julio,2026-07-16,926,72,canastas,1.0,,1.0,1.0,,PJUG
2026,29,julio,2026-07-16,1226,72,61,1458.0,,1458.0,1458.0,,AD-PJUG
2026,29,julio,2026-07-16,1126,72,canastas,545.0,,545.0,545.0,,AD-PJUG
2026,29,julio,2026-07-16,1126,72,25,1381.0,,1381.0,1381.0,,AD-PJUG
2026,29,julio,2026-07-16,1126,72,151,1448.0,,1448.0,1448.0,,AD-PJUG
2026,29,julio,2026-07-16,1226,72,8,1271.0,,1271.0,1271.0,,AD-PJUG
2026,29,julio,2026-07-16,1126,72,16,1570.0,,1570.0,1570.0,,AD-PJUG
2026,29,julio,2026-07-16,1126,72,90,1400.0,,1400.0,1400.0,,AD-PJUG
2026,29,julio,2026-07-16,1126,72,36,1459.0,,1459.0,1459.0,,AD-PJUG
2026,29,julio,2026-07-16,1126,72,10,322.0,,322.0,322.0,,AD-PJUG
2026,29,julio,2026-07-17,1026,72,canastas,20.0,,20.0,20.0,,PE1
2026,29,julio,2026-07-17,1526,73,canastas,324.0,,324.0,324.0,,AD1
2026,29,julio,2026-07-17,1026,72,canastas,14.0,,14.0,14.0,,PE1
2026,29,julio,2026-07-17,1226,72,canastas,8.0,,8.0,8.0,,AD1
2026,29,julio,2026-07-17,1226,73,canastas,8.0,,8.0,8.0,,AD2
2026,29,julio,2026-07-17,926,72,canastas,4.0,,4.0,4.0,,PE1
2026,29,julio,2026-07-17,926,3,canastas,10.0,,10.0,10.0,,PE1
2026,29,julio,2026-07-17,926,72,canastas,2.0,,2.0,2.0,,PE2
2026,29,julio,2026-07-17,926,72,canastas,1.0,,1.0,1.0,,PE3
2026,29,julio,2026-07-17,926,72,canastas,10.0,,10.0,10.0,,PE1
2026,29,julio,2026-07-17,1226,72,canastas,4.0,,4.0,4.0,,AD1
2026,29,julio,2026-07-17,926,3,canastas,14.0,,14.0,14.0,,PE1
2026,29,julio,2026-07-17,926,3,canastas,6.0,,6.0,6.0,,PE1
2026,29,julio,2026-07-17,1026,72,canastas,4.0,,4.0,4.0,,PE2
2026,29,julio,2026-07-17,1026,72,canastas,118.0,,118.0,118.0,,PE2
2026,29,julio,2026-07-17,926,3,canastas,100.0,,100.0,100.0,,PE1
2026,29,julio,2026-07-17,926,3,canastas,130.0,,130.0,130.0,,PE1
2026,29,julio,2026-07-17,926,72,canastas,525.0,,525.0,525.0,,PE1
2026,29,julio,2026-07-17,926,72,canastas,491.0,,491.0,491.0,,PE1
2026,29,julio,2026-07-17,926,3,canastas,6.0,,6.0,6.0,,PEBAB
2026,29,julio,2026-07-17,926,3,canastas,467.0,,467.0,467.0,,PJUG
2026,29,julio,2026-07-17,926,3,canastas,464.0,,464.0,464.0,,PJUG
2026,29,julio,2026-07-17,926,72,canastas,553.0,,553.0,553.0,,PJUG
2026,29,julio,2026-07-17,926,72,canastas,554.0,,554.0,554.0,,PJUG
2026,29,julio,2026-07-17,1126,72,canastas,4.0,,4.0,4.0,,AD1
2026,29,julio,2026-07-17,926,3,canastas,4.0,,4.0,4.0,,PEGUA
2026,29,julio,2026-07-17,1026,72,canastas,10.0,,10.0,10.0,,PE1
2026,29,julio,2026-07-17,1226,3,90,1075.0,,1075.0,1075.0,,AD-PJUG
2026,29,julio,2026-07-17,1226,3,132,1156.0,,1156.0,1156.0,,AD-PJUG
2026,29,julio,2026-07-17,1126,72,7,1487.0,,1487.0,1487.0,,AD-PJUG
2026,29,julio,2026-07-17,1126,72,117,1272.0,,1272.0,1272.0,,AD-PJUG
2026,29,julio,2026-07-17,1226,3,74,1263.0,,1263.0,1263.0,,AD-PJUG
2026,29,julio,2026-07-17,1226,3,17,1183.0,,1183.0,1183.0,,AD-PJUG
2026,29,julio,2026-07-17,1226,72,21,1315.0,,1315.0,1315.0,,AD-PJUG
2026,29,julio,2026-07-17,1226,72,50,1656.0,,1656.0,1656.0,,AD-PJUG
2026,29,julio,2026-07-17,1126,72,23,1495.0,,1495.0,1495.0,,AD-PJUG
2026,29,julio,2026-07-17,1126,72,49,1327.0,,1327.0,1327.0,,AD-PJUG
2026,29,julio,2026-07-17,1226,3,68,1096.0,,1096.0,1096.0,,AD-PJUG
2026,29,julio,2026-07-17,926,3,canastas,12.0,,12.0,12.0,,PE1
2026,29,julio,2026-07-18,1126,72,canastas,557.0,,557.0,557.0,,AD-PJUG
2026,29,julio,2026-07-18,1126,72,canastas,197.0,,197.0,197.0,,AD-PJUG
2026,29,julio,2026-07-18,1026,72,canastas,504.0,,504.0,504.0,,PE2
2026,29,julio,2026-07-18,1226,3,canastas,437.0,,437.0,437.0,,AD-PJUG
2026,29,julio,2026-07-18,1626,72,canastas,462.0,,462.0,462.0,,AD-PJUG
2026,29,julio,2026-07-18,1226,3,canastas,476.0,,476.0,476.0,,AD-PJUG
2026,29,julio,2026-07-18,1026,72,canastas,10.0,,10.0,10.0,,PE2
2026,29,julio,2026-07-18,1026,72,canastas,5.0,,5.0,5.0,,PE1
2026,29,julio,2026-07-18,1026,72,canastas,2.0,,2.0,2.0,,PE2
2026,29,julio,2026-07-18,1026,72,canastas,12.0,,12.0,12.0,,PE1
2026,29,julio,2026-07-18,926,3,canastas,3.0,,3.0,3.0,,PE3
2026,29,julio,2026-07-18,1026,72,canastas,6.0,,6.0,6.0,,PE3
2026,29,julio,2026-07-18,1226,3,canastas,12.0,,12.0,12.0,,AD2
2026,29,julio,2026-07-18,1126,64,canastas,8.0,,8.0,8.0,,AD1
2026,29,julio,2026-07-18,1126,64,157,1339.0,,1339.0,1339.0,,AD-PJUG
2026,29,julio,2026-07-18,1126,64,30,1596.0,,1596.0,1596.0,,AD-PJUG
2026,29,julio,2026-07-18,1126,72,147,464.0,,464.0,464.0,,AD-PJUG
2026,29,julio,2026-07-18,1126,72,128,1231.0,,1231.0,1231.0,,AD-PJUG
2026,29,julio,2026-07-18,1126,72,140,265.0,,265.0,265.0,,AD-PJUG
2026,29,julio,2026-07-18,1126,64,106,1357.0,,1357.0,1357.0,,AD-PJUG
2026,29,julio,2026-07-18,1126,64,95,1433.0,,1433.0,1433.0,,AD-PJUG
2026,29,julio,2026-07-18,1126,64,102,1281.0,,1281.0,1281.0,,AD-PJUG
2026,29,julio,2026-07-18,1126,72,2,1354.0,,1354.0,1354.0,,AD-PJUG
2026,29,julio,2026-07-18,1126,72,32,1436.0,,1436.0,1436.0,,AD-PJUG
2026,29,julio,2026-07-18,1126,64,78,1292.0,,1292.0,1292.0,,AD-PJUG
2026,29,julio,2026-07-18,1126,72,42,1074.0,,1074.0,1074.0,,AD-PJUG
2026,29,julio,2026-07-18,1126,72,122,1027.0,,1027.0,1027.0,,AD-PJUG
2026,29,julio,2026-07-18,1126,72,141,1083.0,,1083.0,1083.0,,AD-PJUG
2026,29,julio,2026-07-18,1126,72,44,1033.0,,1033.0,1033.0,,AD-PJUG
2026,29,julio,2026-07-18,1126,72,canastas,538.0,,538.0,538.0,,AD-PJUG
2026,29,julio,2026-07-18,1426,73,canastas,190.0,,190.0,190.0,,AD3
2026,29,julio,2026-07-18,1226,72,canastas,37.0,,37.0,37.0,,AD3
2026,29,julio,2026-07-18,1126,72,canastas,464.0,,464.0,464.0,,AD-PJUG
2026,29,julio,2026-07-18,1126,72,canastas,513.0,,513.0,513.0,,AD-PJUG
2026,29,julio,2026-07-18,1026,72,canastas,168.0,,168.0,168.0,,AD-PJUG
2026,30,julio,2026-07-20,1026,72,canastas,543.0,,543.0,543.0,,PE1
2026,30,julio,2026-07-20,926,3,canastas,516.0,,516.0,516.0,,PE1
2026,30,julio,2026-07-20,926,3,canastas,478.0,,478.0,478.0,,PE1
2026,30,julio,2026-07-20,926,3,canastas,504.0,,504.0,504.0,,PE1
2026,30,julio,2026-07-20,1026,72,canastas,493.0,,493.0,493.0,,PE1
2026,30,julio,2026-07-20,1026,72,canastas,453.0,,453.0,453.0,,PE2
2026,30,julio,2026-07-20,1026,72,canastas,516.0,,516.0,516.0,,PE1
2026,30,julio,2026-07-20,1026,72,canastas,347.0,,347.0,347.0,,PE3
2026,30,julio,2026-07-20,1126,72,canastas,210.0,,210.0,210.0,,AD2
2026,30,julio,2026-07-20,1626,73,canastas,386.0,,386.0,386.0,,AD-PJUG
2026,30,julio,2026-07-20,1126,72,canastas,322.0,,322.0,322.0,,AD-PJUG
2026,30,julio,2026-07-20,1126,72,canastas,359.0,,359.0,359.0,,AD-PJUG
2026,30,julio,2026-07-20,1026,72,canastas,27.0,,27.0,27.0,,PE1
2026,30,julio,2026-07-20,1026,1,canastas,10.0,,10.0,10.0,,AD1
2026,30,julio,2026-07-20,1026,72,canastas,12.0,,12.0,12.0,,PE1
2026,30,julio,2026-07-20,926,3,canastas,4.0,,4.0,4.0,,PE2
2026,30,julio,2026-07-20,1026,72,canastas,12.0,,12.0,12.0,,PE1
2026,30,julio,2026-07-20,1026,72,canastas,2.0,,2.0,2.0,,PE1
2026,30,julio,2026-07-20,926,3,canastas,3.0,,3.0,3.0,,PE3
2026,30,julio,2026-07-20,1126,64,canastas,3.0,,3.0,3.0,,AD3
2026,30,julio,2026-07-20,926,3,canastas,4.0,,4.0,4.0,,PE2
2026,30,julio,2026-07-20,1026,72,canastas,4.0,,4.0,4.0,,PE2
2026,30,julio,2026-07-20,1126,72,canastas,10.0,,10.0,10.0,,AD3
2026,30,julio,2026-07-20,926,3,118,28.0,,28.0,28.0,,PE2
2026,30,julio,2026-07-20,1126,72,canastas,6.0,,6.0,6.0,,AD2
2026,30,julio,2026-07-20,1026,72,canastas,254.0,,254.0,254.0,,PE3
2026,30,julio,2026-07-20,926,3,canastas,62.0,,62.0,62.0,,PE3
2026,30,julio,2026-07-20,1126,72,canastas,426.0,,426.0,426.0,,AD3
2026,30,julio,2026-07-20,1026,72,canastas,34.0,,34.0,34.0,,PJUG
2026,30,julio,2026-07-20,1026,72,canastas,437.0,,437.0,437.0,,PJUG
2026,30,julio,2026-07-20,1026,72,canastas,505.0,,505.0,505.0,,PJUG
2026,30,julio,2026-07-20,1026,72,canastas,550.0,,550.0,550.0,,PJUG
2026,30,julio,2026-07-20,926,3,canastas,106.0,,106.0,106.0,,PJUG
2026,30,julio,2026-07-20,926,3,canastas,554.0,,554.0,554.0,,PJUG
2026,30,julio,2026-07-20,926,3,canastas,567.0,,567.0,567.0,,PJUG
2026,30,julio,2026-07-20,926,3,canastas,535.0,,535.0,535.0,,PJUG
2026,30,julio,2026-07-20,1126,64,29,641.0,,641.0,641.0,,AD-PJUG
2026,30,julio,2026-07-20,1126,64,canastas,535.0,,535.0,535.0,,AD-PJUG
2026,30,julio,2026-07-20,1126,64,58,907.0,,907.0,907.0,,AD-PJUG
2026,30,julio,2026-07-20,1126,64,52,1424.0,,1424.0,1424.0,,AD-PJUG
2026,30,julio,2026-07-20,1126,64,canastas,594.0,,594.0,594.0,,AD-PJUG
2026,30,julio,2026-07-20,1126,64,canastas,469.0,,469.0,469.0,,AD-PJUG
2026,30,julio,2026-07-20,1126,64,canastas,212.0,,212.0,212.0,,AD-PJUG
2026,30,julio,2026-07-20,1126,64,canastas,433.0,,433.0,433.0,,AD-PJUG
2026,30,julio,2026-07-20,1126,64,canastas,439.0,,439.0,439.0,,AD-PJUG
2026,30,julio,2026-07-20,4826,17,113,1130.0,,1130.0,1130.0,,AD-PJUG
2026,30,julio,2026-07-20,1126,64,110,1322.0,,1322.0,1322.0,,AD-PJUG
2026,30,julio,2026-07-20,1726,48,82,1334.0,,1334.0,1334.0,,AD-PJUG
2026,30,julio,2026-07-20,1726,48,83,1280.0,,1280.0,1280.0,,AD-PJUG
2026,30,julio,2026-07-20,1026,1,44,1332.0,,1332.0,1332.0,,AD-PJUG
2026,30,julio,2026-07-20,1726,48,canastas,471.0,,471.0,471.0,,AD-PJUG
2026,30,julio,2026-07-20,1026,1,107,1273.0,,1273.0,1273.0,,AD-PJUG
2026,30,julio,2026-07-20,1026,1,canastas,448.0,,448.0,448.0,,AD-PJUG
2026,30,julio,2026-07-20,1026,1,140,1281.0,,1281.0,1281.0,,AD-PJUG
2026,30,julio,2026-07-20,1026,1,102,1340.0,,1340.0,1340.0,,AD-PJUG
2026,30,julio,2026-07-20,1026,1,67,1470.0,,1470.0,1470.0,,AD-PJUG
2026,30,julio,2026-07-20,1026,1,canastas,470.0,,470.0,470.0,,AD-PJUG
2026,30,julio,2026-07-20,1026,1,canastas,452.0,,452.0,452.0,,AD-PJUG
2026,30,julio,2026-07-20,1026,1,canastas,476.0,,476.0,476.0,,AD-PJUG
2026,30,julio,2026-07-20,1526,73,canastas,468.0,,468.0,468.0,,AD-PJUG
2026,30,julio,2026-07-20,1526,73,134,1177.0,,1177.0,1177.0,,AD-PJUG
2026,30,julio,2026-07-20,1526,73,156,1190.0,,1190.0,1190.0,,AD-PJUG
2026,30,julio,2026-07-20,1026,1,95,1308.0,,1308.0,1308.0,,AD-PJUG
2026,30,julio,2026-07-20,1526,73,canastas,447.0,,447.0,447.0,,AD-PJUG
2026,30,julio,2026-07-20,1126,64,canastas,465.0,,465.0,465.0,,AD-PJUG
2026,30,julio,2026-07-20,1026,72,canastas,46.0,,46.0,46.0,,PE3
2026,30,julio,2026-07-21,1226,73,canastas,6.0,,6.0,6.0,,AD1
2026,30,julio,2026-07-21,926,3,canastas,20.0,,20.0,20.0,,PE2
2026,30,julio,2026-07-21,926,3,canastas,5.0,,5.0,5.0,,PE3
2026,30,julio,2026-07-21,926,3,canastas,8.0,,8.0,8.0,,PE1
2026,30,julio,2026-07-21,926,3,canastas,5.0,,5.0,5.0,,PE3
2026,30,julio,2026-07-21,1226,73,canastas,5.0,,5.0,5.0,,AD2
2026,30,julio,2026-07-21,1126,72,canastas,143.0,,143.0,143.0,,AD2
2026,30,julio,2026-07-21,926,3,canastas,46.0,,46.0,46.0,,PIND
2026,30,julio,2026-07-21,926,3,canastas,12.0,,12.0,12.0,,PE1
2026,30,julio,2026-07-21,926,3,canastas,10.0,,10.0,10.0,,PEGUA
2026,30,julio,2026-07-21,1626,73,14,405.0,,405.0,405.0,,AD-PJUG
2026,30,julio,2026-07-21,1026,72,canastas,15.0,,15.0,15.0,,PJUG
2026,30,julio,2026-07-22,1026,72,canastas,3.0,,3.0,3.0,,PE2
2026,30,julio,2026-07-22,1626,49,canastas,2.0,,2.0,2.0,,AD1
2026,30,julio,2026-07-22,1026,72,canastas,3.0,,3.0,3.0,,PE3
2026,30,julio,2026-07-22,1026,72,canastas,3.0,,3.0,3.0,,PE3
2026,30,julio,2026-07-22,926,3,canastas,46.0,,46.0,46.0,,PE3
2026,30,julio,2026-07-22,1426,73,75,12.0,,12.0,12.0,,AD1
2026,30,julio,2026-07-22,1626,73,145,6.0,,6.0,6.0,,AD1
2026,30,julio,2026-07-22,1426,73,103,5.0,,5.0,5.0,,AD2
2026,30,julio,2026-07-22,926,3,canastas,78.0,,78.0,78.0,,PE2
2026,30,julio,2026-07-22,1026,72,canastas,5.0,,5.0,5.0,,PE3
2026,30,julio,2026-07-22,926,3,canastas,2.0,,2.0,2.0,,PEGUA
2026,30,julio,2026-07-22,1526,73,canastas,10.0,,10.0,10.0,,AD1
2026,30,julio,2026-07-22,926,3,canastas,7.0,,7.0,7.0,,PEGUA
2026,30,julio,2026-07-22,1026,72,canastas,61.0,,61.0,61.0,,PIND
2026,30,julio,2026-07-22,926,3,canastas,85.0,,85.0,85.0,,PE1
2026,30,julio,2026-07-22,1026,72,canastas,10.0,,10.0,10.0,,PE2
2026,30,julio,2026-07-22,1226,73,canastas,14.0,,14.0,14.0,,AD2
2026,30,julio,2026-07-22,1026,72,canastas,80.0,,80.0,80.0,,PE1
2026,30,julio,2026-07-22,1026,1,canastas,445.0,,445.0,445.0,,PE1
2026,30,julio,2026-07-22,1026,72,canastas,180.0,,180.0,180.0,,PE1
2026,30,julio,2026-07-22,1026,72,canastas,380.0,,380.0,380.0,,PE1
2026,30,julio,2026-07-22,1026,72,canastas,505.0,,505.0,505.0,,PE1
2026,30,julio,2026-07-22,1026,72,canastas,465.0,,465.0,465.0,,PE1
2026,30,julio,2026-07-22,1026,72,canastas,410.0,,410.0,410.0,,PE2
2026,30,julio,2026-07-22,1026,72,canastas,520.0,,520.0,520.0,,PE2
2026,30,julio,2026-07-22,1026,1,canastas,490.0,,490.0,490.0,,PE2
2026,30,julio,2026-07-22,1026,1,8,1020.0,,1020.0,1020.0,,PE1
2026,30,julio,2026-07-23,926,3,canastas,1.0,,1.0,1.0,,PEGUA
2026,30,julio,2026-07-23,1426,73,canastas,4.0,,4.0,4.0,,AD1
2026,30,julio,2026-07-23,1026,72,canastas,495.0,,495.0,495.0,,PEGUA
2026,30,julio,2026-07-23,926,3,canastas,96.0,,96.0,96.0,,PEGUA
2026,30,julio,2026-07-23,926,3,canastas,451.0,,451.0,451.0,,PEGUA
2026,30,julio,2026-07-23,926,3,canastas,418.0,,418.0,418.0,,PEBAB
2026,30,julio,2026-07-23,926,3,canastas,374.0,,374.0,374.0,,PEBAB
2026,30,julio,2026-07-23,926,3,canastas,558.0,,558.0,558.0,,PE1
2026,30,julio,2026-07-23,926,3,canastas,501.0,,501.0,501.0,,PE2
2026,30,julio,2026-07-23,926,3,canastas,561.0,,561.0,561.0,,PE1
2026,30,julio,2026-07-23,926,3,canastas,560.0,,560.0,560.0,,PE1
2026,30,julio,2026-07-23,1026,72,canastas,654.0,,654.0,654.0,,PE1
2026,30,julio,2026-07-23,1026,72,canastas,534.0,,534.0,534.0,,PE1
2026,30,julio,2026-07-23,926,3,canastas,508.0,,508.0,508.0,,PE1
2026,30,julio,2026-07-23,1026,72,canastas,506.0,,506.0,506.0,,PE2
2026,30,julio,2026-07-23,926,3,canastas,546.0,,546.0,546.0,,PE1
2026,30,julio,2026-07-23,926,3,canastas,533.0,,533.0,533.0,,PE1
2026,30,julio,2026-07-23,926,3,canastas,518.0,,518.0,518.0,,PE1
2026,30,julio,2026-07-23,926,3,canastas,518.0,,518.0,518.0,,PE1
2026,30,julio,2026-07-23,926,3,canastas,509.0,,509.0,509.0,,PE2
2026,30,julio,2026-07-23,1026,72,canastas,542.0,,542.0,542.0,,PE1
2026,30,julio,2026-07-23,926,3,canastas,490.0,,490.0,490.0,,PEGUA
2026,30,julio,2026-07-23,926,3,canastas,449.0,,449.0,449.0,,PEGUA
2026,30,julio,2026-07-23,926,3,canastas,446.0,,446.0,446.0,,PEGUA
2026,30,julio,2026-07-23,926,3,canastas,393.0,,393.0,393.0,,PEGUA
2026,30,julio,2026-07-23,926,3,canastas,418.0,,418.0,418.0,,PEBAB
2026,30,julio,2026-07-23,926,3,canastas,395.0,,395.0,395.0,,PEBAB
2026,30,julio,2026-07-23,926,3,canastas,471.0,,471.0,471.0,,PEGUA
2026,30,julio,2026-07-23,926,3,canastas,409.0,,409.0,409.0,,PEBAB
2026,30,julio,2026-07-23,926,3,canastas,408.0,,408.0,408.0,,PEBAB
2026,30,julio,2026-07-23,1126,64,canastas,162.0,,162.0,162.0,,ADGUA
2026,30,julio,2026-07-23,1626,73,canastas,296.0,,296.0,296.0,,ADBABY
2026,30,julio,2026-07-23,926,3,canastas,181.0,,181.0,181.0,,PEBAB
2026,30,julio,2026-07-23,1026,72,136,981.0,,981.0,981.0,,PE1
2026,30,julio,2026-07-23,1426,73,7,1193.0,,1193.0,1193.0,,AD-PJUG
2026,30,julio,2026-07-23,1026,1,canastas,8.0,,8.0,8.0,,PE1
2026,30,julio,2026-07-23,1526,73,canastas,3.0,,3.0,3.0,,AD2
2026,30,julio,2026-07-23,1426,73,canastas,1.0,,1.0,1.0,,AD2
2026,30,julio,2026-07-23,1026,72,canastas,5.0,,5.0,5.0,,PE3
2026,30,julio,2026-07-23,1026,1,canastas,3.0,,3.0,3.0,,PE3
2026,30,julio,2026-07-23,1426,73,canastas,125.0,,125.0,125.0,,AD-PJUG
2026,30,julio,2026-07-23,1526,73,canastas,1.0,,1.0,1.0,,AD2
2026,30,julio,2026-07-23,1126,65,canastas,4.0,,4.0,4.0,,AD1
2026,30,julio,2026-07-23,1226,72,canastas,4.0,,4.0,4.0,,AD1
2026,30,julio,2026-07-23,1626,49,115,1073.0,,1073.0,1073.0,,AD-PJUG
2026,30,julio,2026-07-23,1626,49,147,1374.0,,1374.0,1374.0,,AD-PJUG
2026,30,julio,2026-07-23,1626,49,53,1309.0,,1309.0,1309.0,,AD-PJUG
2026,30,julio,2026-07-23,1026,1,canastas,214.0,,214.0,214.0,,PE1
2026,30,julio,2026-07-23,1426,49,80,1471.0,,1471.0,1471.0,,AD-PJUG
2026,30,julio,2026-07-23,1626,73,15,1396.0,,1396.0,1396.0,,AD-PJUG
2026,30,julio,2026-07-23,1626,73,73,1339.0,,1339.0,1339.0,,AD-PJUG
2026,30,julio,2026-07-23,1526,73,97,1292.0,,1292.0,1292.0,,AD-PJUG
2026,30,julio,2026-07-23,926,3,canastas,399.0,,399.0,399.0,,PEBAB
2026,30,julio,2026-07-23,926,3,canastas,406.0,,406.0,406.0,,PEBAB
2026,30,julio,2026-07-23,1126,72,canastas,82.0,,82.0,82.0,,ADBABY
2026,30,julio,2026-07-23,1026,1,canastas,467.0,,467.0,467.0,,ADGUA
2026,30,julio,2026-07-23,1026,72,canastas,60.0,,60.0,60.0,,PEGUA
2026,30,julio,2026-07-23,926,3,canastas,120.0,,120.0,120.0,,PEGUA
2026,30,julio,2026-07-23,1126,64,canastas,500.0,,500.0,500.0,,ADBABY
2026,30,julio,2026-07-23,926,3,canastas,21.0,,21.0,21.0,,PE1
2026,30,julio,2026-07-23,1626,50,canastas,525.0,,525.0,525.0,,AD-PJUG
2026,30,julio,2026-07-23,1026,1,canastas,1.0,,1.0,1.0,,PE3
2026,30,julio,2026-07-22,1426,73,canastas,410.0,,410.0,410.0,,AD-PJUG
2026,30,julio,2026-07-23,1126,65,16,930.0,,930.0,930.0,,AD-PJUG
2026,30,julio,2026-07-23,1226,72,85,158.0,,158.0,158.0,,AD-PJUG
2026,30,julio,2026-07-23,1826,45,46,1340.0,,1340.0,1340.0,,AD-PJUG
2026,30,julio,2026-07-23,1526,73,21,1330.0,,1330.0,1330.0,,AD-PJUG
2026,30,julio,2026-07-23,1526,73,24,1477.0,,1477.0,1477.0,,AD-PJUG
2026,30,julio,2026-07-23,1426,73,93,363.0,,363.0,363.0,,AD-PJUG
2026,30,julio,2026-07-23,1426,73,36,1234.0,,1234.0,1234.0,,AD-PJUG
2026,30,julio,2026-07-23,1426,73,20,1335.0,,1335.0,1335.0,,AD-PJUG
2026,30,julio,2026-07-24,1026,1,canastas,18.0,,18.0,18.0,,AL-PEGUA
2026,30,julio,2026-07-24,1026,72,56,75.0,,75.0,75.0,,PEGUA
2026,30,julio,2026-07-24,1026,72,44,7.0,,7.0,7.0,,PEGUA
2026,30,julio,2026-07-24,1426,73,canastas,10.0,,10.0,10.0,,AD1
2026,30,julio,2026-07-24,1126,65,canastas,6.0,,6.0,6.0,,AD1
2026,30,julio,2026-07-24,1026,64,canastas,3.0,,3.0,3.0,,PE2
2026,30,julio,2026-07-24,1026,64,canastas,3.0,,3.0,3.0,,PE2
2026,30,julio,2026-07-24,1526,73,canastas,4.0,,4.0,4.0,,AD2
2026,30,julio,2026-07-24,1026,64,canastas,4.0,,4.0,4.0,,PE3
2026,30,julio,2026-07-24,1026,64,canastas,1.0,,1.0,1.0,,PE3
2026,30,julio,2026-07-24,1026,64,canastas,209.0,,209.0,209.0,,PE3
2026,30,julio,2026-07-24,1026,72,63,19.0,,19.0,19.0,,PEGUA
2026,30,julio,2026-07-24,1026,1,canastas,160.0,,160.0,160.0,,PIND
2026,30,julio,2026-07-24,1526,73,145,666.0,,666.0,666.0,,AD-PJUG
2026,30,julio,2026-07-24,1526,73,65,305.0,,305.0,305.0,,AD-PJUG
2026,30,julio,2026-07-24,1526,73,2,874.0,,874.0,874.0,,AD-PJUG
2026,30,julio,2026-07-24,1526,73,74,726.0,,726.0,726.0,,AD-PJUG
2026,30,julio,2026-07-24,2126,46,canastas,20.0,,20.0,20.0,,AD-PJUG
2026,30,julio,2026-07-24,926,3,canastas,45.0,,45.0,45.0,,PEBAB
2026,30,julio,2026-07-24,926,3,canastas,402.0,,402.0,402.0,,PEBAB
2026,30,julio,2026-07-25,1126,72,canastas,387.0,,387.0,387.0,,PE3
2026,30,julio,2026-07-25,1126,72,canastas,6.0,,6.0,6.0,,PE1
2026,30,julio,2026-07-25,1126,72,canastas,392.0,,392.0,392.0,,PE1
2026,30,julio,2026-07-25,1026,1,canastas,453.0,,453.0,453.0,,PEGUA
2026,30,julio,2026-07-25,1126,72,canastas,12.0,,12.0,12.0,,PE1
2026,30,julio,2026-07-25,1126,72,canastas,6.0,,6.0,6.0,,PE2
2026,30,julio,2026-07-25,1026,64,30,40.0,,40.0,40.0,,PEGUA
2026,30,julio,2026-07-25,1026,1,canastas,55.0,,55.0,55.0,,PEBAB
2026,30,julio,2026-07-25,1126,72,canastas,419.0,,419.0,419.0,,PE2
2026,30,julio,2026-07-25,1126,72,canastas,391.0,,391.0,391.0,,PE2
2026,30,julio,2026-07-25,1026,64,canastas,46.0,,46.0,46.0,,PEBAB
2026,30,julio,2026-07-25,1226,72,canastas,15.0,,15.0,15.0,,PE3
2026,30,julio,2026-07-25,1226,72,13,1563.0,,1563.0,1563.0,,AD-PJUG
2026,30,julio,2026-07-25,1126,72,62,1409.0,,1409.0,1409.0,,AD-PJUG
2026,30,julio,2026-07-25,1126,72,4,1391.0,,1391.0,1391.0,,AD-PJUG
2026,30,julio,2026-07-25,1126,72,35,1195.0,,1195.0,1195.0,,AD-PJUG
2026,30,julio,2026-07-25,1126,72,113,1098.0,,1098.0,1098.0,,AD-PJUG
2026,30,julio,2026-07-25,1126,72,7,777.0,,777.0,777.0,,AD-PJUG
2026,30,julio,2026-07-25,1426,73,114,795.0,,795.0,795.0,,AD-PJUG
2026,30,julio,2026-07-25,1126,72,50,1396.0,,1396.0,1396.0,,AD-PJUG
2026,30,julio,2026-07-25,1126,72,102,625.0,,625.0,625.0,,AD-PJUG
2026,30,julio,2026-07-25,1126,72,canastas,494.0,,494.0,494.0,,AD-PJUG
2026,30,julio,2026-07-25,2226,46,canastas,464.0,,464.0,464.0,,AD-PJUG
2026,30,julio,2026-07-25,1026,64,canastas,478.0,,478.0,478.0,,PEGUA
2026,30,julio,2026-07-25,1526,73,canastas,41.0,,41.0,41.0,,AD3
2026,30,julio,2026-07-26,1026,1,canastas,422.0,,422.0,422.0,,PEBAB
2026,30,julio,2026-07-26,1026,1,canastas,67.0,,67.0,67.0,,PE2
2026,30,julio,2026-07-26,1026,1,canastas,222.0,,222.0,222.0,,PE1
2026,30,julio,2026-07-26,1026,1,canastas,69.0,,69.0,69.0,,PE3
2026,30,julio,2026-07-26,1026,1,canastas,338.0,,338.0,338.0,,PE1
2026,31,julio,2026-07-27,1126,72,canastas,13.0,,13.0,13.0,,PE1
2026,31,julio,2026-07-27,1026,1,canastas,2.0,,2.0,2.0,,PEGUA
2026,31,julio,2026-07-27,1026,1,canastas,7.0,,7.0,7.0,,PE2
2026,31,julio,2026-07-27,1026,1,canastas,3.0,,3.0,3.0,,PE2
2026,31,julio,2026-07-27,1126,72,canastas,3.0,,3.0,3.0,,PE3
2026,31,julio,2026-07-27,1126,72,canastas,220.0,,220.0,220.0,,PE3
2026,31,julio,2026-07-27,1126,72,canastas,294.0,,294.0,294.0,,PE2
2026,31,julio,2026-07-27,1126,72,canastas,477.0,,477.0,477.0,,PE1
2026,31,julio,2026-07-27,1126,72,canastas,320.0,,320.0,320.0,,PE1
2026,31,julio,2026-07-27,1126,72,canastas,1.0,,1.0,1.0,,PE2
2026,31,julio,2026-07-27,1126,72,canastas,4.0,,4.0,4.0,,PE3
2026,31,julio,2026-07-27,1026,64,canastas,14.0,,14.0,14.0,,PEBAB
2026,31,julio,2026-07-27,1126,72,canastas,386.0,,386.0,386.0,,PEBAB
2026,31,julio,2026-07-27,1126,72,canastas,377.0,,377.0,377.0,,PEBAB
2026,31,julio,2026-07-27,1126,72,canastas,5.0,,5.0,5.0,,PEGUA
2026,31,julio,2026-07-27,1026,1,canastas,412.0,,412.0,412.0,,PEBAB
2026,31,julio,2026-07-27,926,3,canastas,419.0,,419.0,419.0,,PEBAB
2026,31,julio,2026-07-27,926,3,canastas,424.0,,424.0,424.0,,PEBAB
2026,31,julio,2026-07-27,1026,72,45,935.0,,935.0,935.0,,PEBAB
2026,31,julio,2026-07-27,1026,72,99,1171.0,,1171.0,1171.0,,PEBAB
2026,31,julio,2026-07-27,1026,72,110,1121.0,,1121.0,1121.0,,PEBAB
2026,31,julio,2026-07-27,1126,72,canastas,12.0,,12.0,12.0,,PE1
2026,31,julio,2026-07-27,1526,73,canastas,82.0,,82.0,82.0,,AD-PJUG
2026,31,julio,2026-07-27,1226,72,30,871.0,,871.0,871.0,,AD-PJUG
2026,31,julio,2026-07-27,1226,72,95,910.0,,910.0,910.0,,AD-PJUG
2026,31,julio,2026-07-27,1526,73,112,128.0,,128.0,128.0,,AD-PJUG
2026,31,julio,2026-07-27,1626,73,138,407.0,,407.0,407.0,,AD-PJUG
2026,31,julio,2026-07-27,1526,73,8,1187.0,,1187.0,1187.0,,AD-PJUG
2026,31,julio,2026-07-28,1126,72,canastas,19.0,,19.0,19.0,,PE2
2026,31,julio,2026-07-28,1126,72,canastas,17.0,,17.0,17.0,,PE1
2026,31,julio,2026-07-28,1126,1,canastas,8.0,,8.0,8.0,,PE2
2026,31,julio,2026-07-28,1126,72,canastas,8.0,,8.0,8.0,,PE2
2026,31,julio,2026-07-28,1026,1,canastas,1.0,,1.0,1.0,,PE2
2026,31,julio,2026-07-28,1026,1,canastas,8.0,,8.0,8.0,,PEGUA
2026,31,julio,2026-07-28,1126,72,canastas,15.0,,15.0,15.0,,PEGUA
2026,31,julio,2026-07-28,1126,72,canastas,465.0,,465.0,465.0,,PJUG
2026,31,julio,2026-07-28,1126,72,canastas,7.0,,7.0,7.0,,PE3
2026,31,julio,2026-07-28,1426,73,canastas,234.0,,234.0,234.0,,ADBABY
2026,31,julio,2026-07-28,1026,1,canastas,410.0,,410.0,410.0,,PEGUA
2026,31,julio,2026-07-28,1026,72,canastas,384.0,,384.0,384.0,,PEBAB
2026,31,julio,2026-07-28,1126,72,canastas,211.0,,211.0,211.0,,PE2
2026,31,julio,2026-07-28,1026,64,canastas,433.0,,433.0,433.0,,PEBAB
2026,31,julio,2026-07-28,926,3,canastas,424.0,,424.0,424.0,,PEBAB
2026,31,julio,2026-07-28,926,3,canastas,430.0,,430.0,430.0,,PEBAB
2026,31,julio,2026-07-28,926,3,canastas,421.0,,421.0,421.0,,PEBAB
2026,31,julio,2026-07-28,926,3,canastas,411.0,,411.0,411.0,,PEBAB
2026,31,julio,2026-07-28,1126,72,canastas,440.0,,440.0,440.0,,PEGUA
2026,31,julio,2026-07-28,1126,72,canastas,27.0,,27.0,27.0,,PE1
2026,31,julio,2026-07-28,1126,72,canastas,204.0,,204.0,204.0,,PIND
2026,31,julio,2026-07-28,1026,1,canastas,189.0,,189.0,189.0,,PEGUA
2026,31,julio,2026-07-28,1226,72,canastas,2.0,,2.0,2.0,,ADGUA
2026,31,julio,2026-07-28,1126,72,canastas,428.0,,428.0,428.0,,PEGUA
2026,31,julio,2026-07-28,1126,72,canastas,80.0,,80.0,80.0,,PEGUA
2026,31,julio,2026-07-28,1126,1,canastas,6.0,,6.0,6.0,,PE3
2026,31,julio,2026-07-28,1126,72,canastas,1.0,,1.0,1.0,,PEBAB
2026,31,julio,2026-07-28,1226,72,canastas,30.0,,30.0,30.0,,ADGUA
2026,31,julio,2026-07-28,1126,1,canastas,5.0,,5.0,5.0,,PEGUA
2026,31,julio,2026-07-28,1126,72,canastas,21.0,,21.0,21.0,,PEGUA
2026,31,julio,2026-07-28,1126,72,canastas,331.0,,331.0,331.0,,PEBAB
2026,31,julio,2026-07-28,1126,1,canastas,4.0,,4.0,4.0,,PEBAB
2026,31,julio,2026-07-28,1026,72,canastas,434.0,,434.0,434.0,,PEBAB
2026,31,julio,2026-07-28,926,3,canastas,439.0,,439.0,439.0,,PEBAB
2026,31,julio,2026-07-28,1026,1,canastas,414.0,,414.0,414.0,,PEBAB
2026,31,julio,2026-07-28,1026,72,canastas,560.0,,560.0,560.0,,PEBAB
2026,31,julio,2026-07-28,1026,1,canastas,412.0,,412.0,412.0,,PEBAB
2026,31,julio,2026-07-28,1026,1,canastas,409.0,,409.0,409.0,,PEBAB
2026,31,julio,2026-07-28,1026,1,canastas,420.0,,420.0,420.0,,PEBAB
2026,31,julio,2026-07-28,1026,1,canastas,440.0,,440.0,440.0,,PEBAB
2026,31,julio,2026-07-28,1026,1,canastas,55.0,,55.0,55.0,,PEBAB
2026,31,julio,2026-07-28,1026,1,canastas,422.0,,422.0,422.0,,PEBAB
2026,31,julio,2026-07-28,1026,1,canastas,437.0,,437.0,437.0,,PEBAB
2026,31,julio,2026-07-28,1026,1,canastas,101.0,,101.0,101.0,,PEBAB
2026,31,julio,2026-07-28,1026,1,canastas,430.0,,430.0,430.0,,PEBAB
2026,31,julio,2026-07-28,1026,1,canastas,392.0,,392.0,392.0,,PEBAB
2026,31,julio,2026-07-28,1026,64,canastas,421.0,,421.0,421.0,,PEBAB
2026,31,julio,2026-07-28,1026,64,canastas,416.0,,416.0,416.0,,PEBAB
2026,31,julio,2026-07-28,1026,64,canastas,408.0,,408.0,408.0,,PEBAB
2026,31,julio,2026-07-28,1026,64,canastas,415.0,,415.0,415.0,,PEBAB
2026,31,julio,2026-07-28,1026,64,27,457.0,,457.0,457.0,,PEGUA
2026,31,julio,2026-07-29,1126,72,canastas,5.0,,5.0,5.0,,PE2
2026,31,julio,2026-07-29,1126,72,canastas,3.0,,3.0,3.0,,PE3
2026,31,julio,2026-07-29,1126,72,canastas,7.0,,7.0,7.0,,PE2
2026,31,julio,2026-07-29,1126,72,canastas,10.0,,10.0,10.0,,PE1
2026,31,julio,2026-07-29,1126,72,canastas,4.0,,4.0,4.0,,PE1
2026,31,julio,2026-07-29,1126,72,canastas,4.0,,4.0,4.0,,PE2
2026,31,julio,2026-07-29,1126,1,canastas,493.0,,493.0,493.0,,PE3
2026,31,julio,2026-07-29,1126,72,canastas,3.0,,3.0,3.0,,PEGUA
2026,31,julio,2026-07-29,1126,76,canastas,3.0,,3.0,3.0,,PE2
2026,31,julio,2026-07-29,1126,1,canastas,2.0,,2.0,2.0,,PE3
2026,31,julio,2026-07-29,1126,72,canastas,72.0,,72.0,72.0,,PE3
2026,31,julio,2026-07-29,1126,72,canastas,156.0,,156.0,156.0,,PE2
2026,31,julio,2026-07-29,1126,1,canastas,31.0,,31.0,31.0,,PIND
2026,31,julio,2026-07-29,1126,72,canastas,6.0,,6.0,6.0,,PE3
2026,31,julio,2026-07-29,1126,1,canastas,6.0,,6.0,6.0,,PEGUA
2026,31,julio,2026-07-29,1126,72,canastas,104.0,,104.0,104.0,,PEBAB
2026,31,julio,2026-07-29,2326,72,canastas,4.0,,4.0,4.0,,AD1
2026,31,julio,2026-07-29,1126,76,canastas,12.0,,12.0,12.0,,PE1
2026,31,julio,2026-07-30,1126,72,canastas,550.0,,550.0,550.0,,PE1
2026,31,julio,2026-07-29,1126,72,canastas,392.0,,392.0,392.0,,PEBAB
2026,31,julio,2026-07-29,1026,1,canastas,386.0,,386.0,386.0,,PEBAB
2026,31,julio,2026-07-29,1026,1,canastas,440.0,,440.0,440.0,,PEBAB
2026,31,julio,2026-07-29,1026,1,canastas,387.0,,387.0,387.0,,PEBAB
2026,31,julio,2026-07-29,1026,1,canastas,419.0,,419.0,419.0,,PEBAB
2026,31,julio,2026-07-29,1226,72,canastas,392.0,,392.0,392.0,,ADBABY
2026,31,julio,2026-07-29,1126,72,canastas,428.0,,428.0,428.0,,ADBABY
2026,31,julio,2026-07-29,1126,72,canastas,391.0,,391.0,391.0,,PEBAB
2026,31,julio,2026-07-29,1026,1,canastas,377.0,,377.0,377.0,,PEBAB
2026,31,julio,2026-07-30,1126,65,canastas,334.0,,334.0,334.0,,PE3
2026,31,julio,2026-07-30,1126,72,canastas,6.0,,6.0,6.0,,PE3
2026,31,julio,2026-07-30,1126,65,canastas,28.0,,28.0,28.0,,PE3
2026,31,julio,2026-07-30,1126,65,canastas,1.0,,1.0,1.0,,PE2
2026,31,julio,2026-07-30,1126,65,canastas,3.0,,3.0,3.0,,PEGUA
2026,31,julio,2026-07-30,1126,1,canastas,530.0,,530.0,530.0,,PE1
2026,31,julio,2026-07-30,1126,65,canastas,8.0,,8.0,8.0,,PEGUA
2026,31,julio,2026-07-30,1126,1,canastas,11.0,,11.0,11.0,,PE3
2026,31,julio,2026-07-30,1126,1,canastas,117.0,,117.0,117.0,,PIND
2026,31,julio,2026-07-30,1126,65,canastas,16.0,,16.0,16.0,,PIND
2026,31,julio,2026-07-30,1726,48,64,678.0,,678.0,678.0,,AD-PJUG
2026,31,julio,2026-07-30,1526,73,93,925.0,,925.0,925.0,,AD-PJUG
2026,31,julio,2026-07-30,2226,33,23,739.0,,739.0,739.0,,AD-PJUG
2026,31,julio,2026-07-30,2226,33,94,1088.0,,1088.0,1088.0,,AD-PJUG
2026,31,julio,2026-07-30,1426,73,63,1243.0,,1243.0,1243.0,,AD-PJUG
2026,31,julio,2026-07-30,1426,73,70,887.0,,887.0,887.0,,AD-PJUG
2026,31,julio,2026-07-30,1526,73,120,346.0,,346.0,346.0,,AD-PJUG
2026,31,julio,2026-07-30,1526,67,142,827.0,,827.0,827.0,,AD-PJUG
2026,31,julio,2026-07-30,2826,32,17,662.0,,662.0,662.0,,AD-PJUG
2026,31,julio,2026-07-30,1226,3,107,817.0,,817.0,817.0,,AD-PJUG
2026,31,julio,2026-07-30,1226,3,64,1230.0,,1230.0,1230.0,,AD-PJUG
2026,31,julio,2026-07-30,1226,3,82,1025.0,,1025.0,1025.0,,AD-PJUG
2026,31,julio,2026-07-30,1126,1,canastas,462.0,,462.0,462.0,,PJUG
2026,31,julio,2026-07-30,1126,65,canastas,318.0,,318.0,318.0,,PE1
2026,31,julio,2026-07-30,1126,65,canastas,499.0,,499.0,499.0,,PE1
2026,31,julio,2026-07-30,2326,52,canastas,60.0,,60.0,60.0,,AD-PJUG
2026,31,julio,2026-07-30,1126,65,canastas,60.0,,60.0,60.0,,PJUG
2026,31,julio,2026-07-30,1126,1,canastas,40.0,,40.0,40.0,,PEBAB
2026,31,julio,2026-07-30,1126,72,canastas,441.0,,441.0,441.0,,PEBAB
2026,31,julio,2026-07-30,1026,1,canastas,432.0,,432.0,432.0,,PEBAB
2026,31,julio,2026-07-30,1126,72,canastas,398.0,,398.0,398.0,,PEBAB
2026,31,julio,2026-07-30,1026,1,canastas,376.0,,376.0,376.0,,PEBAB
2026,31,julio,2026-07-30,1026,1,canastas,386.0,,386.0,386.0,,PEBAB
2026,31,julio,2026-07-30,1026,1,canastas,32.0,,32.0,32.0,,PEBAB
2026,31,julio,2026-07-30,1026,1,canastas,389.0,,389.0,389.0,,PEBAB
2026,31,julio,2026-07-30,1726,48,canastas,35.0,,35.0,35.0,,ADBABY
2026,31,julio,2026-07-31,1126,65,canastas,2.0,,2.0,2.0,,PEGUA
2026,31,julio,2026-07-31,1126,1,canastas,107.0,,107.0,107.0,,PEGUA
2026,31,julio,2026-07-31,1226,72,canastas,18.0,,18.0,18.0,,PE1
2026,31,julio,2026-07-31,1226,72,canastas,11.0,,11.0,11.0,,PE2
2026,31,julio,2026-07-31,1226,73,canastas,4.0,,4.0,4.0,,PE3
2026,31,julio,2026-07-31,1226,73,canastas,1.0,,1.0,1.0,,PE1
2026,31,julio,2026-07-31,1226,76,canastas,30.0,,30.0,30.0,,PE1
2026,31,julio,2026-07-31,1226,76,canastas,2.0,,2.0,2.0,,PE2
2026,31,julio,2026-07-31,1226,76,canastas,5.0,,5.0,5.0,,PE3
2026,31,julio,2026-07-31,1226,76,canastas,1.0,,1.0,1.0,,PE1
2026,31,julio,2026-07-31,1226,3,canastas,12.0,,12.0,12.0,,PE1
2026,31,agosto,2026-08-01,1226,3,canastas,12.0,,12.0,12.0,,ADGUA
2026,31,agosto,2026-08-01,1226,3,canastas,2.0,,2.0,2.0,,AD2
2026,31,agosto,2026-08-01,1226,72,canastas,9.0,,9.0,9.0,,PE1
2026,31,agosto,2026-08-01,1226,72,canastas,34.0,,34.0,34.0,,AL-PE2
2026,31,agosto,2026-08-01,1226,72,canastas,130.0,,130.0,130.0,,PE1
2026,31,agosto,2026-08-01,1126,65,canastas,10.0,,10.0,10.0,,PEBAB
2026,31,agosto,2026-08-01,1126,1,canastas,321.0,,321.0,321.0,,PEBAB
2026,31,agosto,2026-08-01,1126,1,canastas,8.0,,8.0,8.0,,PEBAB
2026,31,agosto,2026-08-01,1126,65,canastas,412.0,,412.0,412.0,,PEBAB
2026,31,agosto,2026-08-01,1226,3,canastas,12.0,,12.0,12.0,,ADBABY
2026,31,agosto,2026-08-01,1226,3,106,545.0,,545.0,545.0,,AD-PJUG
2026,31,agosto,2026-08-01,1126,1,canastas,89.0,,89.0,89.0,,PEGUA
2026,32,agosto,2026-08-03,1226,73,canastas,3.0,,3.0,3.0,,PE3
2026,32,agosto,2026-08-03,1626,73,canastas,6.0,,6.0,6.0,,AD1
2026,32,agosto,2026-08-03,1226,73,canastas,7.0,,7.0,7.0,,PE1
2026,32,agosto,2026-08-03,1226,72,canastas,7.0,,7.0,7.0,,PE2
2026,32,agosto,2026-08-03,1226,3,canastas,7.0,,7.0,7.0,,PE2
2026,32,agosto,2026-08-03,1226,72,canastas,15.0,,15.0,15.0,,PE1
2026,32,agosto,2026-08-03,1226,73,canastas,4.0,,4.0,4.0,,PE1
2026,32,agosto,2026-08-03,1226,3,canastas,8.0,,8.0,8.0,,PE2
2026,32,agosto,2026-08-03,1226,72,canastas,3.0,,3.0,3.0,,PE3
2026,32,agosto,2026-08-03,1226,3,canastas,5.0,,5.0,5.0,,PEBAB
2026,32,agosto,2026-08-03,1226,73,canastas,12.0,,12.0,12.0,,PE1
2026,32,agosto,2026-08-03,1226,73,canastas,17.0,,17.0,17.0,,PE1
2026,32,agosto,2026-08-03,1226,72,canastas,6.0,,6.0,6.0,,PEGUA
2026,32,agosto,2026-08-03,1226,3,canastas,7.0,,7.0,7.0,,PIND
2026,32,agosto,2026-08-03,1626,73,canastas,474.0,,474.0,474.0,,AD-PJUG
2026,32,agosto,2026-08-03,1626,73,canastas,386.0,,386.0,386.0,,AD-PJUG
2026,32,agosto,2026-08-03,1626,73,canastas,122.0,,122.0,122.0,,AD-PJUG
2026,32,agosto,2026-08-03,1226,72,canastas,64.0,,64.0,64.0,,PE2
2026,32,agosto,2026-08-04,1226,72,canastas,10.0,,10.0,10.0,,PEGUA
2026,32,agosto,2026-08-04,1226,3,canastas,7.0,,7.0,7.0,,PE3
2026,32,agosto,2026-08-04,1226,72,canastas,368.0,,368.0,368.0,,PE1
2026,32,agosto,2026-08-04,1226,72,canastas,8.0,,8.0,8.0,,PE1
2026,32,agosto,2026-08-04,1526,73,canastas,7.0,,7.0,7.0,,AD1
2026,32,agosto,2026-08-04,1226,3,canastas,5.0,,5.0,5.0,,PE3
2026,32,agosto,2026-08-04,1226,3,canastas,2.0,,2.0,2.0,,PEGUA
2026,32,agosto,2026-08-04,1226,72,canastas,3.0,,3.0,3.0,,PE2
2026,32,agosto,2026-08-04,1226,3,canastas,28.0,,28.0,28.0,,PIND
2026,32,agosto,2026-08-04,1526,73,83,58.0,,58.0,58.0,,AD-PJUG
2026,32,agosto,2026-08-04,1226,72,canastas,8.0,,8.0,8.0,,PEGUA
2026,32,agosto,2026-08-05,1226,3,canastas,7.0,,7.0,7.0,,PEGUA
2026,32,agosto,2026-08-05,1226,3,canastas,8.0,,8.0,8.0,,PE1
2026,32,agosto,2026-08-05,1226,72,canastas,2.0,,2.0,2.0,,PE1
2026,32,agosto,2026-08-05,1226,72,canastas,4.0,,4.0,4.0,,PE3
2026,32,agosto,2026-08-05,1226,3,canastas,13.0,,13.0,13.0,,PE1
2026,32,agosto,2026-08-05,1226,73,canastas,6.0,,6.0,6.0,,PE3
2026,32,agosto,2026-08-05,1226,73,canastas,2.0,,2.0,2.0,,PEBAB
2026,32,agosto,2026-08-05,1226,3,canastas,183.0,,183.0,183.0,,PIND
2026,32,agosto,2026-08-05,2226,47,canastas,74.0,,74.0,74.0,,AD-PJUG
2026,32,agosto,2026-08-05,1426,73,65,882.0,,882.0,882.0,,AD-PJUG
2026,32,agosto,2026-08-05,1226,73,canastas,6.0,,6.0,6.0,,PE1
2026,32,agosto,2026-08-05,1226,3,canastas,1.0,,1.0,1.0,,PEGUA
2026,32,agosto,2026-08-05,1226,73,canastas,12.0,,12.0,12.0,,PE1
2026,32,agosto,2026-08-05,1226,3,canastas,541.0,,541.0,541.0,,PE1
2026,32,agosto,2026-08-05,1226,72,canastas,203.0,,203.0,203.0,,PE3
2026,32,agosto,2026-08-05,1226,72,canastas,277.0,,277.0,277.0,,PE2
2026,32,agosto,2026-08-05,1226,73,canastas,551.0,,551.0,551.0,,PE1
2026,32,agosto,2026-08-05,1226,72,canastas,543.0,,543.0,543.0,,PE1
2026,32,agosto,2026-08-06,1226,3,canastas,11.0,,11.0,11.0,,PE1
2026,32,agosto,2026-08-06,1926,46,canastas,8.0,,8.0,8.0,,AD1
2026,32,agosto,2026-08-06,2026,45,canastas,12.0,,12.0,12.0,,AD1
2026,32,agosto,2026-08-06,2026,45,canastas,4.0,,4.0,4.0,,AD2
2026,32,agosto,2026-08-06,1926,46,canastas,13.0,,13.0,13.0,,AD1
2026,32,agosto,2026-08-06,1226,72,canastas,4.0,,4.0,4.0,,PE1
2026,32,agosto,2026-08-06,1226,72,canastas,2.0,,2.0,2.0,,PE3
2026,32,agosto,2026-08-06,1226,72,canastas,5.0,,5.0,5.0,,PE3
2026,32,agosto,2026-08-06,1226,72,canastas,4.0,,4.0,4.0,,PEGUA
2026,32,agosto,2026-08-06,1226,72,canastas,58.0,,58.0,58.0,,PIND
2026,32,agosto,2026-08-06,1926,49,canastas,50.0,,50.0,50.0,,AD-PJUG
2026,32,agosto,2026-08-06,3026,35,230,718.0,,718.0,718.0,,AD-PJUG
2026,32,agosto,2026-08-06,1226,3,canastas,2.0,,2.0,2.0,,PEGUA
2026,32,agosto,2026-08-06,1226,72,canastas,1.0,,1.0,1.0,,PE3
2026,32,agosto,2026-08-06,1226,3,canastas,7.0,,7.0,7.0,,PEGUA
2026,32,agosto,2026-08-06,1526,73,canastas,8.0,,8.0,8.0,,AD3
2026,32,agosto,2026-08-06,1226,72,canastas,498.0,,498.0,498.0,,PE2
2026,32,agosto,2026-08-06,1226,72,canastas,343.0,,343.0,343.0,,PE1
2026,32,agosto,2026-08-06,1226,72,canastas,103.0,,103.0,103.0,,PE3
2026,32,agosto,2026-08-06,1226,3,canastas,533.0,,533.0,533.0,,PE1
2026,32,agosto,2026-08-06,1226,3,canastas,542.0,,542.0,542.0,,PE1
2026,32,agosto,2026-08-07,1926,46,canastas,4.0,,4.0,4.0,,AD1
2026,32,agosto,2026-08-07,1626,49,canastas,4.0,,4.0,4.0,,AD2
2026,32,agosto,2026-08-07,1226,3,canastas,4.0,,4.0,4.0,,PE2
2026,32,agosto,2026-08-07,1926,46,canastas,4.0,,4.0,4.0,,AD2
2026,32,agosto,2026-08-07,1226,3,canastas,4.0,,4.0,4.0,,PE2
2026,32,agosto,2026-08-07,1226,3,canastas,1.0,,1.0,1.0,,PEBAB
2026,32,agosto,2026-08-07,1226,3,canastas,2.0,,2.0,2.0,,PEBAB
2026,32,agosto,2026-08-07,1226,72,canastas,3.0,,3.0,3.0,,PE3
2026,32,agosto,2026-08-07,1526,73,canastas,4.0,,4.0,4.0,,AD1
2026,32,agosto,2026-08-07,1226,72,canastas,4.0,,4.0,4.0,,PE2
2026,32,agosto,2026-08-07,1426,73,canastas,10.0,,10.0,10.0,,AD2
2026,32,agosto,2026-08-07,1226,72,canastas,14.0,,14.0,14.0,,PE2
2026,32,agosto,2026-08-07,1226,72,canastas,40.0,,40.0,40.0,,PE2
2026,32,agosto,2026-08-07,1226,3,canastas,8.0,,8.0,8.0,,PE2
2026,32,agosto,2026-08-08,1226,3,canastas,68.0,,68.0,68.0,,PIND
2026,32,agosto,2026-08-08,1226,3,canastas,395.0,,395.0,395.0,,PE1
2026,32,agosto,2026-08-08,1226,3,canastas,431.0,,431.0,431.0,,PE1
2026,32,agosto,2026-08-08,2826,77,canastas,333.0,,333.0,333.0,,AD-PJUG
2026,32,agosto,2026-08-08,1626,49,canastas,293.0,,293.0,293.0,,AD-PJUG
2026,33,agosto,2026-08-11,1626,73,canastas,47.0,,47.0,47.0,,AD-PJUG
2026,33,agosto,2026-08-12,2626,13,canastas,20.0,,20.0,20.0,,AD-PJUG
2026,33,agosto,2026-08-12,2626,73,canastas,5.0,,5.0,5.0,,AD-PIND
2026,33,agosto,2026-08-12,2626,10,canastas,5.0,,5.0,5.0,,AD-PIND
2026,33,agosto,2026-08-12,2626,73,canastas,7.0,,7.0,7.0,,AD1
2026,33,agosto,2026-08-12,1526,73,canastas,19.0,,19.0,19.0,,AD-PJUG
2026,33,agosto,2026-08-12,2026,44,canastas,54.0,,54.0,54.0,,AD-PJUG
2026,33,agosto,2026-08-12,2026,44,canastas,30.0,,30.0,30.0,,AD-PJUG
2026,33,agosto,2026-08-13,1426,73,canastas,12.0,,12.0,12.0,,PE1
2026,33,agosto,2026-08-13,1426,73,canastas,1.0,,1.0,1.0,,PE2
2026,33,agosto,2026-08-13,1426,73,canastas,6.0,,6.0,6.0,,PE1
2026,33,agosto,2026-08-13,1426,73,canastas,6.0,,6.0,6.0,,PE3
2026,33,agosto,2026-08-13,1526,73,canastas,8.0,,8.0,8.0,,AD1
2026,33,agosto,2026-08-13,1426,73,canastas,2.0,,2.0,2.0,,PE3
2026,33,agosto,2026-08-13,1426,73,canastas,2.0,,2.0,2.0,,PE1
2026,33,agosto,2026-08-14,1426,73,canastas,50.0,,50.0,50.0,,PIND
2026,33,agosto,2026-08-14,1626,50,canastas,44.0,,44.0,44.0,,AD-PJUG
2026,33,agosto,2026-08-14,1626,50,canastas,44.0,,44.0,44.0,,PE2
2026,33,agosto,2026-08-14,1426,73,canastas,1.0,,1.0,1.0,,PE3
2026,33,agosto,2026-08-14,1426,73,canastas,4.0,,4.0,4.0,,PIND
2026,33,agosto,2026-08-14,1426,73,canastas,14.0,,14.0,14.0,,PE1
2026,33,agosto,2026-08-15,1626,49,canastas,8.0,,8.0,8.0,,AD1
2026,33,agosto,2026-08-15,1726,48,canastas,28.0,,28.0,28.0,,AD-PIND
2026,33,agosto,2026-08-15,1726,51,canastas,25.0,,25.0,25.0,,AD-PJUG
2026,33,agosto,2026-08-15,1426,73,canastas,99.0,,99.0,99.0,,PE1
2026,33,agosto,2026-08-15,1426,73,canastas,7.0,,7.0,7.0,,PE1
2026,33,agosto,2026-08-15,1726,51,canastas,12.0,,12.0,12.0,,AD1
2026,33,agosto,2026-08-15,1426,73,canastas,3.0,,3.0,3.0,,PIND
2026,33,agosto,2026-08-15,1426,73,canastas,2.0,,2.0,2.0,,PE3
2026,33,agosto,2026-08-15,1426,73,canastas,2.0,,2.0,2.0,,PE2
2026,33,agosto,2026-08-15,1426,73,canastas,8.0,,8.0,8.0,,PE1
2026,33,agosto,2026-08-15,1426,73,canastas,5.0,,5.0,5.0,,PE1
2026,33,agosto,2026-08-15,1426,73,canastas,8.0,,8.0,8.0,,PE1
2026,33,agosto,2026-08-15,1426,73,canastas,4.0,,4.0,4.0,,PE2
2026,33,agosto,2026-08-15,1426,73,canastas,8.0,,8.0,8.0,,PE1
2026,33,agosto,2026-08-15,1426,73,canastas,2.0,,2.0,2.0,,PE1
2026,33,agosto,2026-08-15,1426,73,canastas,3.0,,3.0,3.0,,PE2
2026,33,agosto,2026-08-15,1426,73,canastas,3.0,,3.0,3.0,,PE3
2026,33,agosto,2026-08-15,1426,73,canastas,2.0,,2.0,2.0,,PEGUA
2026,33,agosto,2026-08-15,1826,45,canastas,1.0,,1.0,1.0,,AD3
2026,33,agosto,2026-08-15,1426,73,canastas,1.0,,1.0,1.0,,PE1
2026,34,agosto,2026-08-17,1426,73,canastas,1.0,,1.0,1.0,,PEGUA
2026,34,agosto,2026-08-17,1426,73,canastas,2.0,,2.0,2.0,,PE1
2026,34,agosto,2026-08-17,1426,73,canastas,3.0,,3.0,3.0,,PE2
2026,34,agosto,2026-08-17,,,canastas,4.0,,4.0,4.0,,AL-PE2
2026,34,agosto,2026-08-17,1426,73,canastas,11.0,,11.0,11.0,,PE1
2026,34,agosto,2026-08-17,1426,73,canastas,79.0,,79.0,79.0,,PE1
2026,34,agosto,2026-08-17,1426,73,canastas,329.0,,329.0,329.0,,PE1
2026,34,agosto,2026-08-17,1426,73,canastas,57.0,,57.0,57.0,,PIND
2026,34,agosto,2026-08-17,1426,73,canastas,8.0,,8.0,8.0,,PE1
2026,34,agosto,2026-08-17,1426,73,canastas,3.0,,3.0,3.0,,PE3
2026,34,agosto,2026-08-17,1426,73,canastas,3.0,,3.0,3.0,,PE3
2026,34,agosto,2026-08-18,1426,73,canastas,528.0,,528.0,528.0,,PE1
2026,34,agosto,2026-08-18,1426,73,canastas,504.0,,504.0,504.0,,PE1
2026,34,agosto,2026-08-18,1426,73,canastas,532.0,,532.0,532.0,,PE1
2026,34,agosto,2026-08-18,1426,73,canastas,448.0,,448.0,448.0,,PE1
2026,34,agosto,2026-08-18,1426,73,canastas,545.0,,545.0,545.0,,PE1
2026,34,agosto,2026-08-18,1426,73,canastas,85.0,,85.0,85.0,,PE1
2026,34,agosto,2026-08-18,1726,48,canastas,38.0,,38.0,38.0,,AD1
2026,34,agosto,2026-08-19,3226,32,canastas,109.0,,109.0,109.0,,AD1
2026,34,agosto,2026-08-20,2226,46,canastas,1.0,,1.0,1.0,,AD2
2026,34,agosto,2026-08-20,1926,46,canastas,1.0,,1.0,1.0,,AD3
2026,34,agosto,2026-08-20,2226,46,canastas,19.0,,19.0,19.0,,AD2
2026,34,agosto,2026-08-20,2226,46,canastas,5.0,,5.0,5.0,,AD1
2026,34,agosto,2026-08-20,2226,47,canastas,60.0,,60.0,60.0,,AD-PIND
2026,34,agosto,2026-08-20,2226,46,canastas,220.0,,220.0,220.0,,AD-PJUG
2026,34,agosto,2026-08-20,2226,47,canastas,142.0,,142.0,142.0,,AD-PJUG
2026,34,agosto,2026-08-20,2226,47,canastas,112.0,,112.0,112.0,,AD1
2026,34,agosto,2026-08-21,1526,73,canastas,4.0,,4.0,4.0,,PE2
2026,34,agosto,2026-08-21,1526,73,canastas,8.0,,8.0,8.0,,PE1
2026,34,agosto,2026-08-21,2226,47,canastas,6.0,,6.0,6.0,,AD1
2026,34,agosto,2026-08-21,1526,73,canastas,6.0,,6.0,6.0,,PE2
2026,34,agosto,2026-08-21,1526,73,canastas,8.0,,8.0,8.0,,PE1
2026,34,agosto,2026-08-21,1526,73,canastas,3.0,,3.0,3.0,,PE3
2026,34,agosto,2026-08-21,1626,54,canastas,4.0,,4.0,4.0,,AD2
2026,34,agosto,2026-08-21,1526,73,canastas,4.0,,4.0,4.0,,PE2
2026,34,agosto,2026-08-21,1526,73,canastas,3.0,,3.0,3.0,,PE3
2026,34,agosto,2026-08-21,1526,73,canastas,3.0,,3.0,3.0,,PE3
2026,34,agosto,2026-08-21,1526,73,canastas,4.0,,4.0,4.0,,PE1
2026,34,agosto,2026-08-21,1526,73,canastas,4.0,,4.0,4.0,,PE2
2026,34,agosto,2026-08-21,2226,47,canastas,3.0,,3.0,3.0,,AD2
2026,34,agosto,2026-08-22,1526,73,canastas,7.0,,7.0,7.0,,PE1
2026,34,agosto,2026-08-22,1526,73,canastas,8.0,,8.0,8.0,,PE1
2026,34,agosto,2026-08-22,1526,73,canastas,6.0,,6.0,6.0,,PE1
2026,34,agosto,2026-08-22,1526,73,canastas,6.0,,6.0,6.0,,PE2
2026,34,agosto,2026-08-22,1526,73,canastas,8.0,,8.0,8.0,,PE1
2026,34,agosto,2026-08-22,1526,73,canastas,1.0,,1.0,1.0,,PEBAB
2026,34,agosto,2026-08-22,1526,73,canastas,3.0,,3.0,3.0,,PEGUA
2026,34,agosto,2026-08-22,1526,73,canastas,3.0,,3.0,3.0,,PE3
2026,34,agosto,2026-08-22,1526,73,canastas,4.0,,4.0,4.0,,AD2
2026,34,agosto,2026-08-22,1526,73,canastas,6.0,,6.0,6.0,,PE1
2026,34,agosto,2026-08-22,1526,73,canastas,8.0,,8.0,8.0,,PE1
2026,34,agosto,2026-08-22,2226,47,canastas,10.0,,10.0,10.0,,AD1
2026,34,agosto,2026-08-22,1526,73,canastas,4.0,,4.0,4.0,,PE1
2026,35,agosto,2026-08-24,1526,73,canastas,12.0,,12.0,12.0,,PE1
2026,35,agosto,2026-08-24,1526,73,canastas,8.0,,8.0,8.0,,PEGUA
2026,35,agosto,2026-08-24,1726,48,canastas,14.0,,14.0,14.0,,AL-PE1
2026,35,agosto,2026-08-24,1526,73,canastas,8.0,,8.0,8.0,,PE1
2026,35,agosto,2026-08-24,1526,73,canastas,16.0,,16.0,16.0,,PE1
2026,35,agosto,2026-08-24,1526,73,canastas,12.0,,12.0,12.0,,PE1
2026,35,agosto,2026-08-24,1526,73,canastas,9.0,,9.0,9.0,,PE1
2026,35,agosto,2026-08-24,1926,33,canastas,9.0,,9.0,9.0,,AD1
2026,35,agosto,2026-08-24,1626,50,canastas,2.0,,2.0,2.0,,PE2
2026,35,agosto,2026-08-24,1526,73,canastas,16.0,,16.0,16.0,,PE1
2026,35,agosto,2026-08-24,1526,73,canastas,19.0,,19.0,19.0,,PE1
2026,35,agosto,2026-08-24,1526,73,canastas,2.0,,2.0,2.0,,PE1
2026,35,agosto,2026-08-24,1526,73,canastas,7.0,,7.0,7.0,,PE2
2026,35,agosto,2026-08-24,1526,73,canastas,7.0,,7.0,7.0,,PE3
2026,35,agosto,2026-08-24,1526,73,canastas,8.0,,8.0,8.0,,PE1
2026,35,agosto,2026-08-24,1526,73,canastas,3.0,,3.0,3.0,,PE2
2026,35,agosto,2026-08-24,1526,73,canastas,18.0,,18.0,18.0,,PIND
2026,35,agosto,2026-08-25,1526,73,canastas,9.0,,9.0,9.0,,PE2
2026,35,agosto,2026-08-25,1526,73,canastas,11.0,,11.0,11.0,,PE1
2026,35,agosto,2026-08-25,1526,73,canastas,43.0,,43.0,43.0,,PE2
2026,35,agosto,2026-08-25,1526,73,canastas,166.0,,166.0,166.0,,PE1
2026,35,agosto,2026-08-25,1526,73,canastas,4.0,,4.0,4.0,,PE1
2026,35,agosto,2026-08-25,1526,73,canastas,4.0,,4.0,4.0,,PE1
2026,35,agosto,2026-08-25,1826,45,canastas,6.0,,6.0,6.0,,AD1
2026,35,agosto,2026-08-25,1526,73,canastas,3.0,,3.0,3.0,,PE2
2026,35,agosto,2026-08-25,1526,73,canastas,4.0,,4.0,4.0,,PEGUA
2026,35,agosto,2026-08-25,2826,78,canastas,51.0,,51.0,51.0,,AD-PJUG
2026,35,agosto,2026-08-25,2826,78,canastas,3.0,,3.0,3.0,,AD3
2026,35,agosto,2026-08-26,1526,73,canastas,8.0,,8.0,8.0,,PE1
2026,35,agosto,2026-08-26,1526,73,canastas,10.0,,10.0,10.0,,PE1
2026,35,agosto,2026-08-26,2126,32,canastas,3.0,,3.0,3.0,,AD2
2026,35,agosto,2026-08-26,1526,73,canastas,13.0,,13.0,13.0,,PE1
2026,35,agosto,2026-08-26,1526,55,canastas,2.0,,2.0,2.0,,PE1
2026,35,agosto,2026-08-26,1926,33,canastas,15.0,,15.0,15.0,,AD1
2026,35,agosto,2026-08-26,1626,49,canastas,8.0,,8.0,8.0,,PE1
2026,35,agosto,2026-08-26,1526,73,canastas,21.0,,21.0,21.0,,PE1
2026,35,agosto,2026-08-26,1526,73,canastas,21.0,,21.0,21.0,,PE1
2026,35,agosto,2026-08-26,1626,73,canastas,12.0,,12.0,12.0,,PE1
2026,35,agosto,2026-08-26,2026,33,canastas,22.0,,22.0,22.0,,AD1
2026,35,agosto,2026-08-27,1526,73,canastas,8.0,,8.0,8.0,,PE2
2026,35,agosto,2026-08-27,1526,73,canastas,11.0,,11.0,11.0,,PE1
2026,35,agosto,2026-08-27,2026,33,canastas,2.0,,2.0,2.0,,AD2
2026,35,agosto,2026-08-27,1926,33,canastas,5.0,,5.0,5.0,,AD1
2026,35,agosto,2026-08-27,1526,73,canastas,4.0,,4.0,4.0,,PE1
2026,35,agosto,2026-08-27,2526,77,canastas,4.0,,4.0,4.0,,AD1
2026,35,agosto,2026-08-27,1626,49,canastas,6.0,,6.0,6.0,,PE2
2026,35,agosto,2026-08-27,2526,77,canastas,5.0,,5.0,5.0,,AD2
2026,35,agosto,2026-08-27,1526,73,canastas,1.0,,1.0,1.0,,PE3
2026,35,agosto,2026-08-27,1526,73,canastas,4.0,,4.0,4.0,,PEGUA
2026,35,agosto,2026-08-27,2726,32,canastas,5.0,,5.0,5.0,,AD-PIND
2026,35,agosto,2026-08-27,1926,33,canastas,12.0,,12.0,12.0,,AD-PJUG
2026,35,agosto,2026-08-28,1626,49,canastas,11.0,,11.0,11.0,,PE1
2026,35,agosto,2026-08-28,1626,49,canastas,4.0,,4.0,4.0,,PE1
2026,35,agosto,2026-08-28,1626,49,canastas,5.0,,5.0,5.0,,PE2
2026,35,agosto,2026-08-28,1526,73,canastas,6.0,,6.0,6.0,,PE1
2026,35,agosto,2026-08-28,1626,73,canastas,3.0,,3.0,3.0,,PE1
2026,35,agosto,2026-08-28,1626,50,canastas,1.0,,1.0,1.0,,PE3
2026,35,agosto,2026-08-28,1526,73,canastas,1.0,,1.0,1.0,,PEBAB
2026,35,agosto,2026-08-28,1626,50,canastas,7.0,,7.0,7.0,,PE2
2026,35,agosto,2026-08-28,1626,49,canastas,7.0,,7.0,7.0,,PE1
2026,35,agosto,2026-08-28,1626,50,canastas,4.0,,4.0,4.0,,PE3
2026,35,agosto,2026-08-28,1626,50,canastas,2.0,,2.0,2.0,,PE3
2026,35,agosto,2026-08-29,1626,50,canastas,2.0,,2.0,2.0,,PEGUA
2026,35,agosto,2026-08-29,1626,49,canastas,2.0,,2.0,2.0,,PE2
2026,35,agosto,2026-08-29,1626,49,canastas,4.0,,4.0,4.0,,PE1
2026,35,agosto,2026-08-29,1526,73,canastas,2.0,,2.0,2.0,,PE1
2026,35,agosto,2026-08-29,1626,49,canastas,8.0,,8.0,8.0,,PE1
2026,35,agosto,2026-08-29,1626,49,canastas,3.0,,3.0,3.0,,PE2
2026,35,agosto,2026-08-29,1726,48,canastas,3.0,,3.0,3.0,,AD1
2026,35,agosto,2026-08-29,1826,49,canastas,3.0,,3.0,3.0,,AD2
2026,35,agosto,2026-08-29,1626,50,canastas,2.0,,2.0,2.0,,PEGUA
2026,35,agosto,2026-08-29,1526,73,canastas,6.0,,6.0,6.0,,PE3
2026,35,agosto,2026-08-29,1626,49,canastas,15.0,,15.0,15.0,,PE3
2026,35,agosto,2026-08-29,1626,49,canastas,15.0,,15.0,15.0,,PE1
2026,35,agosto,2026-08-29,1626,50,canastas,3.0,,3.0,3.0,,PE1
2026,35,agosto,2026-08-29,1626,50,canastas,3.0,,3.0,3.0,,PE2
2026,35,agosto,2026-08-29,1626,49,canastas,9.0,,9.0,9.0,,PE2
2026,35,agosto,2026-08-29,1626,50,canastas,11.0,,11.0,11.0,,PE1
2026,35,agosto,2026-08-29,1626,49,canastas,11.0,,11.0,11.0,,PE1
2026,35,agosto,2026-08-29,1626,50,canastas,15.0,,15.0,15.0,,PJUG
2026,36,agosto,2026-08-31,1626,49,canastas,4.0,,4.0,4.0,Muestreo,PE2
2026,36,agosto,2026-08-31,1626,50,canastas,3.0,,3.0,3.0,,PE2
2026,36,agosto,2026-08-31,1626,50,canastas,4.0,,4.0,4.0,,PE1
2026,36,agosto,2026-08-31,1626,49,canastas,4.0,,4.0,4.0,,PE1
2026,36,agosto,2026-08-31,1626,49,canastas,6.0,,6.0,6.0,Muestreo,PE1
2026,36,agosto,2026-08-31,1626,50,canastas,10.0,,10.0,10.0,,PE1
2026,36,agosto,2026-08-31,1626,49,canastas,6.0,,6.0,6.0,Muestreo,PE2
2026,36,agosto,2026-08-31,1626,49,canastas,4.0,,4.0,4.0,Muestreo,PEGUA
2026,36,agosto,2026-08-31,1626,49,canastas,1.0,,1.0,1.0,,PE3
2026,36,agosto,2026-08-31,1626,49,canastas,9.0,,9.0,9.0,Muestreo,PE1
2026,36,agosto,2026-08-31,1626,49,canastas,4.0,,4.0,4.0,Muestreo,PE2
2026,36,agosto,2026-08-31,1626,49,canastas,7.0,,7.0,7.0,,PE1
2026,36,agosto,2026-08-31,1626,49,canastas,2.0,,2.0,2.0,Muestreo,PEBAB
2026,36,agosto,2026-08-31,1626,49,canastas,1.0,,1.0,1.0,Muestreo,PE3
2026,36,agosto,2026-08-31,1626,49,canastas,2.0,,2.0,2.0,Muestreo,PEGUA
2026,36,agosto,2026-08-31,1626,49,canastas,4.0,,4.0,4.0,,PE2
2026,36,agosto,2026-08-31,1626,49,canastas,17.0,,17.0,17.0,,PE1
2026,36,agosto,2026-08-31,1626,49,canastas,4.0,,4.0,4.0,,PE1
2026,36,agosto,2026-08-31,1626,49,canastas,3.0,,3.0,3.0,,PE2
2026,36,agosto,2026-08-31,1626,49,canastas,12.0,,12.0,12.0,,PE1
2026,36,agosto,2026-08-31,1626,73,canastas,3.0,,3.0,3.0,,PE1
2026,36,agosto,2026-08-31,1626,49,canastas,3.0,,3.0,3.0,,PE3
2026,36,agosto,2026-08-31,1626,73,canastas,29.0,,29.0,29.0,,PE1
2026,36,agosto,2026-08-31,1626,73,canastas,24.0,,24.0,24.0,,PE1
2026,36,septiembre,2026-09-01,1626,49,canastas,18.0,,18.0,18.0,Muestreo,PE1
2026,36,septiembre,2026-09-01,1626,73,canastas,8.0,,8.0,8.0,Muestreo,PE1
2026,36,septiembre,2026-09-01,1626,49,canastas,5.0,,5.0,5.0,Muestreo,PE2
2026,36,septiembre,2026-09-01,1626,73,canastas,3.0,,3.0,3.0,Muestreo,PE2
2026,36,septiembre,2026-09-01,1626,73,canastas,6.0,,6.0,6.0,Muestreo,PE1
2026,36,septiembre,2026-09-01,1626,49,canastas,5.0,,5.0,5.0,Muestreo,PE2
2026,36,septiembre,2026-09-01,1626,73,canastas,8.0,,8.0,8.0,Muestreo,PE1
2026,36,septiembre,2026-09-01,1626,73,canastas,19.0,,19.0,19.0,Muestreo,PE1
2026,36,septiembre,2026-09-01,1626,49,canastas,8.0,,8.0,8.0,Muestreo,PE1
2026,36,septiembre,2026-09-01,1626,73,canastas,3.0,,3.0,3.0,Muestreo,PE2
2026,36,septiembre,2026-09-01,1626,73,canastas,2.0,,2.0,2.0,Muestreo,PE2
2026,36,septiembre,2026-09-01,1626,73,canastas,2.0,,2.0,2.0,Muestreo,PEGUA
2026,36,septiembre,2026-09-01,1626,73,canastas,2.0,,2.0,2.0,Muestreo,PEBAB
2026,36,septiembre,2026-09-01,1626,49,canastas,3.0,,3.0,3.0,Muestreo,PE3
2026,36,septiembre,2026-09-01,1626,73,canastas,17.0,,17.0,17.0,Muestreo,PIND
2026,36,septiembre,2026-09-01,1626,49,canastas,30.0,,30.0,30.0,Muestreo,PE1
2026,36,septiembre,2026-09-01,1626,49,canastas,8.0,,8.0,8.0,Muestreo,PE1
2026,36,septiembre,2026-09-01,1626,49,canastas,12.0,,12.0,12.0,Muestreo,PE1
2026,36,septiembre,2026-09-01,1626,49,canastas,3.0,,3.0,3.0,Muestreo,PE1
2026,36,septiembre,2026-09-02,2226,46,canastas,2.0,,2.0,2.0,Muestreo,AD1
2026,36,septiembre,2026-09-02,1926,46,canastas,6.0,,6.0,6.0,Muestreo,AD1
2026,36,septiembre,2026-09-02,2226,46,canastas,2.0,,2.0,2.0,Muestreo,AD1
2026,36,septiembre,2026-09-02,1826,45,canastas,2.0,,2.0,2.0,Muestreo,AD-PIND
2026,36,septiembre,2026-09-03,2026,45,canastas,6.0,,6.0,6.0,Muestreo,AD1
2026,36,septiembre,2026-09-03,3026,54,canastas,3.0,,3.0,3.0,Muestreo,AD2
2026,36,septiembre,2026-09-03,2026,45,canastas,1.0,,1.0,1.0,Muestreo,AD2
2026,36,septiembre,2026-09-03,1826,45,canastas,15.0,,15.0,15.0,Muestreo,AD1
2026,36,septiembre,2026-09-03,1926,33,canastas,6.0,,6.0,6.0,Muestreo,AD2
2026,36,septiembre,2026-09-03,2026,45,canastas,9.0,,9.0,9.0,Muestreo,AD1
2026,36,septiembre,2026-09-04,1726,48,canastas,2.0,,2.0,2.0,Muestreo,PE2
2026,36,septiembre,2026-09-04,1726,48,canastas,10.0,,10.0,10.0,Muestreo,PE1
2026,36,septiembre,2026-09-04,1726,48,canastas,6.0,,6.0,6.0,Muestreo,PE1
2026,36,septiembre,2026-09-04,1726,48,canastas,16.0,,16.0,16.0,Muestreo,PE1
2026,36,septiembre,2026-09-04,1926,33,canastas,12.0,,12.0,12.0,Muestreo,AD-PJUG
2026,36,septiembre,2026-09-05,2226,46,canastas,6.0,,6.0,6.0,Muestreo,AD1
2026,36,septiembre,2026-09-05,1626,73,canastas,7.0,,7.0,7.0,Muestreo,PE1
2026,36,septiembre,2026-09-05,2626,47,canastas,12.0,,12.0,12.0,Muestreo,AD1
2026,36,septiembre,2026-09-05,1626,73,canastas,1.0,,1.0,1.0,Muestreo,PEGUA
2026,36,septiembre,2026-09-05,2226,46,canastas,5.0,,5.0,5.0,Muestreo,AD-PIND
2026,36,septiembre,2026-09-05,1626,73,canastas,4.0,,4.0,4.0,Muestreo,PE3
2026,36,septiembre,2026-09-05,2726,32,canastas,4.0,,4.0,4.0,Muestreo,AD-PJUG
2026,37,septiembre,2026-09-07,1726,48,canastas,12.0,,12.0,12.0,Muestreo,PE1
2026,37,septiembre,2026-09-07,1726,48,canastas,7.0,,7.0,7.0,Muestreo,PE2
2026,37,septiembre,2026-09-07,1726,48,canastas,6.0,,6.0,6.0,Muestreo,PE2
2026,37,septiembre,2026-09-07,1826,48,canastas,3.0,,3.0,3.0,Muestreo,PE3
2026,37,septiembre,2026-09-07,1726,48,canastas,3.0,,3.0,3.0,Muestreo,PE3
2026,37,septiembre,2026-09-07,1726,48,canastas,3.0,,3.0,3.0,Muestreo,PEBAB
2026,37,septiembre,2026-09-07,1726,48,canastas,6.0,,6.0,6.0,Muestreo,PEGUA
2026,37,septiembre,2026-09-07,1726,48,canastas,1.0,,1.0,1.0,Muestreo,PE3
2026,37,septiembre,2026-09-07,1726,48,canastas,4.0,,4.0,4.0,Muestreo,PE1
2026,37,septiembre,2026-09-07,1826,48,canastas,5.0,,5.0,5.0,Muestreo,PE2
2026,37,septiembre,2026-09-07,1726,48,canastas,5.0,,5.0,5.0,Muestreo,PE2
2026,37,septiembre,2026-09-07,1726,48,canastas,4.0,,4.0,4.0,Muestreo,PE3
2026,37,septiembre,2026-09-07,1726,48,canastas,5.0,,5.0,5.0,Muestreo,PE2
2026,37,septiembre,2026-09-07,1826,48,canastas,12.0,,12.0,12.0,Muestreo,PE1
2026,37,septiembre,2026-09-07,2126,46,canastas,4.0,,4.0,4.0,Muestreo,AD1
2026,37,septiembre,2026-09-07,1726,48,canastas,3.0,,3.0,3.0,Muestreo,PE2
2026,37,septiembre,2026-09-07,2026,42,canastas,5.0,,5.0,5.0,Muestreo,AD2
2026,37,septiembre,2026-09-07,1726,48,canastas,12.0,,12.0,12.0,Muestreo,PE1
2026,37,septiembre,2026-09-07,1726,48,canastas,3.0,,3.0,3.0,Muestreo,PE3
2026,37,septiembre,2026-09-07,1826,48,canastas,12.0,,12.0,12.0,Muestreo,PE2
2026,37,septiembre,2026-09-08,2626,77,canastas,12.0,,12.0,12.0,Muestreo,AD1
2026,37,septiembre,2026-09-08,1726,48,canastas,11.0,,11.0,11.0,Muestreo,PE1
2026,37,septiembre,2026-09-08,3226,77,canastas,11.0,,11.0,11.0,Muestreo,AD2
2026,37,septiembre,2026-09-08,1726,48,canastas,6.0,,6.0,6.0,Muestreo,PE2
2026,37,septiembre,2026-09-08,1826,48,canastas,8.0,,8.0,8.0,Muestreo,PE1
2026,37,septiembre,2026-09-08,1726,48,canastas,5.0,,5.0,5.0,Muestreo,PE1
2026,37,septiembre,2026-09-09,1726,48,canastas,8.0,,8.0,8.0,Muestreo,PE1
2026,37,septiembre,2026-09-09,1726,48,canastas,1.0,,1.0,1.0,Muestreo,PE2
2026,37,septiembre,2026-09-09,1726,48,canastas,8.0,,8.0,8.0,Muestreo,PE1
2026,37,septiembre,2026-09-09,1726,48,canastas,8.0,,8.0,8.0,Muestreo,PE1
2026,37,septiembre,2026-09-09,1726,48,canastas,6.0,,6.0,6.0,Muestreo,PE2
2026,37,septiembre,2026-09-09,1726,48,canastas,3.0,,3.0,3.0,Muestreo,PEGUA
2026,37,septiembre,2026-09-09,1926,33,canastas,4.0,,4.0,4.0,Muestreo,AD1
2026,37,septiembre,2026-09-09,1726,48,canastas,4.0,,4.0,4.0,Muestreo,PE1
2026,37,septiembre,2026-09-09,1726,48,canastas,4.0,,4.0,4.0,Muestreo,PE2
2026,37,septiembre,2026-09-09,1726,48,canastas,10.0,,10.0,10.0,Muestreo,PE1
2026,37,septiembre,2026-09-09,1726,48,canastas,3.0,,3.0,3.0,Muestreo,PE3
2026,37,septiembre,2026-09-09,2726,32,canastas,3.0,,3.0,3.0,Muestreo,AD3
2026,37,septiembre,2026-09-09,3126,78,canastas,1.0,,1.0,1.0,Muestreo,AD3
2026,37,septiembre,2026-09-09,3126,78,canastas,2.0,,2.0,2.0,Daño por reposo,AD-PJUG
2026,37,septiembre,2026-09-10,1726,48,canastas,4.0,,4.0,4.0,Muestreo,PE1
2026,37,septiembre,2026-09-10,1726,48,canastas,1.0,,1.0,1.0,Muestreo,PE2
2026,37,septiembre,2026-09-10,3026,79,canastas,1.0,,1.0,1.0,Muestreo,AD2
2026,37,septiembre,2026-09-10,1726,48,canastas,2.0,,2.0,2.0,Muestreo,PE1
2026,37,septiembre,2026-09-10,1726,48,canastas,8.0,,8.0,8.0,Muestreo,PE2
2026,37,septiembre,2026-09-10,1726,48,canastas,8.0,,8.0,8.0,Muestreo,PE1
2026,37,septiembre,2026-09-10,1726,48,canastas,3.0,,3.0,3.0,Muestreo,PE2
2026,37,septiembre,2026-09-11,1726,48,canastas,21.0,,21.0,21.0,Muestreo,PE1
2026,37,septiembre,2026-09-11,1726,48,canastas,4.0,,4.0,4.0,Muestreo,PE1
2026,37,septiembre,2026-09-11,1726,48,canastas,3.0,,3.0,3.0,Muestreo,PE2
2026,37,septiembre,2026-09-11,1826,49,canastas,1.0,,1.0,1.0,Otros,PE2
