ID,HoraIngreso
183865,2026-07-28 08:49:42
183866,2026-07-28 08:49:42
183867,2026-07-28 08:49:42
183868,2026-07-28 08:49:42
183869,2026-07-28 08:49:42
183870,2026-07-28 08:49:42
183871,2026-07-28 08:49:42
183872,2026-07-28 08:49:42
183873,2026-07-28 08:49:42
183874,2026-07-28 08:49:42
183875,2026-07-28 08:49:42
183876,2026-07-28 08:49:42
183877,2026-07-28 08:49:42
183878,2026-07-28 08:49:42
183879,2026-07-28 08:49:42
183880,2026-07-28 08:49:42
183881,2026-07-28 08:49:42
183882,2026-07-28 08:49:42
183883,2026-07-28 08:49:42
183884,2026-07-28 08:49:42
183885,2026-07-28 08:49:42
183886,2026-07-28 08:49:42
183887,2026-07-28 08:49:42
183888,2026-07-28 08:49:42
183889,2026-07-28 08:49:42
183890,2026-07-28 08:49:42
183891,2026-07-28 08:49:42
183892,2026-07-28 08:49:42
183893,2026-07-28 08:49:42
183894,2026-07-28 08:49:42
183895,2026-07-28 08:49:42
183896,2026-07-28 08:49:42
183897,2026-07-28 08:49:42
183898,2026-07-28 08:49:42
183899,2026-07-28 08:49:42
183900,2026-07-28 08:49:42
183901,2026-07-28 08:49:42
183902,2026-07-28 08:49:42
183903,2026-07-28 08:49:42
183904,2026-07-28 08:49:42
183905,2026-07-28 08:49:42
183906,2026-07-28 08:49:42
183907,2026-07-28 08:49:42
183908,2026-07-28 08:49:42
183909,2026-07-28 08:49:42
183910,2026-07-28 08:49:42
183911,2026-07-28 08:49:42
183912,2026-07-28 08:49:42
183913,2026-07-28 08:49:42
183914,2026-07-28 08:49:42
183915,2026-07-28 08:49:42
183916,2026-07-28 08:49:42
183917,2026-07-28 08:49:42
183918,2026-07-28 08:49:42
183919,2026-07-28 08:49:42
183920,2026-07-28 08:49:42
183921,2026-07-28 08:49:42
183922,2026-07-28 08:49:42
183923,2026-07-28 08:49:42
183924,2026-07-28 08:49:42
183925,2026-07-28 08:49:42
183926,2026-07-28 08:49:42
183927,2026-07-28 08:49:42
183928,2026-07-28 08:49:42
183929,2026-07-28 08:49:42
183930,2026-07-28 08:49:42
183931,2026-07-28 08:49:42
183932,2026-07-28 08:49:42
183933,2026-07-28 08:49:42
183934,2026-07-28 08:49:42
183935,2026-07-28 08:49:42
183936,2026-07-28 08:49:42
183937,2026-07-28 08:49:42
183938,2026-07-28 08:49:42
183939,2026-07-28 08:49:42
183940,2026-07-28 08:49:42
183941,2026-07-28 08:49:42
183942,2026-07-28 08:49:42
183943,2026-07-28 08:49:42
183944,2026-07-28 08:49:42
183945,2026-07-28 08:49:42
183946,2026-07-28 08:49:42
183947,2026-07-28 08:49:42
183948,2026-07-28 08:49:42
183949,2026-07-28 08:49:42
183950,2026-07-28 08:49:42
183951,2026-07-28 08:49:42
183952,2026-07-28 08:49:42
183953,2026-07-28 08:49:42
183954,2026-07-28 08:49:42
183955,2026-07-28 08:49:42
183956,2026-07-28 08:49:42
183957,2026-07-28 08:49:42
183958,2026-07-28 08:49:42
183959,2026-07-28 08:49:42
183960,2026-07-28 08:49:42
183961,2026-07-28 08:49:42
183962,2026-07-28 08:49:42
183963,2026-07-28 08:49:42
183964,2026-07-28 08:49:42
183965,2026-07-28 08:49:42
183966,2026-07-28 08:49:42
183967,2026-07-28 08:49:42
183968,2026-07-28 08:49:42
183969,2026-07-28 08:49:42
183970,2026-07-28 08:49:42
183971,2026-07-28 08:49:42
183972,2026-07-28 08:49:42
183973,2026-07-28 08:49:42
183974,2026-07-28 08:49:42
183975,2026-07-28 08:49:42
183976,2026-07-28 08:49:42
183977,2026-07-28 08:49:42
183978,2026-07-28 08:49:42
183979,2026-07-28 08:49:42
183980,2026-07-28 08:49:42
183981,2026-07-28 08:49:42
183982,2026-07-28 08:49:42
183983,2026-07-28 08:49:42
183984,2026-07-28 08:49:42
183985,2026-07-28 08:49:42
183986,2026-07-28 08:49:42
183987,2026-07-28 08:49:42
183988,2026-07-28 08:49:42
183989,2026-07-28 08:49:42
183990,2026-07-28 08:49:42
183991,2026-07-28 08:49:42
183992,2026-07-28 08:49:42
183993,2026-07-28 08:49:42
183994,2026-07-28 08:49:42
183995,2026-07-28 08:49:42
183996,2026-07-28 08:49:42
183997,2026-07-28 08:49:42
183998,2026-07-28 08:49:42
183999,2026-07-28 08:49:42
184000,2026-07-28 08:49:42
184001,2026-07-28 08:49:42
184002,2026-07-28 08:49:42
184003,2026-07-28 08:49:42
184004,2026-07-28 08:49:42
184005,2026-07-28 08:49:42
184006,2026-07-28 08:49:42
184007,2026-07-28 08:49:42
184008,2026-07-28 08:49:42
184009,2026-07-28 08:49:42
184010,2026-07-28 08:49:42
184011,2026-07-28 08:49:42
184012,2026-07-28 08:49:42
184013,2026-07-28 08:49:42
184014,2026-07-28 08:49:42
184015,2026-07-28 08:49:42
184016,2026-07-28 08:49:42
184017,2026-07-28 08:49:42
184018,2026-07-28 08:49:42
184019,2026-07-28 08:49:42
184020,2026-07-28 08:49:42
184021,2026-07-28 08:49:42
184022,2026-07-28 08:49:42
184023,2026-07-28 08:49:42
184024,2026-07-28 08:49:42
184025,2026-07-28 08:49:42
184026,2026-07-28 08:49:42
184027,2026-07-28 08:49:42
184028,2026-07-28 08:49:42
184029,2026-07-28 08:49:42
184030,2026-07-28 08:49:42
184031,2026-07-28 08:49:42
184032,2026-07-28 08:49:42
184033,2026-07-28 08:49:42
184034,2026-07-28 08:49:42
184035,2026-07-28 08:49:42
184036,2026-07-28 08:49:42
184037,2026-07-28 08:49:42
184038,2026-07-28 08:49:42
184039,2026-07-28 08:49:42
184040,2026-07-28 08:49:42
184041,2026-07-28 08:49:42
184042,2026-07-28 08:49:42
184043,2026-07-28 08:49:42
184044,2026-07-28 08:49:42
184045,2026-07-28 08:49:42
184046,2026-07-28 08:49:42
184047,2026-07-28 08:49:42
184048,2026-07-28 08:49:42
184049,2026-07-28 08:49:42
184050,2026-07-28 08:49:42
184051,2026-07-28 08:49:42
184052,2026-07-28 08:49:42
184053,2026-07-28 08:49:42
184054,2026-07-28 08:49:42
184055,2026-07-28 08:49:42
184056,2026-07-28 08:49:42
184057,2026-07-28 08:49:42
184058,2026-07-28 08:49:42
184059,2026-07-28 08:49:42
184060,2026-07-28 08:49:42
184061,2026-07-28 08:49:42
184062,2026-07-28 08:49:42
184063,2026-07-28 08:49:42
184064,2026-07-28 08:49:42
184065,2026-07-28 08:49:42
184066,2026-07-28 08:49:42
184067,2026-07-28 08:49:42
184068,2026-07-28 08:49:42
184069,2026-07-28 08:49:42
184070,2026-07-28 08:49:42
184071,2026-07-28 08:49:42
184072,2026-07-28 08:49:42
184073,2026-07-28 08:49:42
184074,2026-07-28 08:49:42
184075,2026-07-28 08:49:42
184076,2026-07-28 08:49:42
184077,2026-07-28 08:49:42
184078,2026-07-28 08:49:42
184079,2026-07-28 08:49:42
184080,2026-07-28 08:49:42
184081,2026-07-28 08:49:42
184082,2026-07-28 08:49:42
184083,2026-07-28 08:49:42
184084,2026-07-28 08:49:42
184085,2026-07-28 08:49:42
184086,2026-07-28 08:49:42
184087,2026-07-28 08:49:42
184088,2026-07-28 08:49:42
184089,2026-07-28 08:49:42
184090,2026-07-28 08:49:42
184091,2026-07-28 08:49:42
184092,2026-07-28 08:49:42
184093,2026-07-28 08:49:42
184094,2026-07-28 08:49:42
184095,2026-07-28 08:49:42
184096,2026-07-28 08:49:42
184097,2026-07-28 08:49:42
184098,2026-07-28 08:49:42
184099,2026-07-28 08:49:42
184100,2026-07-28 08:49:42
184101,2026-07-28 08:49:42
184102,2026-07-28 08:49:42
184103,2026-07-28 08:49:42
184104,2026-07-28 08:49:42
184105,2026-07-28 08:49:42
184106,2026-07-28 08:49:42
184107,2026-07-28 08:49:42
184108,2026-07-28 08:49:42
184109,2026-07-28 08:49:42
184110,2026-07-28 08:49:42
184111,2026-07-28 08:49:42
184112,2026-07-28 08:49:42
184113,2026-07-28 08:49:42
184114,2026-07-28 08:49:42
184115,2026-07-28 08:49:42
184116,2026-07-28 08:49:42
184117,2026-07-28 08:49:42
184118,2026-07-28 08:49:42
184119,2026-07-28 08:49:42
184120,2026-07-28 08:49:42
184121,2026-07-28 08:49:42
184122,2026-07-28 08:49:42
184123,2026-07-28 08:49:42
184124,2026-07-28 08:49:42
184125,2026-07-28 08:49:42
184126,2026-07-28 08:49:42
184127,2026-07-28 08:49:42
184128,2026-07-28 08:49:42
184129,2026-07-28 08:49:42
184130,2026-07-28 08:49:42
184131,2026-07-28 08:49:42
184132,2026-07-28 08:49:42
184133,2026-07-28 08:49:42
184134,2026-07-28 08:49:42
184135,2026-07-28 08:49:42
184136,2026-07-28 08:49:42
184137,2026-07-28 08:49:42
184138,2026-07-28 08:49:42
184139,2026-07-28 08:49:42
184140,2026-07-28 08:49:42
184141,2026-07-28 08:49:42
184142,2026-07-28 08:49:42
184143,2026-07-28 08:49:42
184144,2026-07-28 08:49:42
184145,2026-07-28 08:49:42
184146,2026-07-28 08:49:42
184147,2026-07-28 08:49:42
184148,2026-07-28 08:49:42
184149,2026-07-28 08:49:42
184150,2026-07-28 08:49:42
184151,2026-07-28 08:49:42
184152,2026-07-28 08:49:42
184153,2026-07-28 08:49:42
184154,2026-07-28 08:49:42
184155,2026-07-28 08:49:42
184156,2026-07-28 08:49:42
184157,2026-07-28 08:49:42
184158,2026-07-28 08:49:42
184159,2026-07-28 08:49:42
184160,2026-07-28 08:49:42
184161,2026-07-28 08:49:42
184162,2026-07-28 08:49:42
184163,2026-07-28 08:49:42
184164,2026-07-28 08:49:42
184165,2026-07-28 08:49:42
184166,2026-07-28 08:49:42
184167,2026-07-28 08:49:42
184168,2026-07-28 08:49:42
184169,2026-07-28 08:49:42
184170,2026-07-28 08:49:42
184171,2026-07-28 08:49:42
184172,2026-07-28 08:49:42
184173,2026-07-28 08:49:42
184174,2026-07-28 08:49:42
184175,2026-07-28 08:49:42
184176,2026-07-28 08:49:42
184177,2026-07-28 08:49:42
184178,2026-07-28 08:49:42
184179,2026-07-28 08:49:42
184180,2026-07-28 08:49:42
184181,2026-07-28 08:49:42
184182,2026-07-28 08:49:42
184183,2026-07-28 08:49:42
184184,2026-07-28 08:49:42
184185,2026-07-28 08:49:42
184186,2026-07-28 08:49:42
184187,2026-07-28 08:49:42
184188,2026-07-28 08:49:42
184189,2026-07-28 08:49:42
184190,2026-07-28 08:49:42
184191,2026-07-28 08:49:42
184192,2026-07-28 08:49:42
184193,2026-07-28 08:49:42
184194,2026-07-28 08:49:42
184195,2026-07-28 08:49:42
184196,2026-07-28 08:49:42
184197,2026-07-28 08:49:42
184198,2026-07-28 08:49:42
184199,2026-07-28 08:49:42
184200,2026-07-28 08:49:42
184201,2026-07-28 08:49:42
184202,2026-07-28 08:49:42
184203,2026-07-28 08:49:42
184204,2026-07-28 08:49:42
184205,2026-07-28 08:49:42
184206,2026-07-28 08:49:42
184207,2026-07-28 08:49:42
184208,2026-07-28 08:49:42
184209,2026-07-28 08:49:42
184210,2026-07-28 08:49:42
184211,2026-07-28 08:49:42
184212,2026-07-28 08:49:42
184213,2026-07-28 08:49:42
184214,2026-07-28 08:49:42
184215,2026-07-28 08:49:42
184216,2026-07-28 08:49:42
184217,2026-07-28 08:49:42
184218,2026-07-28 08:49:42
184219,2026-07-28 08:49:42
184220,2026-07-28 08:49:42
184221,2026-07-28 08:49:42
184222,2026-07-28 08:49:42
184223,2026-07-28 08:49:42
184224,2026-07-28 08:49:42
184225,2026-07-28 08:49:42
184226,2026-07-28 08:49:42
184227,2026-07-28 08:49:42
184228,2026-07-28 08:49:42
184229,2026-07-28 08:49:42
184230,2026-07-28 08:49:42
184231,2026-07-28 08:49:42
184232,2026-07-28 08:49:42
184233,2026-07-28 08:49:42
184234,2026-07-28 08:49:42
184235,2026-07-28 08:49:42
184236,2026-07-28 08:49:42
184237,2026-07-28 08:49:42
184238,2026-07-28 08:49:42
184239,2026-07-28 08:49:42
184240,2026-07-28 08:49:42
184241,2026-07-28 08:49:42
184242,2026-07-28 08:49:42
184243,2026-07-28 08:49:42
184244,2026-07-28 08:49:42
184245,2026-07-28 08:49:42
184246,2026-07-28 08:49:42
184247,2026-07-28 08:49:42
184248,2026-07-28 08:49:42
184249,2026-07-28 08:49:42
184250,2026-07-28 08:49:42
184251,2026-07-28 08:49:42
184252,2026-07-28 08:49:42
184253,2026-07-28 08:49:42
184254,2026-07-28 08:49:42
184255,2026-07-28 08:49:42
184256,2026-07-28 08:49:42
184257,2026-07-28 08:49:42
184258,2026-07-28 08:49:42
184259,2026-07-28 08:49:42
184260,2026-07-28 08:49:42
184261,2026-07-28 08:49:42
184262,2026-07-28 08:49:42
184263,2026-07-28 08:49:42
184264,2026-07-28 08:49:42
184265,2026-07-28 08:49:42
184266,2026-07-28 08:49:42
184267,2026-07-28 08:49:42
184268,2026-07-28 08:49:42
184269,2026-07-28 08:49:42
184270,2026-07-28 08:49:42
184271,2026-07-28 08:49:42
184272,2026-07-28 08:49:42
184273,2026-07-28 08:49:42
184274,2026-07-28 08:49:42
184275,2026-07-28 08:49:42
184276,2026-07-28 08:49:42
184277,2026-07-28 08:49:42
184278,2026-07-28 08:49:42
184279,2026-07-28 08:49:42
184280,2026-07-28 08:49:42
184281,2026-07-28 08:49:42
184282,2026-07-28 08:49:42
184283,2026-07-28 08:49:42
184284,2026-07-28 08:49:42
184285,2026-07-28 08:49:42
184286,2026-07-28 08:49:42
184287,2026-07-28 08:49:42
184288,2026-07-28 08:49:42
184289,2026-07-28 08:49:42
184290,2026-07-28 08:49:42
184291,2026-07-28 08:49:42
184292,2026-07-28 08:49:42
184293,2026-07-28 08:49:42
184294,2026-07-28 08:49:42
184295,2026-07-28 08:49:42
184296,2026-07-28 08:49:42
184297,2026-07-28 08:49:42
184298,2026-07-28 08:49:42
184299,2026-07-28 08:49:42
184300,2026-07-28 08:49:42
184301,2026-07-28 08:49:42
184302,2026-07-28 08:49:42
184303,2026-07-28 08:49:42
184304,2026-07-28 08:49:42
184305,2026-07-28 08:49:42
184306,2026-07-28 08:49:42
184307,2026-07-28 08:49:42
184308,2026-07-28 08:49:42
184309,2026-07-28 08:49:42
184310,2026-07-28 08:49:42
184311,2026-07-28 08:49:42
184312,2026-07-28 08:49:42
184313,2026-07-28 08:49:42
184314,2026-07-28 08:49:42
184315,2026-07-28 08:49:42
184316,2026-07-28 08:49:42
184317,2026-07-28 08:49:42
184318,2026-07-28 08:49:42
184319,2026-07-28 08:49:42
184320,2026-07-28 08:49:42
184321,2026-07-28 08:49:42
184322,2026-07-28 08:49:42
184323,2026-07-28 08:49:42
184324,2026-07-28 08:49:42
184325,2026-07-28 08:49:42
184326,2026-07-28 08:49:42
184327,2026-07-28 08:49:42
184328,2026-07-28 08:49:42
184329,2026-07-28 08:49:42
184330,2026-07-28 08:49:42
184331,2026-07-28 08:49:42
184332,2026-07-28 08:49:42
184333,2026-07-28 08:49:42
184334,2026-07-28 08:49:42
184335,2026-07-28 08:49:42
184336,2026-07-28 08:49:42
184337,2026-07-28 08:49:42
184338,2026-07-28 08:49:42
184339,2026-07-28 08:49:42
184340,2026-07-28 08:49:42
184341,2026-07-28 08:49:42
184342,2026-07-28 08:49:42
184343,2026-07-28 08:49:42
184344,2026-07-28 08:49:42
184345,2026-07-28 08:49:42
184346,2026-07-28 08:49:42
184347,2026-07-28 08:49:42
184348,2026-07-28 08:49:42
184349,2026-07-28 08:49:42
184350,2026-07-28 08:49:42
184351,2026-07-28 08:49:42
184352,2026-07-28 08:49:42
184353,2026-07-28 08:49:42
184354,2026-07-28 08:49:42
184355,2026-07-28 08:49:42
184356,2026-07-28 08:49:42
184357,2026-07-28 08:49:42
184358,2026-07-28 08:49:42
184359,2026-07-28 08:49:42
184360,2026-07-28 08:49:42
184361,2026-07-28 08:49:42
184362,2026-07-28 08:49:42
184363,2026-07-28 08:49:42
184364,2026-07-28 08:49:42
184365,2026-07-28 08:49:42
184366,2026-07-28 08:49:42
184367,2026-07-28 08:49:42
184368,2026-07-28 08:49:42
184369,2026-07-28 08:49:42
184370,2026-07-28 08:49:42
184371,2026-07-28 08:49:42
184372,2026-07-28 08:49:42
184373,2026-07-28 08:49:42
184374,2026-07-28 08:49:42
184375,2026-07-28 08:49:42
184376,2026-07-28 08:49:42
184377,2026-07-28 08:49:42
184378,2026-07-28 08:49:42
184379,2026-07-28 08:49:42
184380,2026-07-28 08:49:42
184381,2026-07-28 08:49:42
184382,2026-07-28 08:49:42
184383,2026-07-28 08:49:42
184384,2026-07-28 08:49:42
184385,2026-07-28 08:49:42
184386,2026-07-28 08:49:42
184387,2026-07-28 08:49:42
184388,2026-07-28 08:49:42
184389,2026-07-28 08:49:42
184390,2026-07-28 08:49:42
184391,2026-07-28 08:49:42
184392,2026-07-28 08:49:42
184393,2026-07-28 08:49:42
184394,2026-07-28 08:49:42
184395,2026-07-28 08:49:42
184396,2026-07-28 08:49:42
184397,2026-07-28 08:49:42
184398,2026-07-28 08:49:42
184399,2026-07-28 08:49:42
184400,2026-07-28 08:49:42
184401,2026-07-28 08:49:42
184402,2026-07-28 08:49:42
184403,2026-07-28 08:49:42
184404,2026-07-28 08:49:42
184405,2026-07-28 08:49:42
184406,2026-07-28 08:49:42
184407,2026-07-28 08:49:42
184408,2026-07-28 08:49:42
184409,2026-07-28 08:49:42
184410,2026-07-28 08:49:42
184411,2026-07-28 08:49:42
184412,2026-07-28 08:49:42
184413,2026-07-28 08:49:42
184414,2026-07-28 08:49:42
184415,2026-07-28 08:49:42
184416,2026-07-28 08:49:42
184417,2026-07-28 08:49:42
184418,2026-07-28 08:49:42
184419,2026-07-28 08:49:42
184420,2026-07-28 08:49:42
184421,2026-07-28 08:49:42
184422,2026-07-28 08:49:42
184423,2026-07-28 08:49:42
184424,2026-07-28 08:49:42
184425,2026-07-28 08:49:42
184426,2026-07-28 08:49:42
184427,2026-07-28 08:49:42
184428,2026-07-28 08:49:42
184429,2026-07-28 08:49:42
184430,2026-07-28 08:49:42
184431,2026-07-28 08:49:42
184432,2026-07-28 08:49:42
184433,2026-07-28 08:49:42
184434,2026-07-28 08:49:42
184435,2026-07-28 08:49:42
184436,2026-07-28 08:49:42
184437,2026-07-28 08:49:42
184438,2026-07-28 08:49:42
184439,2026-07-28 08:49:42
184440,2026-07-28 08:49:42
184441,2026-07-28 08:49:42
184442,2026-07-28 08:49:42
184443,2026-07-28 08:49:42
184444,2026-07-28 08:49:42
184445,2026-07-28 08:49:42
184446,2026-07-28 08:49:42
184447,2026-07-28 08:49:42
184448,2026-07-28 08:49:42
184449,2026-07-28 08:49:42
184450,2026-07-28 08:49:42
184451,2026-07-28 08:49:42
184452,2026-07-28 08:49:42
184453,2026-07-28 08:49:42
184454,2026-07-28 08:49:42
184455,2026-07-28 08:49:42
184456,2026-07-28 08:49:42
184457,2026-07-28 08:49:42
184458,2026-07-28 08:49:42
184459,2026-07-28 08:49:42
184460,2026-07-28 08:49:42
184461,2026-07-28 08:49:42
184462,2026-07-28 08:49:42
184463,2026-07-28 08:49:42
184464,2026-07-28 08:49:42
184465,2026-07-28 08:49:42
184466,2026-07-28 08:49:42
184467,2026-07-28 08:49:42
184468,2026-07-28 08:49:42
184469,2026-07-28 08:49:42
184470,2026-07-28 08:49:42
184471,2026-07-28 08:49:42
184472,2026-07-28 08:49:42
184473,2026-07-28 08:49:42
184474,2026-07-28 08:49:42
184475,2026-07-28 08:49:42
184476,2026-07-28 08:49:42
184477,2026-07-28 08:49:42
184478,2026-07-28 08:49:42
184479,2026-07-28 08:49:42
184480,2026-07-28 08:49:42
184481,2026-07-28 08:49:42
184482,2026-07-28 08:49:42
184483,2026-07-28 08:49:42
184484,2026-07-28 08:49:42
184485,2026-07-28 08:49:42
184486,2026-07-28 08:49:42
184487,2026-07-28 08:49:42
184488,2026-07-28 08:49:42
184489,2026-07-28 08:49:42
184490,2026-07-28 08:49:42
184491,2026-07-28 08:49:42
184492,2026-07-28 08:49:42
184493,2026-07-28 08:49:42
184494,2026-07-28 08:49:42
184495,2026-07-28 08:49:42
184496,2026-07-28 08:49:42
184497,2026-07-28 08:49:42
184498,2026-07-28 08:49:42
184499,2026-07-28 08:49:42
184500,2026-07-28 08:49:42
184501,2026-07-28 08:49:42
184502,2026-07-28 08:49:42
184503,2026-07-28 08:49:42
184504,2026-07-28 08:49:42
184505,2026-07-28 08:49:42
184506,2026-07-28 08:49:42
184507,2026-07-28 08:49:42
184508,2026-07-28 08:49:42
184509,2026-07-28 08:49:42
184510,2026-07-28 08:49:42
184511,2026-07-28 08:49:42
184512,2026-07-28 08:49:42
184513,2026-07-28 08:49:42
184514,2026-07-28 08:49:42
184515,2026-07-28 08:49:42
184516,2026-07-28 08:49:42
184517,2026-07-28 08:49:42
184518,2026-07-28 08:49:42
184519,2026-07-28 08:49:42
184520,2026-07-28 08:49:42
184521,2026-07-28 08:49:42
184522,2026-07-28 08:49:42
184523,2026-07-28 08:49:42
184524,2026-07-28 08:49:42
184525,2026-07-28 08:49:42
184526,2026-07-28 08:49:42
184527,2026-07-28 08:49:42
184528,2026-07-28 08:49:42
184529,2026-07-28 08:49:42
184530,2026-07-28 08:49:42
184531,2026-07-28 08:49:42
184532,2026-07-28 08:49:42
184533,2026-07-28 08:49:42
184534,2026-07-28 08:49:42
184535,2026-07-28 08:49:42
184536,2026-07-28 08:49:42
184537,2026-07-28 08:49:42
184538,2026-07-28 08:49:42
184539,2026-07-28 08:49:42
184540,2026-07-28 08:49:42
184541,2026-07-28 08:49:42
184542,2026-07-28 08:49:42
184543,2026-07-28 08:49:42
184544,2026-07-28 08:49:42
184545,2026-07-28 08:49:42
184546,2026-07-28 08:49:42
184547,2026-07-28 08:49:42
184548,2026-07-28 08:49:42
184549,2026-07-28 08:49:42
184550,2026-07-28 08:49:42
184551,2026-07-28 08:49:42
184552,2026-07-28 08:49:42
184553,2026-07-28 08:49:42
184554,2026-07-28 08:49:42
184555,2026-07-28 08:49:42
184556,2026-07-28 08:49:42
184557,2026-07-28 08:49:42
184558,2026-07-28 08:49:42
184559,2026-07-28 08:49:42
184560,2026-07-28 08:49:42
184561,2026-07-28 08:49:42
184562,2026-07-28 08:49:42
184563,2026-07-28 08:49:42
184564,2026-07-28 08:49:42
184565,2026-07-28 08:49:42
184566,2026-07-28 08:49:42
184567,2026-07-28 08:49:42
184568,2026-07-28 08:49:42
184569,2026-07-28 08:49:42
184570,2026-07-28 08:49:42
184571,2026-07-28 08:49:42
184572,2026-07-28 08:49:42
184573,2026-07-28 08:49:42
184574,2026-07-28 08:49:42
184575,2026-07-28 08:49:42
184576,2026-07-28 08:49:42
184577,2026-07-28 08:49:42
184578,2026-07-28 08:49:42
184579,2026-07-28 08:49:42
184580,2026-07-28 08:49:42
184581,2026-07-28 08:49:42
184582,2026-07-28 08:49:42
184583,2026-07-28 08:49:42
184584,2026-07-28 08:49:42
184585,2026-07-28 08:49:42
184586,2026-07-28 08:49:42
184587,2026-07-28 08:49:42
184588,2026-07-28 08:49:42
184589,2026-07-28 08:49:42
184590,2026-07-28 08:49:42
184591,2026-07-28 08:49:42
184592,2026-07-28 08:49:42
184593,2026-07-28 08:49:42
184594,2026-07-28 08:49:42
184595,2026-07-28 08:49:42
184596,2026-07-28 08:49:42
184597,2026-07-28 08:49:42
184598,2026-07-28 08:49:42
184599,2026-07-28 08:49:42
184600,2026-07-28 08:49:42
184601,2026-07-28 08:49:42
184602,2026-07-28 08:49:42
184603,2026-07-28 08:49:42
184604,2026-07-28 08:49:42
184605,2026-07-28 08:49:42
184606,2026-07-28 08:49:42
184607,2026-07-28 08:49:42
184608,2026-07-28 08:49:42
184609,2026-07-28 08:49:42
184610,2026-07-28 08:49:42
184611,2026-07-28 08:49:42
184612,2026-07-28 08:49:42
184613,2026-07-28 08:49:42
184614,2026-07-28 08:49:42
184615,2026-07-28 08:49:42
184616,2026-07-28 08:49:42
184617,2026-07-28 08:49:42
184618,2026-07-28 08:49:42
184619,2026-07-28 08:49:42
184620,2026-07-28 08:49:42
184621,2026-07-28 08:49:42
184622,2026-07-28 08:49:42
184623,2026-07-28 08:49:42
184624,2026-07-28 08:49:42
184625,2026-07-28 08:49:42
184626,2026-07-28 08:49:42
184627,2026-07-28 08:49:42
184628,2026-07-28 08:49:42
184629,2026-07-28 08:49:42
184630,2026-07-28 08:49:42
184631,2026-07-28 08:49:42
184632,2026-07-28 08:49:42
184633,2026-07-28 08:49:42
184634,2026-07-28 08:49:42
184635,2026-07-28 08:49:42
184636,2026-07-28 08:49:42
184637,2026-07-28 08:49:42
184638,2026-07-28 08:49:42
184639,2026-07-28 08:49:42
184640,2026-07-28 08:49:42
184641,2026-07-28 08:49:42
184642,2026-07-28 08:49:42
184643,2026-07-28 08:49:42
184644,2026-07-28 08:49:42
184645,2026-07-28 08:49:42
184646,2026-07-28 08:49:42
184647,2026-07-28 08:49:42
184648,2026-07-28 08:49:42
184649,2026-07-28 08:49:42
184650,2026-07-28 08:49:42
184651,2026-07-28 08:49:42
184652,2026-07-28 08:49:42
184653,2026-07-28 08:49:42
184654,2026-07-28 08:49:42
184655,2026-07-28 08:49:42
184656,2026-07-28 08:49:42
184657,2026-07-28 08:49:42
184658,2026-07-28 08:49:42
184659,2026-07-28 08:49:42
184660,2026-07-28 08:49:42
184661,2026-07-28 08:49:42
184662,2026-07-28 08:49:42
184663,2026-07-28 08:49:42
184664,2026-07-28 08:49:42
184665,2026-07-28 08:49:42
184666,2026-07-28 08:49:42
184667,2026-07-28 08:49:42
184668,2026-07-28 08:49:42
184669,2026-07-28 08:49:42
184670,2026-07-28 08:49:42
184671,2026-07-28 08:49:42
184672,2026-07-28 08:49:42
184673,2026-07-28 08:49:42
184674,2026-07-28 08:49:42
184675,2026-07-28 08:49:42
184676,2026-07-28 08:49:42
184677,2026-07-28 08:49:42
184678,2026-07-28 08:49:42
184679,2026-07-28 08:49:42
184680,2026-07-28 08:49:42
184681,2026-07-28 08:49:42
184682,2026-07-28 08:49:42
184683,2026-07-28 08:49:42
184684,2026-07-28 08:49:42
184685,2026-07-28 08:49:42
184686,2026-07-28 08:49:42
184687,2026-07-28 08:49:42
184688,2026-07-28 08:49:42
184689,2026-07-28 08:49:42
184690,2026-07-28 08:49:42
184691,2026-07-28 08:49:42
184692,2026-07-28 08:49:42
184693,2026-07-28 08:49:42
184694,2026-07-28 08:49:42
184695,2026-07-28 08:49:42
184696,2026-07-28 08:49:42
184697,2026-07-28 08:49:42
184698,2026-07-28 08:49:42
184699,2026-07-28 08:49:42
184700,2026-07-28 08:49:42
184701,2026-07-28 08:49:42
184702,2026-07-28 08:49:42
184703,2026-07-28 08:49:42
184704,2026-07-28 08:49:42
184705,2026-07-28 08:49:42
184706,2026-07-28 08:49:42
184707,2026-07-28 08:49:42
184708,2026-07-28 08:49:42
184709,2026-07-28 08:49:42
184710,2026-07-28 08:49:42
184711,2026-07-28 08:49:42
184712,2026-07-28 08:49:42
184713,2026-07-28 08:49:42
184714,2026-07-28 08:49:42
184715,2026-07-28 08:49:42
184716,2026-07-28 08:49:42
184717,2026-07-28 08:49:42
184718,2026-07-28 08:49:42
184719,2026-07-28 08:49:42
184720,2026-07-28 08:49:42
184721,2026-07-28 08:49:42
184722,2026-07-28 08:49:42
184723,2026-07-28 08:49:42
184724,2026-07-28 08:49:42
184725,2026-07-28 08:49:42
184726,2026-07-28 08:49:42
184727,2026-07-28 08:49:42
184728,2026-07-28 08:49:42
184729,2026-07-28 08:49:42
184730,2026-07-28 08:49:42
184731,2026-07-28 08:49:42
184732,2026-07-28 08:49:42
184733,2026-07-28 08:49:42
184734,2026-07-28 08:49:42
184735,2026-07-28 08:49:42
184736,2026-07-28 08:49:42
184737,2026-07-28 08:49:42
184738,2026-07-28 08:49:42
184739,2026-07-28 08:49:42
184740,2026-07-28 08:49:42
184741,2026-07-28 08:49:42
184742,2026-07-28 08:49:42
184743,2026-07-28 08:49:42
184744,2026-07-28 08:49:42
184745,2026-07-28 08:49:42
184746,2026-07-28 08:49:42
184747,2026-07-28 08:49:42
184748,2026-07-28 08:49:42
184749,2026-07-28 08:49:42
184750,2026-07-28 08:49:42
184751,2026-07-28 08:49:42
184752,2026-07-28 08:49:42
184753,2026-07-28 08:49:42
184754,2026-07-28 08:49:42
184755,2026-07-28 08:49:42
184756,2026-07-28 08:49:42
184757,2026-07-28 08:49:42
184758,2026-07-28 08:49:42
184759,2026-07-28 08:49:42
184760,2026-07-28 08:49:42
184761,2026-07-28 08:49:42
184762,2026-07-28 08:49:42
184763,2026-07-28 08:49:42
184764,2026-07-28 08:49:42
184765,2026-07-28 08:49:42
184766,2026-07-28 08:49:42
184767,2026-07-28 08:49:42
184768,2026-07-28 08:49:42
184769,2026-07-28 08:49:42
184770,2026-07-28 08:49:42
184771,2026-07-28 08:49:42
184772,2026-07-28 08:49:42
184773,2026-07-28 08:49:42
184774,2026-07-28 08:49:42
184775,2026-07-28 08:49:42
184776,2026-07-28 08:49:42
184777,2026-07-28 08:49:42
184778,2026-07-28 08:49:42
184779,2026-07-28 08:49:42
184780,2026-07-28 08:49:42
184781,2026-07-28 08:49:42
184782,2026-07-28 08:49:42
184783,2026-07-28 08:49:42
184784,2026-07-28 08:49:42
184785,2026-07-28 08:49:42
184786,2026-07-28 08:49:42
184787,2026-07-28 08:49:42
184788,2026-07-28 08:49:42
184789,2026-07-28 08:49:42
184790,2026-07-28 08:49:42
184791,2026-07-28 08:49:42
184792,2026-07-28 08:49:42
184793,2026-07-28 08:49:42
184794,2026-07-28 08:49:42
184795,2026-07-28 08:49:42
184796,2026-07-28 08:49:42
184797,2026-07-28 08:49:42
184798,2026-07-28 08:49:42
184799,2026-07-28 08:49:42
184800,2026-07-28 08:49:42
184801,2026-07-28 08:49:42
184802,2026-07-28 08:49:42
184803,2026-07-28 08:49:42
184804,2026-07-28 08:49:42
184805,2026-07-28 08:49:42
184806,2026-07-28 08:49:42
184807,2026-07-28 08:49:42
184808,2026-07-28 08:49:42
184809,2026-07-28 08:49:42
184810,2026-07-28 08:49:42
184811,2026-07-28 08:49:42
184812,2026-07-28 08:49:42
184813,2026-07-28 08:49:42
184814,2026-07-28 08:49:42
184815,2026-07-28 08:49:42
184816,2026-07-28 08:49:42
184817,2026-07-28 08:49:42
184818,2026-07-28 08:49:42
184819,2026-07-28 08:49:42
184820,2026-07-28 08:49:42
184821,2026-07-28 08:49:42
184822,2026-07-28 08:49:42
184823,2026-07-28 08:49:42
184824,2026-07-28 08:49:42
184825,2026-07-28 08:49:42
184826,2026-07-28 08:49:42
184827,2026-07-28 08:49:42
184828,2026-07-28 08:49:42
184829,2026-07-28 08:49:42
184830,2026-07-28 08:49:42
184831,2026-07-28 08:49:42
184832,2026-07-28 08:49:42
184833,2026-07-28 08:49:42
184834,2026-07-28 08:49:42
184835,2026-07-28 08:49:42
184836,2026-07-28 08:49:42
184837,2026-07-28 08:49:42
184838,2026-07-28 08:49:42
184839,2026-07-28 08:49:42
184840,2026-07-28 08:49:42
184841,2026-07-28 08:49:42
184842,2026-07-28 08:49:42
184843,2026-07-28 08:49:42
184844,2026-07-28 08:49:42
184845,2026-07-28 08:49:42
184846,2026-07-28 08:49:42
184847,2026-07-28 08:49:42
184848,2026-07-28 08:49:42
184849,2026-07-28 08:49:42
184850,2026-07-28 08:49:42
184851,2026-07-28 08:49:42
184852,2026-07-28 08:49:42
184853,2026-07-28 08:49:42
184854,2026-07-28 08:49:42
184855,2026-07-28 08:49:42
184856,2026-07-28 08:49:42
184857,2026-07-28 08:49:42
184858,2026-07-28 08:49:42
184859,2026-07-28 08:49:42
184860,2026-07-28 08:49:42
184861,2026-07-28 08:49:42
184862,2026-07-28 08:49:42
184863,2026-07-28 08:49:42
184864,2026-07-28 08:49:42
184865,2026-07-28 08:49:42
184866,2026-07-28 08:49:42
184867,2026-07-28 08:49:42
184868,2026-07-28 08:49:42
184869,2026-07-28 08:49:42
184870,2026-07-28 08:49:42
184871,2026-07-28 08:49:42
184872,2026-07-28 08:49:42
184873,2026-07-28 08:49:42
184874,2026-07-28 08:49:42
184875,2026-07-28 08:49:42
184876,2026-07-28 08:49:42
184877,2026-07-28 08:49:42
184878,2026-07-28 08:49:42
184879,2026-07-28 08:49:42
184880,2026-07-28 08:49:42
184881,2026-07-28 08:49:42
184882,2026-07-28 08:49:42
184883,2026-07-28 08:49:42
184884,2026-07-28 08:49:42
184885,2026-07-28 08:49:42
184886,2026-07-28 08:49:42
184887,2026-07-28 08:49:42
184888,2026-07-28 08:49:42
184889,2026-07-28 08:49:42
184890,2026-07-28 08:49:42
184891,2026-07-28 08:49:42
184892,2026-07-28 08:49:42
184893,2026-07-28 08:49:42
184894,2026-07-28 08:49:42
184895,2026-07-28 08:49:42
184896,2026-07-28 08:49:42
184897,2026-07-28 08:49:42
184898,2026-07-28 08:49:42
184899,2026-07-28 08:49:42
184900,2026-07-28 08:49:42
184901,2026-07-28 08:49:42
184902,2026-07-28 08:49:42
184903,2026-07-28 08:49:42
184904,2026-07-28 08:49:42
184905,2026-07-28 08:49:42
184906,2026-07-28 08:49:42
184907,2026-07-28 08:49:42
184908,2026-07-28 08:49:42
184909,2026-07-28 08:49:42
184910,2026-07-28 08:49:42
184911,2026-07-28 08:49:42
184912,2026-07-28 08:49:42
184913,2026-07-28 08:49:42
184914,2026-07-28 08:49:42
184915,2026-07-28 08:49:42
184916,2026-07-28 08:49:42
184917,2026-07-28 08:49:42
184918,2026-07-28 08:49:42
184919,2026-07-28 08:49:42
184920,2026-07-28 08:49:42
184921,2026-07-28 08:49:42
184922,2026-07-28 08:49:42
184923,2026-07-28 08:49:42
184924,2026-07-28 08:49:42
184925,2026-07-28 08:49:42
184926,2026-07-28 08:49:42
184927,2026-07-28 08:49:42
184928,2026-07-28 08:49:42
184929,2026-07-28 08:49:42
184930,2026-07-28 08:49:42
184931,2026-07-28 08:49:42
184932,2026-07-28 08:49:42
184933,2026-07-28 08:49:42
184934,2026-07-28 08:49:42
184935,2026-07-28 08:49:42
184936,2026-07-28 08:49:42
184937,2026-07-28 08:49:42
184938,2026-07-28 08:49:42
184939,2026-07-28 08:49:42
184940,2026-07-28 08:49:42
184941,2026-07-28 08:49:42
184942,2026-07-28 08:49:42
184943,2026-07-28 08:49:42
184944,2026-07-28 08:49:42
184945,2026-07-28 08:49:42
184946,2026-07-28 08:49:42
184947,2026-07-28 08:49:42
184948,2026-07-28 08:49:42
184949,2026-07-28 08:49:42
184950,2026-07-28 08:49:42
184951,2026-07-28 08:49:42
184952,2026-07-28 08:49:42
184953,2026-07-28 08:49:42
184954,2026-07-28 08:49:42
184955,2026-07-28 08:49:42
184956,2026-07-28 08:49:42
184957,2026-07-28 08:49:42
184958,2026-07-28 08:49:42
184959,2026-07-28 08:49:42
184960,2026-07-28 08:49:42
184961,2026-07-28 08:49:42
184962,2026-07-28 08:49:42
184963,2026-07-28 08:49:42
184964,2026-07-28 08:49:42
184965,2026-07-28 08:49:42
184966,2026-07-28 08:49:42
184967,2026-07-28 08:49:42
184968,2026-07-28 08:49:42
184969,2026-07-28 08:49:42
184970,2026-07-28 08:49:42
184971,2026-07-28 08:49:42
184972,2026-07-28 08:49:42
184973,2026-07-28 08:49:42
184974,2026-07-28 08:49:42
184975,2026-07-28 08:49:42
184976,2026-07-28 08:49:42
184977,2026-07-28 08:49:42
184978,2026-07-28 08:49:42
184979,2026-07-28 08:49:42
184980,2026-07-28 08:49:42
184981,2026-07-28 08:49:42
184982,2026-07-28 08:49:42
184983,2026-07-28 08:49:42
184984,2026-07-28 08:49:42
184985,2026-07-28 08:49:42
184986,2026-07-28 08:49:42
184987,2026-07-28 08:49:42
184988,2026-07-28 08:49:42
184989,2026-07-28 08:49:42
184990,2026-07-28 08:49:42
184991,2026-07-28 08:49:42
184992,2026-07-28 08:49:42
8062,2026-07-28 08:49:42
2785,2026-07-28 08:49:42
2795,2026-07-28 08:49:42
3718,2026-07-28 08:49:42
3724,2026-07-28 08:49:42
184993,2026-07-28 08:49:42
184994,2026-07-28 08:49:42
184995,2026-07-28 08:49:42
184996,2026-07-28 08:49:42
184997,2026-07-28 08:49:42
184998,2026-07-28 08:49:42
184999,2026-07-28 08:49:42
185000,2026-07-28 08:49:42
185001,2026-07-28 08:49:42
185002,2026-07-28 08:49:42
185003,2026-07-28 08:49:42
185004,2026-07-28 08:49:42
185005,2026-07-28 08:49:42
185006,2026-07-28 08:49:42
185007,2026-07-28 08:49:42
185008,2026-07-28 08:49:42
185009,2026-07-28 08:49:42
185010,2026-07-28 08:49:42
185011,2026-07-28 08:49:42
185012,2026-07-28 08:49:42
185013,2026-07-28 08:49:42
185014,2026-07-28 08:49:42
185015,2026-07-28 08:49:42
185016,2026-07-28 08:49:42
185017,2026-07-28 08:49:42
185018,2026-07-28 08:49:42
185019,2026-07-28 08:49:42
185020,2026-07-28 08:49:42
185021,2026-07-28 08:49:42
185022,2026-07-28 08:49:42
185023,2026-07-28 08:49:42
185024,2026-07-28 08:49:42
185025,2026-07-28 08:49:42
185026,2026-07-28 08:49:42
185027,2026-07-28 08:49:42
185028,2026-07-28 08:49:42
185029,2026-07-28 08:49:42
185030,2026-07-28 08:49:42
185031,2026-07-28 08:49:42
185032,2026-07-28 08:49:42
185033,2026-07-28 08:49:42
185034,2026-07-28 08:49:42
185035,2026-07-28 08:49:42
185036,2026-07-28 08:49:42
185037,2026-07-28 08:49:42
185038,2026-07-28 08:49:42
185039,2026-07-28 08:49:42
185040,2026-07-28 08:49:42
185041,2026-07-28 08:49:42
185042,2026-07-28 08:49:42
185043,2026-07-28 08:49:42
185044,2026-07-28 08:49:42
185045,2026-07-28 08:49:42
185046,2026-07-28 08:49:42
185047,2026-07-28 08:49:42
185048,2026-07-28 08:49:42
185049,2026-07-28 08:49:42
185050,2026-07-28 08:49:42
185051,2026-07-28 08:49:42
185052,2026-07-28 08:49:42
185053,2026-07-28 08:49:42
185054,2026-07-28 08:49:42
185055,2026-07-28 08:49:42
185056,2026-07-28 08:49:42
185057,2026-07-28 08:49:42
185058,2026-07-28 08:49:42
185059,2026-07-28 08:49:42
185060,2026-07-28 08:49:42
185061,2026-07-28 08:49:42
185062,2026-07-28 08:49:42
185063,2026-07-28 08:49:42
185064,2026-07-28 08:49:42
185065,2026-07-28 08:49:42
185066,2026-07-28 08:49:42
185067,2026-07-28 08:49:42
185068,2026-07-28 08:49:42
185069,2026-07-28 08:49:42
185070,2026-07-28 08:49:42
185071,2026-07-28 08:49:42
185072,2026-07-28 08:49:42
185073,2026-07-28 08:49:42
185074,2026-07-28 08:49:42
185075,2026-07-28 08:49:42
185076,2026-07-28 08:49:42
185077,2026-07-28 08:49:42
185078,2026-07-28 08:49:42
185079,2026-07-28 08:49:42
185080,2026-07-28 08:49:42
185081,2026-07-28 08:49:42
185082,2026-07-28 08:49:42
185083,2026-07-28 08:49:42
185084,2026-07-28 08:49:42
185085,2026-07-28 08:49:42
185086,2026-07-28 08:49:42
185087,2026-07-28 08:49:42
185088,2026-07-28 08:49:42
185089,2026-07-28 08:49:42
185090,2026-07-28 08:49:42
185091,2026-07-28 08:49:42
185092,2026-07-28 08:49:42
185093,2026-07-28 08:49:42
185094,2026-07-28 08:49:42
185095,2026-07-28 08:49:42
185096,2026-07-28 08:49:42
185097,2026-07-28 08:49:42
185098,2026-07-28 08:49:42
185099,2026-07-28 08:49:42
185100,2026-07-28 08:49:42
185101,2026-07-28 08:49:42
185102,2026-07-28 08:49:42
185103,2026-07-28 08:49:42
185104,2026-07-28 08:49:42
185105,2026-07-28 08:49:42
185106,2026-07-28 08:49:42
185107,2026-07-28 08:49:42
185108,2026-07-28 08:49:42
185109,2026-07-28 08:49:42
185110,2026-07-28 08:49:42
185111,2026-07-28 08:49:42
185112,2026-07-28 08:49:42
185113,2026-07-28 08:49:42
185114,2026-07-28 08:49:42
185115,2026-07-28 08:49:42
185116,2026-07-28 08:49:42
185117,2026-07-28 08:49:42
185118,2026-07-28 08:49:42
185119,2026-07-28 08:49:42
185120,2026-07-28 08:49:42
185121,2026-07-28 08:49:42
185122,2026-07-28 08:49:42
185123,2026-07-28 08:49:42
185124,2026-07-28 08:49:42
185125,2026-07-28 08:49:42
185126,2026-07-28 08:49:42
185127,2026-07-28 08:49:42
185128,2026-07-28 08:49:42
185129,2026-07-28 08:49:42
185130,2026-07-28 08:49:42
185131,2026-07-28 08:49:42
185132,2026-07-28 08:49:42
185133,2026-07-28 08:49:42
185134,2026-07-28 08:49:42
185135,2026-07-28 08:49:42
185136,2026-07-28 08:49:42
185137,2026-07-28 08:49:42
185138,2026-07-28 08:49:42
185139,2026-07-28 08:49:42
185140,2026-07-28 08:49:42
185141,2026-07-28 08:49:42
185142,2026-07-28 08:49:42
185143,2026-07-28 08:49:42
185144,2026-07-28 08:49:42
185145,2026-07-28 08:49:42
185146,2026-07-28 08:49:42
185147,2026-07-28 08:49:42
185148,2026-07-28 08:49:42
185149,2026-07-28 08:49:42
185150,2026-07-28 08:49:42
185151,2026-07-28 08:49:42
185152,2026-07-28 08:49:42
185153,2026-07-28 08:49:42
185154,2026-07-28 08:49:42
185155,2026-07-28 08:49:42
185156,2026-07-28 08:49:42
185157,2026-07-28 08:49:42
185158,2026-07-28 08:49:42
185159,2026-07-28 08:49:42
185160,2026-07-28 08:49:42
185161,2026-07-28 08:49:42
185162,2026-07-28 08:49:42
185163,2026-07-28 08:49:42
185164,2026-07-28 08:49:42
185165,2026-07-28 08:49:42
185166,2026-07-28 08:49:42
185167,2026-07-28 08:49:42
185168,2026-07-28 08:49:42
185169,2026-07-28 08:49:42
185170,2026-07-28 08:49:42
185171,2026-07-28 08:49:42
185172,2026-07-28 08:49:42
185173,2026-07-28 08:49:42
185174,2026-07-28 08:49:42
185175,2026-07-28 08:49:42
185176,2026-07-28 08:49:42
185177,2026-07-28 08:49:42
185178,2026-07-28 08:49:42
185179,2026-07-28 08:49:42
185180,2026-07-28 08:49:42
185181,2026-07-28 08:49:42
185182,2026-07-28 08:49:42
185183,2026-07-28 08:49:42
185184,2026-07-28 08:49:42
185185,2026-07-28 08:49:42
185186,2026-07-28 08:49:42
185187,2026-07-28 08:49:42
185188,2026-07-28 08:49:42
185189,2026-07-28 08:49:42
185190,2026-07-28 08:49:42
185191,2026-07-28 08:49:42
185192,2026-07-28 08:49:42
185193,2026-07-28 08:49:42
185194,2026-07-28 08:49:42
185195,2026-07-28 08:49:42
185196,2026-07-28 08:49:42
185197,2026-07-28 08:49:42
185198,2026-07-28 08:49:42
185199,2026-07-28 08:49:42
185200,2026-07-28 08:49:42
185201,2026-07-28 08:49:42
185202,2026-07-28 08:49:42
185203,2026-07-28 08:49:42
185204,2026-07-28 08:49:42
185205,2026-07-28 08:49:42
185206,2026-07-28 08:49:42
185207,2026-07-28 08:49:42
185208,2026-07-28 08:49:42
185209,2026-07-28 08:49:42
185210,2026-07-28 08:49:42
185211,2026-07-28 08:49:42
185212,2026-07-28 08:49:42
185213,2026-07-28 08:49:42
185214,2026-07-28 08:49:42
185215,2026-07-28 08:49:42
185216,2026-07-28 08:49:42
185217,2026-07-28 08:49:42
185218,2026-07-28 08:49:42
185219,2026-07-28 08:49:42
185220,2026-07-28 08:49:42
185221,2026-07-28 08:49:42
185222,2026-07-28 08:49:42
185223,2026-07-28 08:49:42
185224,2026-07-28 08:49:42
185225,2026-07-28 08:49:42
185226,2026-07-28 08:49:42
185227,2026-07-28 08:49:42
185228,2026-07-28 08:49:42
185229,2026-07-28 08:49:42
185230,2026-07-28 08:49:42
185231,2026-07-28 08:49:42
185232,2026-07-28 08:49:42
185233,2026-07-28 08:49:42
185234,2026-07-28 08:49:42
185235,2026-07-28 08:49:42
185236,2026-07-28 08:49:42
185237,2026-07-28 08:49:42
185238,2026-07-28 08:49:42
185239,2026-07-28 08:49:42
185240,2026-07-28 08:49:42
185241,2026-07-28 08:49:42
185242,2026-07-28 08:49:42
185243,2026-07-28 08:49:42
185244,2026-07-28 08:49:42
185245,2026-07-28 08:49:42
185246,2026-07-28 08:49:42
185247,2026-07-28 08:49:42
185248,2026-07-28 08:49:42
185249,2026-07-28 08:49:42
185250,2026-07-28 08:49:42
185251,2026-07-28 08:49:42
185252,2026-07-28 08:49:42
185253,2026-07-28 08:49:42
185254,2026-07-28 08:49:42
185255,2026-07-28 08:49:42
185256,2026-07-28 08:49:42
185257,2026-07-28 08:49:42
185258,2026-07-28 08:49:42
185259,2026-07-28 08:49:42
185260,2026-07-28 08:49:42
185261,2026-07-28 08:49:42
185262,2026-07-28 08:49:42
185263,2026-07-28 08:49:42
185264,2026-07-28 08:49:42
185265,2026-07-28 08:49:42
185266,2026-07-28 08:49:42
185267,2026-07-28 08:49:42
185268,2026-07-28 08:49:42
185269,2026-07-28 08:49:42
185270,2026-07-28 08:49:42
185271,2026-07-28 08:49:42
185272,2026-07-28 08:49:42
185273,2026-07-28 08:49:42
185274,2026-07-28 08:49:42
185275,2026-07-28 08:49:42
185276,2026-07-28 08:49:42
185277,2026-07-28 08:49:42
185278,2026-07-28 08:49:42
185279,2026-07-28 08:49:42
185280,2026-07-28 08:49:42
185281,2026-07-28 08:49:42
185282,2026-07-28 08:49:42
185283,2026-07-28 08:49:42
185284,2026-07-28 08:49:42
185285,2026-07-28 08:49:42
185286,2026-07-28 08:49:42
185287,2026-07-28 08:49:42
185288,2026-07-28 08:49:42
185289,2026-07-28 08:49:42
185290,2026-07-28 08:49:42
185291,2026-07-28 08:49:42
185292,2026-07-28 08:49:42
185293,2026-07-28 08:49:42
185294,2026-07-28 08:49:42
185295,2026-07-28 08:49:42
185296,2026-07-28 08:49:42
185297,2026-07-28 08:49:42
185298,2026-07-28 08:49:42
185299,2026-07-28 08:49:42
185300,2026-07-28 08:49:42
185301,2026-07-28 08:49:42
185302,2026-07-28 08:49:42
185303,2026-07-28 08:49:42
185304,2026-07-28 08:49:42
185305,2026-07-28 08:49:42
185306,2026-07-28 08:49:42
185307,2026-07-28 08:49:42
185308,2026-07-28 08:49:42
185309,2026-07-28 08:49:42
185310,2026-07-28 08:49:42
185311,2026-07-28 08:49:42
185312,2026-07-28 08:49:42
185313,2026-07-28 08:49:42
185314,2026-07-28 08:49:42
185315,2026-07-28 08:49:42
185316,2026-07-28 08:49:42
185317,2026-07-28 08:49:42
185318,2026-07-28 08:49:42
185319,2026-07-28 08:49:42
185320,2026-07-28 08:49:42
185321,2026-07-28 08:49:42
185322,2026-07-28 08:49:42
185323,2026-07-28 08:49:42
185324,2026-07-28 08:49:42
185325,2026-07-28 08:49:42
185326,2026-07-28 08:49:42
185327,2026-07-28 08:49:42
185328,2026-07-28 08:49:42
185329,2026-07-28 08:49:42
185330,2026-07-28 08:49:42
185331,2026-07-28 08:49:42
185332,2026-07-28 08:49:42
185333,2026-07-28 08:49:42
185334,2026-07-28 08:49:42
185335,2026-07-28 08:49:42
185336,2026-07-28 08:49:42
185337,2026-07-28 08:49:42
185338,2026-07-28 08:49:42
185339,2026-07-28 08:49:42
185340,2026-07-28 08:49:42
185341,2026-07-28 08:49:42
185342,2026-07-28 08:49:42
185343,2026-07-28 08:49:42
185344,2026-07-28 08:49:42
185345,2026-07-28 08:49:42
185346,2026-07-28 08:49:42
185347,2026-07-28 08:49:42
185348,2026-07-28 08:49:42
185349,2026-07-28 08:49:42
185350,2026-07-28 08:49:42
185351,2026-07-28 08:49:42
185352,2026-07-28 08:49:42
185353,2026-07-28 08:49:42
185354,2026-07-28 08:49:42
185355,2026-07-28 08:49:42
185356,2026-07-28 08:49:42
185357,2026-07-28 08:49:42
185358,2026-07-28 08:49:42
185359,2026-07-28 08:49:42
185360,2026-07-28 08:49:42
185361,2026-07-28 08:49:42
185362,2026-07-28 08:49:42
185363,2026-07-28 08:49:42
185364,2026-07-28 08:49:42
185365,2026-07-28 08:49:42
185366,2026-07-28 08:49:42
185367,2026-07-28 08:49:42
185368,2026-07-28 08:49:42
185369,2026-07-28 08:49:42
185370,2026-07-28 08:49:42
185371,2026-07-28 08:49:42
185372,2026-07-28 08:49:42
185373,2026-07-28 08:49:42
185374,2026-07-28 08:49:42
185375,2026-07-28 08:49:42
185376,2026-07-28 08:49:42
185377,2026-07-28 08:49:42
185378,2026-07-28 08:49:42
185379,2026-07-28 08:49:42
185380,2026-07-28 08:49:42
185381,2026-07-28 08:49:42
185382,2026-07-28 08:49:42
185383,2026-07-28 08:49:42
185384,2026-07-28 08:49:42
185385,2026-07-28 08:49:42
185386,2026-07-28 08:49:42
185387,2026-07-28 08:49:42
185388,2026-07-28 08:49:42
185389,2026-07-28 08:49:42
185390,2026-07-28 08:49:42
185391,2026-07-28 08:49:42
185392,2026-07-28 08:49:42
185393,2026-07-28 08:49:42
185394,2026-07-28 08:49:42
185395,2026-07-28 08:49:42
185396,2026-07-28 08:49:42
185397,2026-07-28 08:49:42
185398,2026-07-28 08:49:42
185399,2026-07-28 08:49:42
185400,2026-07-28 08:49:42
185401,2026-07-28 08:49:42
185402,2026-07-28 08:49:42
185403,2026-07-28 08:49:42
185404,2026-07-28 08:49:42
185405,2026-07-28 08:49:42
185406,2026-07-28 08:49:42
185407,2026-07-28 08:49:42
185408,2026-07-28 08:49:42
185409,2026-07-28 08:49:42
185410,2026-07-28 08:49:42
185411,2026-07-28 08:49:42
185412,2026-07-28 08:49:42
185413,2026-07-28 08:49:42
185414,2026-07-28 08:49:42
185415,2026-07-28 08:49:42
185416,2026-07-28 08:49:42
185417,2026-07-28 08:49:42
185418,2026-07-28 08:49:42
185419,2026-07-28 08:49:42
185420,2026-07-28 08:49:42
185421,2026-07-28 08:49:42
185422,2026-07-28 08:49:42
185423,2026-07-28 08:49:42
185424,2026-07-28 08:49:42
185425,2026-07-28 08:49:42
185426,2026-07-28 08:49:42
185427,2026-07-28 08:49:42
185428,2026-07-28 08:49:42
185429,2026-07-28 08:49:42
185430,2026-07-28 08:49:42
185431,2026-07-28 08:49:42
185432,2026-07-28 08:49:42
185433,2026-07-28 08:49:42
185434,2026-07-28 08:49:42
185435,2026-07-28 08:49:42
185436,2026-07-28 08:49:42
185437,2026-07-28 08:49:42
185438,2026-07-28 08:49:42
185439,2026-07-28 08:49:42
185440,2026-07-28 08:49:42
185441,2026-07-28 08:49:42
185442,2026-07-28 08:49:42
185443,2026-07-28 08:49:42
185444,2026-07-28 08:49:42
185445,2026-07-28 08:49:42
185446,2026-07-28 08:49:42
185447,2026-07-28 08:49:42
185448,2026-07-28 08:49:42
185449,2026-07-28 08:49:42
185450,2026-07-28 08:49:42
185451,2026-07-28 08:49:42
185452,2026-07-28 08:49:42
185453,2026-07-28 08:49:42
185454,2026-07-28 08:49:42
185455,2026-07-28 08:49:42
185456,2026-07-28 08:49:42
185457,2026-07-28 08:49:42
185458,2026-07-28 08:49:42
185459,2026-07-28 08:49:42
185460,2026-07-28 08:49:42
185461,2026-07-28 08:49:42
185462,2026-07-28 08:49:42
185463,2026-07-28 08:49:42
185464,2026-07-28 08:49:42
185465,2026-07-28 08:49:42
185466,2026-07-28 08:49:42
185467,2026-07-28 08:49:42
185468,2026-07-28 08:49:42
185469,2026-07-28 08:49:42
185470,2026-07-28 08:49:42
185471,2026-07-28 08:49:42
185472,2026-07-28 08:49:42
185473,2026-07-28 08:49:42
185474,2026-07-28 08:49:42
185475,2026-07-28 08:49:42
185476,2026-07-28 08:49:42
185477,2026-07-28 08:49:42
185478,2026-07-28 08:49:42
185479,2026-07-28 08:49:42
185480,2026-07-28 08:49:42
185481,2026-07-28 08:49:42
185482,2026-07-28 08:49:42
185483,2026-07-28 08:49:42
185484,2026-07-28 08:49:42
185485,2026-07-28 08:49:42
185486,2026-07-28 08:49:42
185487,2026-07-28 08:49:42
185488,2026-07-28 08:49:42
185489,2026-07-28 08:49:42
185490,2026-07-28 08:49:42
185491,2026-07-28 08:49:42
185492,2026-07-28 08:49:42
185493,2026-07-28 08:49:42
185494,2026-07-28 08:49:42
185495,2026-07-28 08:49:42
185496,2026-07-28 08:49:42
185497,2026-07-28 08:49:42
185498,2026-07-28 08:49:42
185499,2026-07-28 08:49:42
185500,2026-07-28 08:49:42
185501,2026-07-28 08:49:42
185502,2026-07-28 08:49:42
185503,2026-07-28 08:49:42
185504,2026-07-28 08:49:42
185505,2026-07-28 08:49:42
185506,2026-07-28 08:49:42
185507,2026-07-28 08:49:42
185508,2026-07-28 08:49:42
185509,2026-07-28 08:49:42
185510,2026-07-28 08:49:42
185511,2026-07-28 08:49:42
185512,2026-07-28 08:49:42
185513,2026-07-28 08:49:42
185514,2026-07-28 08:49:42
185515,2026-07-28 08:49:42
185516,2026-07-28 08:49:42
185517,2026-07-28 08:49:42
185518,2026-07-28 08:49:42
185519,2026-07-28 08:49:42
185520,2026-07-28 08:49:42
185521,2026-07-28 08:49:42
185522,2026-07-28 08:49:42
185523,2026-07-28 08:49:42
185524,2026-07-28 08:49:42
185525,2026-07-28 08:49:42
185526,2026-07-28 08:49:42
185527,2026-07-28 08:49:42
185528,2026-07-28 08:49:42
185529,2026-07-28 08:49:42
185530,2026-07-28 08:49:42
185531,2026-07-28 08:49:42
185532,2026-07-28 08:49:42
185533,2026-07-28 08:49:42
185534,2026-07-28 08:49:42
185535,2026-07-28 08:49:42
185536,2026-07-28 08:49:42
185537,2026-07-28 08:49:42
185538,2026-07-28 08:49:42
185539,2026-07-28 08:49:42
185540,2026-07-28 08:49:42
185541,2026-07-28 08:49:42
185542,2026-07-28 08:49:42
185543,2026-07-28 08:49:42
185544,2026-07-28 08:49:42
185545,2026-07-28 08:49:42
185546,2026-07-28 08:49:42
185547,2026-07-28 08:49:42
185548,2026-07-28 08:49:42
185549,2026-07-28 08:49:42
185550,2026-07-28 08:49:42
185551,2026-07-28 08:49:42
185552,2026-07-28 08:49:42
185553,2026-07-28 08:49:42
185554,2026-07-28 08:49:42
185555,2026-07-28 08:49:42
185556,2026-07-28 08:49:42
185557,2026-07-28 08:49:42
185558,2026-07-28 08:49:42
185559,2026-07-28 08:49:42
185560,2026-07-28 08:49:42
185561,2026-07-28 08:49:42
185562,2026-07-28 08:49:42
185563,2026-07-28 08:49:42
185564,2026-07-28 08:49:42
185565,2026-07-28 08:49:42
185566,2026-07-28 08:49:42
185567,2026-07-28 08:49:42
185568,2026-07-28 08:49:42
185569,2026-07-28 08:49:42
185570,2026-07-28 08:49:42
185571,2026-07-28 08:49:42
185572,2026-07-28 08:49:42
185573,2026-07-28 08:49:42
185574,2026-07-28 08:49:42
185575,2026-07-28 08:49:42
185576,2026-07-28 08:49:42
185577,2026-07-28 08:49:42
185578,2026-07-28 08:49:42
185579,2026-07-28 08:49:42
185580,2026-07-28 08:49:42
185581,2026-07-28 08:49:42
185582,2026-07-28 08:49:42
185583,2026-07-28 08:49:42
185584,2026-07-28 08:49:42
185585,2026-07-28 08:49:42
185586,2026-07-28 08:49:42
185587,2026-07-28 08:49:42
185588,2026-07-28 08:49:42
185589,2026-07-28 08:49:42
185590,2026-07-28 08:49:42
185591,2026-07-28 08:49:42
185592,2026-07-28 08:49:42
185593,2026-07-28 08:49:42
185594,2026-07-28 08:49:42
185595,2026-07-28 08:49:42
185596,2026-07-28 08:49:42
185597,2026-07-28 08:49:42
185598,2026-07-28 08:49:42
185599,2026-07-28 08:49:42
185600,2026-07-28 08:49:42
185601,2026-07-28 08:49:42
185602,2026-07-28 08:49:42
185603,2026-07-28 08:49:42
185604,2026-07-28 08:49:42
185605,2026-07-28 08:49:42
185606,2026-07-28 08:49:42
185607,2026-07-28 08:49:42
185608,2026-07-28 08:49:42
185609,2026-07-28 08:49:42
185610,2026-07-28 08:49:42
185611,2026-07-28 08:49:42
185612,2026-07-28 08:49:42
185613,2026-07-28 08:49:42
185614,2026-07-28 08:49:42
185615,2026-07-28 08:49:42
185616,2026-07-28 08:49:42
185617,2026-07-28 08:49:42
185618,2026-07-28 08:49:42
185619,2026-07-28 08:49:42
185620,2026-07-28 08:49:42
185621,2026-07-28 08:49:42
185622,2026-07-28 08:49:42
185623,2026-07-28 08:49:42
185624,2026-07-28 08:49:42
185625,2026-07-28 08:49:42
185626,2026-07-28 08:49:42
185627,2026-07-28 08:49:42
185628,2026-07-28 08:49:42
185629,2026-07-28 08:49:42
185630,2026-07-28 08:49:42
185631,2026-07-28 08:49:42
185632,2026-07-28 08:49:42
185633,2026-07-28 08:49:42
185634,2026-07-28 08:49:42
185635,2026-07-28 08:49:42
185636,2026-07-28 08:49:42
185637,2026-07-28 08:49:42
185638,2026-07-28 08:49:42
185639,2026-07-28 08:49:42
185640,2026-07-28 08:49:42
185641,2026-07-28 08:49:42
185642,2026-07-28 08:49:42
185643,2026-07-28 08:49:42
185644,2026-07-28 08:49:42
185645,2026-07-28 08:49:42
185646,2026-07-28 08:49:42
185647,2026-07-28 08:49:42
185648,2026-07-28 08:49:42
185649,2026-07-28 08:49:42
185650,2026-07-28 08:49:42
185651,2026-07-28 08:49:42
185652,2026-07-28 08:49:42
185653,2026-07-28 08:49:42
185654,2026-07-28 08:49:42
185655,2026-07-28 08:49:42
185656,2026-07-28 08:49:42
185657,2026-07-28 08:49:42
185658,2026-07-28 08:49:42
185659,2026-07-28 08:49:42
185660,2026-07-28 08:49:42
185661,2026-07-28 08:49:42
185662,2026-07-28 08:49:42
185663,2026-07-28 08:49:42
185664,2026-07-28 08:49:42
185665,2026-07-28 08:49:42
185666,2026-07-28 08:49:42
185667,2026-07-28 08:49:42
185668,2026-07-28 08:49:42
185669,2026-07-28 08:49:42
185670,2026-07-28 08:49:42
185671,2026-07-28 08:49:42
185672,2026-07-28 08:49:42
185673,2026-07-28 08:49:42
185674,2026-07-28 08:49:42
185675,2026-07-28 08:49:42
185676,2026-07-28 08:49:42
185677,2026-07-28 08:49:42
185678,2026-07-28 08:49:42
185679,2026-07-28 08:49:42
185680,2026-07-28 08:49:42
185681,2026-07-28 08:49:42
185682,2026-07-28 08:49:42
185683,2026-07-28 08:49:42
185684,2026-07-28 08:49:42
185685,2026-07-28 08:49:42
185686,2026-07-28 08:49:42
185687,2026-07-28 08:49:42
185688,2026-07-28 08:49:42
185689,2026-07-28 08:49:42
185690,2026-07-28 08:49:42
185691,2026-07-28 08:49:42
185692,2026-07-28 08:49:42
185693,2026-07-28 08:49:42
185694,2026-07-28 08:49:42
185695,2026-07-28 08:49:42
185696,2026-07-28 08:49:42
185697,2026-07-28 08:49:42
185698,2026-07-28 08:49:42
185699,2026-07-28 08:49:42
185700,2026-07-28 08:49:42
185701,2026-07-28 08:49:42
185702,2026-07-28 08:49:42
185703,2026-07-28 08:49:42
185704,2026-07-28 08:49:42
185705,2026-07-28 08:49:42
185706,2026-07-28 08:49:42
185707,2026-07-28 08:49:42
185708,2026-07-28 08:49:42
185709,2026-07-28 08:49:42
185710,2026-07-28 08:49:42
185711,2026-07-28 08:49:42
185712,2026-07-28 08:49:42
185713,2026-07-28 08:49:42
185714,2026-07-28 08:49:42
185715,2026-07-28 08:49:42
185716,2026-07-28 08:49:42
185717,2026-07-28 08:49:42
185718,2026-07-28 08:49:42
185719,2026-07-28 08:49:42
185720,2026-07-28 08:49:42
185721,2026-07-28 08:49:42
185722,2026-07-28 08:49:42
185723,2026-07-28 08:49:42
185724,2026-07-28 08:49:42
185725,2026-07-28 08:49:42
185726,2026-07-28 08:49:42
185727,2026-07-28 08:49:42
185728,2026-07-28 08:49:42
185729,2026-07-28 08:49:42
185730,2026-07-28 08:49:42
185731,2026-07-28 08:49:42
185732,2026-07-28 08:49:42
185733,2026-07-28 08:49:42
185734,2026-07-28 08:49:42
185735,2026-07-28 08:49:42
185736,2026-07-28 08:49:42
185737,2026-07-28 08:49:42
185738,2026-07-28 08:49:42
185739,2026-07-28 08:49:42
185740,2026-07-28 08:49:42
185741,2026-07-28 08:49:42
185742,2026-07-28 08:49:42
185743,2026-07-28 08:49:42
185744,2026-07-28 08:49:42
185745,2026-07-28 08:49:42
185746,2026-07-28 08:49:42
185747,2026-07-28 08:49:42
185748,2026-07-28 08:49:42
185749,2026-07-28 08:49:42
185750,2026-07-28 08:49:42
185751,2026-07-28 08:49:42
185752,2026-07-28 08:49:42
185753,2026-07-28 08:49:42
185754,2026-07-28 08:49:42
185755,2026-07-28 08:49:42
185756,2026-07-28 08:49:42
185757,2026-07-28 08:49:42
185758,2026-07-28 08:49:42
185759,2026-07-28 08:49:42
185760,2026-07-28 08:49:42
185761,2026-07-28 08:49:42
185762,2026-07-28 08:49:42
185763,2026-07-28 08:49:42
185764,2026-07-28 08:49:42
185765,2026-07-28 08:49:42
185766,2026-07-28 08:49:42
185767,2026-07-28 08:49:42
185768,2026-07-28 08:49:42
185769,2026-07-28 08:49:42
185770,2026-07-28 08:49:42
185771,2026-07-28 08:49:42
185772,2026-07-28 08:49:42
185773,2026-07-28 08:49:42
185774,2026-07-28 08:49:42
185775,2026-07-28 08:49:42
185776,2026-07-28 08:49:42
185777,2026-07-28 08:49:42
185778,2026-07-28 08:49:42
185779,2026-07-28 08:49:42
185780,2026-07-28 08:49:42
185781,2026-07-28 08:49:42
185782,2026-07-28 08:49:42
185783,2026-07-28 08:49:42
185784,2026-07-28 08:49:42
185785,2026-07-28 08:49:42
185786,2026-07-28 08:49:42
185787,2026-07-28 08:49:42
185788,2026-07-28 08:49:42
185789,2026-07-28 08:49:42
185790,2026-07-28 08:49:42
185791,2026-07-28 08:49:42
185792,2026-07-28 08:49:42
185793,2026-07-28 08:49:42
185794,2026-07-28 08:49:42
185795,2026-07-28 08:49:42
185796,2026-07-28 08:49:42
185797,2026-07-28 08:49:42
185798,2026-07-28 08:49:42
185799,2026-07-28 08:49:42
185800,2026-07-28 08:49:42
185801,2026-07-28 08:49:42
185802,2026-07-28 08:49:42
185803,2026-07-28 08:49:42
185804,2026-07-28 08:49:42
185805,2026-07-28 08:49:42
185806,2026-07-28 08:49:42
185807,2026-07-28 08:49:42
185808,2026-07-28 08:49:42
185809,2026-07-28 08:49:42
185810,2026-07-28 08:49:42
185811,2026-07-28 08:49:42
185812,2026-07-28 08:49:42
185813,2026-07-28 08:49:42
185814,2026-07-28 08:49:42
185815,2026-07-28 08:49:42
185816,2026-07-28 08:49:42
185817,2026-07-28 08:49:42
185818,2026-07-28 08:49:42
185819,2026-07-28 08:49:42
185820,2026-07-28 08:49:42
185821,2026-07-28 08:49:42
185822,2026-07-28 08:49:42
185823,2026-07-28 08:49:42
185824,2026-07-28 08:49:42
185825,2026-07-28 08:49:42
185826,2026-07-28 08:49:42
185827,2026-07-28 08:49:42
185828,2026-07-28 08:49:42
185829,2026-07-28 08:49:42
185830,2026-07-28 08:49:42
185831,2026-07-28 08:49:42
185832,2026-07-28 08:49:42
185833,2026-07-28 08:49:42
185834,2026-07-28 08:49:42
185835,2026-07-28 08:49:42
185836,2026-07-28 08:49:42
185837,2026-07-28 08:49:42
185838,2026-07-28 08:49:42
185839,2026-07-28 08:49:42
185840,2026-07-28 08:49:42
185841,2026-07-28 08:49:42
185842,2026-07-28 08:49:42
185843,2026-07-28 08:49:42
185844,2026-07-28 08:49:42
185845,2026-07-28 08:49:42
185846,2026-07-28 08:49:42
185847,2026-07-28 08:49:42
185848,2026-07-28 08:49:42
185849,2026-07-28 08:49:42
185850,2026-07-28 08:49:42
185851,2026-07-28 08:49:42
185852,2026-07-28 08:49:42
185853,2026-07-28 08:49:42
185854,2026-07-28 08:49:42
185855,2026-07-28 08:49:42
185856,2026-07-28 08:49:42
185857,2026-07-28 08:49:42
185858,2026-07-28 08:49:42
185859,2026-07-28 08:49:42
185860,2026-07-28 08:49:42
185861,2026-07-28 08:49:42
185862,2026-07-28 08:49:42
185863,2026-07-28 08:49:42
185864,2026-07-28 08:49:42
185865,2026-07-28 08:49:42
185866,2026-07-28 08:49:42
185867,2026-07-28 08:49:42
185868,2026-07-28 08:49:42
185869,2026-07-28 08:49:42
185870,2026-07-28 08:49:42
185871,2026-07-28 08:49:42
185872,2026-07-28 08:49:42
185873,2026-07-28 08:49:42
185874,2026-07-28 08:49:42
185875,2026-07-28 08:49:42
185876,2026-07-28 08:49:42
185877,2026-07-28 08:49:42
185878,2026-07-28 08:49:42
185879,2026-07-28 08:49:42
185880,2026-07-28 08:49:42
185881,2026-07-28 08:49:42
185882,2026-07-28 08:49:42
185883,2026-07-28 08:49:42
185884,2026-07-28 08:49:42
185885,2026-07-28 08:49:42
185886,2026-07-28 08:49:42
185887,2026-07-28 08:49:42
185888,2026-07-28 08:49:42
185889,2026-07-28 08:49:42
185890,2026-07-28 08:49:42
185891,2026-07-28 08:49:42
185892,2026-07-28 08:49:42
185893,2026-07-28 08:49:42
185894,2026-07-28 08:49:42
185895,2026-07-28 08:49:42
185896,2026-07-28 08:49:42
185897,2026-07-28 08:49:42
185898,2026-07-28 08:49:42
185899,2026-07-28 08:49:42
185900,2026-07-28 08:49:42
185901,2026-07-28 08:49:42
185902,2026-07-28 08:49:42
185903,2026-07-28 08:49:42
185904,2026-07-28 08:49:42
185905,2026-07-28 08:49:42
185906,2026-07-28 08:49:42
185907,2026-07-28 08:49:42
185908,2026-07-28 08:49:42
185909,2026-07-28 08:49:42
185910,2026-07-28 08:49:42
185911,2026-07-28 08:49:42
185912,2026-07-28 08:49:42
185913,2026-07-28 08:49:42
185914,2026-07-28 08:49:42
185915,2026-07-28 08:49:42
185916,2026-07-28 08:49:42
185917,2026-07-28 08:49:42
185918,2026-07-28 08:49:42
185919,2026-07-28 08:49:42
185920,2026-07-28 08:49:42
185921,2026-07-28 08:49:42
185922,2026-07-28 08:49:42
185923,2026-07-28 08:49:42
185924,2026-07-28 08:49:42
185925,2026-07-28 08:49:42
185926,2026-07-28 08:49:42
185927,2026-07-28 08:49:42
185928,2026-07-28 08:49:42
185929,2026-07-28 08:49:42
185930,2026-07-28 08:49:42
185931,2026-07-28 08:49:42
185932,2026-07-28 08:49:42
185933,2026-07-28 08:49:42
185934,2026-07-28 08:49:42
185935,2026-07-28 08:49:42
185936,2026-07-28 08:49:42
185937,2026-07-28 08:49:42
185938,2026-07-28 08:49:42
185939,2026-07-28 08:49:42
185940,2026-07-28 08:49:42
185941,2026-07-28 08:49:42
185942,2026-07-28 08:49:42
185943,2026-07-28 08:49:42
185944,2026-07-28 08:49:42
185945,2026-07-28 08:49:42
185946,2026-07-28 08:49:42
185947,2026-07-28 08:49:42
185948,2026-07-28 08:49:42
185949,2026-07-28 08:49:42
185950,2026-07-28 08:49:42
185951,2026-07-28 08:49:42
185952,2026-07-28 08:49:42
185953,2026-07-28 08:49:42
185954,2026-07-28 08:49:42
185955,2026-07-28 08:49:42
185956,2026-07-28 08:49:42
185957,2026-07-28 08:49:42
185958,2026-07-28 08:49:42
185959,2026-07-28 08:49:42
185960,2026-07-28 08:49:42
185961,2026-07-28 08:49:42
185962,2026-07-28 08:49:42
185963,2026-07-28 08:49:42
185964,2026-07-28 08:49:42
185965,2026-07-28 08:49:42
185966,2026-07-28 08:49:42
185967,2026-07-28 08:49:42
185968,2026-07-28 08:49:42
185969,2026-07-28 08:49:42
185970,2026-07-28 08:49:42
185971,2026-07-28 08:49:42
185972,2026-07-28 08:49:42
185973,2026-07-28 08:49:42
185974,2026-07-28 08:49:42
185975,2026-07-28 08:49:42
185976,2026-07-28 08:49:42
185977,2026-07-28 08:49:42
185978,2026-07-28 08:49:42
185979,2026-07-28 08:49:42
185980,2026-07-28 08:49:42
185981,2026-07-28 08:49:42
185982,2026-07-28 08:49:42
185983,2026-07-28 08:49:42
185984,2026-07-28 08:49:42
185985,2026-07-28 08:49:42
185986,2026-07-28 08:49:42
185987,2026-07-28 08:49:42
185988,2026-07-28 08:49:42
185989,2026-07-28 08:49:42
185990,2026-07-28 08:49:42
185991,2026-07-28 08:49:42
185992,2026-07-28 08:49:42
185993,2026-07-28 08:49:42
185994,2026-07-28 08:49:42
185995,2026-07-28 08:49:42
185996,2026-07-28 08:49:42
185997,2026-07-28 08:49:42
185998,2026-07-28 08:49:42
185999,2026-07-28 08:49:42
186000,2026-07-28 08:49:42
186001,2026-07-28 08:49:42
186002,2026-07-28 08:49:42
186003,2026-07-28 08:49:42
186004,2026-07-28 08:49:42
186005,2026-07-28 08:49:42
186006,2026-07-28 08:49:42
186007,2026-07-28 08:49:42
186008,2026-07-28 08:49:42
186009,2026-07-28 08:49:42
186010,2026-07-28 08:49:42
186011,2026-07-28 08:49:42
186012,2026-07-28 08:49:42
186013,2026-07-28 08:49:42
186014,2026-07-28 08:49:42
186015,2026-07-28 08:49:42
186016,2026-07-28 08:49:42
186017,2026-07-28 08:49:42
186018,2026-07-28 08:49:42
186019,2026-07-28 08:49:42
186020,2026-07-28 08:49:42
186021,2026-07-28 08:49:42
186022,2026-07-28 08:49:42
186023,2026-07-28 08:49:42
186024,2026-07-28 08:49:42
186025,2026-07-28 08:49:42
186026,2026-07-28 08:49:42
186027,2026-07-28 08:49:42
186028,2026-07-28 08:49:42
186029,2026-07-28 08:49:42
186030,2026-07-28 08:49:42
186031,2026-07-28 08:49:42
186032,2026-07-28 08:49:42
186033,2026-07-28 08:49:42
186034,2026-07-28 08:49:42
186035,2026-07-28 08:49:42
186036,2026-07-28 08:49:42
186037,2026-07-28 08:49:42
186038,2026-07-28 08:49:42
186039,2026-07-28 08:49:42
186040,2026-07-28 08:49:42
186041,2026-07-28 08:49:42
186042,2026-07-28 08:49:42
186043,2026-07-28 08:49:42
186044,2026-07-28 08:49:42
186045,2026-07-28 08:49:42
186046,2026-07-28 08:49:42
186047,2026-07-28 08:49:42
186048,2026-07-28 08:49:42
186049,2026-07-28 08:49:42
186050,2026-07-28 08:49:42
186051,2026-07-28 08:49:42
186052,2026-07-28 08:49:42
186053,2026-07-28 08:49:42
186054,2026-07-28 08:49:42
186055,2026-07-28 08:49:42
186056,2026-07-28 08:49:42
186057,2026-07-28 08:49:42
186058,2026-07-28 08:49:42
186059,2026-07-28 08:49:42
186060,2026-07-28 08:49:42
186061,2026-07-28 08:49:42
186062,2026-07-28 08:49:42
186063,2026-07-28 08:49:42
186064,2026-07-28 08:49:42
186065,2026-07-28 08:49:42
186066,2026-07-28 08:49:42
186067,2026-07-28 08:49:42
186068,2026-07-28 08:49:42
186069,2026-07-28 08:49:42
186070,2026-07-28 08:49:42
186071,2026-07-28 08:49:42
186072,2026-07-28 08:49:42
186073,2026-07-28 08:49:42
186074,2026-07-28 08:49:42
186075,2026-07-28 08:49:42
186076,2026-07-28 08:49:42
186077,2026-07-28 08:49:42
186078,2026-07-28 08:49:42
186079,2026-07-28 08:49:42
186080,2026-07-28 08:49:42
186081,2026-07-28 08:49:42
186082,2026-07-28 08:49:42
186083,2026-07-28 08:49:42
186084,2026-07-28 08:49:42
186085,2026-07-28 08:49:42
186086,2026-07-28 08:49:42
186087,2026-07-28 08:49:42
186088,2026-07-28 08:49:42
186089,2026-07-28 08:49:42
186090,2026-07-28 08:49:42
186091,2026-07-28 08:49:42
186092,2026-07-28 08:49:42
186093,2026-07-28 08:49:42
186094,2026-07-28 08:49:42
186095,2026-07-28 08:49:42
186096,2026-07-28 08:49:42
186097,2026-07-28 08:49:42
186098,2026-07-28 08:49:42
186099,2026-07-28 08:49:42
186100,2026-07-28 08:49:42
186101,2026-07-28 08:49:42
186102,2026-07-28 08:49:42
186103,2026-07-28 08:49:42
186104,2026-07-28 08:49:42
186105,2026-07-28 08:49:42
186106,2026-07-28 08:49:42
186107,2026-07-28 08:49:42
186108,2026-07-28 08:49:42
186109,2026-07-28 08:49:42
186110,2026-07-28 08:49:42
186111,2026-07-28 08:49:42
186112,2026-07-28 08:49:42
186113,2026-07-28 08:49:42
186114,2026-07-28 08:49:42
186115,2026-07-28 08:49:42
186116,2026-07-28 08:49:42
186117,2026-07-28 08:49:42
186118,2026-07-28 08:49:42
186119,2026-07-28 08:49:42
186120,2026-07-28 08:49:42
186121,2026-07-28 08:49:42
186122,2026-07-28 08:49:42
186123,2026-07-28 08:49:42
186124,2026-07-28 08:49:42
186125,2026-07-28 08:49:42
186126,2026-07-28 08:49:42
186127,2026-07-28 08:49:42
186128,2026-07-28 08:49:42
186129,2026-07-28 08:49:42
186130,2026-07-28 08:49:42
186131,2026-07-28 08:49:42
186132,2026-07-28 08:49:42
186133,2026-07-28 08:49:42
186134,2026-07-28 08:49:42
186135,2026-07-28 08:49:42
186136,2026-07-28 08:49:42
186137,2026-07-28 08:49:42
186138,2026-07-28 08:49:42
186139,2026-07-28 08:49:42
186140,2026-07-28 08:49:42
186141,2026-07-28 08:49:42
186142,2026-07-28 08:49:42
186143,2026-07-28 08:49:42
186144,2026-07-28 08:49:42
186145,2026-07-28 08:49:42
186146,2026-07-28 08:49:42
186147,2026-07-28 08:49:42
186148,2026-07-28 08:49:42
186149,2026-07-28 08:49:42
186150,2026-07-28 08:49:42
186151,2026-07-28 08:49:42
186152,2026-07-28 08:49:42
186153,2026-07-28 08:49:42
186154,2026-07-28 08:49:42
186155,2026-07-28 08:49:42
186156,2026-07-28 08:49:42
186157,2026-07-28 08:49:42
186158,2026-07-28 08:49:42
186159,2026-07-28 08:49:42
186160,2026-07-28 08:49:42
186161,2026-07-28 08:49:42
186162,2026-07-28 08:49:42
186163,2026-07-28 08:49:42
186164,2026-07-28 08:49:42
186165,2026-07-28 08:49:42
186166,2026-07-28 08:49:42
186167,2026-07-28 08:49:42
186168,2026-07-28 08:49:42
186169,2026-07-28 08:49:42
186170,2026-07-28 08:49:42
186171,2026-07-28 08:49:42
186172,2026-07-28 08:49:42
186173,2026-07-28 08:49:42
186174,2026-07-28 08:49:42
186175,2026-07-28 08:49:42
186176,2026-07-28 08:49:42
186177,2026-07-28 08:49:42
186178,2026-07-28 08:49:42
186179,2026-07-28 08:49:42
186180,2026-07-28 08:49:42
186181,2026-07-28 08:49:42
186182,2026-07-28 08:49:42
186183,2026-07-28 08:49:42
186184,2026-07-28 08:49:42
186185,2026-07-28 08:49:42
186186,2026-07-28 08:49:42
186187,2026-07-28 08:49:42
186188,2026-07-28 08:49:42
186189,2026-07-28 08:49:42
186190,2026-07-28 08:49:42
186191,2026-07-28 08:49:42
186192,2026-07-28 08:49:42
186193,2026-07-28 08:49:42
186194,2026-07-28 08:49:42
186195,2026-07-28 08:49:42
186196,2026-07-28 08:49:42
186197,2026-07-28 08:49:42
186198,2026-07-28 08:49:42
186199,2026-07-28 08:49:42
186200,2026-07-28 08:49:42
186201,2026-07-28 08:49:42
186202,2026-07-28 08:49:42
186203,2026-07-28 08:49:42
186204,2026-07-28 08:49:42
186205,2026-07-28 08:49:42
186206,2026-07-28 08:49:42
186207,2026-07-28 08:49:42
186208,2026-07-28 08:49:42
186209,2026-07-28 08:49:42
186210,2026-07-28 08:49:42
186211,2026-07-28 08:49:42
186212,2026-07-28 08:49:42
186213,2026-07-28 08:49:42
186214,2026-07-28 08:49:42
186215,2026-07-28 08:49:42
186216,2026-07-28 08:49:42
186217,2026-07-28 08:49:42
186218,2026-07-28 08:49:42
186219,2026-07-28 08:49:42
186220,2026-07-28 08:49:42
186221,2026-07-28 08:49:42
186222,2026-07-28 08:49:42
186223,2026-07-28 08:49:42
186224,2026-07-28 08:49:42
186225,2026-07-28 08:49:42
186226,2026-07-28 08:49:42
186227,2026-07-28 08:49:42
186228,2026-07-28 08:49:42
186229,2026-07-28 08:49:42
186230,2026-07-28 08:49:42
186231,2026-07-28 08:49:42
186232,2026-07-28 08:49:42
186233,2026-07-28 08:49:42
186234,2026-07-28 08:49:42
186235,2026-07-28 08:49:42
186236,2026-07-28 08:49:42
186237,2026-07-28 08:49:42
186238,2026-07-28 08:49:42
186239,2026-07-28 08:49:42
186240,2026-07-28 08:49:42
186241,2026-07-28 08:49:42
186242,2026-07-28 08:49:42
186243,2026-07-28 08:49:42
186244,2026-07-28 08:49:42
186245,2026-07-28 08:49:42
186246,2026-07-28 08:49:42
186247,2026-07-28 08:49:42
186248,2026-07-28 08:49:42
186249,2026-07-28 08:49:42
186250,2026-07-28 08:49:42
186251,2026-07-28 08:49:42
186252,2026-07-28 08:49:42
186253,2026-07-28 08:49:42
186254,2026-07-28 08:49:42
186255,2026-07-28 08:49:42
186256,2026-07-28 08:49:42
186257,2026-07-28 08:49:42
186258,2026-07-28 08:49:42
186259,2026-07-28 08:49:42
186260,2026-07-28 08:49:42
186261,2026-07-28 08:49:42
186262,2026-07-28 08:49:42
186263,2026-07-28 08:49:42
186264,2026-07-28 08:49:42
186265,2026-07-28 08:49:42
186266,2026-07-28 08:49:42
186267,2026-07-28 08:49:42
186268,2026-07-28 08:49:42
186269,2026-07-28 08:49:42
186270,2026-07-28 08:49:42
186271,2026-07-28 08:49:42
186272,2026-07-28 08:49:42
186273,2026-07-28 08:49:42
186274,2026-07-28 08:49:42
186275,2026-07-28 08:49:42
186276,2026-07-28 08:49:42
186277,2026-07-28 08:49:42
186278,2026-07-28 08:49:42
186279,2026-07-28 08:49:42
186280,2026-07-28 08:49:42
186281,2026-07-28 08:49:42
186282,2026-07-28 08:49:42
186283,2026-07-28 08:49:42
186284,2026-07-28 08:49:42
186285,2026-07-28 08:49:42
186286,2026-07-28 08:49:42
186287,2026-07-28 08:49:42
186288,2026-07-28 08:49:42
186289,2026-07-28 08:49:42
186290,2026-07-28 08:49:42
186291,2026-07-28 08:49:42
186292,2026-07-28 08:49:42
186293,2026-07-28 08:49:42
186294,2026-07-28 08:49:42
186295,2026-07-28 08:49:42
186296,2026-07-28 08:49:42
186297,2026-07-28 08:49:42
186298,2026-07-28 08:49:42
186299,2026-07-28 08:49:42
186300,2026-07-28 08:49:42
186301,2026-07-28 08:49:42
186302,2026-07-28 08:49:42
186303,2026-07-28 08:49:42
186304,2026-07-28 08:49:42
186305,2026-07-28 08:49:42
186306,2026-07-28 08:49:42
186307,2026-07-28 08:49:42
186308,2026-07-28 08:49:42
186309,2026-07-28 08:49:42
186310,2026-07-28 08:49:42
186311,2026-07-28 08:49:42
186312,2026-07-28 08:49:42
186313,2026-07-28 08:49:42
186314,2026-07-28 08:49:42
186315,2026-07-28 08:49:42
186316,2026-07-28 08:49:42
186317,2026-07-28 08:49:42
186318,2026-07-28 08:49:42
186319,2026-07-28 08:49:42
186320,2026-07-28 08:49:42
186321,2026-07-28 08:49:42
186322,2026-07-28 08:49:42
186323,2026-07-28 08:49:42
186324,2026-07-28 08:49:42
186325,2026-07-28 08:49:42
186326,2026-07-28 08:49:42
186327,2026-07-28 08:49:42
186328,2026-07-28 08:49:42
186329,2026-07-28 08:49:42
186330,2026-07-28 08:49:42
186331,2026-07-28 08:49:42
186332,2026-07-28 08:49:42
186333,2026-07-28 08:49:42
186334,2026-07-28 08:49:42
186335,2026-07-28 08:49:42
186336,2026-07-28 08:49:42
186337,2026-07-28 08:49:42
186338,2026-07-28 08:49:42
186339,2026-07-28 08:49:42
186340,2026-07-28 08:49:42
186341,2026-07-28 08:49:42
186342,2026-07-28 08:49:42
186343,2026-07-28 08:49:42
186344,2026-07-28 08:49:42
186345,2026-07-28 08:49:42
186346,2026-07-28 08:49:42
186347,2026-07-28 08:49:42
186348,2026-07-28 08:49:42
186349,2026-07-28 08:49:42
186350,2026-07-28 08:49:42
186351,2026-07-28 08:49:42
186352,2026-07-28 08:49:42
186353,2026-07-28 08:49:42
186354,2026-07-28 08:49:42
186355,2026-07-28 08:49:42
186356,2026-07-28 08:49:42
186357,2026-07-28 08:49:42
186358,2026-07-28 08:49:42
186359,2026-07-28 08:49:42
186360,2026-07-28 08:49:42
186361,2026-07-28 08:49:42
186362,2026-07-28 08:49:42
186363,2026-07-28 08:49:42
186364,2026-07-28 08:49:42
186365,2026-07-28 08:49:42
186366,2026-07-28 08:49:42
186367,2026-07-28 08:49:42
186368,2026-07-28 08:49:42
186369,2026-07-28 08:49:42
186370,2026-07-28 08:49:42
186371,2026-07-28 08:49:42
186372,2026-07-28 08:49:42
186373,2026-07-28 08:49:42
186374,2026-07-28 08:49:42
186375,2026-07-28 08:49:42
186376,2026-07-28 08:49:42
186377,2026-07-28 08:49:42
186378,2026-07-28 08:49:42
186379,2026-07-28 08:49:42
186380,2026-07-28 08:49:42
186381,2026-07-28 08:49:42
186382,2026-07-28 08:49:42
186383,2026-07-28 08:49:42
186384,2026-07-28 08:49:42
186385,2026-07-28 08:49:42
186386,2026-07-28 08:49:42
186387,2026-07-28 08:49:42
186388,2026-07-28 08:49:42
186389,2026-07-28 08:49:42
186390,2026-07-28 08:49:42
186391,2026-07-28 08:49:42
186392,2026-07-28 08:49:42
186393,2026-07-28 08:49:42
186394,2026-07-28 08:49:42
186395,2026-07-28 08:49:42
186396,2026-07-28 08:49:42
186397,2026-07-28 08:49:42
186398,2026-07-28 08:49:42
186399,2026-07-28 08:49:42
186400,2026-07-28 08:49:42
186401,2026-07-28 08:49:42
186402,2026-07-28 08:49:42
186403,2026-07-28 08:49:42
186404,2026-07-28 08:49:42
186405,2026-07-28 08:49:42
186406,2026-07-28 08:49:42
186407,2026-07-28 08:49:42
186408,2026-07-28 08:49:42
186409,2026-07-28 08:49:42
186410,2026-07-28 08:49:42
186411,2026-07-28 08:49:42
186412,2026-07-28 08:49:42
186413,2026-07-28 08:49:42
186414,2026-07-28 08:49:42
186415,2026-07-28 08:49:42
186416,2026-07-28 08:49:42
186417,2026-07-28 08:49:42
186418,2026-07-28 08:49:42
186419,2026-07-28 08:49:42
186420,2026-07-28 08:49:42
186421,2026-07-28 08:49:42
186422,2026-07-28 08:49:42
186423,2026-07-28 08:49:42
186424,2026-07-28 08:49:42
186425,2026-07-28 08:49:42
186426,2026-07-28 08:49:42
186427,2026-07-28 08:49:42
186428,2026-07-28 08:49:42
186429,2026-07-28 08:49:42
186430,2026-07-28 08:49:42
186431,2026-07-28 08:49:42
186432,2026-07-28 08:49:42
186433,2026-07-28 08:49:42
186434,2026-07-28 08:49:42
186435,2026-07-28 08:49:42
186436,2026-07-28 08:49:42
186437,2026-07-28 08:49:42
186438,2026-07-28 08:49:42
186439,2026-07-28 08:49:42
186440,2026-07-28 08:49:42
186441,2026-07-28 08:49:42
186442,2026-07-28 08:49:42
186443,2026-07-28 08:49:42
186444,2026-07-28 08:49:42
186445,2026-07-28 08:49:42
186446,2026-07-28 08:49:42
186447,2026-07-28 08:49:42
186448,2026-07-28 08:49:42
186449,2026-07-28 08:49:42
186450,2026-07-28 08:49:42
186451,2026-07-28 08:49:42
186452,2026-07-28 08:49:42
186453,2026-07-28 08:49:42
186454,2026-07-28 08:49:42
186455,2026-07-28 08:49:42
186456,2026-07-28 08:49:42
186457,2026-07-28 08:49:42
186458,2026-07-28 08:49:42
186459,2026-07-28 08:49:42
186460,2026-07-28 08:49:42
186461,2026-07-28 08:49:42
186462,2026-07-28 08:49:42
186463,2026-07-28 08:49:42
186464,2026-07-28 08:49:42
186465,2026-07-28 08:49:42
186466,2026-07-28 08:49:42
186467,2026-07-28 08:49:42
186468,2026-07-28 08:49:42
186469,2026-07-28 08:49:42
186470,2026-07-28 08:49:42
186471,2026-07-28 08:49:42
186472,2026-07-28 08:49:42
186473,2026-07-28 08:49:42
186474,2026-07-28 08:49:42
186475,2026-07-28 08:49:42
186476,2026-07-28 08:49:42
186477,2026-07-28 08:49:42
186478,2026-07-28 08:49:42
186479,2026-07-28 08:49:42
186480,2026-07-28 08:49:42
186481,2026-07-28 08:49:42
186482,2026-07-28 08:49:42
186483,2026-07-28 08:49:42
186484,2026-07-28 08:49:42
186485,2026-07-28 08:49:42
186486,2026-07-28 08:49:42
186487,2026-07-28 08:49:42
186488,2026-07-28 08:49:42
186489,2026-07-28 08:49:42
186490,2026-07-28 08:49:42
186491,2026-07-28 08:49:42
186492,2026-07-28 08:49:42
186493,2026-07-28 08:49:42
186494,2026-07-28 08:49:42
186495,2026-07-28 08:49:42
186496,2026-07-28 08:49:42
186497,2026-07-28 08:49:42
186498,2026-07-28 08:49:42
186499,2026-07-28 08:49:42
186500,2026-07-28 08:49:42
186501,2026-07-28 08:49:42
186502,2026-07-28 08:49:42
186503,2026-07-28 08:49:42
186504,2026-07-28 08:49:42
186505,2026-07-28 08:49:42
186506,2026-07-28 08:49:42
186507,2026-07-28 08:49:42
186508,2026-07-28 08:49:42
186509,2026-07-28 08:49:42
186510,2026-07-28 08:49:42
186511,2026-07-28 08:49:42
186512,2026-07-28 08:49:42
186513,2026-07-28 08:49:42
186514,2026-07-28 08:49:42
186515,2026-07-28 08:49:42
186516,2026-07-28 08:49:42
186517,2026-07-28 08:49:42
186518,2026-07-28 08:49:42
186519,2026-07-28 08:49:42
186520,2026-07-28 08:49:42
186521,2026-07-28 08:49:42
186522,2026-07-28 08:49:42
186523,2026-07-28 08:49:42
186524,2026-07-28 08:49:42
186525,2026-07-28 08:49:42
186526,2026-07-28 08:49:42
186527,2026-07-28 08:49:42
186528,2026-07-28 08:49:42
186529,2026-07-28 08:49:42
186530,2026-07-28 08:49:42
186531,2026-07-28 08:49:42
186532,2026-07-28 08:49:42
186533,2026-07-28 08:49:42
186534,2026-07-28 08:49:42
186535,2026-07-28 08:49:42
186536,2026-07-28 08:49:42
186537,2026-07-28 08:49:42
186538,2026-07-28 08:49:42
186539,2026-07-28 08:49:42
186540,2026-07-28 08:49:42
186541,2026-07-28 08:49:42
186542,2026-07-28 08:49:42
186543,2026-07-28 08:49:42
186544,2026-07-28 08:49:42
186545,2026-07-28 08:49:42
186546,2026-07-28 08:49:42
186547,2026-07-28 08:49:42
186548,2026-07-28 08:49:42
186549,2026-07-28 08:49:42
186550,2026-07-28 08:49:42
186551,2026-07-28 08:49:42
186552,2026-07-28 08:49:42
186553,2026-07-28 08:49:42
186554,2026-07-28 08:49:42
186555,2026-07-28 08:49:42
186556,2026-07-28 08:49:42
186557,2026-07-28 08:49:42
186558,2026-07-28 08:49:42
186559,2026-07-28 08:49:42
186560,2026-07-28 08:49:42
186561,2026-07-28 08:49:42
186562,2026-07-28 08:49:42
186563,2026-07-28 08:49:42
186564,2026-07-28 08:49:42
186565,2026-07-28 08:49:42
186566,2026-07-28 08:49:42
186567,2026-07-28 08:49:42
186568,2026-07-28 08:49:42
186569,2026-07-28 08:49:42
186570,2026-07-28 08:49:42
186571,2026-07-28 08:49:42
186572,2026-07-28 08:49:42
186573,2026-07-28 08:49:42
186574,2026-07-28 08:49:42
186575,2026-07-28 08:49:42
186576,2026-07-28 08:49:42
186577,2026-07-28 08:49:42
186578,2026-07-28 08:49:42
186579,2026-07-28 08:49:42
186580,2026-07-28 08:49:42
186581,2026-07-28 08:49:42
186582,2026-07-28 08:49:42
186583,2026-07-28 08:49:42
186584,2026-07-28 08:49:42
186585,2026-07-28 08:49:42
186586,2026-07-28 08:49:42
186587,2026-07-28 08:49:42
186588,2026-07-28 08:49:42
186589,2026-07-28 08:49:42
186590,2026-07-28 08:49:42
186591,2026-07-28 08:49:42
186592,2026-07-28 08:49:42
186593,2026-07-28 08:49:42
186594,2026-07-28 08:49:42
186595,2026-07-28 08:49:42
186596,2026-07-28 08:49:42
186597,2026-07-28 08:49:42
186598,2026-07-28 08:49:42
186599,2026-07-28 08:49:42
186600,2026-07-28 08:49:42
186601,2026-07-28 08:49:42
186602,2026-07-28 08:49:42
186603,2026-07-28 08:49:42
186604,2026-07-28 08:49:42
186605,2026-07-28 08:49:42
186606,2026-07-28 08:49:42
186607,2026-07-28 08:49:42
186608,2026-07-28 08:49:42
186609,2026-07-28 08:49:42
186610,2026-07-28 08:49:42
186611,2026-07-28 08:49:42
186612,2026-07-28 08:49:42
186613,2026-07-28 08:49:42
186614,2026-07-28 08:49:42
186615,2026-07-28 08:49:42
186616,2026-07-28 08:49:42
186617,2026-07-28 08:49:42
186618,2026-07-28 08:49:42
186619,2026-07-28 08:49:42
186620,2026-07-28 08:49:42
186621,2026-07-28 08:49:42
186622,2026-07-28 08:49:42
186623,2026-07-28 08:49:42
186624,2026-07-28 08:49:42
186625,2026-07-28 08:49:42
186626,2026-07-28 08:49:42
186627,2026-07-28 08:49:42
186628,2026-07-28 08:49:42
186629,2026-07-28 08:49:42
186630,2026-07-28 08:49:42
186631,2026-07-28 08:49:42
186632,2026-07-28 08:49:42
186633,2026-07-28 08:49:42
186634,2026-07-28 08:49:42
186635,2026-07-28 08:49:42
186636,2026-07-28 08:49:42
186637,2026-07-28 08:49:42
186638,2026-07-28 08:49:42
186639,2026-07-28 08:49:42
186640,2026-07-28 08:49:42
186641,2026-07-28 08:49:42
186642,2026-07-28 08:49:42
186643,2026-07-28 08:49:42
186644,2026-07-28 08:49:42
186645,2026-07-28 08:49:42
186646,2026-07-28 08:49:42
186647,2026-07-28 08:49:42
186648,2026-07-28 08:49:42
186649,2026-07-28 08:49:42
186650,2026-07-28 08:49:42
186651,2026-07-28 08:49:42
186652,2026-07-28 08:49:42
186653,2026-07-28 08:49:42
186654,2026-07-28 08:49:42
186655,2026-07-28 08:49:42
186656,2026-07-28 08:49:42
186657,2026-07-28 08:49:42
186658,2026-07-28 08:49:42
186659,2026-07-28 08:49:42
186660,2026-07-28 08:49:42
186661,2026-07-28 08:49:42
186662,2026-07-28 08:49:42
186663,2026-07-28 08:49:42
186664,2026-07-28 08:49:42
186665,2026-07-28 08:49:42
186666,2026-07-28 08:49:42
186667,2026-07-28 08:49:42
186668,2026-07-28 08:49:42
186669,2026-07-28 08:49:42
186670,2026-07-28 08:49:42
186671,2026-07-28 08:49:42
186672,2026-07-28 08:49:42
186673,2026-07-28 08:49:42
186674,2026-07-28 08:49:42
186675,2026-07-28 08:49:42
186676,2026-07-28 08:49:42
186677,2026-07-28 08:49:42
186678,2026-07-28 08:49:42
186679,2026-07-28 08:49:42
186680,2026-07-28 08:49:42
186681,2026-07-28 08:49:42
186682,2026-07-28 08:49:42
186683,2026-07-28 08:49:42
186684,2026-07-28 08:49:42
186685,2026-07-28 08:49:42
186686,2026-07-28 08:49:42
186687,2026-07-28 08:49:42
186688,2026-07-28 08:49:42
186689,2026-07-28 08:49:42
186690,2026-07-28 08:49:42
186691,2026-07-28 08:49:42
186692,2026-07-28 08:49:42
186693,2026-07-28 08:49:42
186694,2026-07-28 08:49:42
186695,2026-07-28 08:49:42
186696,2026-07-28 08:49:42
186697,2026-07-28 08:49:42
186698,2026-07-28 08:49:42
186699,2026-07-28 08:49:42
186700,2026-07-28 08:49:42
186701,2026-07-28 08:49:42
186702,2026-07-28 08:49:42
186703,2026-07-28 08:49:42
186704,2026-07-28 08:49:42
186705,2026-07-28 08:49:42
186706,2026-07-28 08:49:42
186707,2026-07-28 08:49:42
186708,2026-07-28 08:49:42
186709,2026-07-28 08:49:42
186710,2026-07-28 08:49:42
186711,2026-07-28 08:49:42
186712,2026-07-28 08:49:42
186713,2026-07-28 08:49:42
186714,2026-07-28 08:49:42
186715,2026-07-28 08:49:42
186716,2026-07-28 08:49:42
186717,2026-07-28 08:49:42
186718,2026-07-28 08:49:42
186719,2026-07-28 08:49:42
186720,2026-07-28 08:49:42
186721,2026-07-28 08:49:42
186722,2026-07-28 08:49:42
186723,2026-07-28 08:49:42
186724,2026-07-28 08:49:42
186725,2026-07-28 08:49:42
186726,2026-07-28 08:49:42
186727,2026-07-28 08:49:42
186728,2026-07-28 08:49:42
186729,2026-07-28 08:49:42
186730,2026-07-28 08:49:42
186731,2026-07-28 08:49:42
186732,2026-07-28 08:49:42
186733,2026-07-28 08:49:42
186734,2026-07-28 08:49:42
186735,2026-07-28 08:49:42
186736,2026-07-28 08:49:42
186737,2026-07-28 08:49:42
186738,2026-07-28 08:49:42
186739,2026-07-28 08:49:42
186740,2026-07-28 08:49:42
186741,2026-07-28 08:49:42
186742,2026-07-28 08:49:42
186743,2026-07-28 08:49:42
186744,2026-07-28 08:49:42
186745,2026-07-28 08:49:42
186746,2026-07-28 08:49:42
186747,2026-07-28 08:49:42
186748,2026-07-28 08:49:42
186749,2026-07-28 08:49:42
186750,2026-07-28 08:49:42
186751,2026-07-28 08:49:42
186752,2026-07-28 08:49:42
186753,2026-07-28 08:49:42
186754,2026-07-28 08:49:42
186755,2026-07-28 08:49:42
186756,2026-07-28 08:49:42
186757,2026-07-28 08:49:42
186758,2026-07-28 08:49:42
186759,2026-07-28 08:49:42
186760,2026-07-28 08:49:42
186761,2026-07-28 08:49:42
186762,2026-07-28 08:49:42
186763,2026-07-28 08:49:42
186764,2026-07-28 08:49:42
186765,2026-07-28 08:49:42
186766,2026-07-28 08:49:42
186767,2026-07-28 08:49:42
186768,2026-07-28 08:49:42
186769,2026-07-28 08:49:42
186770,2026-07-28 08:49:42
186771,2026-07-28 08:49:42
186772,2026-07-28 08:49:42
186773,2026-07-28 08:49:42
186774,2026-07-28 08:49:42
186775,2026-07-28 08:49:42
186776,2026-07-28 08:49:42
186777,2026-07-28 08:49:42
186778,2026-07-28 08:49:42
186779,2026-07-28 08:49:42
186780,2026-07-28 08:49:42
186781,2026-07-28 08:49:42
186782,2026-07-28 08:49:42
186783,2026-07-28 08:49:42
186784,2026-07-28 08:49:42
186785,2026-07-28 08:49:42
186786,2026-07-28 08:49:42
186787,2026-07-28 08:49:42
186788,2026-07-28 08:49:42
186789,2026-07-28 08:49:42
186790,2026-07-28 08:49:42
186791,2026-07-28 08:49:42
186792,2026-07-28 08:49:42
186793,2026-07-28 08:49:42
186794,2026-07-28 08:49:42
186795,2026-07-28 08:49:42
186796,2026-07-28 08:49:42
186797,2026-07-28 08:49:42
186798,2026-07-28 08:49:42
186799,2026-07-28 08:49:42
186800,2026-07-28 08:49:42
186801,2026-07-28 08:49:42
186802,2026-07-28 08:49:42
186803,2026-07-28 08:49:42
186804,2026-07-28 08:49:42
186805,2026-07-28 08:49:42
186806,2026-07-28 08:49:42
186807,2026-07-28 08:49:42
186808,2026-07-28 08:49:42
186809,2026-07-28 08:49:42
186810,2026-07-28 08:49:42
186811,2026-07-28 08:49:42
186812,2026-07-28 08:49:42
186813,2026-07-28 08:49:42
186814,2026-07-28 08:49:42
186815,2026-07-28 08:49:42
186816,2026-07-28 08:49:42
186817,2026-07-28 08:49:42
186818,2026-07-28 08:49:42
186819,2026-07-28 08:49:42
186820,2026-07-28 08:49:42
186821,2026-07-28 08:49:42
186822,2026-07-28 08:49:42
186823,2026-07-28 08:49:42
186824,2026-07-28 08:49:42
186825,2026-07-28 08:49:42
186826,2026-07-28 08:49:42
186827,2026-07-28 08:49:42
186828,2026-07-28 08:49:42
186829,2026-07-28 08:49:42
186830,2026-07-28 08:49:42
186831,2026-07-28 08:49:42
186832,2026-07-28 08:49:42
186833,2026-07-28 08:49:42
186834,2026-07-28 08:49:42
186835,2026-07-28 08:49:42
186836,2026-07-28 08:49:42
186837,2026-07-28 08:49:42
186838,2026-07-28 08:49:42
186839,2026-07-28 08:49:42
186840,2026-07-28 08:49:42
186841,2026-07-28 08:49:42
186842,2026-07-28 08:49:42
186843,2026-07-28 08:49:42
186844,2026-07-28 08:49:42
186845,2026-07-28 08:49:42
186846,2026-07-28 08:49:42
186847,2026-07-28 08:49:42
186848,2026-07-28 08:49:42
186849,2026-07-28 08:49:42
186850,2026-07-28 08:49:42
186851,2026-07-28 08:49:42
186852,2026-07-28 08:49:42
186853,2026-07-28 08:49:42
186854,2026-07-28 08:49:42
186855,2026-07-28 08:49:42
186856,2026-07-28 08:49:42
186857,2026-07-28 08:49:42
186858,2026-07-28 08:49:42
186859,2026-07-28 08:49:42
186860,2026-07-28 08:49:42
186861,2026-07-28 08:49:42
186862,2026-07-28 08:49:42
186863,2026-07-28 08:49:42
186864,2026-07-28 08:49:42
186865,2026-07-28 08:49:42
186866,2026-07-28 08:49:42
186867,2026-07-28 08:49:42
186868,2026-07-28 08:49:42
186869,2026-07-28 08:49:42
186870,2026-07-28 08:49:42
186871,2026-07-28 08:49:42
186872,2026-07-28 08:49:42
186873,2026-07-28 08:49:42
186874,2026-07-28 08:49:42
186875,2026-07-28 08:49:42
186876,2026-07-28 08:49:42
186877,2026-07-28 08:49:42
186878,2026-07-28 08:49:42
186879,2026-07-28 08:49:42
186880,2026-07-28 08:49:42
186881,2026-07-28 08:49:42
186882,2026-07-28 08:49:42
186883,2026-07-28 08:49:42
186884,2026-07-28 08:49:42
186885,2026-07-28 08:49:42
186886,2026-07-28 08:49:42
186887,2026-07-28 08:49:42
186888,2026-07-28 08:49:42
186889,2026-07-28 08:49:42
186890,2026-07-28 08:49:42
186891,2026-07-28 08:49:42
186892,2026-07-28 08:49:42
186893,2026-07-28 08:49:42
186894,2026-07-28 08:49:42
186895,2026-07-28 08:49:42
186896,2026-07-28 08:49:42
186897,2026-07-28 08:49:42
186898,2026-07-28 08:49:42
186899,2026-07-28 08:49:42
186900,2026-07-28 08:49:42
186901,2026-07-28 08:49:42
186902,2026-07-28 08:49:42
186903,2026-07-28 08:49:42
186904,2026-07-28 08:49:42
186905,2026-07-28 08:49:42
186906,2026-07-28 08:49:42
186907,2026-07-28 08:49:42
186908,2026-07-28 08:49:42
186909,2026-07-28 08:49:42
186910,2026-07-28 08:49:42
186911,2026-07-28 08:49:42
186912,2026-07-28 08:49:42
186913,2026-07-28 08:49:42
186914,2026-07-28 08:49:42
186915,2026-07-28 08:49:42
186916,2026-07-28 08:49:42
186917,2026-07-28 08:49:42
186918,2026-07-28 08:49:42
186919,2026-07-28 08:49:42
186920,2026-07-28 08:49:42
186921,2026-07-28 08:49:42
186922,2026-07-28 08:49:42
186923,2026-07-28 08:49:42
186924,2026-07-28 08:49:42
186925,2026-07-28 08:49:42
186926,2026-07-28 08:49:42
186927,2026-07-28 08:49:42
186928,2026-07-28 08:49:42
186929,2026-07-28 08:49:42
186930,2026-07-28 08:49:42
186931,2026-07-28 08:49:42
186932,2026-07-28 08:49:42
186933,2026-07-28 08:49:42
186934,2026-07-28 08:49:42
186935,2026-07-28 08:49:42
186936,2026-07-28 08:49:42
186937,2026-07-28 08:49:42
186938,2026-07-28 08:49:42
186939,2026-07-28 08:49:42
186940,2026-07-28 08:49:42
186941,2026-07-28 08:49:42
186942,2026-07-28 08:49:42
186943,2026-07-28 08:49:42
186944,2026-07-28 08:49:42
186945,2026-07-28 08:49:42
186946,2026-07-28 08:49:42
186947,2026-07-28 08:49:42
186948,2026-07-28 08:49:42
186949,2026-07-28 08:49:42
186950,2026-07-28 08:49:42
186951,2026-07-28 08:49:42
186952,2026-07-28 08:49:42
186953,2026-07-28 08:49:42
186954,2026-07-28 08:49:42
186955,2026-07-28 08:49:42
186956,2026-07-28 08:49:42
186957,2026-07-28 08:49:42
186958,2026-07-28 08:49:42
186959,2026-07-28 08:49:42
186960,2026-07-28 08:49:42
186961,2026-07-28 08:49:42
186962,2026-07-28 08:49:42
186963,2026-07-28 08:49:42
186964,2026-07-28 08:49:42
186965,2026-07-28 08:49:42
186966,2026-07-28 08:49:42
186967,2026-07-28 08:49:42
186968,2026-07-28 08:49:42
186969,2026-07-28 08:49:42
186970,2026-07-28 08:49:42
186971,2026-07-28 08:49:42
186972,2026-07-28 08:49:42
186973,2026-07-28 08:49:42
186974,2026-07-28 08:49:42
186975,2026-07-28 08:49:42
186976,2026-07-28 08:49:42
186977,2026-07-28 08:49:42
186978,2026-07-28 08:49:42
186979,2026-07-28 08:49:42
186980,2026-07-28 08:49:42
186981,2026-07-28 08:49:42
186982,2026-07-28 08:49:42
186983,2026-07-28 08:49:42
186984,2026-07-28 08:49:42
186985,2026-07-28 08:49:42
186986,2026-07-28 08:49:42
186987,2026-07-28 08:49:42
186988,2026-07-28 08:49:42
186989,2026-07-28 08:49:42
186990,2026-07-28 08:49:42
186991,2026-07-28 08:49:42
186992,2026-07-28 08:49:42
186993,2026-07-28 08:49:42
186994,2026-07-28 08:49:42
186995,2026-07-28 08:49:42
186996,2026-07-28 08:49:42
186997,2026-07-28 08:49:42
186998,2026-07-28 08:49:42
186999,2026-07-28 08:49:42
187000,2026-07-28 08:49:42
187001,2026-07-28 08:49:42
187002,2026-07-28 08:49:42
187003,2026-07-28 08:49:42
187004,2026-07-28 08:49:42
187005,2026-07-28 08:49:42
187006,2026-07-28 08:49:42
187007,2026-07-28 08:49:42
187008,2026-07-28 08:49:42
187009,2026-07-28 08:49:42
187010,2026-07-28 08:49:42
187011,2026-07-28 08:49:42
187012,2026-07-28 08:49:42
187013,2026-07-28 08:49:42
187014,2026-07-28 08:49:42
187015,2026-07-28 08:49:42
187016,2026-07-28 08:49:42
187017,2026-07-28 08:49:42
187018,2026-07-28 08:49:42
187019,2026-07-28 08:49:42
187020,2026-07-28 08:49:42
187021,2026-07-28 08:49:42
187022,2026-07-28 08:49:42
187023,2026-07-28 08:49:42
187024,2026-07-28 08:49:42
187025,2026-07-28 08:49:42
187026,2026-07-28 08:49:42
187027,2026-07-28 08:49:42
187028,2026-07-28 08:49:42
187029,2026-07-28 08:49:42
187030,2026-07-28 08:49:42
187031,2026-07-28 08:49:42
187032,2026-07-28 08:49:42
187033,2026-07-28 08:49:42
187034,2026-07-28 08:49:42
187035,2026-07-28 08:49:42
187036,2026-07-28 08:49:42
187037,2026-07-28 08:49:42
187038,2026-07-28 08:49:42
187039,2026-07-28 08:49:42
187040,2026-07-28 08:49:42
187041,2026-07-28 08:49:42
187042,2026-07-28 08:49:42
187043,2026-07-28 08:49:42
187044,2026-07-28 08:49:42
187045,2026-07-28 08:49:42
187046,2026-07-28 08:49:42
187047,2026-07-28 08:49:42
187048,2026-07-28 08:49:42
187049,2026-07-28 08:49:42
187050,2026-07-28 08:49:42
187051,2026-07-28 08:49:42
187052,2026-07-28 08:49:42
187053,2026-07-28 08:49:42
187054,2026-07-28 08:49:42
187055,2026-07-28 08:49:42
187056,2026-07-28 08:49:42
187057,2026-07-28 08:49:42
187058,2026-07-28 08:49:42
187059,2026-07-28 08:49:42
187060,2026-07-28 08:49:42
187061,2026-07-28 08:49:42
187062,2026-07-28 08:49:42
187063,2026-07-28 08:49:42
187064,2026-07-28 08:49:42
187065,2026-07-28 08:49:42
187066,2026-07-28 08:49:42
187067,2026-07-28 08:49:42
187068,2026-07-28 08:49:42
187069,2026-07-28 08:49:42
187070,2026-07-28 08:49:42
187071,2026-07-28 08:49:42
187072,2026-07-28 08:49:42
187073,2026-07-28 08:49:42
187074,2026-07-28 08:49:42
187075,2026-07-28 08:49:42
187076,2026-07-28 08:49:42
187077,2026-07-28 08:49:42
187078,2026-07-28 08:49:42
187079,2026-07-28 08:49:42
187080,2026-07-28 08:49:42
187081,2026-07-28 08:49:42
187082,2026-07-28 08:49:42
187083,2026-07-28 08:49:42
187084,2026-07-28 08:49:42
187085,2026-07-28 08:49:42
187086,2026-07-28 08:49:42
187087,2026-07-28 08:49:42
187088,2026-07-28 08:49:42
187089,2026-07-28 08:49:42
187090,2026-07-28 08:49:42
187091,2026-07-28 08:49:42
187092,2026-07-28 08:49:42
187093,2026-07-28 08:49:42
187094,2026-07-28 08:49:42
187095,2026-07-28 08:49:42
187096,2026-07-28 08:49:42
187097,2026-07-28 08:49:42
187098,2026-07-28 08:49:42
187099,2026-07-28 08:49:42
187100,2026-07-28 08:49:42
187101,2026-07-28 08:49:42
187102,2026-07-28 08:49:42
187103,2026-07-28 08:49:42
187104,2026-07-28 08:49:42
187105,2026-07-28 08:49:42
187106,2026-07-28 08:49:42
187107,2026-07-28 08:49:42
187108,2026-07-28 08:49:42
187109,2026-07-28 08:49:42
187110,2026-07-28 08:49:42
187111,2026-07-28 08:49:42
187112,2026-07-28 08:49:42
187113,2026-07-28 08:49:42
187114,2026-07-28 08:49:42
187115,2026-07-28 08:49:42
187116,2026-07-28 08:49:42
187117,2026-07-28 08:49:42
187118,2026-07-28 08:49:42
187119,2026-07-28 08:49:42
187120,2026-07-28 08:49:42
187121,2026-07-28 08:49:42
187122,2026-07-28 08:49:42
187123,2026-07-28 08:49:42
187124,2026-07-28 08:49:42
187125,2026-07-28 08:49:42
187126,2026-07-28 08:49:42
187127,2026-07-28 08:49:42
187128,2026-07-28 08:49:42
187129,2026-07-28 08:49:42
187130,2026-07-28 08:49:42
187131,2026-07-28 08:49:42
187132,2026-07-28 08:49:42
187133,2026-07-28 08:49:42
187134,2026-07-28 08:49:42
187135,2026-07-28 08:49:42
187136,2026-07-28 08:49:42
187137,2026-07-28 08:49:42
187138,2026-07-28 08:49:42
187139,2026-07-28 08:49:42
187140,2026-07-28 08:49:42
187141,2026-07-28 08:49:42
187142,2026-07-28 08:49:42
187143,2026-07-28 08:49:42
187144,2026-07-28 08:49:42
187145,2026-07-28 08:49:42
187146,2026-07-28 08:49:42
187147,2026-07-28 08:49:42
187148,2026-07-28 08:49:42
187149,2026-07-28 08:49:42
187150,2026-07-28 08:49:42
187151,2026-07-28 08:49:42
187152,2026-07-28 08:49:42
187153,2026-07-28 08:49:42
187154,2026-07-28 08:49:42
187155,2026-07-28 08:49:42
187156,2026-07-28 08:49:42
187157,2026-07-28 08:49:42
187158,2026-07-28 08:49:42
187159,2026-07-28 08:49:42
187160,2026-07-28 08:49:42
187161,2026-07-28 08:49:42
187162,2026-07-28 08:49:42
187163,2026-07-28 08:49:42
187164,2026-07-28 08:49:42
187165,2026-07-28 08:49:42
187166,2026-07-28 08:49:42
187167,2026-07-28 08:49:42
187168,2026-07-28 08:49:42
187169,2026-07-28 08:49:42
187170,2026-07-28 08:49:42
187171,2026-07-28 08:49:42
187172,2026-07-28 08:49:42
187173,2026-07-28 08:49:42
187174,2026-07-28 08:49:42
187175,2026-07-28 08:49:42
187176,2026-07-28 08:49:42
187177,2026-07-28 08:49:42
187178,2026-07-28 08:49:42
187179,2026-07-28 08:49:42
187180,2026-07-28 08:49:42
187181,2026-07-28 08:49:42
187182,2026-07-28 08:49:42
187183,2026-07-28 08:49:42
187184,2026-07-28 08:49:42
187185,2026-07-28 08:49:42
187186,2026-07-28 08:49:42
187187,2026-07-28 08:49:42
187188,2026-07-28 08:49:42
187189,2026-07-28 08:49:42
187190,2026-07-28 08:49:42
187191,2026-07-28 08:49:42
187192,2026-07-28 08:49:42
187193,2026-07-28 08:49:42
187194,2026-07-28 08:49:42
187195,2026-07-28 08:49:42
187196,2026-07-28 08:49:42
187197,2026-07-28 08:49:42
187198,2026-07-28 08:49:42
187199,2026-07-28 08:49:42
187200,2026-07-28 08:49:42
187201,2026-07-28 08:49:42
187202,2026-07-28 08:49:42
187203,2026-07-28 08:49:42
187204,2026-07-28 08:49:42
187205,2026-07-28 08:49:42
187206,2026-07-28 08:49:42
187207,2026-07-28 08:49:42
187208,2026-07-28 08:49:42
187209,2026-07-28 08:49:42
187210,2026-07-28 08:49:42
187211,2026-07-28 08:49:42
187212,2026-07-28 08:49:42
187213,2026-07-28 08:49:42
187214,2026-07-28 08:49:42
187215,2026-07-28 08:49:42
187216,2026-07-28 08:49:42
187217,2026-07-28 08:49:42
187218,2026-07-28 08:49:42
187219,2026-07-28 08:49:42
187220,2026-07-28 08:49:42
187221,2026-07-28 08:49:42
187222,2026-07-28 08:49:42
187223,2026-07-28 08:49:42
187224,2026-07-28 08:49:42
187225,2026-07-28 08:49:42
187226,2026-07-28 08:49:42
187227,2026-07-28 08:49:42
187228,2026-07-28 08:49:42
187229,2026-07-28 08:49:42
187230,2026-07-28 08:49:42
187231,2026-07-28 08:49:42
187232,2026-07-28 08:49:42
187233,2026-07-28 08:49:42
187234,2026-07-28 08:49:42
187235,2026-07-28 08:49:42
187236,2026-07-28 08:49:42
187237,2026-07-28 08:49:42
187238,2026-07-28 08:49:42
187239,2026-07-28 08:49:42
187240,2026-07-28 08:49:42
187241,2026-07-28 08:49:42
187242,2026-07-28 08:49:42
187243,2026-07-28 08:49:42
187244,2026-07-28 08:49:42
187245,2026-07-28 08:49:42
187246,2026-07-28 08:49:42
187247,2026-07-28 08:49:42
187248,2026-07-28 08:49:42
187249,2026-07-28 08:49:42
187250,2026-07-28 08:49:42
187251,2026-07-28 08:49:42
187252,2026-07-28 08:49:42
187253,2026-07-28 08:49:42
187254,2026-07-28 08:49:42
187255,2026-07-28 08:49:42
187256,2026-07-28 08:49:42
187257,2026-07-28 08:49:42
187258,2026-07-28 08:49:42
187259,2026-07-28 08:49:42
187260,2026-07-28 08:49:42
187261,2026-07-28 08:49:42
187262,2026-07-28 08:49:42
187263,2026-07-28 08:49:42
187264,2026-07-28 08:49:42
187265,2026-07-28 08:49:42
187266,2026-07-28 08:49:42
187267,2026-07-28 08:49:42
187268,2026-07-28 08:49:42
187269,2026-07-28 08:49:42
187270,2026-07-28 08:49:42
187271,2026-07-28 08:49:42
187272,2026-07-28 08:49:42
187273,2026-07-28 08:49:42
187274,2026-07-28 08:49:42
187275,2026-07-28 08:49:42
187276,2026-07-28 08:49:42
187277,2026-07-28 08:49:42
187278,2026-07-28 08:49:42
187279,2026-07-28 08:49:42
187280,2026-07-28 08:49:42
187281,2026-07-28 08:49:42
187282,2026-07-28 08:49:42
187283,2026-07-28 08:49:42
187284,2026-07-28 08:49:42
187285,2026-07-28 08:49:42
187286,2026-07-28 08:49:42
187287,2026-07-28 08:49:42
187288,2026-07-28 08:49:42
187289,2026-07-28 08:49:42
187290,2026-07-28 08:49:42
187291,2026-07-28 08:49:42
187292,2026-07-28 08:49:42
187293,2026-07-28 08:49:42
187294,2026-07-28 08:49:42
187295,2026-07-28 08:49:42
187296,2026-07-28 08:49:42
187297,2026-07-28 08:49:42
187298,2026-07-28 08:49:42
187299,2026-07-28 08:49:42
187300,2026-07-28 08:49:42
187301,2026-07-28 08:49:42
187302,2026-07-28 08:49:42
187303,2026-07-28 08:49:42
187304,2026-07-28 08:49:42
187305,2026-07-28 08:49:42
187306,2026-07-28 08:49:42
187307,2026-07-28 08:49:42
187308,2026-07-28 08:49:42
187309,2026-07-28 08:49:42
187310,2026-07-28 08:49:42
187311,2026-07-28 08:49:42
187312,2026-07-28 08:49:42
187313,2026-07-28 08:49:42
187314,2026-07-28 08:49:42
187315,2026-07-28 08:49:42
187316,2026-07-28 08:49:42
187317,2026-07-28 08:49:42
187318,2026-07-28 08:49:42
187319,2026-07-28 08:49:42
187320,2026-07-28 08:49:42
187321,2026-07-28 08:49:42
187322,2026-07-28 08:49:42
187323,2026-07-28 08:49:42
187324,2026-07-28 08:49:42
187325,2026-07-28 08:49:42
187326,2026-07-28 08:49:42
187327,2026-07-28 08:49:42
187328,2026-07-28 08:49:42
187329,2026-07-28 08:49:42
187330,2026-07-28 08:49:42
187331,2026-07-28 08:49:42
187332,2026-07-28 08:49:42
187333,2026-07-28 08:49:42
187334,2026-07-28 08:49:42
187335,2026-07-28 08:49:42
187336,2026-07-28 08:49:42
187337,2026-07-28 08:49:42
187338,2026-07-28 08:49:42
187339,2026-07-28 08:49:42
187340,2026-07-28 08:49:42
187341,2026-07-28 08:49:42
187342,2026-07-28 08:49:42
187343,2026-07-28 08:49:42
187344,2026-07-28 08:49:42
187345,2026-07-28 08:49:42
187346,2026-07-28 08:49:42
187347,2026-07-28 08:49:42
187348,2026-07-28 08:49:42
187349,2026-07-28 08:49:42
187350,2026-07-28 08:49:42
187351,2026-07-28 08:49:42
187352,2026-07-28 08:49:42
187353,2026-07-28 08:49:42
187354,2026-07-28 08:49:42
187355,2026-07-28 08:49:42
187356,2026-07-28 08:49:42
187357,2026-07-28 08:49:42
187358,2026-07-28 08:49:42
187359,2026-07-28 08:49:42
187360,2026-07-28 08:49:42
187361,2026-07-28 08:49:42
187362,2026-07-28 08:49:42
187363,2026-07-28 08:49:42
187364,2026-07-28 08:49:42
187365,2026-07-28 08:49:42
187366,2026-07-28 08:49:42
187367,2026-07-28 08:49:42
187368,2026-07-28 08:49:42
187369,2026-07-28 08:49:42
187370,2026-07-28 08:49:42
187371,2026-07-28 08:49:42
187372,2026-07-28 08:49:42
187373,2026-07-28 08:49:42
187374,2026-07-28 08:49:42
187375,2026-07-28 08:49:42
187376,2026-07-28 08:49:42
187377,2026-07-28 08:49:42
187378,2026-07-28 08:49:42
187379,2026-07-28 08:49:42
187380,2026-07-28 08:49:42
187381,2026-07-28 08:49:42
187382,2026-07-28 08:49:42
187383,2026-07-28 08:49:42
187384,2026-07-28 08:49:42
187385,2026-07-28 08:49:42
187386,2026-07-28 08:49:42
187387,2026-07-28 08:49:42
187388,2026-07-28 08:49:42
187389,2026-07-28 08:49:42
187390,2026-07-28 08:49:42
187391,2026-07-28 08:49:42
187392,2026-07-28 08:49:42
187393,2026-07-28 08:49:42
187394,2026-07-28 08:49:42
187395,2026-07-28 08:49:42
187396,2026-07-28 08:49:42
187397,2026-07-28 08:49:42
187398,2026-07-28 08:49:42
187399,2026-07-28 08:49:42
187400,2026-07-28 08:49:42
187401,2026-07-28 08:49:42
187402,2026-07-28 08:49:42
187403,2026-07-28 08:49:42
187404,2026-07-28 08:49:42
187405,2026-07-28 08:49:42
187406,2026-07-28 08:49:42
187407,2026-07-28 08:49:42
187408,2026-07-28 08:49:42
187409,2026-07-28 08:49:42
187410,2026-07-28 08:49:42
187411,2026-07-28 08:49:42
187412,2026-07-28 08:49:42
187413,2026-07-28 08:49:42
187414,2026-07-28 08:49:42
187415,2026-07-28 08:49:42
187416,2026-07-28 08:49:42
187417,2026-07-28 08:49:42
187418,2026-07-28 08:49:42
187419,2026-07-28 08:49:42
187420,2026-07-28 08:49:42
187421,2026-07-28 08:49:42
187422,2026-07-28 08:49:42
187423,2026-07-28 08:49:42
187424,2026-07-28 08:49:42
187425,2026-07-28 08:49:42
187426,2026-07-28 08:49:42
187427,2026-07-28 08:49:42
187428,2026-07-28 08:49:42
187429,2026-07-28 08:49:42
187430,2026-07-28 08:49:42
187431,2026-07-28 08:49:42
187432,2026-07-28 08:49:42
187433,2026-07-28 08:49:42
187434,2026-07-28 08:49:42
187435,2026-07-28 08:49:42
187436,2026-07-28 08:49:42
187437,2026-07-28 08:49:42
187438,2026-07-28 08:49:42
187439,2026-07-28 08:49:42
187440,2026-07-28 08:49:42
187441,2026-07-28 08:49:42
187442,2026-07-28 08:49:42
187443,2026-07-28 08:49:42
187444,2026-07-28 08:49:42
187445,2026-07-28 08:49:42
187446,2026-07-28 08:49:42
187447,2026-07-28 08:49:42
187448,2026-07-28 08:49:42
187449,2026-07-28 08:49:42
187450,2026-07-28 08:49:42
187451,2026-07-28 08:49:42
187452,2026-07-28 08:49:42
187453,2026-07-28 08:49:42
187454,2026-07-28 08:49:42
187455,2026-07-28 08:49:42
187456,2026-07-28 08:49:42
187457,2026-07-28 08:49:42
187458,2026-07-28 08:49:42
187459,2026-07-28 08:49:42
187460,2026-07-28 08:49:42
187461,2026-07-28 08:49:42
187462,2026-07-28 08:49:42
187463,2026-07-28 08:49:42
187464,2026-07-28 08:49:42
187465,2026-07-28 08:49:42
187466,2026-07-28 08:49:42
187467,2026-07-28 08:49:42
187468,2026-07-28 08:49:42
187469,2026-07-28 08:49:42
187470,2026-07-28 08:49:42
187471,2026-07-28 08:49:42
187472,2026-07-28 08:49:42
187473,2026-07-28 08:49:42
187474,2026-07-28 08:49:42
187475,2026-07-28 08:49:42
187476,2026-07-28 08:49:42
187477,2026-07-28 08:49:42
187478,2026-07-28 08:49:42
187479,2026-07-28 08:49:42
187480,2026-07-28 08:49:42
187481,2026-07-28 08:49:42
187482,2026-07-28 08:49:42
187483,2026-07-28 08:49:42
187484,2026-07-28 08:49:42
187485,2026-07-28 08:49:42
187486,2026-07-28 08:49:42
187487,2026-07-28 08:49:42
187488,2026-07-28 08:49:42
187489,2026-07-28 08:49:42
187490,2026-07-28 08:49:42
187491,2026-07-28 08:49:42
187492,2026-07-28 08:49:42
187493,2026-07-28 08:49:42
187494,2026-07-28 08:49:42
187495,2026-07-28 08:49:42
187496,2026-07-28 08:49:42
187497,2026-07-28 08:49:42
187498,2026-07-28 08:49:42
187499,2026-07-28 08:49:42
187500,2026-07-28 08:49:42
187501,2026-07-28 08:49:42
187502,2026-07-28 08:49:42
187503,2026-07-28 08:49:42
187504,2026-07-28 08:49:42
187505,2026-07-28 08:49:42
187506,2026-07-28 08:49:42
187507,2026-07-28 08:49:42
187508,2026-07-28 08:49:42
187509,2026-07-28 08:49:42
187510,2026-07-28 08:49:42
187511,2026-07-28 08:49:42
187512,2026-07-28 08:49:42
187513,2026-07-28 08:49:42
187514,2026-07-28 08:49:42
187515,2026-07-28 08:49:42
187516,2026-07-28 08:49:42
187517,2026-07-28 08:49:42
187518,2026-07-28 08:49:42
187519,2026-07-28 08:49:42
187520,2026-07-28 08:49:42
187521,2026-07-28 08:49:42
187522,2026-07-28 08:49:42
187523,2026-07-28 08:49:42
187524,2026-07-28 08:49:42
187525,2026-07-28 08:49:42
187526,2026-07-28 08:49:42
187527,2026-07-28 08:49:42
187528,2026-07-28 08:49:42
187529,2026-07-28 08:49:42
187530,2026-07-28 08:49:42
187531,2026-07-28 08:49:42
187532,2026-07-28 08:49:42
187533,2026-07-28 08:49:42
187534,2026-07-28 08:49:42
187535,2026-07-28 08:49:42
187536,2026-07-28 08:49:42
187537,2026-07-28 08:49:42
187538,2026-07-28 08:49:42
187539,2026-07-28 08:49:42
187540,2026-07-28 08:49:42
187541,2026-07-28 08:49:42
187542,2026-07-28 08:49:42
187543,2026-07-28 08:49:42
187544,2026-07-28 08:49:42
187545,2026-07-28 08:49:42
187546,2026-07-28 08:49:42
187547,2026-07-28 08:49:42
187548,2026-07-28 08:49:42
187549,2026-07-28 08:49:42
187550,2026-07-28 08:49:42
187551,2026-07-28 08:49:42
187552,2026-07-28 08:49:42
187553,2026-07-28 08:49:42
187554,2026-07-28 08:49:42
187555,2026-07-28 08:49:42
187556,2026-07-28 08:49:42
187557,2026-07-28 08:49:42
187558,2026-07-28 08:49:42
187559,2026-07-28 08:49:42
187560,2026-07-28 08:49:42
187561,2026-07-28 08:49:42
187562,2026-07-28 08:49:42
187563,2026-07-28 08:49:42
187564,2026-07-28 08:49:42
187565,2026-07-28 08:49:42
187566,2026-07-28 08:49:42
187567,2026-07-28 08:49:42
187568,2026-07-28 08:49:42
187569,2026-07-28 08:49:42
187570,2026-07-28 08:49:42
187571,2026-07-28 08:49:42
187572,2026-07-28 08:49:42
187573,2026-07-28 08:49:42
187574,2026-07-28 08:49:42
187575,2026-07-28 08:49:42
187576,2026-07-28 08:49:42
187577,2026-07-28 08:49:42
187578,2026-07-28 08:49:42
187579,2026-07-28 08:49:42
187580,2026-07-28 08:49:42
187581,2026-07-28 08:49:42
187582,2026-07-28 08:49:42
187583,2026-07-28 08:49:42
187584,2026-07-28 08:49:42
187585,2026-07-28 08:49:42
187586,2026-07-28 08:49:42
187587,2026-07-28 08:49:42
187588,2026-07-28 08:49:42
187589,2026-07-28 08:49:42
187590,2026-07-28 08:49:42
187591,2026-07-28 08:49:42
187592,2026-07-28 08:49:42
187593,2026-07-28 08:49:42
187594,2026-07-28 08:49:42
187595,2026-07-28 08:49:42
187596,2026-07-28 08:49:42
187597,2026-07-28 08:49:42
187598,2026-07-28 08:49:42
187599,2026-07-28 08:49:42
187600,2026-07-28 08:49:42
187601,2026-07-28 08:49:42
187602,2026-07-28 08:49:42
187603,2026-07-28 08:49:42
187604,2026-07-28 08:49:42
187605,2026-07-28 08:49:42
187606,2026-07-28 08:49:42
187607,2026-07-28 08:49:42
187608,2026-07-28 08:49:42
187609,2026-07-28 08:49:42
187610,2026-07-28 08:49:42
187611,2026-07-28 08:49:42
187612,2026-07-28 08:49:42
187613,2026-07-28 08:49:42
187614,2026-07-28 08:49:42
187615,2026-07-28 08:49:42
187616,2026-07-28 08:49:42
187617,2026-07-28 08:49:42
187618,2026-07-28 08:49:42
187619,2026-07-28 08:49:42
187620,2026-07-28 08:49:42
187621,2026-07-28 08:49:42
187622,2026-07-28 08:49:42
187623,2026-07-28 08:49:42
187624,2026-07-28 08:49:42
187625,2026-07-28 08:49:42
187626,2026-07-28 08:49:42
187627,2026-07-28 08:49:42
187628,2026-07-28 08:49:42
187629,2026-07-28 08:49:42
187630,2026-07-28 08:49:42
187631,2026-07-28 08:49:42
187632,2026-07-28 08:49:42
187633,2026-07-28 08:49:42
187634,2026-07-28 08:49:42
187635,2026-07-28 08:49:42
187636,2026-07-28 08:49:42
187637,2026-07-28 08:49:42
187638,2026-07-28 08:49:42
187639,2026-07-28 08:49:42
187640,2026-07-28 08:49:42
187641,2026-07-28 08:49:42
187642,2026-07-28 08:49:42
187643,2026-07-28 08:49:42
187644,2026-07-28 08:49:42
187645,2026-07-28 08:49:42
187646,2026-07-28 08:49:42
187647,2026-07-28 08:49:42
187648,2026-07-28 08:49:42
187649,2026-07-28 08:49:42
187650,2026-07-28 08:49:42
187651,2026-07-28 08:49:42
187652,2026-07-28 08:49:42
187653,2026-07-28 08:49:42
187654,2026-07-28 08:49:42
187655,2026-07-28 08:49:42
187656,2026-07-28 08:49:42
187657,2026-07-28 08:49:42
187658,2026-07-28 08:49:42
187659,2026-07-28 08:49:42
187660,2026-07-28 08:49:42
187661,2026-07-28 08:49:42
187662,2026-07-28 08:49:42
187663,2026-07-28 08:49:42
187664,2026-07-28 08:49:42
187665,2026-07-28 08:49:42
187666,2026-07-28 08:49:42
187667,2026-07-28 08:49:42
187668,2026-07-28 08:49:42
187669,2026-07-28 08:49:42
187670,2026-07-28 08:49:42
187671,2026-07-28 08:49:42
187672,2026-07-28 08:49:42
187673,2026-07-28 08:49:42
187674,2026-07-28 08:49:42
187675,2026-07-28 08:49:42
187676,2026-07-28 08:49:42
187677,2026-07-28 08:49:42
187678,2026-07-28 08:49:42
187679,2026-07-28 08:49:42
187680,2026-07-28 08:49:42
187681,2026-07-28 08:49:42
187682,2026-07-28 08:49:42
187683,2026-07-28 08:49:42
187684,2026-07-28 08:49:42
187685,2026-07-28 08:49:42
187686,2026-07-28 08:49:42
187687,2026-07-28 08:49:42
187688,2026-07-28 08:49:42
187689,2026-07-28 08:49:42
187690,2026-07-28 08:49:42
187691,2026-07-28 08:49:42
187692,2026-07-28 08:49:42
187693,2026-07-28 08:49:42
187694,2026-07-28 08:49:42
187695,2026-07-28 08:49:42
187696,2026-07-28 08:49:42
187697,2026-07-28 08:49:42
187698,2026-07-28 08:49:42
187699,2026-07-28 08:49:42
187700,2026-07-28 08:49:42
187701,2026-07-28 08:49:42
187702,2026-07-28 08:49:42
187703,2026-07-28 08:49:42
187704,2026-07-28 08:49:42
187705,2026-07-28 08:49:42
187706,2026-07-28 08:49:42
187707,2026-07-28 08:49:42
187708,2026-07-28 08:49:42
187709,2026-07-28 08:49:42
187710,2026-07-28 08:49:42
187711,2026-07-28 08:49:42
187712,2026-07-28 08:49:42
187713,2026-07-28 08:49:42
187714,2026-07-28 08:49:42
187715,2026-07-28 08:49:42
187716,2026-07-28 08:49:42
187717,2026-07-28 08:49:42
187718,2026-07-28 08:49:42
187719,2026-07-28 08:49:42
187720,2026-07-28 08:49:42
187721,2026-07-28 08:49:42
187722,2026-07-28 08:49:42
187723,2026-07-28 08:49:42
187724,2026-07-28 08:49:42
187725,2026-07-28 08:49:42
187726,2026-07-28 08:49:42
187727,2026-07-28 08:49:42
187728,2026-07-28 08:49:42
187729,2026-07-28 08:49:42
187730,2026-07-28 08:49:42
187731,2026-07-28 08:49:42
187732,2026-07-28 08:49:42
187733,2026-07-28 08:49:42
187734,2026-07-28 08:49:42
187735,2026-07-28 08:49:42
187736,2026-07-28 08:49:42
187737,2026-07-28 08:49:42
187738,2026-07-28 08:49:42
187739,2026-07-28 08:49:42
187740,2026-07-28 08:49:42
187741,2026-07-28 08:49:42
187742,2026-07-28 08:49:42
187743,2026-07-28 08:49:42
187744,2026-07-28 08:49:42
187745,2026-07-28 08:49:42
187746,2026-07-28 08:49:42
187747,2026-07-28 08:49:42
187748,2026-07-28 08:49:42
187749,2026-07-28 08:49:42
187750,2026-07-28 08:49:42
187751,2026-07-28 08:49:42
187752,2026-07-28 08:49:42
187753,2026-07-28 08:49:42
187754,2026-07-28 08:49:42
187755,2026-07-28 08:49:42
187756,2026-07-28 08:49:42
187757,2026-07-28 08:49:42
187758,2026-07-28 08:49:42
187759,2026-07-28 08:49:42
187760,2026-07-28 08:49:42
187761,2026-07-28 08:49:42
187762,2026-07-28 08:49:42
187763,2026-07-28 08:49:42
187764,2026-07-28 08:49:42
187765,2026-07-28 08:49:42
187766,2026-07-28 08:49:42
187767,2026-07-28 08:49:42
187768,2026-07-28 08:49:42
187769,2026-07-28 08:49:42
187770,2026-07-28 08:49:42
187771,2026-07-28 08:49:42
187772,2026-07-28 08:49:42
187773,2026-07-28 08:49:42
187774,2026-07-28 08:49:42
187775,2026-07-28 08:49:42
187776,2026-07-28 08:49:42
187777,2026-07-28 08:49:42
187778,2026-07-28 08:49:42
187779,2026-07-28 08:49:42
187780,2026-07-28 08:49:42
187781,2026-07-28 08:49:42
187782,2026-07-28 08:49:42
187783,2026-07-28 08:49:42
187784,2026-07-28 08:49:42
187785,2026-07-28 08:49:42
187786,2026-07-28 08:49:42
187787,2026-07-28 08:49:42
187788,2026-07-28 08:49:42
187789,2026-07-28 08:49:42
187790,2026-07-28 08:49:42
187791,2026-07-28 08:49:42
187792,2026-07-28 08:49:42
187793,2026-07-28 08:49:42
187794,2026-07-28 08:49:42
187795,2026-07-28 08:49:42
187796,2026-07-28 08:49:42
187797,2026-07-28 08:49:42
187798,2026-07-28 08:49:42
187799,2026-07-28 08:49:42
187800,2026-07-28 08:49:42
187801,2026-07-28 08:49:42
187802,2026-07-28 08:49:42
187803,2026-07-28 08:49:42
187804,2026-07-28 08:49:42
187805,2026-07-28 08:49:42
187806,2026-07-28 08:49:42
187807,2026-07-28 08:49:42
187808,2026-07-28 08:49:42
187809,2026-07-28 08:49:42
187810,2026-07-28 08:49:42
187811,2026-07-28 08:49:42
187812,2026-07-28 08:49:42
187813,2026-07-28 08:49:42
187814,2026-07-28 08:49:42
187815,2026-07-28 08:49:42
187816,2026-07-28 08:49:42
187817,2026-07-28 08:49:42
187818,2026-07-28 08:49:42
187819,2026-07-28 08:49:42
187820,2026-07-28 08:49:42
187821,2026-07-28 08:49:42
187822,2026-07-28 08:49:42
187823,2026-07-28 08:49:42
187824,2026-07-28 08:49:42
187825,2026-07-28 08:49:42
187826,2026-07-28 08:49:42
187827,2026-07-28 08:49:42
187828,2026-07-28 08:49:42
187829,2026-07-28 08:49:42
187830,2026-07-28 08:49:42
187831,2026-07-28 08:49:42
187832,2026-07-28 08:49:42
187833,2026-07-28 08:49:42
187834,2026-07-28 08:49:42
187835,2026-07-28 08:49:42
187836,2026-07-28 08:49:42
187837,2026-07-28 08:49:42
187838,2026-07-28 08:49:42
187839,2026-07-28 08:49:42
187840,2026-07-28 08:49:42
187841,2026-07-28 08:49:42
187842,2026-07-28 08:49:42
187843,2026-07-28 08:49:42
187844,2026-07-28 08:49:42
187845,2026-07-28 08:49:42
187846,2026-07-28 08:49:42
187847,2026-07-28 08:49:42
187848,2026-07-28 08:49:42
187849,2026-07-28 08:49:42
187850,2026-07-28 08:49:42
187851,2026-07-28 08:49:42
187852,2026-07-28 08:49:42
187853,2026-07-28 08:49:42
187854,2026-07-28 08:49:42
187855,2026-07-28 08:49:42
187856,2026-07-28 08:49:42
187857,2026-07-28 08:49:42
187858,2026-07-28 08:49:42
187859,2026-07-28 08:49:42
187860,2026-07-28 08:49:42
187861,2026-07-28 08:49:42
187862,2026-07-28 08:49:42
187863,2026-07-28 08:49:42
187864,2026-07-28 08:49:42
187865,2026-07-28 08:49:42
187866,2026-07-28 08:49:42
187867,2026-07-28 08:49:42
187868,2026-07-28 08:49:42
187869,2026-07-28 08:49:42
187870,2026-07-28 08:49:42
187871,2026-07-28 08:49:42
187872,2026-07-28 08:49:42
187873,2026-07-28 08:49:42
187874,2026-07-28 08:49:42
187875,2026-07-28 08:49:42
187876,2026-07-28 08:49:42
187877,2026-07-28 08:49:42
187878,2026-07-28 08:49:42
187879,2026-07-28 08:49:42
187880,2026-07-28 08:49:42
187881,2026-07-28 08:49:42
187882,2026-07-28 08:49:42
187883,2026-07-28 08:49:42
187884,2026-07-28 08:49:42
187885,2026-07-28 08:49:42
187886,2026-07-28 08:49:42
187887,2026-07-28 08:49:42
187888,2026-07-28 08:49:42
187889,2026-07-28 08:49:42
187890,2026-07-28 08:49:42
187891,2026-07-28 08:49:42
187892,2026-07-28 08:49:42
187893,2026-07-28 08:49:42
187894,2026-07-28 08:49:42
187895,2026-07-28 08:49:42
187896,2026-07-28 08:49:42
187897,2026-07-28 08:49:42
187898,2026-07-28 08:49:42
187899,2026-07-28 08:49:42
187900,2026-07-28 08:49:42
187901,2026-07-28 08:49:42
187902,2026-07-28 08:49:42
187903,2026-07-28 08:49:42
187904,2026-07-28 08:49:42
187905,2026-07-28 08:49:42
187906,2026-07-28 08:49:42
187907,2026-07-28 08:49:42
187908,2026-07-28 08:49:42
187909,2026-07-28 08:49:42
187910,2026-07-28 08:49:42
187911,2026-07-28 08:49:42
187912,2026-07-28 08:49:42
187913,2026-07-28 08:49:42
187914,2026-07-28 08:49:42
187915,2026-07-28 08:49:42
187916,2026-07-28 08:49:42
187917,2026-07-28 08:49:42
187918,2026-07-28 08:49:42
187919,2026-07-28 08:49:42
187920,2026-07-28 08:49:42
187921,2026-07-28 08:49:42
187922,2026-07-28 08:49:42
187923,2026-07-28 08:49:42
187924,2026-07-28 08:49:42
187925,2026-07-28 08:49:42
187926,2026-07-28 08:49:42
187927,2026-07-28 08:49:42
187928,2026-07-28 08:49:42
187929,2026-07-28 08:49:42
187930,2026-07-28 08:49:42
187931,2026-07-28 08:49:42
187932,2026-07-28 08:49:42
187933,2026-07-28 08:49:42
187934,2026-07-28 08:49:42
187935,2026-07-28 08:49:42
187936,2026-07-28 08:49:42
187937,2026-07-28 08:49:42
187938,2026-07-28 08:49:42
187939,2026-07-28 08:49:42
187940,2026-07-28 08:49:42
187941,2026-07-28 08:49:42
187942,2026-07-28 08:49:42
187943,2026-07-28 08:49:42
187944,2026-07-28 08:49:42
187945,2026-07-28 08:49:42
187946,2026-07-28 08:49:42
187947,2026-07-28 08:49:42
187948,2026-07-28 08:49:42
187949,2026-07-28 08:49:42
187950,2026-07-28 08:49:42
187951,2026-07-28 08:49:42
187952,2026-07-28 08:49:42
187953,2026-07-28 08:49:42
187954,2026-07-28 08:49:42
187955,2026-07-28 08:49:42
187956,2026-07-28 08:49:42
187957,2026-07-28 08:49:42
187958,2026-07-28 08:49:42
187959,2026-07-28 08:49:42
187960,2026-07-28 08:49:42
187961,2026-07-28 08:49:42
187962,2026-07-28 08:49:42
187963,2026-07-28 08:49:42
187964,2026-07-28 08:49:42
187965,2026-07-28 08:49:42
187966,2026-07-28 08:49:42
187967,2026-07-28 08:49:42
187968,2026-07-28 08:49:42
187969,2026-07-28 08:49:42
187970,2026-07-28 08:49:42
187971,2026-07-28 08:49:42
187972,2026-07-28 08:49:42
187973,2026-07-28 08:49:42
187974,2026-07-28 08:49:42
187975,2026-07-28 08:49:42
187976,2026-07-28 08:49:42
187977,2026-07-28 08:49:42
187978,2026-07-28 08:49:42
187979,2026-07-28 08:49:42
187980,2026-07-28 08:49:42
187981,2026-07-28 08:49:42
187982,2026-07-28 08:49:42
187983,2026-07-28 08:49:42
187984,2026-07-28 08:49:42
187985,2026-07-28 08:49:42
187986,2026-07-28 08:49:42
187987,2026-07-28 08:49:42
187988,2026-07-28 08:49:42
187989,2026-07-28 08:49:42
187990,2026-07-28 08:49:42
187991,2026-07-28 08:49:42
187992,2026-07-28 08:49:42
187993,2026-07-28 08:49:42
187994,2026-07-28 08:49:42
187995,2026-07-28 08:49:42
187996,2026-07-28 08:49:42
187997,2026-07-28 08:49:42
187998,2026-07-28 08:49:42
187999,2026-07-28 08:49:42
188000,2026-07-28 08:49:42
188001,2026-07-28 08:49:42
188002,2026-07-28 08:49:42
188003,2026-07-28 08:49:42
188004,2026-07-28 08:49:42
188005,2026-07-28 08:49:42
188006,2026-07-28 08:49:42
188007,2026-07-28 08:49:42
188008,2026-07-28 08:49:42
188009,2026-07-28 08:49:42
188010,2026-07-28 08:49:42
188011,2026-07-28 08:49:42
188012,2026-07-28 08:49:42
188013,2026-07-28 08:49:42
188014,2026-07-28 08:49:42
188015,2026-07-28 08:49:42
188016,2026-07-28 08:49:42
188017,2026-07-28 08:49:42
188018,2026-07-28 08:49:42
188019,2026-07-28 08:49:42
188020,2026-07-28 08:49:42
188021,2026-07-28 08:49:42
188022,2026-07-28 08:49:42
188023,2026-07-28 08:49:42
188024,2026-07-28 08:49:42
188025,2026-07-28 08:49:42
188026,2026-07-28 08:49:42
188027,2026-07-28 08:49:42
188028,2026-07-28 08:49:42
188029,2026-07-28 08:49:42
188030,2026-07-28 08:49:42
188031,2026-07-28 08:49:42
188032,2026-07-28 08:49:42
188033,2026-07-28 08:49:42
188034,2026-07-28 08:49:42
188035,2026-07-28 08:49:42
188036,2026-07-28 08:49:42
188037,2026-07-28 08:49:42
188038,2026-07-28 08:49:42
188039,2026-07-28 08:49:42
188040,2026-07-28 08:49:42
188041,2026-07-28 08:49:42
188042,2026-07-28 08:49:42
188043,2026-07-28 08:49:42
188044,2026-07-28 08:49:42
188045,2026-07-28 08:49:42
188046,2026-07-28 08:49:42
188047,2026-07-28 08:49:42
188048,2026-07-28 08:49:42
188049,2026-07-28 08:49:42
188050,2026-07-28 08:49:42
188051,2026-07-28 08:49:42
188052,2026-07-28 08:49:42
188053,2026-07-28 08:49:42
188054,2026-07-28 08:49:42
188055,2026-07-28 08:49:42
188056,2026-07-28 08:49:42
188057,2026-07-28 08:49:42
188058,2026-07-28 08:49:42
188059,2026-07-28 08:49:42
188060,2026-07-28 08:49:42
188061,2026-07-28 08:49:42
188062,2026-07-28 08:49:42
188063,2026-07-28 08:49:42
188064,2026-07-28 08:49:42
188065,2026-07-28 08:49:42
188066,2026-07-28 08:49:42
188067,2026-07-28 08:49:42
188068,2026-07-28 08:49:42
188069,2026-07-28 08:49:42
188070,2026-07-28 08:49:42
188071,2026-07-28 08:49:42
188072,2026-07-28 08:49:42
188073,2026-07-28 08:49:42
188074,2026-07-28 08:49:42
188075,2026-07-28 08:49:42
188076,2026-07-28 08:49:42
188077,2026-07-28 08:49:42
188078,2026-07-28 08:49:42
188079,2026-07-28 08:49:42
188080,2026-07-28 08:49:42
188081,2026-07-28 08:49:42
188082,2026-07-28 08:49:42
188083,2026-07-28 08:49:42
188084,2026-07-28 08:49:42
188085,2026-07-28 08:49:42
188086,2026-07-28 08:49:42
188087,2026-07-28 08:49:42
188088,2026-07-28 08:49:42
188089,2026-07-28 08:49:42
188090,2026-07-28 08:49:42
188091,2026-07-28 08:49:42
188092,2026-07-28 08:49:42
188093,2026-07-28 08:49:42
188094,2026-07-28 08:49:42
188095,2026-07-28 08:49:42
188096,2026-07-28 08:49:42
188097,2026-07-28 08:49:42
188098,2026-07-28 08:49:42
188099,2026-07-28 08:49:42
188100,2026-07-28 08:49:42
188101,2026-07-28 08:49:42
188102,2026-07-28 08:49:42
188103,2026-07-28 08:49:42
188104,2026-07-28 08:49:42
188105,2026-07-28 08:49:42
188106,2026-07-28 08:49:42
188107,2026-07-28 08:49:42
188108,2026-07-28 08:49:42
188109,2026-07-28 08:49:42
188110,2026-07-28 08:49:42
188111,2026-07-28 08:49:42
188112,2026-07-28 08:49:42
188113,2026-07-28 08:49:42
188114,2026-07-28 08:49:42
188115,2026-07-28 08:49:42
188116,2026-07-28 08:49:42
188117,2026-07-28 08:49:42
188118,2026-07-28 08:49:42
188119,2026-07-28 08:49:42
188120,2026-07-28 08:49:42
188121,2026-07-28 08:49:42
188122,2026-07-28 08:49:42
188123,2026-07-28 08:49:42
188124,2026-07-28 08:49:42
188125,2026-07-28 08:49:42
188126,2026-07-28 08:49:42
188127,2026-07-28 08:49:42
188128,2026-07-28 08:49:42
188129,2026-07-28 08:49:42
188130,2026-07-28 08:49:42
188131,2026-07-28 08:49:42
188132,2026-07-28 08:49:42
188133,2026-07-28 08:49:42
188134,2026-07-28 08:49:42
188135,2026-07-28 08:49:42
188136,2026-07-28 08:49:42
188137,2026-07-28 08:49:42
188138,2026-07-28 08:49:42
188139,2026-07-28 08:49:42
188140,2026-07-28 08:49:42
188141,2026-07-28 08:49:42
188142,2026-07-28 08:49:42
188143,2026-07-28 08:49:42
188144,2026-07-28 08:49:42
188145,2026-07-28 08:49:42
188146,2026-07-28 08:49:42
188147,2026-07-28 08:49:42
188148,2026-07-28 08:49:42
188149,2026-07-28 08:49:42
188150,2026-07-28 08:49:42
188151,2026-07-28 08:49:42
188152,2026-07-28 08:49:42
188153,2026-07-28 08:49:42
188154,2026-07-28 08:49:42
188155,2026-07-28 08:49:42
188156,2026-07-28 08:49:42
188157,2026-07-28 08:49:42
188158,2026-07-28 08:49:42
188159,2026-07-28 08:49:42
188160,2026-07-28 08:49:42
188161,2026-07-28 08:49:42
188162,2026-07-28 08:49:42
188163,2026-07-28 08:49:42
188164,2026-07-28 08:49:42
188165,2026-07-28 08:49:42
188166,2026-07-28 08:49:42
188167,2026-07-28 08:49:42
188168,2026-07-28 08:49:42
188169,2026-07-28 08:49:42
188170,2026-07-28 08:49:42
188171,2026-07-28 08:49:42
188172,2026-07-28 08:49:42
188173,2026-07-28 08:49:42
188174,2026-07-28 08:49:42
188175,2026-07-28 08:49:42
188176,2026-07-28 08:49:42
188177,2026-07-28 08:49:42
188178,2026-07-28 08:49:42
188179,2026-07-28 08:49:42
188180,2026-07-28 08:49:42
188181,2026-07-28 08:49:42
188182,2026-07-28 08:49:42
188183,2026-07-28 08:49:42
188184,2026-07-28 08:49:42
188185,2026-07-28 08:49:42
188186,2026-07-28 08:49:42
188187,2026-07-28 08:49:42
188188,2026-07-28 08:49:42
188189,2026-07-28 08:49:42
188190,2026-07-28 08:49:42
188191,2026-07-28 08:49:42
188192,2026-07-28 08:49:42
188193,2026-07-28 08:49:42
188194,2026-07-28 08:49:42
188195,2026-07-28 08:49:42
188196,2026-07-28 08:49:42
188197,2026-07-28 08:49:42
188198,2026-07-28 08:49:42
188199,2026-07-28 08:49:42
188200,2026-07-28 08:49:42
188201,2026-07-28 08:49:42
188202,2026-07-28 08:49:42
188203,2026-07-28 08:49:42
188204,2026-07-28 08:49:42
188205,2026-07-28 08:49:42
188206,2026-07-28 08:49:42
188207,2026-07-28 08:49:42
188208,2026-07-28 08:49:42
188209,2026-07-28 08:49:42
188210,2026-07-28 08:49:42
188211,2026-07-28 08:49:42
188212,2026-07-28 08:49:42
188213,2026-07-28 08:49:42
188214,2026-07-28 08:49:42
188215,2026-07-28 08:49:42
188216,2026-07-28 08:49:42
188217,2026-07-28 08:49:42
188218,2026-07-28 08:49:42
188219,2026-07-28 08:49:42
188220,2026-07-28 08:49:42
188221,2026-07-28 08:49:42
188222,2026-07-28 08:49:42
188223,2026-07-28 08:49:42
188224,2026-07-28 08:49:42
188225,2026-07-28 08:49:42
188226,2026-07-28 08:49:42
188227,2026-07-28 08:49:42
188228,2026-07-28 08:49:42
188229,2026-07-28 08:49:42
188230,2026-07-28 08:49:42
188231,2026-07-28 08:49:42
188232,2026-07-28 08:49:42
188233,2026-07-28 08:49:42
188234,2026-07-28 08:49:42
188235,2026-07-28 08:49:42
188236,2026-07-28 08:49:42
188237,2026-07-28 08:49:42
188238,2026-07-28 08:49:42
188239,2026-07-28 08:49:42
188240,2026-07-28 08:49:42
188241,2026-07-28 08:49:42
188242,2026-07-28 08:49:42
188243,2026-07-28 08:49:42
188244,2026-07-28 08:49:42
188245,2026-07-28 08:49:42
188246,2026-07-28 08:49:42
188247,2026-07-28 08:49:42
188248,2026-07-28 08:49:42
188249,2026-07-28 08:49:42
188250,2026-07-28 08:49:42
188251,2026-07-28 08:49:42
188252,2026-07-28 08:49:42
188253,2026-07-28 08:49:42
188254,2026-07-28 08:49:42
188255,2026-07-28 08:49:42
188256,2026-07-28 08:49:42
188257,2026-07-28 08:49:42
188258,2026-07-28 08:49:42
188259,2026-07-28 08:49:42
188260,2026-07-28 08:49:42
188261,2026-07-28 08:49:42
188262,2026-07-28 08:49:42
188263,2026-07-28 08:49:42
188264,2026-07-28 08:49:42
188265,2026-07-28 08:49:42
188266,2026-07-28 08:49:42
188267,2026-07-28 08:49:42
188268,2026-07-28 08:49:42
188269,2026-07-28 08:49:42
188270,2026-07-28 08:49:42
188271,2026-07-28 08:49:42
188272,2026-07-28 08:49:42
188273,2026-07-28 08:49:42
188274,2026-07-28 08:49:42
188275,2026-07-28 08:49:42
188276,2026-07-28 08:49:42
188277,2026-07-28 08:49:42
188278,2026-07-28 08:49:42
188279,2026-07-28 08:49:42
188280,2026-07-28 08:49:42
188281,2026-07-28 08:49:42
188282,2026-07-28 08:49:42
188283,2026-07-28 08:49:42
188284,2026-07-28 08:49:42
188285,2026-07-28 08:49:42
188286,2026-07-28 08:49:42
188287,2026-07-28 08:49:42
188288,2026-07-28 08:49:42
188289,2026-07-28 08:49:42
188290,2026-07-28 08:49:42
188291,2026-07-28 08:49:42
188292,2026-07-28 08:49:42
188293,2026-07-28 08:49:42
188294,2026-07-28 08:49:42
188295,2026-07-28 08:49:42
188296,2026-07-28 08:49:42
188297,2026-07-28 08:49:42
188298,2026-07-28 08:49:42
188299,2026-07-28 08:49:42
188300,2026-07-28 08:49:42
188301,2026-07-28 08:49:42
188302,2026-07-28 08:49:42
188303,2026-07-28 08:49:42
188304,2026-07-28 08:49:42
188305,2026-07-28 08:49:42
188306,2026-07-28 08:49:42
188307,2026-07-28 08:49:42
188308,2026-07-28 08:49:42
188309,2026-07-28 08:49:42
188310,2026-07-28 08:49:42
188311,2026-07-28 08:49:42
188312,2026-07-28 08:49:42
188313,2026-07-28 08:49:42
188314,2026-07-28 08:49:42
188315,2026-07-28 08:49:42
188316,2026-07-28 08:49:42
188317,2026-07-28 08:49:42
188318,2026-07-28 08:49:42
188319,2026-07-28 08:49:42
188320,2026-07-28 08:49:42
188321,2026-07-28 08:49:42
188322,2026-07-28 08:49:42
188323,2026-07-28 08:49:42
188324,2026-07-28 08:49:42
188325,2026-07-28 08:49:42
188326,2026-07-28 08:49:42
188327,2026-07-28 08:49:42
188328,2026-07-28 08:49:42
188329,2026-07-28 08:49:42
188330,2026-07-28 08:49:42
188331,2026-07-28 08:49:42
188332,2026-07-28 08:49:42
188333,2026-07-28 08:49:42
188334,2026-07-28 08:49:42
188335,2026-07-28 08:49:42
188336,2026-07-28 08:49:42
188337,2026-07-28 08:49:42
188338,2026-07-28 08:49:42
188339,2026-07-28 08:49:42
188340,2026-07-28 08:49:42
188341,2026-07-28 08:49:42
188342,2026-07-28 08:49:42
188343,2026-07-28 08:49:42
188344,2026-07-28 08:49:42
188345,2026-07-28 08:49:42
188346,2026-07-28 08:49:42
188347,2026-07-28 08:49:42
188348,2026-07-28 08:49:42
188349,2026-07-28 08:49:42
188350,2026-07-28 08:49:42
188351,2026-07-28 08:49:42
188352,2026-07-28 08:49:42
188353,2026-07-28 08:49:42
188354,2026-07-28 08:49:42
188355,2026-07-28 08:49:42
188356,2026-07-28 08:49:42
188357,2026-07-28 08:49:42
188358,2026-07-28 08:49:42
188359,2026-07-28 08:49:42
188360,2026-07-28 08:49:42
188361,2026-07-28 08:49:42
188362,2026-07-28 08:49:42
188363,2026-07-28 08:49:42
188364,2026-07-28 08:49:42
188365,2026-07-28 08:49:42
188366,2026-07-28 08:49:42
188367,2026-07-28 08:49:42
188368,2026-07-28 08:49:42
188369,2026-07-28 08:49:42
188370,2026-07-28 08:49:42
188371,2026-07-28 08:49:42
188372,2026-07-28 08:49:42
188373,2026-07-28 08:49:42
188374,2026-07-28 08:49:42
188375,2026-07-28 08:49:42
188376,2026-07-28 08:49:42
188377,2026-07-28 08:49:42
188378,2026-07-28 08:49:42
188379,2026-07-28 08:49:42
188380,2026-07-28 08:49:42
188381,2026-07-28 08:49:42
188382,2026-07-28 08:49:42
188383,2026-07-28 08:49:42
188384,2026-07-28 08:49:42
188385,2026-07-28 08:49:42
188386,2026-07-28 08:49:42
188387,2026-07-28 08:49:42
188388,2026-07-28 08:49:42
188389,2026-07-28 08:49:42
188390,2026-07-28 08:49:42
188391,2026-07-28 08:49:42
188392,2026-07-28 08:49:42
188393,2026-07-28 08:49:42
188394,2026-07-28 08:49:42
188395,2026-07-28 08:49:42
188396,2026-07-28 08:49:42
188397,2026-07-28 08:49:42
188398,2026-07-28 08:49:42
188399,2026-07-28 08:49:42
188400,2026-07-28 08:49:42
188401,2026-07-28 08:49:42
188402,2026-07-28 08:49:42
188403,2026-07-28 08:49:42
188404,2026-07-28 08:49:42
188405,2026-07-28 08:49:42
188406,2026-07-28 08:49:42
188407,2026-07-28 08:49:42
188408,2026-07-28 08:49:42
188409,2026-07-28 08:49:42
188410,2026-07-28 08:49:42
188411,2026-07-28 08:49:42
188412,2026-07-28 08:49:42
188413,2026-07-28 08:49:42
188414,2026-07-28 08:49:42
188415,2026-07-28 08:49:42
188416,2026-07-28 08:49:42
188417,2026-07-28 08:49:42
188418,2026-07-28 08:49:42
188419,2026-07-28 08:49:42
188420,2026-07-28 08:49:42
188421,2026-07-28 08:49:42
188422,2026-07-28 08:49:42
188423,2026-07-28 08:49:42
188424,2026-07-28 08:49:42
188425,2026-07-28 08:49:42
188426,2026-07-28 08:49:42
188427,2026-07-28 08:49:42
188428,2026-07-28 08:49:42
188429,2026-07-28 08:49:42
188430,2026-07-28 08:49:42
188431,2026-07-28 08:49:42
188432,2026-07-28 08:49:42
188433,2026-07-28 08:49:42
188434,2026-07-28 08:49:42
188435,2026-07-28 08:49:42
188436,2026-07-28 08:49:42
188437,2026-07-28 08:49:42
188438,2026-07-28 08:49:42
188439,2026-07-28 08:49:42
188440,2026-07-28 08:49:42
188441,2026-07-28 08:49:42
188442,2026-07-28 08:49:42
188443,2026-07-28 08:49:42
188444,2026-07-28 08:49:42
188445,2026-07-28 08:49:42
188446,2026-07-28 08:49:42
188447,2026-07-28 08:49:42
188448,2026-07-28 08:49:42
188449,2026-07-28 08:49:42
188450,2026-07-28 08:49:42
188451,2026-07-28 08:49:42
188452,2026-07-28 08:49:42
188453,2026-07-28 08:49:42
188454,2026-07-28 08:49:42
188455,2026-07-28 08:49:42
188456,2026-07-28 08:49:42
188457,2026-07-28 08:49:42
188458,2026-07-28 08:49:42
188459,2026-07-28 08:49:42
188460,2026-07-28 08:49:42
188461,2026-07-28 08:49:42
188462,2026-07-28 08:49:42
188463,2026-07-28 08:49:42
188464,2026-07-28 08:49:42
188465,2026-07-28 08:49:42
188466,2026-07-28 08:49:42
188467,2026-07-28 08:49:42
188468,2026-07-28 08:49:42
188469,2026-07-28 08:49:42
188470,2026-07-28 08:49:42
188471,2026-07-28 08:49:42
188472,2026-07-28 08:49:42
188473,2026-07-28 08:49:42
188474,2026-07-28 08:49:42
188475,2026-07-28 08:49:42
188476,2026-07-28 08:49:42
188477,2026-07-28 08:49:42
188478,2026-07-28 08:49:42
188479,2026-07-28 08:49:42
188480,2026-07-28 08:49:42
188481,2026-07-28 08:49:42
188482,2026-07-28 08:49:42
188483,2026-07-28 08:49:42
188484,2026-07-28 08:49:42
188485,2026-07-28 08:49:42
188486,2026-07-28 08:49:42
188487,2026-07-28 08:49:42
188488,2026-07-28 08:49:42
188489,2026-07-28 08:49:42
188490,2026-07-28 08:49:42
188491,2026-07-28 08:49:42
188492,2026-07-28 08:49:42
188493,2026-07-28 08:49:42
188494,2026-07-28 08:49:42
188495,2026-07-28 08:49:42
188496,2026-07-28 08:49:42
188497,2026-07-28 08:49:42
188498,2026-07-28 08:49:42
188499,2026-07-28 08:49:42
188500,2026-07-28 08:49:42
188501,2026-07-28 08:49:42
188502,2026-07-28 08:49:42
188503,2026-07-28 08:49:42
188504,2026-07-28 08:49:42
188505,2026-07-28 08:49:42
188506,2026-07-28 08:49:42
188507,2026-07-28 08:49:42
188508,2026-07-28 08:49:42
188509,2026-07-28 08:49:42
188510,2026-07-28 08:49:42
188511,2026-07-28 08:49:42
188512,2026-07-28 08:49:42
188513,2026-07-28 08:49:42
188514,2026-07-28 08:49:42
188515,2026-07-28 08:49:42
188516,2026-07-28 08:49:42
188517,2026-07-28 08:49:42
188518,2026-07-28 08:49:42
188519,2026-07-28 08:49:42
188520,2026-07-28 08:49:42
188521,2026-07-28 08:49:42
188522,2026-07-28 08:49:42
188523,2026-07-28 08:49:42
188524,2026-07-28 08:49:42
188525,2026-07-28 08:49:42
188526,2026-07-28 08:49:42
188527,2026-07-28 08:49:42
188528,2026-07-28 08:49:42
188529,2026-07-28 08:49:42
188530,2026-07-28 08:49:42
188531,2026-07-28 08:49:42
188532,2026-07-28 08:49:42
188533,2026-07-28 08:49:42
188534,2026-07-28 08:49:42
188535,2026-07-28 08:49:42
188536,2026-07-28 08:49:42
188537,2026-07-28 08:49:42
188538,2026-07-28 08:49:42
188539,2026-07-28 08:49:42
188540,2026-07-28 08:49:42
188541,2026-07-28 08:49:42
188542,2026-07-28 08:49:42
188543,2026-07-28 08:49:42
188544,2026-07-28 08:49:42
188545,2026-07-28 08:49:42
188546,2026-07-28 08:49:42
188547,2026-07-28 08:49:42
188548,2026-07-28 08:49:42
188549,2026-07-28 08:49:42
188550,2026-07-28 08:49:42
188551,2026-07-28 08:49:42
188552,2026-07-28 08:49:42
188553,2026-07-28 08:49:42
188554,2026-07-28 08:49:42
188555,2026-07-28 08:49:42
188556,2026-07-28 08:49:42
188557,2026-07-28 08:49:42
188558,2026-07-28 08:49:42
188559,2026-07-28 08:49:42
188560,2026-07-28 08:49:42
188561,2026-07-28 08:49:42
188562,2026-07-28 08:49:42
188563,2026-07-28 08:49:42
188564,2026-07-28 08:49:42
188565,2026-07-28 08:49:42
188566,2026-07-28 08:49:42
188567,2026-07-28 08:49:42
188568,2026-07-28 08:49:42
188569,2026-07-28 08:49:42
188570,2026-07-28 08:49:42
188571,2026-07-28 08:49:42
188572,2026-07-28 08:49:42
188573,2026-07-28 08:49:42
188574,2026-07-28 08:49:42
188575,2026-07-28 08:49:42
188576,2026-07-28 08:49:42
188577,2026-07-28 08:49:42
188578,2026-07-28 08:49:42
188579,2026-07-28 08:49:42
188580,2026-07-28 08:49:42
188581,2026-07-28 08:49:42
188582,2026-07-28 08:49:42
188583,2026-07-28 08:49:42
188584,2026-07-28 08:49:42
188585,2026-07-28 08:49:42
188586,2026-07-28 08:49:42
188587,2026-07-28 08:49:42
188588,2026-07-28 08:49:42
188589,2026-07-28 08:49:42
188590,2026-07-28 08:49:42
188591,2026-07-28 08:49:42
188592,2026-07-28 08:49:42
188593,2026-07-28 08:49:42
188594,2026-07-28 08:49:42
188595,2026-07-28 08:49:42
188596,2026-07-28 08:49:42
188597,2026-07-28 08:49:42
188598,2026-07-28 08:49:42
188599,2026-07-28 08:49:42
188600,2026-07-28 08:49:42
188601,2026-07-28 08:49:42
188602,2026-07-28 08:49:42
188603,2026-07-28 08:49:42
188604,2026-07-28 08:49:42
188605,2026-07-28 08:49:42
188606,2026-07-28 08:49:42
188607,2026-07-28 08:49:42
188608,2026-07-28 08:49:42
188609,2026-07-28 08:49:42
188610,2026-07-28 08:49:42
188611,2026-07-28 08:49:42
188612,2026-07-28 08:49:42
188613,2026-07-28 08:49:42
188614,2026-07-28 08:49:42
188615,2026-07-28 08:49:42
188616,2026-07-28 08:49:42
188617,2026-07-28 08:49:42
188618,2026-07-28 08:49:42
188619,2026-07-28 08:49:42
188620,2026-07-28 08:49:42
188621,2026-07-28 08:49:42
188622,2026-07-28 08:49:42
188623,2026-07-28 08:49:42
188624,2026-07-28 08:49:42
188625,2026-07-28 08:49:42
188626,2026-07-28 08:49:42
188627,2026-07-28 08:49:42
188628,2026-07-28 08:49:42
188629,2026-07-28 08:49:42
188630,2026-07-28 08:49:42
188631,2026-07-28 08:49:42
188632,2026-07-28 08:49:42
188633,2026-07-28 08:49:42
188634,2026-07-28 08:49:42
188635,2026-07-28 08:49:42
188636,2026-07-28 08:49:42
188637,2026-07-28 08:49:42
188638,2026-07-28 08:49:42
188639,2026-07-28 08:49:42
188640,2026-07-28 08:49:42
188641,2026-07-28 08:49:42
188642,2026-07-28 08:49:42
188643,2026-07-28 08:49:42
188644,2026-07-28 08:49:42
188645,2026-07-28 08:49:42
188646,2026-07-28 08:49:42
188647,2026-07-28 08:49:42
188648,2026-07-28 08:49:42
188649,2026-07-28 08:49:42
188650,2026-07-28 08:49:42
188651,2026-07-28 08:49:42
188652,2026-07-28 08:49:42
188653,2026-07-28 08:49:42
188654,2026-07-28 08:49:42
188655,2026-07-28 08:49:42
188656,2026-07-28 08:49:42
188657,2026-07-28 08:49:42
188658,2026-07-28 08:49:42
188659,2026-07-28 08:49:42
188660,2026-07-28 08:49:42
188661,2026-07-28 08:49:42
188662,2026-07-28 08:49:42
188663,2026-07-28 08:49:42
188664,2026-07-28 08:49:42
188665,2026-07-28 08:49:42
188666,2026-07-28 08:49:42
188667,2026-07-28 08:49:42
188668,2026-07-28 08:49:42
188669,2026-07-28 08:49:42
188670,2026-07-28 08:49:42
188671,2026-07-28 08:49:42
188672,2026-07-28 08:49:42
188673,2026-07-28 08:49:42
188674,2026-07-28 08:49:42
188675,2026-07-28 08:49:42
188676,2026-07-28 08:49:42
188677,2026-07-28 08:49:42
188678,2026-07-28 08:49:42
188679,2026-07-28 08:49:42
188680,2026-07-28 08:49:42
188681,2026-07-28 08:49:42
188682,2026-07-28 08:49:42
188683,2026-07-28 08:49:42
188684,2026-07-28 08:49:42
188685,2026-07-28 08:49:42
188686,2026-07-28 08:49:42
188687,2026-07-28 08:49:42
188688,2026-07-28 08:49:42
188689,2026-07-28 08:49:42
188690,2026-07-28 08:49:42
188691,2026-07-28 08:49:42
188692,2026-07-28 08:49:42
188693,2026-07-28 08:49:42
188694,2026-07-28 08:49:42
188695,2026-07-28 08:49:42
188696,2026-07-28 08:49:42
188697,2026-07-28 08:49:42
188698,2026-07-28 08:49:42
188699,2026-07-28 08:49:42
188700,2026-07-28 08:49:42
188701,2026-07-28 08:49:42
188702,2026-07-28 08:49:42
188703,2026-07-28 08:49:42
188704,2026-07-28 08:49:42
188705,2026-07-28 08:49:42
188706,2026-07-28 08:49:42
188707,2026-07-28 08:49:42
188708,2026-07-28 08:49:42
188709,2026-07-28 08:49:42
188710,2026-07-28 08:49:42
188711,2026-07-28 08:49:42
188712,2026-07-28 08:49:42
188713,2026-07-28 08:49:42
188714,2026-07-28 08:49:42
188715,2026-07-28 08:49:42
188716,2026-07-28 08:49:42
188717,2026-07-28 08:49:42
188718,2026-07-28 08:49:42
188719,2026-07-28 08:49:42
188720,2026-07-28 08:49:42
188721,2026-07-28 08:49:42
188722,2026-07-28 08:49:42
188723,2026-07-28 08:49:42
188724,2026-07-28 08:49:42
188725,2026-07-28 08:49:42
188726,2026-07-28 08:49:42
188727,2026-07-28 08:49:42
188728,2026-07-28 08:49:42
188729,2026-07-28 08:49:42
188730,2026-07-28 08:49:42
188731,2026-07-28 08:49:42
188732,2026-07-28 08:49:42
188733,2026-07-28 08:49:42
188734,2026-07-28 08:49:42
188735,2026-07-28 08:49:42
188736,2026-07-28 08:49:42
188737,2026-07-28 08:49:42
188738,2026-07-28 08:49:42
188739,2026-07-28 08:49:42
188740,2026-07-28 08:49:42
188741,2026-07-28 08:49:42
188742,2026-07-28 08:49:42
188743,2026-07-28 08:49:42
188744,2026-07-28 08:49:42
188745,2026-07-28 08:49:42
188746,2026-07-28 08:49:42
188747,2026-07-28 08:49:42
188748,2026-07-28 08:49:42
188749,2026-07-28 08:49:42
188750,2026-07-28 08:49:42
188751,2026-07-28 08:49:42
188752,2026-07-28 08:49:42
188753,2026-07-28 08:49:42
188754,2026-07-28 08:49:42
188755,2026-07-28 08:49:42
188756,2026-07-28 08:49:42
188757,2026-07-28 08:49:42
188758,2026-07-28 08:49:42
188759,2026-07-28 08:49:42
188760,2026-07-28 08:49:42
188761,2026-07-28 08:49:42
188762,2026-07-28 08:49:42
188763,2026-07-28 08:49:42
188764,2026-07-28 08:49:42
188765,2026-07-28 08:49:42
188766,2026-07-28 08:49:42
188767,2026-07-28 08:49:42
188768,2026-07-28 08:49:42
188769,2026-07-28 08:49:42
188770,2026-07-28 08:49:42
188771,2026-07-28 08:49:42
188772,2026-07-28 08:49:42
188773,2026-07-28 08:49:42
188774,2026-07-28 08:49:42
188775,2026-07-28 08:49:42
188776,2026-07-28 08:49:42
188777,2026-07-28 08:49:42
188778,2026-07-28 08:49:42
188779,2026-07-28 08:49:42
188780,2026-07-28 08:49:42
188781,2026-07-28 08:49:42
188782,2026-07-28 08:49:42
188783,2026-07-28 08:49:42
188784,2026-07-28 08:49:42
188785,2026-07-28 08:49:42
188786,2026-07-28 08:49:42
188787,2026-07-28 08:49:42
188788,2026-07-28 08:49:42
188789,2026-07-28 08:49:42
188790,2026-07-28 08:49:42
188791,2026-07-28 08:49:42
188792,2026-07-28 08:49:42
188793,2026-07-28 08:49:42
188794,2026-07-28 08:49:42
188795,2026-07-28 08:49:42
188796,2026-07-28 08:49:42
188797,2026-07-28 08:49:42
188798,2026-07-28 08:49:42
188799,2026-07-28 08:49:42
188800,2026-07-28 08:49:42
188801,2026-07-28 08:49:42
188802,2026-07-28 08:49:42
188803,2026-07-28 08:49:42
188804,2026-07-28 08:49:42
188805,2026-07-28 08:49:42
188806,2026-07-28 08:49:42
188807,2026-07-28 08:49:42
188808,2026-07-28 08:49:42
188809,2026-07-28 08:49:42
188810,2026-07-28 08:49:42
188811,2026-07-28 08:49:42
188812,2026-07-28 08:49:42
188813,2026-07-28 08:49:42
188814,2026-07-28 08:49:42
188815,2026-07-28 08:49:42
188816,2026-07-28 08:49:42
188817,2026-07-28 08:49:42
188818,2026-07-28 08:49:42
188819,2026-07-28 08:49:42
188820,2026-07-28 08:49:42
188821,2026-07-28 08:49:42
188822,2026-07-28 08:49:42
188823,2026-07-28 08:49:42
188824,2026-07-28 08:49:42
188825,2026-07-28 08:49:42
188826,2026-07-28 08:49:42
188827,2026-07-28 08:49:42
188828,2026-07-28 08:49:42
188829,2026-07-28 08:49:42
188830,2026-07-28 08:49:42
188831,2026-07-28 08:49:42
188832,2026-07-28 08:49:42
188833,2026-07-28 08:49:42
188834,2026-07-28 08:49:42
188835,2026-07-28 08:49:42
188836,2026-07-28 08:49:42
188837,2026-07-28 08:49:42
188838,2026-07-28 08:49:42
188839,2026-07-28 08:49:42
188840,2026-07-28 08:49:42
188841,2026-07-28 08:49:42
188842,2026-07-28 08:49:42
188843,2026-07-28 08:49:42
188844,2026-07-28 08:49:42
188845,2026-07-28 08:49:42
188846,2026-07-28 08:49:42
188847,2026-07-28 08:49:42
188848,2026-07-28 08:49:42
188849,2026-07-28 08:49:42
188850,2026-07-28 08:49:42
188851,2026-07-28 08:49:42
188852,2026-07-28 08:49:42
188853,2026-07-28 08:49:42
188854,2026-07-28 08:49:42
188855,2026-07-28 08:49:42
188856,2026-07-28 08:49:42
188857,2026-07-28 08:49:42
188858,2026-07-28 08:49:42
188859,2026-07-28 08:49:42
188860,2026-07-28 08:49:42
188861,2026-07-28 08:49:42
188862,2026-07-28 08:49:42
188863,2026-07-28 08:49:42
188864,2026-07-28 08:49:42
188865,2026-07-28 08:49:42
188866,2026-07-28 08:49:42
188867,2026-07-28 08:49:42
188868,2026-07-28 08:49:42
188869,2026-07-28 08:49:42
188870,2026-07-28 08:49:42
188871,2026-07-28 08:49:42
188872,2026-07-28 08:49:42
188873,2026-07-28 08:49:42
188874,2026-07-28 08:49:42
188875,2026-07-28 08:49:42
188876,2026-07-28 08:49:42
188877,2026-07-28 08:49:42
188878,2026-07-28 08:49:42
188879,2026-07-28 08:49:42
188880,2026-07-28 08:49:42
188881,2026-07-28 08:49:42
188882,2026-07-28 08:49:42
188883,2026-07-28 08:49:42
188884,2026-07-28 08:49:42
188885,2026-07-28 08:49:42
188886,2026-07-28 08:49:42
188887,2026-07-28 08:49:42
188888,2026-07-28 08:49:42
188889,2026-07-28 08:49:42
188890,2026-07-28 08:49:42
188891,2026-07-28 08:49:42
188892,2026-07-28 08:49:42
188893,2026-07-28 08:49:42
188894,2026-07-28 08:49:42
188895,2026-07-28 08:49:42
188896,2026-07-28 08:49:42
188897,2026-07-28 08:49:42
188898,2026-07-28 08:49:42
188899,2026-07-28 08:49:42
188900,2026-07-28 08:49:42
188901,2026-07-28 08:49:42
188902,2026-07-28 08:49:42
188903,2026-07-28 08:49:42
188904,2026-07-28 08:49:42
188905,2026-07-28 08:49:42
188906,2026-07-28 08:49:42
188907,2026-07-28 08:49:42
188908,2026-07-28 08:49:42
188909,2026-07-28 08:49:42
188910,2026-07-28 08:49:42
188911,2026-07-28 08:49:42
188912,2026-07-28 08:49:42
188913,2026-07-28 08:49:42
188914,2026-07-28 08:49:42
188915,2026-07-28 08:49:42
188916,2026-07-28 08:49:42
188917,2026-07-28 08:49:42
188918,2026-07-28 08:49:42
188919,2026-07-28 08:49:42
188920,2026-07-28 08:49:42
188921,2026-07-28 08:49:42
188922,2026-07-28 08:49:42
188923,2026-07-28 08:49:42
188924,2026-07-28 08:49:42
188925,2026-07-28 08:49:42
188926,2026-07-28 08:49:42
188927,2026-07-28 08:49:42
188928,2026-07-28 08:49:42
188929,2026-07-28 08:49:42
188930,2026-07-28 08:49:42
188931,2026-07-28 08:49:42
188932,2026-07-28 08:49:42
188933,2026-07-28 08:49:42
188934,2026-07-28 08:49:42
188935,2026-07-28 08:49:42
188936,2026-07-28 08:49:42
188937,2026-07-28 08:49:42
188938,2026-07-28 08:49:42
188939,2026-07-28 08:49:42
188940,2026-07-28 08:49:42
188941,2026-07-28 08:49:42
188942,2026-07-28 08:49:42
188943,2026-07-28 08:49:42
188944,2026-07-28 08:49:42
188945,2026-07-28 08:49:42
188946,2026-07-28 08:49:42
188947,2026-07-28 08:49:42
188948,2026-07-28 08:49:42
188949,2026-07-28 08:49:42
188950,2026-07-28 08:49:42
188951,2026-07-28 08:49:42
188952,2026-07-28 08:49:42
188953,2026-07-28 08:49:42
188954,2026-07-28 08:49:42
188955,2026-07-28 08:49:42
188956,2026-07-28 08:49:42
188957,2026-07-28 08:49:42
188958,2026-07-28 08:49:42
188959,2026-07-28 08:49:42
188960,2026-07-28 08:49:42
188961,2026-07-28 08:49:42
188962,2026-07-28 08:49:42
188963,2026-07-28 08:49:42
188964,2026-07-28 08:49:42
188965,2026-07-28 08:49:42
188966,2026-07-28 08:49:42
188967,2026-07-28 08:49:42
188968,2026-07-28 08:49:42
188969,2026-07-28 08:49:42
188970,2026-07-28 08:49:42
188971,2026-07-28 08:49:42
188972,2026-07-28 08:49:42
188973,2026-07-28 08:49:42
188974,2026-07-28 08:49:42
188975,2026-07-28 08:49:42
188976,2026-07-28 08:49:42
188977,2026-07-28 08:49:42
188978,2026-07-28 08:49:42
188979,2026-07-28 08:49:42
188980,2026-07-28 08:49:42
188981,2026-07-28 08:49:42
188982,2026-07-28 08:49:42
188983,2026-07-28 08:49:42
188984,2026-07-28 08:49:42
188985,2026-07-28 08:49:42
188986,2026-07-28 08:49:42
188987,2026-07-28 08:49:42
188988,2026-07-28 08:49:42
188989,2026-07-28 08:49:42
188990,2026-07-28 08:49:42
188991,2026-07-28 08:49:42
188992,2026-07-28 08:49:42
188993,2026-07-28 08:49:42
188994,2026-07-28 08:49:42
188995,2026-07-28 08:49:42
188996,2026-07-28 08:49:42
188997,2026-07-28 08:49:42
188998,2026-07-28 08:49:42
188999,2026-07-28 08:49:42
189000,2026-07-28 08:49:42
189001,2026-07-28 08:49:42
189002,2026-07-28 08:49:42
189003,2026-07-28 08:49:42
189004,2026-07-28 08:49:42
189005,2026-07-28 08:49:42
189006,2026-07-28 08:49:42
189007,2026-07-28 08:49:42
189008,2026-07-28 08:49:42
189009,2026-07-28 08:49:42
189010,2026-07-28 08:49:42
189011,2026-07-28 08:49:42
189012,2026-07-28 08:49:42
189013,2026-07-28 08:49:42
189014,2026-07-28 08:49:42
189015,2026-07-28 08:49:42
189016,2026-07-28 08:49:42
189017,2026-07-28 08:49:42
189018,2026-07-28 08:49:42
189019,2026-07-28 08:49:42
189020,2026-07-28 08:49:42
189021,2026-07-28 08:49:42
189022,2026-07-28 08:49:42
189023,2026-07-28 08:49:42
189024,2026-07-28 08:49:42
189025,2026-07-28 08:49:42
189026,2026-07-28 08:49:42
189027,2026-07-28 08:49:42
189028,2026-07-28 08:49:42
189029,2026-07-28 08:49:42
189030,2026-07-28 08:49:42
189031,2026-07-28 08:49:42
189032,2026-07-28 08:49:42
189033,2026-07-28 08:49:42
189034,2026-07-28 08:49:42
189035,2026-07-28 08:49:42
189036,2026-07-28 08:49:42
189037,2026-07-28 08:49:42
189038,2026-07-28 08:49:42
189039,2026-07-28 08:49:42
189040,2026-07-28 08:49:42
189041,2026-07-28 08:49:42
189042,2026-07-28 08:49:42
189043,2026-07-28 08:49:42
189044,2026-07-28 08:49:42
189045,2026-07-28 08:49:42
189046,2026-07-28 08:49:42
189047,2026-07-28 08:49:42
189048,2026-07-28 08:49:42
189049,2026-07-28 08:49:42
189050,2026-07-28 08:49:42
189051,2026-07-28 08:49:42
189052,2026-07-28 08:49:42
189053,2026-07-28 08:49:42
189054,2026-07-28 08:49:42
189055,2026-07-28 08:49:42
189056,2026-07-28 08:49:42
189057,2026-07-28 08:49:42
189058,2026-07-28 08:49:42
189059,2026-07-28 08:49:42
189060,2026-07-28 08:49:42
189061,2026-07-28 08:49:42
189062,2026-07-28 08:49:42
189063,2026-07-28 08:49:42
189064,2026-07-28 08:49:42
189065,2026-07-28 08:49:42
189066,2026-07-28 08:49:42
189067,2026-07-28 08:49:42
189068,2026-07-28 08:49:42
189069,2026-07-28 08:49:42
189070,2026-07-28 08:49:42
189071,2026-07-28 08:49:42
189072,2026-07-28 08:49:42
189073,2026-07-28 08:49:42
189074,2026-07-28 08:49:42
189075,2026-07-28 08:49:42
189076,2026-07-28 08:49:42
189077,2026-07-28 08:49:42
189078,2026-07-28 08:49:42
189079,2026-07-28 08:49:42
189080,2026-07-28 08:49:42
189081,2026-07-28 08:49:42
189082,2026-07-28 08:49:42
189083,2026-07-28 08:49:42
189084,2026-07-28 08:49:42
189085,2026-07-28 08:49:42
189086,2026-07-28 08:49:42
189087,2026-07-28 08:49:42
189088,2026-07-28 08:49:42
189089,2026-07-28 08:49:42
189090,2026-07-28 08:49:42
189091,2026-07-28 08:49:42
189092,2026-07-28 08:49:42
189093,2026-07-28 08:49:42
189094,2026-07-28 08:49:42
189095,2026-07-28 08:49:42
189096,2026-07-28 08:49:42
189097,2026-07-28 08:49:42
189098,2026-07-28 08:49:42
189099,2026-07-28 08:49:42
189100,2026-07-28 08:49:42
189101,2026-07-28 08:49:42
189102,2026-07-28 08:49:42
189103,2026-07-28 08:49:42
189104,2026-07-28 08:49:42
189105,2026-07-28 08:49:42
189106,2026-07-28 08:49:42
189107,2026-07-28 08:49:42
189108,2026-07-28 08:49:42
189109,2026-07-28 08:49:42
189110,2026-07-28 08:49:42
189111,2026-07-28 08:49:42
189112,2026-07-28 08:49:42
189113,2026-07-28 08:49:42
189114,2026-07-28 08:49:42
189115,2026-07-28 08:49:42
189116,2026-07-28 08:49:42
189117,2026-07-28 08:49:42
189118,2026-07-28 08:49:42
189119,2026-07-28 08:49:42
189120,2026-07-28 08:49:42
189121,2026-07-28 08:49:42
189122,2026-07-28 08:49:42
189123,2026-07-28 08:49:42
189124,2026-07-28 08:49:42
189125,2026-07-28 08:49:42
189126,2026-07-28 08:49:42
189127,2026-07-28 08:49:42
189128,2026-07-28 08:49:42
189129,2026-07-28 08:49:42
189130,2026-07-28 08:49:42
189131,2026-07-28 08:49:42
189132,2026-07-28 08:49:42
189133,2026-07-28 08:49:42
189134,2026-07-28 08:49:42
189135,2026-07-28 08:49:42
189136,2026-07-28 08:49:42
189137,2026-07-28 08:49:42
189138,2026-07-28 08:49:42
189139,2026-07-28 08:49:42
189140,2026-07-28 08:49:42
189141,2026-07-28 08:49:42
189142,2026-07-28 08:49:42
189143,2026-07-28 08:49:42
189144,2026-07-28 08:49:42
189145,2026-07-28 08:49:42
189146,2026-07-28 08:49:42
189147,2026-07-28 08:49:42
189148,2026-07-28 08:49:42
189149,2026-07-28 08:49:42
189150,2026-07-28 08:49:42
189151,2026-07-28 08:49:42
189152,2026-07-28 08:49:42
189153,2026-07-28 08:49:42
189154,2026-07-28 08:49:42
189155,2026-07-28 08:49:42
189156,2026-07-28 08:49:42
189157,2026-07-28 08:49:42
189158,2026-07-28 08:49:42
189159,2026-07-28 08:49:42
189160,2026-07-28 08:49:42
189161,2026-07-28 08:49:42
189162,2026-07-28 08:49:42
189163,2026-07-28 08:49:42
189164,2026-07-28 08:49:42
189165,2026-07-28 08:49:42
189166,2026-07-28 08:49:42
189167,2026-07-28 08:49:42
189168,2026-07-28 08:49:42
189169,2026-07-28 08:49:42
189170,2026-07-28 08:49:42
189171,2026-07-28 08:49:42
189172,2026-07-28 08:49:42
189173,2026-07-28 08:49:42
189174,2026-07-28 08:49:42
189175,2026-07-28 08:49:42
189176,2026-07-28 08:49:42
189177,2026-07-28 08:49:42
189178,2026-07-28 08:49:42
189179,2026-07-28 08:49:42
189180,2026-07-28 08:49:42
189181,2026-07-28 08:49:42
189182,2026-07-28 08:49:42
189183,2026-07-28 08:49:42
189184,2026-07-28 08:49:42
189185,2026-07-28 08:49:42
189186,2026-07-28 08:49:42
189187,2026-07-28 08:49:42
189188,2026-07-28 08:49:42
189189,2026-07-28 08:49:42
189190,2026-07-28 08:49:42
189191,2026-07-28 08:49:42
189192,2026-07-28 08:49:42
189193,2026-07-28 08:49:42
189194,2026-07-28 08:49:42
189195,2026-07-28 08:49:42
189196,2026-07-28 08:49:42
189197,2026-07-28 08:49:42
189198,2026-07-28 08:49:42
189199,2026-07-28 08:49:42
189200,2026-07-28 08:49:42
189201,2026-07-28 08:49:42
189202,2026-07-28 08:49:42
189203,2026-07-28 08:49:42
189204,2026-07-28 08:49:42
189205,2026-07-28 08:49:42
189206,2026-07-28 08:49:42
189207,2026-07-28 08:49:42
189208,2026-07-28 08:49:42
189209,2026-07-28 08:49:42
189210,2026-07-28 08:49:42
189211,2026-07-28 08:49:42
189212,2026-07-28 08:49:42
189213,2026-07-28 08:49:42
189214,2026-07-28 08:49:42
189215,2026-07-28 08:49:42
189216,2026-07-28 08:49:42
189217,2026-07-28 08:49:42
189218,2026-07-28 08:49:42
189219,2026-07-28 08:49:42
189220,2026-07-28 08:49:42
189221,2026-07-28 08:49:42
189222,2026-07-28 08:49:42
189223,2026-07-28 08:49:42
189224,2026-07-28 08:49:42
189225,2026-07-28 08:49:42
189226,2026-07-28 08:49:42
189227,2026-07-28 08:49:42
189228,2026-07-28 08:49:42
189229,2026-07-28 08:49:42
189230,2026-07-28 08:49:42
189231,2026-07-28 08:49:42
189232,2026-07-28 08:49:42
189233,2026-07-28 08:49:42
189234,2026-07-28 08:49:42
189235,2026-07-28 08:49:42
189236,2026-07-28 08:49:42
189237,2026-07-28 08:49:42
189238,2026-07-28 08:49:42
189239,2026-07-28 08:49:42
189240,2026-07-28 08:49:42
189241,2026-07-28 08:49:42
189242,2026-07-28 08:49:42
189243,2026-07-28 08:49:42
189244,2026-07-28 08:49:42
189245,2026-07-28 08:49:42
189246,2026-07-28 08:49:42
189247,2026-07-28 08:49:42
189248,2026-07-28 08:49:42
189249,2026-07-28 08:49:42
189250,2026-07-28 08:49:42
189251,2026-07-28 08:49:42
189252,2026-07-28 08:49:42
189253,2026-07-28 08:49:42
189254,2026-07-28 08:49:42
189255,2026-07-28 08:49:42
189256,2026-07-28 08:49:42
189257,2026-07-28 08:49:42
189258,2026-07-28 08:49:42
189259,2026-07-28 08:49:42
189260,2026-07-28 08:49:42
189261,2026-07-28 08:49:42
189262,2026-07-28 08:49:42
189263,2026-07-28 08:49:42
189264,2026-07-28 08:49:42
189265,2026-07-28 08:49:42
189266,2026-07-28 08:49:42
189267,2026-07-28 08:49:42
189268,2026-07-28 08:49:42
189269,2026-07-28 08:49:42
189270,2026-07-28 08:49:42
189271,2026-07-28 08:49:42
189272,2026-07-28 08:49:42
189273,2026-07-28 08:49:42
189274,2026-07-28 08:49:42
189275,2026-07-28 08:49:42
189276,2026-07-28 08:49:42
189277,2026-07-28 08:49:42
189278,2026-07-28 08:49:42
189279,2026-07-28 08:49:42
189280,2026-07-28 08:49:42
189281,2026-07-28 08:49:42
189282,2026-07-28 08:49:42
189283,2026-07-28 08:49:42
189284,2026-07-28 08:49:42
189285,2026-07-28 08:49:42
189286,2026-07-28 08:49:42
189287,2026-07-28 08:49:42
189288,2026-07-28 08:49:42
189289,2026-07-28 08:49:42
189290,2026-07-28 08:49:42
189291,2026-07-28 08:49:42
189292,2026-07-28 08:49:42
189293,2026-07-28 08:49:42
189294,2026-07-28 08:49:42
189295,2026-07-28 08:49:42
189296,2026-07-28 08:49:42
189297,2026-07-28 08:49:42
189298,2026-07-28 08:49:42
189299,2026-07-28 08:49:42
189300,2026-07-28 08:49:42
189301,2026-07-28 08:49:42
189302,2026-07-28 08:49:42
189303,2026-07-28 08:49:42
189304,2026-07-28 08:49:42
189305,2026-07-28 08:49:42
189306,2026-07-28 08:49:42
189307,2026-07-28 08:49:42
189308,2026-07-28 08:49:42
189309,2026-07-28 08:49:42
189310,2026-07-28 08:49:42
189311,2026-07-28 08:49:42
189312,2026-07-28 08:49:42
189313,2026-07-28 08:49:42
189314,2026-07-28 08:49:42
189315,2026-07-28 08:49:42
189316,2026-07-28 08:49:42
189317,2026-07-28 08:49:42
189318,2026-07-28 08:49:42
189319,2026-07-28 08:49:42
189320,2026-07-28 08:49:42
189321,2026-07-28 08:49:42
189322,2026-07-28 08:49:42
189323,2026-07-28 08:49:42
189324,2026-07-28 08:49:42
189325,2026-07-28 08:49:42
189326,2026-07-28 08:49:42
189327,2026-07-28 08:49:42
189328,2026-07-28 08:49:42
189329,2026-07-28 08:49:42
189330,2026-07-28 08:49:42
189331,2026-07-28 08:49:42
189332,2026-07-28 08:49:42
189333,2026-07-28 08:49:42
189334,2026-07-28 08:49:42
189335,2026-07-28 08:49:42
189336,2026-07-28 08:49:42
189337,2026-07-28 08:49:42
189338,2026-07-28 08:49:42
189339,2026-07-28 08:49:42
189340,2026-07-28 08:49:42
189341,2026-07-28 08:49:42
189342,2026-07-28 08:49:42
189343,2026-07-28 08:49:42
189344,2026-07-28 08:49:42
189345,2026-07-28 08:49:42
189346,2026-07-28 08:49:42
189347,2026-07-28 08:49:42
189348,2026-07-28 08:49:42
189349,2026-07-28 08:49:42
189350,2026-07-28 08:49:42
189351,2026-07-28 08:49:42
189352,2026-07-28 08:49:42
189353,2026-07-28 08:49:42
189354,2026-07-28 08:49:42
189355,2026-07-28 08:49:42
189356,2026-07-28 08:49:42
189357,2026-07-28 08:49:42
189358,2026-07-28 08:49:42
189359,2026-07-28 08:49:42
189360,2026-07-28 08:49:42
189361,2026-07-28 08:49:42
189362,2026-07-28 08:49:42
189363,2026-07-28 08:49:42
189364,2026-07-28 08:49:42
189365,2026-07-28 08:49:42
189366,2026-07-28 08:49:42
189367,2026-07-28 08:49:42
189368,2026-07-28 08:49:42
189369,2026-07-28 08:49:42
189370,2026-07-28 08:49:42
189371,2026-07-28 08:49:42
189372,2026-07-28 08:49:42
189373,2026-07-28 08:49:42
189374,2026-07-28 08:49:42
189375,2026-07-28 08:49:42
189376,2026-07-28 08:49:42
189377,2026-07-28 08:49:42
189378,2026-07-28 08:49:42
189379,2026-07-28 08:49:42
189380,2026-07-28 08:49:42
189381,2026-07-28 08:49:42
189382,2026-07-28 08:49:42
189383,2026-07-28 08:49:42
189384,2026-07-28 08:49:42
189385,2026-07-28 08:49:42
189386,2026-07-28 08:49:42
189387,2026-07-28 08:49:42
189388,2026-07-28 08:49:42
189389,2026-07-28 08:49:42
189390,2026-07-28 08:49:42
189391,2026-07-28 08:49:42
189392,2026-07-28 08:49:42
189393,2026-07-28 08:49:42
189394,2026-07-28 08:49:42
189395,2026-07-28 08:49:42
189396,2026-07-28 08:49:42
189397,2026-07-28 08:49:42
189398,2026-07-28 08:49:42
189399,2026-07-28 08:49:42
189400,2026-07-28 08:49:42
189401,2026-07-28 08:49:42
189402,2026-07-28 08:49:42
189403,2026-07-28 08:49:42
189404,2026-07-28 08:49:42
189405,2026-07-28 08:49:42
189406,2026-07-28 08:49:42
189407,2026-07-28 08:49:42
189408,2026-07-28 08:49:42
189409,2026-07-28 08:49:42
189410,2026-07-28 08:49:42
189411,2026-07-28 08:49:42
189412,2026-07-28 08:49:42
189413,2026-07-28 08:49:42
189414,2026-07-28 08:49:42
189415,2026-07-28 08:49:42
189416,2026-07-28 08:49:42
189417,2026-07-28 08:49:42
189418,2026-07-28 08:49:42
189419,2026-07-28 08:49:42
189420,2026-07-28 08:49:42
189421,2026-07-28 08:49:42
189422,2026-07-28 08:49:42
189423,2026-07-28 08:49:42
189424,2026-07-28 08:49:42
189425,2026-07-28 08:49:42
189426,2026-07-28 08:49:42
189427,2026-07-28 08:49:42
189428,2026-07-28 08:49:42
189429,2026-07-28 08:49:42
189430,2026-07-28 08:49:42
189431,2026-07-28 08:49:42
189432,2026-07-28 08:49:42
189433,2026-07-28 08:49:42
189434,2026-07-28 08:49:42
189435,2026-07-28 08:49:42
189436,2026-07-28 08:49:42
189437,2026-07-28 08:49:42
189438,2026-07-28 08:49:42
189439,2026-07-28 08:49:42
189440,2026-07-28 08:49:42
189441,2026-07-28 08:49:42
189442,2026-07-28 08:49:42
189443,2026-07-28 08:49:42
189444,2026-07-28 08:49:42
189445,2026-07-28 08:49:42
189446,2026-07-28 08:49:42
189447,2026-07-28 08:49:42
189448,2026-07-28 08:49:42
189449,2026-07-28 08:49:42
189450,2026-07-28 08:49:42
189451,2026-07-28 08:49:42
189452,2026-07-28 08:49:42
189453,2026-07-28 08:49:42
189454,2026-07-28 08:49:42
189455,2026-07-28 08:49:42
189456,2026-07-28 08:49:42
189457,2026-07-28 08:49:42
189458,2026-07-28 08:49:42
189459,2026-07-28 08:49:42
189460,2026-07-28 08:49:42
189461,2026-07-28 08:49:42
189462,2026-07-28 08:49:42
189463,2026-07-28 08:49:42
189464,2026-07-28 08:49:42
189465,2026-07-28 08:49:42
189466,2026-07-28 08:49:42
189467,2026-07-28 08:49:42
189468,2026-07-28 08:49:42
189469,2026-07-28 08:49:42
189470,2026-07-28 08:49:42
189471,2026-07-28 08:49:42
189472,2026-07-28 08:49:42
189473,2026-07-28 08:49:42
189474,2026-07-28 08:49:42
189475,2026-07-28 08:49:42
189476,2026-07-28 08:49:42
189477,2026-07-28 08:49:42
189478,2026-07-28 08:49:42
189479,2026-07-28 08:49:42
189480,2026-07-28 08:49:42
189481,2026-07-28 08:49:42
189482,2026-07-28 08:49:42
189483,2026-07-28 08:49:42
189484,2026-07-28 08:49:42
189485,2026-07-28 08:49:42
189486,2026-07-28 08:49:42
189487,2026-07-28 08:49:42
189488,2026-07-28 08:49:42
189489,2026-07-28 08:49:42
189490,2026-07-28 08:49:42
189491,2026-07-28 08:49:42
189492,2026-07-28 08:49:42
189493,2026-07-28 08:49:42
189494,2026-07-28 08:49:42
189495,2026-07-28 08:49:42
189496,2026-07-28 08:49:42
189497,2026-07-28 08:49:42
189498,2026-07-28 08:49:42
189499,2026-07-28 08:49:42
189500,2026-07-28 08:49:42
189501,2026-07-28 08:49:42
189502,2026-07-28 08:49:42
189503,2026-07-28 08:49:42
189504,2026-07-28 08:49:42
189505,2026-07-28 08:49:42
189506,2026-07-28 08:49:42
189507,2026-07-28 08:49:42
189508,2026-07-28 08:49:42
189509,2026-07-28 08:49:42
189510,2026-07-28 08:49:42
189511,2026-07-28 08:49:42
189512,2026-07-28 08:49:42
189513,2026-07-28 08:49:42
189514,2026-07-28 08:49:42
189515,2026-07-28 08:49:42
189516,2026-07-28 08:49:42
189517,2026-07-28 08:49:42
189518,2026-07-28 08:49:42
189519,2026-07-28 08:49:42
189520,2026-07-28 08:49:42
189521,2026-07-28 08:49:42
189522,2026-07-28 08:49:42
189523,2026-07-28 08:49:42
189524,2026-07-28 08:49:42
189525,2026-07-28 08:49:42
189526,2026-07-28 08:49:42
189527,2026-07-28 08:49:42
189528,2026-07-28 08:49:42
189529,2026-07-28 08:49:42
189530,2026-07-28 08:49:42
189531,2026-07-28 08:49:42
189532,2026-07-28 08:49:42
189533,2026-07-28 08:49:42
189534,2026-07-28 08:49:42
189535,2026-07-28 08:49:42
189536,2026-07-28 08:49:42
189537,2026-07-28 08:49:42
189538,2026-07-28 08:49:42
189539,2026-07-28 08:49:42
189540,2026-07-28 08:49:42
189541,2026-07-28 08:49:42
189542,2026-07-28 08:49:42
189543,2026-07-28 08:49:42
189544,2026-07-28 08:49:42
189545,2026-07-28 08:49:42
189546,2026-07-28 08:49:42
189547,2026-07-28 08:49:42
189548,2026-07-28 08:49:42
189549,2026-07-28 08:49:42
189550,2026-07-28 08:49:42
189551,2026-07-28 08:49:42
189552,2026-07-28 08:49:42
189553,2026-07-28 08:49:42
189554,2026-07-28 08:49:42
189555,2026-07-28 08:49:42
189556,2026-07-28 08:49:42
189557,2026-07-28 08:49:42
189558,2026-07-28 08:49:42
189559,2026-07-28 08:49:42
189560,2026-07-28 08:49:42
189561,2026-07-28 08:49:42
189562,2026-07-28 08:49:42
189563,2026-07-28 08:49:42
189564,2026-07-28 08:49:42
189565,2026-07-28 08:49:42
189566,2026-07-28 08:49:42
189567,2026-07-28 08:49:42
189568,2026-07-28 08:49:42
189569,2026-07-28 08:49:42
189570,2026-07-28 08:49:42
189571,2026-07-28 08:49:42
189572,2026-07-28 08:49:42
189573,2026-07-28 08:49:42
189574,2026-07-28 08:49:42
189575,2026-07-28 08:49:42
189576,2026-07-28 08:49:42
189577,2026-07-28 08:49:42
189578,2026-07-28 08:49:42
189579,2026-07-28 08:49:42
189580,2026-07-28 08:49:42
189581,2026-07-28 08:49:42
189582,2026-07-28 08:49:42
189583,2026-07-28 08:49:42
189584,2026-07-28 08:49:42
189585,2026-07-28 08:49:42
189586,2026-07-28 08:49:42
189587,2026-07-28 08:49:42
189588,2026-07-28 08:49:42
189589,2026-07-28 08:49:42
189590,2026-07-28 08:49:42
189591,2026-07-28 08:49:42
189592,2026-07-28 08:49:42
189593,2026-07-28 08:49:42
189594,2026-07-28 08:49:42
189595,2026-07-28 08:49:42
189596,2026-07-28 08:49:42
189597,2026-07-28 08:49:42
189598,2026-07-28 08:49:42
189599,2026-07-28 08:49:42
189600,2026-07-28 08:49:42
189601,2026-07-28 08:49:42
189602,2026-07-28 08:49:42
189603,2026-07-28 08:49:42
189604,2026-07-28 08:49:42
189605,2026-07-28 08:49:42
189606,2026-07-28 08:49:42
189607,2026-07-28 08:49:42
189608,2026-07-28 08:49:42
189609,2026-07-28 08:49:42
189610,2026-07-28 08:49:42
189611,2026-07-28 08:49:42
189612,2026-07-28 08:49:42
189613,2026-07-28 08:49:42
189614,2026-07-28 08:49:42
189615,2026-07-28 08:49:42
189616,2026-07-28 08:49:42
189617,2026-07-28 08:49:42
189618,2026-07-28 08:49:42
189619,2026-07-28 08:49:42
189620,2026-07-28 08:49:42
189621,2026-07-28 08:49:42
189622,2026-07-28 08:49:42
189623,2026-07-28 08:49:42
189624,2026-07-28 08:49:42
189625,2026-07-28 08:49:42
189626,2026-07-28 08:49:42
189627,2026-07-28 08:49:42
189628,2026-07-28 08:49:42
189629,2026-07-28 08:49:42
189630,2026-07-28 08:49:42
189631,2026-07-28 08:49:42
189632,2026-07-28 08:49:42
189633,2026-07-28 08:49:42
189634,2026-07-28 08:49:42
189635,2026-07-28 08:49:42
189636,2026-07-28 08:49:42
189637,2026-07-28 08:49:42
189638,2026-07-28 08:49:42
189639,2026-07-28 08:49:42
189640,2026-07-28 08:49:42
189641,2026-07-28 08:49:42
189642,2026-07-28 08:49:42
189643,2026-07-28 08:49:42
189644,2026-07-28 08:49:42
189645,2026-07-28 08:49:42
189646,2026-07-28 08:49:42
189647,2026-07-28 08:49:42
189648,2026-07-28 08:49:42
189649,2026-07-28 08:49:42
189650,2026-07-28 08:49:42
189651,2026-07-28 08:49:42
189652,2026-07-28 08:49:42
189653,2026-07-28 08:49:42
189654,2026-07-28 08:49:42
189655,2026-07-28 08:49:42
189656,2026-07-28 08:49:42
189657,2026-07-28 08:49:42
189658,2026-07-28 08:49:42
189659,2026-07-28 08:49:42
189660,2026-07-28 08:49:42
189661,2026-07-28 08:49:42
189662,2026-07-28 08:49:42
189663,2026-07-28 08:49:42
189664,2026-07-28 08:49:42
189665,2026-07-28 08:49:42
189666,2026-07-28 08:49:42
189667,2026-07-28 08:49:42
189668,2026-07-28 08:49:42
189669,2026-07-28 08:49:42
189670,2026-07-28 08:49:42
189671,2026-07-28 08:49:42
189672,2026-07-28 08:49:42
189673,2026-07-28 08:49:42
189674,2026-07-28 08:49:42
189675,2026-07-28 08:49:42
189676,2026-07-28 08:49:42
189677,2026-07-28 08:49:42
189678,2026-07-28 08:49:42
189679,2026-07-28 08:49:42
189680,2026-07-28 08:49:42
189681,2026-07-28 08:49:42
189682,2026-07-28 08:49:42
189683,2026-07-28 08:49:42
189684,2026-07-28 08:49:42
189685,2026-07-28 08:49:42
189686,2026-07-28 08:49:42
189687,2026-07-28 08:49:42
189688,2026-07-28 08:49:42
189689,2026-07-28 08:49:42
189690,2026-07-28 08:49:42
189691,2026-07-28 08:49:42
189692,2026-07-28 08:49:42
189693,2026-07-28 08:49:42
189694,2026-07-28 08:49:42
189695,2026-07-28 08:49:42
189696,2026-07-28 08:49:42
189697,2026-07-28 08:49:42
189698,2026-07-28 08:49:42
189699,2026-07-28 08:49:42
189700,2026-07-28 08:49:42
189701,2026-07-28 08:49:42
189702,2026-07-28 08:49:42
189703,2026-07-28 08:49:42
189704,2026-07-28 08:49:42
189705,2026-07-28 08:49:42
189706,2026-07-28 08:49:42
189707,2026-07-28 08:49:42
189708,2026-07-28 08:49:42
189709,2026-07-28 08:49:42
189710,2026-07-28 08:49:42
189711,2026-07-28 08:49:42
189712,2026-07-28 08:49:42
189713,2026-07-28 08:49:42
189714,2026-07-28 08:49:42
189715,2026-07-28 08:49:42
189716,2026-07-28 08:49:42
189717,2026-07-28 08:49:42
189718,2026-07-28 08:49:42
189719,2026-07-28 08:49:42
189720,2026-07-28 08:49:42
189721,2026-07-28 08:49:42
189722,2026-07-28 08:49:42
189723,2026-07-28 08:49:42
189724,2026-07-28 08:49:42
189725,2026-07-28 08:49:42
189726,2026-07-28 08:49:42
189727,2026-07-28 08:49:42
189728,2026-07-28 08:49:42
189729,2026-07-28 08:49:42
189730,2026-07-28 08:49:42
189731,2026-07-28 08:49:42
189732,2026-07-28 08:49:42
189733,2026-07-28 08:49:42
189734,2026-07-28 08:49:42
189735,2026-07-28 08:49:42
189736,2026-07-28 08:49:42
189737,2026-07-28 08:49:42
189738,2026-07-28 08:49:42
189739,2026-07-28 08:49:42
189740,2026-07-28 08:49:42
189741,2026-07-28 08:49:42
189742,2026-07-28 08:49:42
189743,2026-07-28 08:49:42
189744,2026-07-28 08:49:42
189745,2026-07-28 08:49:42
189746,2026-07-28 08:49:42
189747,2026-07-28 08:49:42
189748,2026-07-28 08:49:42
189749,2026-07-28 08:49:42
189750,2026-07-28 08:49:42
189751,2026-07-28 08:49:42
189752,2026-07-28 08:49:42
189753,2026-07-28 08:49:42
189754,2026-07-28 08:49:42
189755,2026-07-28 08:49:42
189756,2026-07-28 08:49:42
189757,2026-07-28 08:49:42
189758,2026-07-28 08:49:42
189759,2026-07-28 08:49:42
189760,2026-07-28 08:49:42
189761,2026-07-28 08:49:42
189762,2026-07-28 08:49:42
189763,2026-07-28 08:49:42
189764,2026-07-28 08:49:42
189765,2026-07-28 08:49:42
189766,2026-07-28 08:49:42
189767,2026-07-28 08:49:42
189768,2026-07-28 08:49:42
189769,2026-07-28 08:49:42
189770,2026-07-28 08:49:42
189771,2026-07-28 08:49:42
189772,2026-07-28 08:49:42
189773,2026-07-28 08:49:42
189774,2026-07-28 08:49:42
189775,2026-07-28 08:49:42
189776,2026-07-28 08:49:42
189777,2026-07-28 08:49:42
189778,2026-07-28 08:49:42
189779,2026-07-28 08:49:42
189780,2026-07-28 08:49:42
189781,2026-07-28 08:49:42
189782,2026-07-28 08:49:42
189783,2026-07-28 08:49:42
189784,2026-07-28 08:49:42
189785,2026-07-28 08:49:42
189786,2026-07-28 08:49:42
189787,2026-07-28 08:49:42
189788,2026-07-28 08:49:42
189789,2026-07-28 08:49:42
189790,2026-07-28 08:49:42
189791,2026-07-28 08:49:42
189792,2026-07-28 08:49:42
189793,2026-07-28 08:49:42
189794,2026-07-28 08:49:42
189795,2026-07-28 08:49:42
189796,2026-07-28 08:49:42
189797,2026-07-28 08:49:42
189798,2026-07-28 08:49:42
189799,2026-07-28 08:49:42
189800,2026-07-28 08:49:42
189801,2026-07-28 08:49:42
189802,2026-07-28 08:49:42
189803,2026-07-28 08:49:42
189804,2026-07-28 08:49:42
189805,2026-07-28 08:49:42
189806,2026-07-28 08:49:42
189807,2026-07-28 08:49:42
189808,2026-07-28 08:49:42
189809,2026-07-28 08:49:42
189810,2026-07-28 08:49:42
189811,2026-07-28 08:49:42
189812,2026-07-28 08:49:42
189813,2026-07-28 08:49:42
189814,2026-07-28 08:49:42
189815,2026-07-28 08:49:42
189816,2026-07-28 08:49:42
189817,2026-07-28 08:49:42
189818,2026-07-28 08:49:42
189819,2026-07-28 08:49:42
189820,2026-07-28 08:49:42
189821,2026-07-28 08:49:42
189822,2026-07-28 08:49:42
189823,2026-07-28 08:49:42
189824,2026-07-28 08:49:42
189825,2026-07-28 08:49:42
189826,2026-07-28 08:49:42
189827,2026-07-28 08:49:42
189828,2026-07-28 08:49:42
189829,2026-07-28 08:49:42
189830,2026-07-28 08:49:42
189831,2026-07-28 08:49:42
189832,2026-07-28 08:49:42
189833,2026-07-28 08:49:42
189834,2026-07-28 08:49:42
189835,2026-07-28 08:49:42
189836,2026-07-28 08:49:42
189837,2026-07-28 08:49:42
189838,2026-07-28 08:49:42
189839,2026-07-28 08:49:42
189840,2026-07-28 08:49:42
189841,2026-07-28 08:49:42
189842,2026-07-28 08:49:42
189843,2026-07-28 08:49:42
189844,2026-07-28 08:49:42
189845,2026-07-28 08:49:42
189846,2026-07-28 08:49:42
189847,2026-07-28 08:49:42
189848,2026-07-28 08:49:42
189849,2026-07-28 08:49:42
189850,2026-07-28 08:49:42
189851,2026-07-28 08:49:42
189852,2026-07-28 08:49:42
189853,2026-07-28 08:49:42
189854,2026-07-28 08:49:42
189855,2026-07-28 08:49:42
189856,2026-07-28 08:49:42
189857,2026-07-28 08:49:42
189858,2026-07-28 08:49:42
189859,2026-07-28 08:49:42
189860,2026-07-28 08:49:42
189861,2026-07-28 08:49:42
189862,2026-07-28 08:49:42
189863,2026-07-28 08:49:42
189864,2026-07-28 08:49:42
189865,2026-07-28 08:49:42
189866,2026-07-28 08:49:42
189867,2026-07-28 08:49:42
189868,2026-07-28 08:49:42
189869,2026-07-28 08:49:42
189870,2026-07-28 08:49:42
189871,2026-07-28 08:49:42
189872,2026-07-28 08:49:42
189873,2026-07-28 08:49:42
189874,2026-07-28 08:49:42
189875,2026-07-28 08:49:42
189876,2026-07-28 08:49:42
189877,2026-07-28 08:49:42
189878,2026-07-28 08:49:42
189879,2026-07-28 08:49:42
189880,2026-07-28 08:49:42
189881,2026-07-28 08:49:42
189882,2026-07-28 08:49:42
189883,2026-07-28 08:49:42
189884,2026-07-28 08:49:42
189885,2026-07-28 08:49:42
189886,2026-07-28 08:49:42
189887,2026-07-28 08:49:42
189888,2026-07-28 08:49:42
189889,2026-07-28 08:49:42
189890,2026-07-28 08:49:42
189891,2026-07-28 08:49:42
189892,2026-07-28 08:49:42
189893,2026-07-28 08:49:42
189894,2026-07-28 08:49:42
189895,2026-07-28 08:49:42
189896,2026-07-28 08:49:42
189897,2026-07-28 08:49:42
189898,2026-07-28 08:49:42
189899,2026-07-28 08:49:42
189900,2026-07-28 08:49:42
189901,2026-07-28 08:49:42
189902,2026-07-28 08:49:42
189903,2026-07-28 08:49:42
189904,2026-07-28 08:49:42
189905,2026-07-28 08:49:42
189906,2026-07-28 08:49:42
189907,2026-07-28 08:49:42
189908,2026-07-28 08:49:42
189909,2026-07-28 08:49:42
189910,2026-07-28 08:49:42
189911,2026-07-28 08:49:42
189912,2026-07-28 08:49:42
189913,2026-07-28 08:49:42
189914,2026-07-28 08:49:42
189915,2026-07-28 08:49:42
189916,2026-07-28 08:49:42
189917,2026-07-28 08:49:42
189918,2026-07-28 08:49:42
189919,2026-07-28 08:49:42
189920,2026-07-28 08:49:42
189921,2026-07-28 08:49:42
189922,2026-07-28 08:49:42
189923,2026-07-28 08:49:42
189924,2026-07-28 08:49:42
189925,2026-07-28 08:49:42
189926,2026-07-28 08:49:42
189927,2026-07-28 08:49:42
189928,2026-07-28 08:49:42
189929,2026-07-28 08:49:42
189930,2026-07-28 08:49:42
189931,2026-07-28 08:49:42
189932,2026-07-28 08:49:42
189933,2026-07-28 08:49:42
189934,2026-07-28 08:49:42
189935,2026-07-28 08:49:42
189936,2026-07-28 08:49:42
189937,2026-07-28 08:49:42
189938,2026-07-28 08:49:42
189939,2026-07-28 08:49:42
189940,2026-07-28 08:49:42
189941,2026-07-28 08:49:42
189942,2026-07-28 08:49:42
189943,2026-07-28 08:49:42
189944,2026-07-28 08:49:42
189945,2026-07-28 08:49:42
189946,2026-07-28 08:49:42
189947,2026-07-28 08:49:42
189948,2026-07-28 08:49:42
189949,2026-07-28 08:49:42
189950,2026-07-28 08:49:42
189951,2026-07-28 08:49:42
189952,2026-07-28 08:49:42
189953,2026-07-28 08:49:42
189954,2026-07-28 08:49:42
189955,2026-07-28 08:49:42
189956,2026-07-28 08:49:42
189957,2026-07-28 08:49:42
189958,2026-07-28 08:49:42
189959,2026-07-28 08:49:42
189960,2026-07-28 08:49:42
189961,2026-07-28 08:49:42
189962,2026-07-28 08:49:42
189963,2026-07-28 08:49:42
189964,2026-07-28 08:49:42
189965,2026-07-28 08:49:42
189966,2026-07-28 08:49:42
189967,2026-07-28 08:49:42
189968,2026-07-28 08:49:42
189969,2026-07-28 08:49:42
189970,2026-07-28 08:49:42
189971,2026-07-28 08:49:42
189972,2026-07-28 08:49:42
189973,2026-07-28 08:49:42
189974,2026-07-28 08:49:42
189975,2026-07-28 08:49:42
189976,2026-07-28 08:49:42
189977,2026-07-28 08:49:42
189978,2026-07-28 08:49:42
189979,2026-07-28 08:49:42
189980,2026-07-28 08:49:42
189981,2026-07-28 08:49:42
189982,2026-07-28 08:49:42
189983,2026-07-28 08:49:42
189984,2026-07-28 08:49:42
189985,2026-07-28 08:49:42
189986,2026-07-28 08:49:42
189987,2026-07-28 08:49:42
189988,2026-07-28 08:49:42
189989,2026-07-28 08:49:42
189990,2026-07-28 08:49:42
189991,2026-07-28 08:49:42
189992,2026-07-28 08:49:42
189993,2026-07-28 08:49:42
189994,2026-07-28 08:49:42
189995,2026-07-28 08:49:42
189996,2026-07-28 08:49:42
189997,2026-07-28 08:49:42
189998,2026-07-28 08:49:42
189999,2026-07-28 08:49:42
190000,2026-07-28 08:49:42
190001,2026-07-28 08:49:42
190002,2026-07-28 08:49:42
190003,2026-07-28 08:49:42
190004,2026-07-28 08:49:42
190005,2026-07-28 08:49:42
190006,2026-07-28 08:49:42
190007,2026-07-28 08:49:42
190008,2026-07-28 08:49:42
190009,2026-07-28 08:49:42
190010,2026-07-28 08:49:42
190011,2026-07-28 08:49:42
190012,2026-07-28 08:49:42
190013,2026-07-28 08:49:42
190014,2026-07-28 08:49:42
190015,2026-07-28 08:49:42
190016,2026-07-28 08:49:42
190017,2026-07-28 08:49:42
190018,2026-07-28 08:49:42
190019,2026-07-28 08:49:42
190020,2026-07-28 08:49:42
190021,2026-07-28 08:49:42
190022,2026-07-28 08:49:42
190023,2026-07-28 08:49:42
190024,2026-07-28 08:49:42
190025,2026-07-28 08:49:42
190026,2026-07-28 08:49:42
190027,2026-07-28 08:49:42
190028,2026-07-28 08:49:42
190029,2026-07-28 08:49:42
190030,2026-07-28 08:49:42
190031,2026-07-28 08:49:42
190032,2026-07-28 08:49:42
190033,2026-07-28 08:49:42
190034,2026-07-28 08:49:42
190035,2026-07-28 08:49:42
190036,2026-07-28 08:49:42
190037,2026-07-28 08:49:42
190038,2026-07-28 08:49:42
190039,2026-07-28 08:49:42
190040,2026-07-28 08:49:42
190041,2026-07-28 08:49:42
190042,2026-07-28 08:49:42
190043,2026-07-28 08:49:42
190044,2026-07-28 08:49:42
190045,2026-07-28 08:49:42
190046,2026-07-28 08:49:42
190047,2026-07-28 08:49:42
190048,2026-07-28 08:49:42
190049,2026-07-28 08:49:42
190050,2026-07-28 08:49:42
190051,2026-07-28 08:49:42
190052,2026-07-28 08:49:42
190053,2026-07-28 08:49:42
190054,2026-07-28 08:49:42
190055,2026-07-28 08:49:42
190056,2026-07-28 08:49:42
190057,2026-07-28 08:49:42
190058,2026-07-28 08:49:42
190059,2026-07-28 08:49:42
190060,2026-07-28 08:49:42
190061,2026-07-28 08:49:42
190062,2026-07-28 08:49:42
190063,2026-07-28 08:49:42
190064,2026-07-28 08:49:42
190065,2026-07-28 08:49:42
190066,2026-07-28 08:49:42
190067,2026-07-28 08:49:42
190068,2026-07-28 08:49:42
190069,2026-07-28 08:49:42
190070,2026-07-28 08:49:42
190071,2026-07-28 08:49:42
190072,2026-07-28 08:49:42
190073,2026-07-28 08:49:42
190074,2026-07-28 08:49:42
190075,2026-07-28 08:49:42
190076,2026-07-28 08:49:42
190077,2026-07-28 08:49:42
190078,2026-07-28 08:49:42
190079,2026-07-28 08:49:42
190080,2026-07-28 08:49:42
190081,2026-07-28 08:49:42
190082,2026-07-28 08:49:42
190083,2026-07-28 08:49:42
190084,2026-07-28 08:49:42
190085,2026-07-28 08:49:42
190086,2026-07-28 08:49:42
190087,2026-07-28 08:49:42
190088,2026-07-28 08:49:42
190089,2026-07-28 08:49:42
190090,2026-07-28 08:49:42
190091,2026-07-28 08:49:42
190092,2026-07-28 08:49:42
190093,2026-07-28 08:49:42
190094,2026-07-28 08:49:42
190095,2026-07-28 08:49:42
190096,2026-07-28 08:49:42
190097,2026-07-28 08:49:42
190098,2026-07-28 08:49:42
190099,2026-07-28 08:49:42
190100,2026-07-28 08:49:42
190101,2026-07-28 08:49:42
190102,2026-07-28 08:49:42
190103,2026-07-28 08:49:42
190104,2026-07-28 08:49:42
190105,2026-07-28 08:49:42
190106,2026-07-28 08:49:42
190107,2026-07-28 08:49:42
190108,2026-07-28 08:49:42
190109,2026-07-28 08:49:42
190110,2026-07-28 08:49:42
190111,2026-07-28 08:49:42
190112,2026-07-28 08:49:42
190113,2026-07-28 08:49:42
190114,2026-07-28 08:49:42
190115,2026-07-28 08:49:42
190116,2026-07-28 08:49:42
190117,2026-07-28 08:49:42
190118,2026-07-28 08:49:42
190119,2026-07-28 08:49:42
190120,2026-07-28 08:49:42
190121,2026-07-28 08:49:42
190122,2026-07-28 08:49:42
190123,2026-07-28 08:49:42
190124,2026-07-28 08:49:42
190125,2026-07-28 08:49:42
190126,2026-07-28 08:49:42
190127,2026-07-28 08:49:42
190128,2026-07-28 08:49:42
190129,2026-07-28 08:49:42
190130,2026-07-28 08:49:42
190131,2026-07-28 08:49:42
190132,2026-07-28 08:49:42
190133,2026-07-28 08:49:42
190134,2026-07-28 08:49:42
190135,2026-07-28 08:49:42
190136,2026-07-28 08:49:42
190137,2026-07-28 08:49:42
190138,2026-07-28 08:49:42
190139,2026-07-28 08:49:42
190140,2026-07-28 08:49:42
190141,2026-07-28 08:49:42
190142,2026-07-28 08:49:42
190143,2026-07-28 08:49:42
190144,2026-07-28 08:49:42
190145,2026-07-28 08:49:42
190146,2026-07-28 08:49:42
190147,2026-07-28 08:49:42
190148,2026-07-28 08:49:42
190149,2026-07-28 08:49:42
190150,2026-07-28 08:49:42
190151,2026-07-28 08:49:42
190152,2026-07-28 08:49:42
190153,2026-07-28 08:49:42
190154,2026-07-28 08:49:42
190155,2026-07-28 08:49:42
190156,2026-07-28 08:49:42
190157,2026-07-28 08:49:42
190158,2026-07-28 08:49:42
190159,2026-07-28 08:49:42
190160,2026-07-28 08:49:42
190161,2026-07-28 08:49:42
190162,2026-07-28 08:49:42
190163,2026-07-28 08:49:42
190164,2026-07-28 08:49:42
190165,2026-07-28 08:49:42
190166,2026-07-28 08:49:42
190167,2026-07-28 08:49:42
190168,2026-07-28 08:49:42
190169,2026-07-28 08:49:42
190170,2026-07-28 08:49:42
190171,2026-07-28 08:49:42
190172,2026-07-28 08:49:42
190173,2026-07-28 08:49:42
190174,2026-07-28 08:49:42
190175,2026-07-28 08:49:42
190176,2026-07-28 08:49:42
190177,2026-07-28 08:49:42
190178,2026-07-28 08:49:42
190179,2026-07-28 08:49:42
190180,2026-07-28 08:49:42
190181,2026-07-28 08:49:42
190182,2026-07-28 08:49:42
190183,2026-07-28 08:49:42
190184,2026-07-28 08:49:42
190185,2026-07-28 08:49:42
190186,2026-07-28 08:49:42
190187,2026-07-28 08:49:42
190188,2026-07-28 08:49:42
190189,2026-07-28 08:49:42
190190,2026-07-28 08:49:42
190191,2026-07-28 08:49:42
190192,2026-07-28 08:49:42
190193,2026-07-28 08:49:42
190194,2026-07-28 08:49:42
190195,2026-07-28 08:49:42
190196,2026-07-28 08:49:42
190197,2026-07-28 08:49:42
190198,2026-07-28 08:49:42
190199,2026-07-28 08:49:42
190200,2026-07-28 08:49:42
190201,2026-07-28 08:49:42
190202,2026-07-28 08:49:42
190203,2026-07-28 08:49:42
190204,2026-07-28 08:49:42
190205,2026-07-28 08:49:42
190206,2026-07-28 08:49:42
190207,2026-07-28 08:49:42
190208,2026-07-28 08:49:42
190209,2026-07-28 08:49:42
190210,2026-07-28 08:49:42
190211,2026-07-28 08:49:42
190212,2026-07-28 08:49:42
190213,2026-07-28 08:49:42
190214,2026-07-28 08:49:42
190215,2026-07-28 08:49:42
190216,2026-07-28 08:49:42
190217,2026-07-28 08:49:42
190218,2026-07-28 08:49:42
190219,2026-07-28 08:49:42
190220,2026-07-28 08:49:42
190221,2026-07-28 08:49:42
190222,2026-07-28 08:49:42
190223,2026-07-28 08:49:42
190224,2026-07-28 08:49:42
190225,2026-07-28 08:49:42
190226,2026-07-28 08:49:42
190227,2026-07-28 08:49:42
190228,2026-07-28 08:49:42
190229,2026-07-28 08:49:42
190230,2026-07-28 08:49:42
190231,2026-07-28 08:49:42
190232,2026-07-28 08:49:42
190233,2026-07-28 08:49:42
190234,2026-07-28 08:49:42
190235,2026-07-28 08:49:42
190236,2026-07-28 08:49:42
190237,2026-07-28 08:49:42
190238,2026-07-28 08:49:42
190239,2026-07-28 08:49:42
190240,2026-07-28 08:49:42
190241,2026-07-28 08:49:42
190242,2026-07-28 08:49:42
190243,2026-07-28 08:49:42
190244,2026-07-28 08:49:42
190245,2026-07-28 08:49:42
190246,2026-07-28 08:49:42
190247,2026-07-28 08:49:42
190248,2026-07-28 08:49:42
190249,2026-07-28 08:49:42
190250,2026-07-28 08:49:42
190251,2026-07-28 08:49:42
190252,2026-07-28 08:49:42
190253,2026-07-28 08:49:42
190254,2026-07-28 08:49:42
190255,2026-07-28 08:49:42
190256,2026-07-28 08:49:42
190257,2026-07-28 08:49:42
190258,2026-07-28 08:49:42
190259,2026-07-28 08:49:42
190260,2026-07-28 08:49:42
190261,2026-07-28 08:49:42
190262,2026-07-28 08:49:42
190263,2026-07-28 08:49:42
190264,2026-07-28 08:49:42
190265,2026-07-28 08:49:42
190266,2026-07-28 08:49:42
190267,2026-07-28 08:49:42
190268,2026-07-28 08:49:42
190269,2026-07-28 08:49:42
190270,2026-07-28 08:49:42
190271,2026-07-28 08:49:42
190272,2026-07-28 08:49:42
190273,2026-07-28 08:49:42
190274,2026-07-28 08:49:42
190275,2026-07-28 08:49:42
190276,2026-07-28 08:49:42
190277,2026-07-28 08:49:42
190278,2026-07-28 08:49:42
190279,2026-07-28 08:49:42
190280,2026-07-28 08:49:42
190281,2026-07-28 08:49:42
190282,2026-07-28 08:49:42
190283,2026-07-28 08:49:42
190284,2026-07-28 08:49:42
190285,2026-07-28 08:49:42
190286,2026-07-28 08:49:42
190287,2026-07-28 08:49:42
190288,2026-07-28 08:49:42
190289,2026-07-28 08:49:42
190290,2026-07-28 08:49:42
190291,2026-07-28 08:49:42
190292,2026-07-28 08:49:42
190293,2026-07-28 08:49:42
190294,2026-07-28 08:49:42
190295,2026-07-28 08:49:42
190296,2026-07-28 08:49:42
190297,2026-07-28 08:49:42
190298,2026-07-28 08:49:42
190299,2026-07-28 08:49:42
190300,2026-07-28 08:49:42
190301,2026-07-28 08:49:42
190302,2026-07-28 08:49:42
190303,2026-07-28 08:49:42
190304,2026-07-28 08:49:42
190305,2026-07-28 08:49:42
190306,2026-07-28 08:49:42
190307,2026-07-28 08:49:42
190308,2026-07-28 08:49:42
190309,2026-07-28 08:49:42
190310,2026-07-28 08:49:42
190311,2026-07-28 08:49:42
190312,2026-07-28 08:49:42
190313,2026-07-28 08:49:42
190314,2026-07-28 08:49:42
190315,2026-07-28 08:49:42
190316,2026-07-28 08:49:42
190317,2026-07-28 08:49:42
190318,2026-07-28 08:49:42
190319,2026-07-28 08:49:42
190320,2026-07-28 08:49:42
190321,2026-07-28 08:49:42
190322,2026-07-28 08:49:42
190323,2026-07-28 08:49:42
190324,2026-07-28 08:49:42
190325,2026-07-28 08:49:42
190326,2026-07-28 08:49:42
190327,2026-07-28 08:49:42
190328,2026-07-28 08:49:42
190329,2026-07-28 08:49:42
190330,2026-07-28 08:49:42
190331,2026-07-28 08:49:42
190332,2026-07-28 08:49:42
190333,2026-07-28 08:49:42
190334,2026-07-28 08:49:42
190335,2026-07-28 08:49:42
190336,2026-07-28 08:49:42
190337,2026-07-28 08:49:42
190338,2026-07-28 08:49:42
190339,2026-07-28 08:49:42
190340,2026-07-28 08:49:42
190341,2026-07-28 08:49:42
190342,2026-07-28 08:49:42
190343,2026-07-28 08:49:42
190344,2026-07-28 08:49:42
190345,2026-07-28 08:49:42
190346,2026-07-28 08:49:42
190347,2026-07-28 08:49:42
190348,2026-07-28 08:49:42
190349,2026-07-28 08:49:42
190350,2026-07-28 08:49:42
190351,2026-07-28 08:49:42
190352,2026-07-28 08:49:42
190353,2026-07-28 08:49:42
190354,2026-07-28 08:49:42
190355,2026-07-28 08:49:42
190356,2026-07-28 08:49:42
190357,2026-07-28 08:49:42
190358,2026-07-28 08:49:42
190359,2026-07-28 08:49:42
190360,2026-07-28 08:49:42
190361,2026-07-28 08:49:42
190362,2026-07-28 08:49:42
190363,2026-07-28 08:49:42
190364,2026-07-28 08:49:42
190365,2026-07-28 08:49:42
190366,2026-07-28 08:49:42
190367,2026-07-28 08:49:42
190368,2026-07-28 08:49:42
190369,2026-07-28 08:49:42
190370,2026-07-28 08:49:42
190371,2026-07-28 08:49:42
190372,2026-07-28 08:49:42
190373,2026-07-28 08:49:42
190374,2026-07-28 08:49:42
190375,2026-07-28 08:49:42
190376,2026-07-28 08:49:42
190377,2026-07-28 08:49:42
190378,2026-07-28 08:49:42
190379,2026-07-28 08:49:42
190380,2026-07-28 08:49:42
190381,2026-07-28 08:49:42
190382,2026-07-28 08:49:42
190383,2026-07-28 08:49:42
190384,2026-07-28 08:49:42
190385,2026-07-28 08:49:42
190386,2026-07-28 08:49:42
190387,2026-07-28 08:49:42
190388,2026-07-28 08:49:42
190389,2026-07-28 08:49:42
190390,2026-07-28 08:49:42
190391,2026-07-28 08:49:42
190392,2026-07-28 08:49:42
190393,2026-07-28 08:49:42
190394,2026-07-28 08:49:42
190395,2026-07-28 08:49:42
190396,2026-07-28 08:49:42
190397,2026-07-28 08:49:42
190398,2026-07-28 08:49:42
190399,2026-07-28 08:49:42
190400,2026-07-28 08:49:42
190401,2026-07-28 08:49:42
190402,2026-07-28 08:49:42
190403,2026-07-28 08:49:42
190404,2026-07-28 08:49:42
190405,2026-07-28 08:49:42
190406,2026-07-28 08:49:42
190407,2026-07-28 08:49:42
190408,2026-07-28 08:49:42
190409,2026-07-28 08:49:42
190410,2026-07-28 08:49:42
190411,2026-07-28 08:49:42
190412,2026-07-28 08:49:42
190413,2026-07-28 08:49:42
190414,2026-07-28 08:49:42
190415,2026-07-28 08:49:42
190416,2026-07-28 08:49:42
190417,2026-07-28 08:49:42
190418,2026-07-28 08:49:42
190419,2026-07-28 08:49:42
190420,2026-07-28 08:49:42
190421,2026-07-28 08:49:42
190422,2026-07-28 08:49:42
190423,2026-07-28 08:49:42
190424,2026-07-28 08:49:42
190425,2026-07-28 08:49:42
190426,2026-07-28 08:49:42
190427,2026-07-28 08:49:42
190428,2026-07-28 08:49:42
190429,2026-07-28 08:49:42
190430,2026-07-28 08:49:42
190431,2026-07-28 08:49:42
190432,2026-07-28 08:49:42
190433,2026-07-28 08:49:42
190434,2026-07-28 08:49:42
190435,2026-07-28 08:49:42
190436,2026-07-28 08:49:42
190437,2026-07-28 08:49:42
190438,2026-07-28 08:49:42
190439,2026-07-28 08:49:42
190440,2026-07-28 08:49:42
190441,2026-07-28 08:49:42
190442,2026-07-28 08:49:42
190443,2026-07-28 08:49:42
190444,2026-07-28 08:49:42
190445,2026-07-28 08:49:42
190446,2026-07-28 08:49:42
190447,2026-07-28 08:49:42
190448,2026-07-28 08:49:42
190449,2026-07-28 08:49:42
190450,2026-07-28 08:49:42
190451,2026-07-28 08:49:42
190452,2026-07-28 08:49:42
190453,2026-07-28 08:49:42
190454,2026-07-28 08:49:42
190455,2026-07-28 08:49:42
190456,2026-07-28 08:49:42
190457,2026-07-28 08:49:42
190458,2026-07-28 08:49:42
190459,2026-07-28 08:49:42
190460,2026-07-28 08:49:42
190461,2026-07-28 08:49:42
190462,2026-07-28 08:49:42
190463,2026-07-28 08:49:42
190464,2026-07-28 08:49:42
190465,2026-07-28 08:49:42
190466,2026-07-28 08:49:42
190467,2026-07-28 08:49:42
190468,2026-07-28 08:49:42
190469,2026-07-28 08:49:42
190470,2026-07-28 08:49:42
190471,2026-07-28 08:49:42
190472,2026-07-28 08:49:42
190473,2026-07-28 08:49:42
190474,2026-07-28 08:49:42
190475,2026-07-28 08:49:42
190476,2026-07-28 08:49:42
190477,2026-07-28 08:49:42
190478,2026-07-28 08:49:42
190479,2026-07-28 08:49:42
190480,2026-07-28 08:49:42
190481,2026-07-28 08:49:42
190482,2026-07-28 08:49:42
190483,2026-07-28 08:49:42
190484,2026-07-28 08:49:42
190485,2026-07-28 08:49:42
190486,2026-07-28 08:49:42
190487,2026-07-28 08:49:42
190488,2026-07-28 08:49:42
190489,2026-07-28 08:49:42
190490,2026-07-28 08:49:42
190491,2026-07-28 08:49:42
190492,2026-07-28 08:49:42
190493,2026-07-28 08:49:42
190494,2026-07-28 08:49:42
190495,2026-07-28 08:49:42
190496,2026-07-28 08:49:42
190497,2026-07-28 08:49:42
190498,2026-07-28 08:49:42
190499,2026-07-28 08:49:42
190500,2026-07-28 08:49:42
190501,2026-07-28 08:49:42
190502,2026-07-28 08:49:42
190503,2026-07-28 08:49:42
190504,2026-07-28 08:49:42
190505,2026-07-28 08:49:42
190506,2026-07-28 08:49:42
190507,2026-07-28 08:49:42
190508,2026-07-28 08:49:42
190509,2026-07-28 08:49:42
190510,2026-07-28 08:49:42
190511,2026-07-28 08:49:42
190512,2026-07-28 08:49:42
190513,2026-07-28 08:49:42
190514,2026-07-28 08:49:42
190515,2026-07-28 08:49:42
190516,2026-07-28 08:49:42
190517,2026-07-28 08:49:42
190518,2026-07-28 08:49:42
190519,2026-07-28 08:49:42
190520,2026-07-28 08:49:42
190521,2026-07-28 08:49:42
190522,2026-07-28 08:49:42
190523,2026-07-28 08:49:42
190524,2026-07-28 08:49:42
190525,2026-07-28 08:49:42
190526,2026-07-28 08:49:42
190527,2026-07-28 08:49:42
190528,2026-07-28 08:49:42
190529,2026-07-28 08:49:42
190530,2026-07-28 08:49:42
190531,2026-07-28 08:49:42
190532,2026-07-28 08:49:42
190533,2026-07-28 08:49:42
190534,2026-07-28 08:49:42
190535,2026-07-28 08:49:42
190536,2026-07-28 08:49:42
190537,2026-07-28 08:49:42
190538,2026-07-28 08:49:42
190539,2026-07-28 08:49:42
190540,2026-07-28 08:49:42
190541,2026-07-28 08:49:42
190542,2026-07-28 08:49:42
190543,2026-07-28 08:49:42
190544,2026-07-28 08:49:42
190545,2026-07-28 08:49:42
190546,2026-07-28 08:49:42
190547,2026-07-28 08:49:42
190548,2026-07-28 08:49:42
190549,2026-07-28 08:49:42
190550,2026-07-28 08:49:42
190551,2026-07-28 08:49:42
190552,2026-07-28 08:49:42
190553,2026-07-28 08:49:42
190554,2026-07-28 08:49:42
190555,2026-07-28 08:49:42
190556,2026-07-28 08:49:42
190557,2026-07-28 08:49:42
190558,2026-07-28 08:49:42
190559,2026-07-28 08:49:42
190560,2026-07-28 08:49:42
190561,2026-07-28 08:49:42
190562,2026-07-28 08:49:42
190563,2026-07-28 08:49:42
190564,2026-07-28 08:49:42
190565,2026-07-28 08:49:42
190566,2026-07-28 08:49:42
190567,2026-07-28 08:49:42
190568,2026-07-28 08:49:42
190569,2026-07-28 08:49:42
190570,2026-07-28 08:49:42
190571,2026-07-28 08:49:42
190572,2026-07-28 08:49:42
190573,2026-07-28 08:49:42
190574,2026-07-28 08:49:42
190575,2026-07-28 08:49:42
190576,2026-07-28 08:49:42
190577,2026-07-28 08:49:42
190578,2026-07-28 08:49:42
190579,2026-07-28 08:49:42
190580,2026-07-28 08:49:42
190581,2026-07-28 08:49:42
190582,2026-07-28 08:49:42
190583,2026-07-28 08:49:42
190584,2026-07-28 08:49:42
190585,2026-07-28 08:49:42
190586,2026-07-28 08:49:42
190587,2026-07-28 08:49:42
190588,2026-07-28 08:49:42
190589,2026-07-28 08:49:42
190590,2026-07-28 08:49:42
190591,2026-07-28 08:49:42
190592,2026-07-28 08:49:42
190593,2026-07-28 08:49:42
190594,2026-07-28 08:49:42
190595,2026-07-28 08:49:42
190596,2026-07-28 08:49:42
190597,2026-07-28 08:49:42
190598,2026-07-28 08:49:42
190599,2026-07-28 08:49:42
190600,2026-07-28 08:49:42
190601,2026-07-28 08:49:42
190602,2026-07-28 08:49:42
190603,2026-07-28 08:49:42
190604,2026-07-28 08:49:42
190605,2026-07-28 08:49:42
190606,2026-07-28 08:49:42
190607,2026-07-28 08:49:42
190608,2026-07-28 08:49:42
190609,2026-07-28 08:49:42
190610,2026-07-28 08:49:42
190611,2026-07-28 08:49:42
190612,2026-07-28 08:49:42
190613,2026-07-28 08:49:42
190614,2026-07-28 08:49:42
190615,2026-07-28 08:49:42
190616,2026-07-28 08:49:42
190617,2026-07-28 08:49:42
190618,2026-07-28 08:49:42
190619,2026-07-28 08:49:42
190620,2026-07-28 08:49:42
190621,2026-07-28 08:49:42
190622,2026-07-28 08:49:42
190623,2026-07-28 08:49:42
190624,2026-07-28 08:49:42
190625,2026-07-28 08:49:42
190626,2026-07-28 08:49:42
190627,2026-07-28 08:49:42
190628,2026-07-28 08:49:42
190629,2026-07-28 08:49:42
190630,2026-07-28 08:49:42
190631,2026-07-28 08:49:42
190632,2026-07-28 08:49:42
190633,2026-07-28 08:49:42
190634,2026-07-28 08:49:42
190635,2026-07-28 08:49:42
190636,2026-07-28 08:49:42
190637,2026-07-28 08:49:42
190638,2026-07-28 08:49:42
190639,2026-07-28 08:49:42
190640,2026-07-28 08:49:42
190641,2026-07-28 08:49:42
190642,2026-07-28 08:49:42
190643,2026-07-28 08:49:42
190644,2026-07-28 08:49:42
190645,2026-07-28 08:49:42
190646,2026-07-28 08:49:42
190647,2026-07-28 08:49:42
190648,2026-07-28 08:49:42
190649,2026-07-28 08:49:42
190650,2026-07-28 08:49:42
190651,2026-07-28 08:49:42
190652,2026-07-28 08:49:42
190653,2026-07-28 08:49:42
190654,2026-07-28 08:49:42
190655,2026-07-28 08:49:42
190656,2026-07-28 08:49:42
190657,2026-07-28 08:49:42
190658,2026-07-28 08:49:42
190659,2026-07-28 08:49:42
190660,2026-07-28 08:49:42
190661,2026-07-28 08:49:42
190662,2026-07-28 08:49:42
190663,2026-07-28 08:49:42
190664,2026-07-28 08:49:42
190665,2026-07-28 08:49:42
190666,2026-07-28 08:49:42
190667,2026-07-28 08:49:42
190668,2026-07-28 08:49:42
190669,2026-07-28 08:49:42
190670,2026-07-28 08:49:42
190671,2026-07-28 08:49:42
190672,2026-07-28 08:49:42
190673,2026-07-28 08:49:42
190674,2026-07-28 08:49:42
190675,2026-07-28 08:49:42
190676,2026-07-28 08:49:42
190677,2026-07-28 08:49:42
190678,2026-07-28 08:49:42
190679,2026-07-28 08:49:42
190680,2026-07-28 08:49:42
190681,2026-07-28 08:49:42
190682,2026-07-28 08:49:42
190683,2026-07-28 08:49:42
190684,2026-07-28 08:49:42
190685,2026-07-28 08:49:42
190686,2026-07-28 08:49:42
190687,2026-07-28 08:49:42
190688,2026-07-28 08:49:42
190689,2026-07-28 08:49:42
190690,2026-07-28 08:49:42
190691,2026-07-28 08:49:42
190692,2026-07-28 08:49:42
190693,2026-07-28 08:49:42
190694,2026-07-28 08:49:42
190695,2026-07-28 08:49:42
190696,2026-07-28 08:49:42
190697,2026-07-28 08:49:42
190698,2026-07-28 08:49:42
190699,2026-07-28 08:49:42
190700,2026-07-28 08:49:42
190701,2026-07-28 08:49:42
190702,2026-07-28 08:49:42
190703,2026-07-28 08:49:42
190704,2026-07-28 08:49:42
190705,2026-07-28 08:49:42
190706,2026-07-28 08:49:42
190707,2026-07-28 08:49:42
190708,2026-07-28 08:49:42
190709,2026-07-28 08:49:42
190710,2026-07-28 08:49:42
190711,2026-07-28 08:49:42
190712,2026-07-28 08:49:42
190713,2026-07-28 08:49:42
190714,2026-07-28 08:49:42
190715,2026-07-28 08:49:42
190716,2026-07-28 08:49:42
190717,2026-07-28 08:49:42
190718,2026-07-28 08:49:42
190719,2026-07-28 08:49:42
190720,2026-07-28 08:49:42
190721,2026-07-28 08:49:42
190722,2026-07-28 08:49:42
190723,2026-07-28 08:49:42
190724,2026-07-28 08:49:42
190725,2026-07-28 08:49:42
190726,2026-07-28 08:49:42
190727,2026-07-28 08:49:42
190728,2026-07-28 08:49:42
190729,2026-07-28 08:49:42
190730,2026-07-28 08:49:42
190731,2026-07-28 08:49:42
190732,2026-07-28 08:49:42
190733,2026-07-28 08:49:42
190734,2026-07-28 08:49:42
190735,2026-07-28 08:49:42
190736,2026-07-28 08:49:42
190737,2026-07-28 08:49:42
190738,2026-07-28 08:49:42
190739,2026-07-28 08:49:42
190740,2026-07-28 08:49:42
190741,2026-07-28 08:49:42
190742,2026-07-28 08:49:42
190743,2026-07-28 08:49:42
190744,2026-07-28 08:49:42
190745,2026-07-28 08:49:42
190746,2026-07-28 08:49:42
190747,2026-07-28 08:49:42
190748,2026-07-28 08:49:42
190749,2026-07-28 08:49:42
190750,2026-07-28 08:49:42
190751,2026-07-28 08:49:42
190752,2026-07-28 08:49:42
190753,2026-07-28 08:49:42
190754,2026-07-28 08:49:42
190755,2026-07-28 08:49:42
190756,2026-07-28 08:49:42
190757,2026-07-28 08:49:42
190758,2026-07-28 08:49:42
190759,2026-07-28 08:49:42
190760,2026-07-28 08:49:42
190761,2026-07-28 08:49:42
190762,2026-07-28 08:49:42
190763,2026-07-28 08:49:42
190764,2026-07-28 08:49:42
190765,2026-07-28 08:49:42
190766,2026-07-28 08:49:42
190767,2026-07-28 08:49:42
190768,2026-07-28 08:49:42
190769,2026-07-28 08:49:42
190770,2026-07-28 08:49:42
190771,2026-07-28 08:49:42
190772,2026-07-28 08:49:42
190773,2026-07-28 08:49:42
190774,2026-07-28 08:49:42
190775,2026-07-28 08:49:42
190776,2026-07-28 08:49:42
190777,2026-07-28 08:49:42
190778,2026-07-28 08:49:42
190779,2026-07-28 08:49:42
190780,2026-07-28 08:49:42
190781,2026-07-28 08:49:42
190782,2026-07-28 08:49:42
190783,2026-07-28 08:49:42
190784,2026-07-28 08:49:42
190785,2026-07-28 08:49:42
190786,2026-07-28 08:49:42
190787,2026-07-28 08:49:42
190788,2026-07-28 08:49:42
190789,2026-07-28 08:49:42
190790,2026-07-28 08:49:42
190791,2026-07-28 08:49:42
190792,2026-07-28 08:49:42
190793,2026-07-28 08:49:42
190794,2026-07-28 08:49:42
190795,2026-07-28 08:49:42
190796,2026-07-28 08:49:42
190797,2026-07-28 08:49:42
190798,2026-07-28 08:49:42
190799,2026-07-28 08:49:42
190800,2026-07-28 08:49:42
190801,2026-07-28 08:49:42
190802,2026-07-28 08:49:42
190803,2026-07-28 08:49:42
190804,2026-07-28 08:49:42
190805,2026-07-28 08:49:42
190806,2026-07-28 08:49:42
190807,2026-07-28 08:49:42
190808,2026-07-28 08:49:42
190809,2026-07-28 08:49:42
190810,2026-07-28 08:49:42
190811,2026-07-28 08:49:42
190812,2026-07-28 08:49:42
190813,2026-07-28 08:49:42
190814,2026-07-28 08:49:42
190815,2026-07-28 08:49:42
190816,2026-07-28 08:49:42
190817,2026-07-28 08:49:42
190818,2026-07-28 08:49:42
190819,2026-07-28 08:49:42
190820,2026-07-28 08:49:42
190821,2026-07-28 08:49:42
190822,2026-07-28 08:49:42
190823,2026-07-28 08:49:42
190824,2026-07-28 08:49:42
190825,2026-07-28 08:49:42
190826,2026-07-28 08:49:42
190827,2026-07-28 08:49:42
190828,2026-07-28 08:49:42
190829,2026-07-28 08:49:42
190830,2026-07-28 08:49:42
190831,2026-07-28 08:49:42
190832,2026-07-28 08:49:42
190833,2026-07-28 08:49:42
190834,2026-07-28 08:49:42
190835,2026-07-28 08:49:42
190836,2026-07-28 08:49:42
190837,2026-07-28 08:49:42
190838,2026-07-28 08:49:42
190839,2026-07-28 08:49:42
190840,2026-07-28 08:49:42
190841,2026-07-28 08:49:42
190842,2026-07-28 08:49:42
190843,2026-07-28 08:49:42
190844,2026-07-28 08:49:42
190845,2026-07-28 08:49:42
190846,2026-07-28 08:49:42
190847,2026-07-28 08:49:42
190848,2026-07-28 08:49:42
190849,2026-07-28 08:49:42
190850,2026-07-28 08:49:42
190851,2026-07-28 08:49:42
190852,2026-07-28 08:49:42
190853,2026-07-28 08:49:42
190854,2026-07-28 08:49:42
190855,2026-07-28 08:49:42
190856,2026-07-28 08:49:42
190857,2026-07-28 08:49:42
190858,2026-07-28 08:49:42
190859,2026-07-28 08:49:42
190860,2026-07-28 08:49:42
190861,2026-07-28 08:49:42
190862,2026-07-28 08:49:42
190863,2026-07-28 08:49:42
190864,2026-07-28 08:49:42
190865,2026-07-28 08:49:42
190866,2026-07-28 08:49:42
190867,2026-07-28 08:49:42
190868,2026-07-28 08:49:42
190869,2026-07-28 08:49:42
190870,2026-07-28 08:49:42
190871,2026-07-28 08:49:42
190872,2026-07-28 08:49:42
190873,2026-07-28 08:49:42
190874,2026-07-28 08:49:42
190875,2026-07-28 08:49:42
190876,2026-07-28 08:49:42
190877,2026-07-28 08:49:42
190878,2026-07-28 08:49:42
190879,2026-07-28 08:49:42
190880,2026-07-28 08:49:42
190881,2026-07-28 08:49:42
190882,2026-07-28 08:49:42
190883,2026-07-28 08:49:42
190884,2026-07-28 08:49:42
190885,2026-07-28 08:49:42
190886,2026-07-28 08:49:42
190887,2026-07-28 08:49:42
190888,2026-07-28 08:49:42
190889,2026-07-28 08:49:42
190890,2026-07-28 08:49:42
190891,2026-07-28 08:49:42
190892,2026-07-28 08:49:42
190893,2026-07-28 08:49:42
190894,2026-07-28 08:49:42
190895,2026-07-28 08:49:42
190896,2026-07-28 08:49:42
190897,2026-07-28 08:49:42
190898,2026-07-28 08:49:42
190899,2026-07-28 08:49:42
190900,2026-07-28 08:49:42
190901,2026-07-28 08:49:42
190902,2026-07-28 08:49:42
190903,2026-07-28 08:49:42
190904,2026-07-28 08:49:42
190905,2026-07-28 08:49:42
190906,2026-07-28 08:49:42
190907,2026-07-28 08:49:42
190908,2026-07-28 08:49:42
190909,2026-07-28 08:49:42
190910,2026-07-28 08:49:42
190911,2026-07-28 08:49:42
190912,2026-07-28 08:49:42
190913,2026-07-28 08:49:42
190914,2026-07-28 08:49:42
190915,2026-07-28 08:49:42
190916,2026-07-28 08:49:42
190917,2026-07-28 08:49:42
190918,2026-07-28 08:49:42
190919,2026-07-28 08:49:42
190920,2026-07-28 08:49:42
190921,2026-07-28 08:49:42
190922,2026-07-28 08:49:42
190923,2026-07-28 08:49:42
190924,2026-07-28 08:49:42
190925,2026-07-28 08:49:42
190926,2026-07-28 08:49:42
190927,2026-07-28 08:49:42
190928,2026-07-28 08:49:42
190929,2026-07-28 08:49:42
190930,2026-07-28 08:49:42
190931,2026-07-28 08:49:42
190932,2026-07-28 08:49:42
190933,2026-07-28 08:49:42
190934,2026-07-28 08:49:42
190935,2026-07-28 08:49:42
190936,2026-07-28 08:49:42
190937,2026-07-28 08:49:42
190938,2026-07-28 08:49:42
190939,2026-07-28 08:49:42
190940,2026-07-28 08:49:42
190941,2026-07-28 08:49:42
190942,2026-07-28 08:49:42
190943,2026-07-28 08:49:42
190944,2026-07-28 08:49:42
190945,2026-07-28 08:49:42
190946,2026-07-28 08:49:42
190947,2026-07-28 08:49:42
190948,2026-07-28 08:49:42
190949,2026-07-28 08:49:42
190950,2026-07-28 08:49:42
190951,2026-07-28 08:49:42
190952,2026-07-28 08:49:42
190953,2026-07-28 08:49:42
190954,2026-07-28 08:49:42
190955,2026-07-28 08:49:42
190956,2026-07-28 08:49:42
190957,2026-07-28 08:49:42
190958,2026-07-28 08:49:42
190959,2026-07-28 08:49:42
190960,2026-07-28 08:49:42
190961,2026-07-28 08:49:42
190962,2026-07-28 08:49:42
190963,2026-07-28 08:49:42
190964,2026-07-28 08:49:42
190965,2026-07-28 08:49:42
190966,2026-07-28 08:49:42
190967,2026-07-28 08:49:42
190968,2026-07-28 08:49:42
190969,2026-07-28 08:49:42
190970,2026-07-28 08:49:42
190971,2026-07-28 08:49:42
190972,2026-07-28 08:49:42
190973,2026-07-28 08:49:42
190974,2026-07-28 08:49:42
190975,2026-07-28 08:49:42
190976,2026-07-28 08:49:42
190977,2026-07-28 08:49:42
190978,2026-07-28 08:49:42
190979,2026-07-28 08:49:42
190980,2026-07-28 08:49:42
190981,2026-07-28 08:49:42
190982,2026-07-28 08:49:42
190983,2026-07-28 08:49:42
190984,2026-07-28 08:49:42
190985,2026-07-28 08:49:42
190986,2026-07-28 08:49:42
190987,2026-07-28 08:49:42
190988,2026-07-28 08:49:42
190989,2026-07-28 08:49:42
190990,2026-07-28 08:49:42
190991,2026-07-28 08:49:42
190992,2026-07-28 08:49:42
190993,2026-07-28 08:49:42
190994,2026-07-28 08:49:42
190995,2026-07-28 08:49:42
190996,2026-07-28 08:49:42
190997,2026-07-28 08:49:42
190998,2026-07-28 08:49:42
190999,2026-07-28 08:49:42
191000,2026-07-28 08:49:42
191001,2026-07-28 08:49:42
191002,2026-07-28 08:49:42
191003,2026-07-28 08:49:42
191004,2026-07-28 08:49:42
191005,2026-07-28 08:49:42
191006,2026-07-28 08:49:42
191007,2026-07-28 08:49:42
191008,2026-07-28 08:49:42
191009,2026-07-28 08:49:42
191010,2026-07-28 08:49:42
191011,2026-07-28 08:49:42
191012,2026-07-28 08:49:42
191013,2026-07-28 08:49:42
191014,2026-07-28 08:49:42
191015,2026-07-28 08:49:42
191016,2026-07-28 08:49:42
191017,2026-07-28 08:49:42
191018,2026-07-28 08:49:42
191019,2026-07-28 08:49:42
191020,2026-07-28 08:49:42
191021,2026-07-28 08:49:42
191022,2026-07-28 08:49:42
191023,2026-07-28 08:49:42
191024,2026-07-28 08:49:42
191025,2026-07-28 08:49:42
191026,2026-07-28 08:49:42
191027,2026-07-28 08:49:42
191028,2026-07-28 08:49:42
191029,2026-07-28 08:49:42
191030,2026-07-28 08:49:42
191031,2026-07-28 08:49:42
191032,2026-07-28 08:49:42
191033,2026-07-28 08:49:42
191034,2026-07-28 08:49:42
191035,2026-07-28 08:49:42
191036,2026-07-28 08:49:42
191037,2026-07-28 08:49:42
191038,2026-07-28 08:49:42
191039,2026-07-28 08:49:42
191040,2026-07-28 08:49:42
191041,2026-07-28 08:49:42
191042,2026-07-28 08:49:42
191043,2026-07-28 08:49:42
191044,2026-07-28 08:49:42
191045,2026-07-28 08:49:42
191046,2026-07-28 08:49:42
191047,2026-07-28 08:49:42
191048,2026-07-28 08:49:42
191049,2026-07-28 08:49:42
191050,2026-07-28 08:49:42
191051,2026-07-28 08:49:42
191052,2026-07-28 08:49:42
191053,2026-07-28 08:49:42
191054,2026-07-28 08:49:42
191055,2026-07-28 08:49:42
191056,2026-07-28 08:49:42
191057,2026-07-28 08:49:42
191058,2026-07-28 08:49:42
191059,2026-07-28 08:49:42
191060,2026-07-28 08:49:42
191061,2026-07-28 08:49:42
191062,2026-07-28 08:49:42
191063,2026-07-28 08:49:42
191064,2026-07-28 08:49:42
191065,2026-07-28 08:49:42
191066,2026-07-28 08:49:42
191067,2026-07-28 08:49:42
191068,2026-07-28 08:49:42
191069,2026-07-28 08:49:42
191070,2026-07-28 08:49:42
191071,2026-07-28 08:49:42
191072,2026-07-28 08:49:42
191073,2026-07-28 08:49:42
191074,2026-07-28 08:49:42
191075,2026-07-28 08:49:42
191076,2026-07-28 08:49:42
191077,2026-07-28 08:49:42
191078,2026-07-28 08:49:42
191079,2026-07-28 08:49:42
191080,2026-07-28 08:49:42
191081,2026-07-28 08:49:42
191082,2026-07-28 08:49:42
191083,2026-07-28 08:49:42
191084,2026-07-28 08:49:42
191085,2026-07-28 08:49:42
191086,2026-07-28 08:49:42
191087,2026-07-28 08:49:42
191088,2026-07-28 08:49:42
191089,2026-07-28 08:49:42
191090,2026-07-28 08:49:42
191091,2026-07-28 08:49:42
191092,2026-07-28 08:49:42
191093,2026-07-28 08:49:42
191094,2026-07-28 08:49:42
191095,2026-07-28 08:49:42
191096,2026-07-28 08:49:42
191097,2026-07-28 08:49:42
191098,2026-07-28 08:49:42
191099,2026-07-28 08:49:42
191100,2026-07-28 08:49:42
191101,2026-07-28 08:49:42
191102,2026-07-28 08:49:42
191103,2026-07-28 08:49:42
191104,2026-07-28 08:49:42
191105,2026-07-28 08:49:42
191106,2026-07-28 08:49:42
191107,2026-07-28 08:49:42
191108,2026-07-28 08:49:42
191109,2026-07-28 08:49:42
191110,2026-07-28 08:49:42
191111,2026-07-28 08:49:42
191112,2026-07-28 08:49:42
191113,2026-07-28 08:49:42
191114,2026-07-28 08:49:42
191115,2026-07-28 08:49:42
191116,2026-07-28 08:49:42
191117,2026-07-28 08:49:42
191118,2026-07-28 08:49:42
191119,2026-07-28 08:49:42
191120,2026-07-28 08:49:42
191121,2026-07-28 08:49:42
191122,2026-07-28 08:49:42
191123,2026-07-28 08:49:42
191124,2026-07-28 08:49:42
191125,2026-07-28 08:49:42
191126,2026-07-28 08:49:42
191127,2026-07-28 08:49:42
191128,2026-07-28 08:49:42
191129,2026-07-28 08:49:42
191130,2026-07-28 08:49:42
191131,2026-07-28 08:49:42
191132,2026-07-28 08:49:42
191133,2026-07-28 08:49:42
191134,2026-07-28 08:49:42
191135,2026-07-28 08:49:42
191136,2026-07-28 08:49:42
191137,2026-07-28 08:49:42
191138,2026-07-28 08:49:42
191139,2026-07-28 08:49:42
191140,2026-07-28 08:49:42
191141,2026-07-28 08:49:42
191142,2026-07-28 08:49:42
191143,2026-07-28 08:49:42
191144,2026-07-28 08:49:42
191145,2026-07-28 08:49:42
191146,2026-07-28 08:49:42
191147,2026-07-28 08:49:42
191148,2026-07-28 08:49:42
191149,2026-07-28 08:49:42
191150,2026-07-28 08:49:42
191151,2026-07-28 08:49:42
191152,2026-07-28 08:49:42
191153,2026-07-28 08:49:42
191154,2026-07-28 08:49:42
191155,2026-07-28 08:49:42
191156,2026-07-28 08:49:42
191157,2026-07-28 08:49:42
191158,2026-07-28 08:49:42
191159,2026-07-28 08:49:42
191160,2026-07-28 08:49:42
191161,2026-07-28 08:49:42
191162,2026-07-28 08:49:42
191163,2026-07-28 08:49:42
191164,2026-07-28 08:49:42
191165,2026-07-28 08:49:42
191166,2026-07-28 08:49:42
191167,2026-07-28 08:49:42
191168,2026-07-28 08:49:42
191169,2026-07-28 08:49:42
191170,2026-07-28 08:49:42
191171,2026-07-28 08:49:42
191172,2026-07-28 08:49:42
191173,2026-07-28 08:49:42
191174,2026-07-28 08:49:42
191175,2026-07-28 08:49:42
191176,2026-07-28 08:49:42
191177,2026-07-28 08:49:42
191178,2026-07-28 08:49:42
191179,2026-07-28 08:49:42
191180,2026-07-28 08:49:42
191181,2026-07-28 08:49:42
191182,2026-07-28 08:49:42
191183,2026-07-28 08:49:42
191184,2026-07-28 08:49:42
191185,2026-07-28 08:49:42
191186,2026-07-28 08:49:42
191187,2026-07-28 08:49:42
191188,2026-07-28 08:49:42
191189,2026-07-28 08:49:42
191190,2026-07-28 08:49:42
191191,2026-07-28 08:49:42
191192,2026-07-28 08:49:42
191193,2026-07-28 08:49:42
191194,2026-07-28 08:49:42
191195,2026-07-28 08:49:42
191196,2026-07-28 08:49:42
191197,2026-07-28 08:49:42
191198,2026-07-28 08:49:42
191199,2026-07-28 08:49:42
191200,2026-07-28 08:49:42
191201,2026-07-28 08:49:42
191202,2026-07-28 08:49:42
191203,2026-07-28 08:49:42
191204,2026-07-28 08:49:42
191205,2026-07-28 08:49:42
191206,2026-07-28 08:49:42
191207,2026-07-28 08:49:42
191208,2026-07-28 08:49:42
191209,2026-07-28 08:49:42
191210,2026-07-28 08:49:42
191211,2026-07-28 08:49:42
191212,2026-07-28 08:49:42
191213,2026-07-28 08:49:42
191214,2026-07-28 08:49:42
191215,2026-07-28 08:49:42
191216,2026-07-28 08:49:42
191217,2026-07-28 08:49:42
191218,2026-07-28 08:49:42
191219,2026-07-28 08:49:42
191220,2026-07-28 08:49:42
191221,2026-07-28 08:49:42
191222,2026-07-28 08:49:42
191223,2026-07-28 08:49:42
191224,2026-07-28 08:49:42
191225,2026-07-28 08:49:42
191226,2026-07-28 08:49:42
191227,2026-07-28 08:49:42
191228,2026-07-28 08:49:42
191229,2026-07-28 08:49:42
191230,2026-07-28 08:49:42
191231,2026-07-28 08:49:42
191232,2026-07-28 08:49:42
191233,2026-07-28 08:49:42
191234,2026-07-28 08:49:42
191235,2026-07-28 08:49:42
191236,2026-07-28 08:49:42
191237,2026-07-28 08:49:42
191238,2026-07-28 08:49:42
191239,2026-07-28 08:49:42
191240,2026-07-28 08:49:42
191241,2026-07-28 08:49:42
191242,2026-07-28 08:49:42
191243,2026-07-28 08:49:42
191244,2026-07-28 08:49:42
191245,2026-07-28 08:49:42
191246,2026-07-28 08:49:42
191247,2026-07-28 08:49:42
191248,2026-07-28 08:49:42
191249,2026-07-28 08:49:42
191250,2026-07-28 08:49:42
191251,2026-07-28 08:49:42
191252,2026-07-28 08:49:42
191253,2026-07-28 08:49:42
191254,2026-07-28 08:49:42
191255,2026-07-28 08:49:42
191256,2026-07-28 08:49:42
191257,2026-07-28 08:49:42
191258,2026-07-28 08:49:42
191259,2026-07-28 08:49:42
191260,2026-07-28 08:49:42
191261,2026-07-28 08:49:42
191262,2026-07-28 08:49:42
191263,2026-07-28 08:49:42
191264,2026-07-28 08:49:42
191265,2026-07-28 08:49:42
191266,2026-07-28 08:49:42
191267,2026-07-28 08:49:42
191268,2026-07-28 08:49:42
191269,2026-07-28 08:49:42
191270,2026-07-28 08:49:42
191271,2026-07-28 08:49:42
191272,2026-07-28 08:49:42
191273,2026-07-28 08:49:42
191274,2026-07-28 08:49:42
191275,2026-07-28 08:49:42
191276,2026-07-28 08:49:42
191277,2026-07-28 08:49:42
191278,2026-07-28 08:49:42
191279,2026-07-28 08:49:42
191280,2026-07-28 08:49:42
191281,2026-07-28 08:49:42
191282,2026-07-28 08:49:42
191283,2026-07-28 08:49:42
191284,2026-07-28 08:49:42
191285,2026-07-28 08:49:42
191286,2026-07-28 08:49:42
191287,2026-07-28 08:49:42
191288,2026-07-28 08:49:42
191289,2026-07-28 08:49:42
191290,2026-07-28 08:49:42
191291,2026-07-28 08:49:42
191292,2026-07-28 08:49:42
191293,2026-07-28 08:49:42
191294,2026-07-28 08:49:42
191295,2026-07-28 08:49:42
191296,2026-07-28 08:49:42
191297,2026-07-28 08:49:42
191298,2026-07-28 08:49:42
191299,2026-07-28 08:49:42
191300,2026-07-28 08:49:42
191301,2026-07-28 08:49:42
191302,2026-07-28 08:49:42
191303,2026-07-28 08:49:42
191304,2026-07-28 08:49:42
191305,2026-07-28 08:49:42
191306,2026-07-28 08:49:42
191307,2026-07-28 08:49:42
191308,2026-07-28 08:49:42
191309,2026-07-28 08:49:42
191310,2026-07-28 08:49:42
191311,2026-07-28 08:49:42
191312,2026-07-28 08:49:42
191313,2026-07-28 08:49:42
191314,2026-07-28 08:49:42
191315,2026-07-28 08:49:42
191316,2026-07-28 08:49:42
191317,2026-07-28 08:49:42
191318,2026-07-28 08:49:42
191319,2026-07-28 08:49:42
191320,2026-07-28 08:49:42
191321,2026-07-28 08:49:42
191322,2026-07-28 08:49:42
191323,2026-07-28 08:49:42
191324,2026-07-28 08:49:42
191325,2026-07-28 08:49:42
191326,2026-07-28 08:49:42
191327,2026-07-28 08:49:42
191328,2026-07-28 08:49:42
191329,2026-07-28 08:49:42
191330,2026-07-28 08:49:42
191331,2026-07-28 08:49:42
191332,2026-07-28 08:49:42
191333,2026-07-28 08:49:42
191334,2026-07-28 08:49:42
191335,2026-07-28 08:49:42
191336,2026-07-28 08:49:42
191337,2026-07-28 08:49:42
191338,2026-07-28 08:49:42
191339,2026-07-28 08:49:42
191340,2026-07-28 08:49:42
191341,2026-07-28 08:49:42
191342,2026-07-28 08:49:42
191343,2026-07-28 08:49:42
191344,2026-07-28 08:49:42
191345,2026-07-28 08:49:42
191346,2026-07-28 08:49:42
191347,2026-07-28 08:49:42
191348,2026-07-28 08:49:42
191349,2026-07-28 08:49:42
191350,2026-07-28 08:49:42
191351,2026-07-28 08:49:42
191352,2026-07-28 08:49:42
191353,2026-07-28 08:49:42
191354,2026-07-28 08:49:42
191355,2026-07-28 08:49:42
191356,2026-07-28 08:49:42
191357,2026-07-28 08:49:42
191358,2026-07-28 08:49:42
191359,2026-07-28 08:49:42
191360,2026-07-28 08:49:42
191361,2026-07-28 08:49:42
191362,2026-07-28 08:49:42
191363,2026-07-28 08:49:42
191364,2026-07-28 08:49:42
191365,2026-07-28 08:49:42
191366,2026-07-28 08:49:42
191367,2026-07-28 08:49:42
191368,2026-07-28 08:49:42
191369,2026-07-28 08:49:42
191370,2026-07-28 08:49:42
191371,2026-07-28 08:49:42
191372,2026-07-28 08:49:42
191373,2026-07-28 08:49:42
191374,2026-07-28 08:49:42
191375,2026-07-28 08:49:42
191376,2026-07-28 08:49:42
191377,2026-07-28 08:49:42
191378,2026-07-28 08:49:42
191379,2026-07-28 08:49:42
191380,2026-07-28 08:49:42
191381,2026-07-28 08:49:42
191382,2026-07-28 08:49:42
191383,2026-07-28 08:49:42
191384,2026-07-28 08:49:42
191385,2026-07-28 08:49:42
191386,2026-07-28 08:49:42
191387,2026-07-28 08:49:42
191388,2026-07-28 08:49:42
191389,2026-07-28 08:49:42
191390,2026-07-28 08:49:42
191391,2026-07-28 08:49:42
191392,2026-07-28 08:49:42
191393,2026-07-28 08:49:42
191394,2026-07-28 08:49:42
191395,2026-07-28 08:49:42
191396,2026-07-28 08:49:42
191397,2026-07-28 08:49:42
191398,2026-07-28 08:49:42
191399,2026-07-28 08:49:42
191400,2026-07-28 08:49:42
191401,2026-07-28 08:49:42
191402,2026-07-28 08:49:42
191403,2026-07-28 08:49:42
191404,2026-07-28 08:49:42
191405,2026-07-28 08:49:42
191406,2026-07-28 08:49:42
191407,2026-07-28 08:49:42
191408,2026-07-28 08:49:42
191409,2026-07-28 08:49:42
191410,2026-07-28 08:49:42
191411,2026-07-28 08:49:42
191412,2026-07-28 08:49:42
191413,2026-07-28 08:49:42
191414,2026-07-28 08:49:42
191415,2026-07-28 08:49:42
191416,2026-07-28 08:49:42
191417,2026-07-28 08:49:42
191418,2026-07-28 08:49:42
191419,2026-07-28 08:49:42
191420,2026-07-28 08:49:42
191421,2026-07-28 08:49:42
191422,2026-07-28 08:49:42
191423,2026-07-28 08:49:42
191424,2026-07-28 08:49:42
191425,2026-07-28 08:49:42
191426,2026-07-28 08:49:42
191427,2026-07-28 08:49:42
191428,2026-07-28 08:49:42
191429,2026-07-28 08:49:42
191430,2026-07-28 08:49:42
191431,2026-07-28 08:49:42
191432,2026-07-28 08:49:42
191433,2026-07-28 08:49:42
191434,2026-07-28 08:49:42
191435,2026-07-28 08:49:42
191436,2026-07-28 08:49:42
191437,2026-07-28 08:49:42
191438,2026-07-28 08:49:42
191439,2026-07-28 08:49:42
191440,2026-07-28 08:49:42
191441,2026-07-28 08:49:42
191442,2026-07-28 08:49:42
191443,2026-07-28 08:49:42
191444,2026-07-28 08:49:42
191445,2026-07-28 08:49:42
191446,2026-07-28 08:49:42
191447,2026-07-28 08:49:42
191448,2026-07-28 08:49:42
191449,2026-07-28 08:49:42
191450,2026-07-28 08:49:42
191451,2026-07-28 08:49:42
191452,2026-07-28 08:49:42
191453,2026-07-28 08:49:42
191454,2026-07-28 08:49:42
191455,2026-07-28 08:49:42
191456,2026-07-28 08:49:42
191457,2026-07-28 08:49:42
191458,2026-07-28 08:49:42
191459,2026-07-28 08:49:42
191460,2026-07-28 08:49:42
191461,2026-07-28 08:49:42
191462,2026-07-28 08:49:42
191463,2026-07-28 08:49:42
191464,2026-07-28 08:49:42
191465,2026-07-28 08:49:42
191466,2026-07-28 08:49:42
191467,2026-07-28 08:49:42
191468,2026-07-28 08:49:42
191469,2026-07-28 08:49:42
191470,2026-07-28 08:49:42
191471,2026-07-28 08:49:42
191472,2026-07-28 08:49:42
191473,2026-07-28 08:49:42
191474,2026-07-28 08:49:42
191475,2026-07-28 08:49:42
191476,2026-07-28 08:49:42
191477,2026-07-28 08:49:42
191478,2026-07-28 08:49:42
191479,2026-07-28 08:49:42
191480,2026-07-28 08:49:42
191481,2026-07-28 08:49:42
191482,2026-07-28 08:49:42
191483,2026-07-28 08:49:42
191484,2026-07-28 08:49:42
191485,2026-07-28 08:49:42
191486,2026-07-28 08:49:42
191487,2026-07-28 08:49:42
191488,2026-07-28 08:49:42
191489,2026-07-28 08:49:42
191490,2026-07-28 08:49:42
191491,2026-07-28 08:49:42
191492,2026-07-28 08:49:42
191493,2026-07-28 08:49:42
191494,2026-07-28 08:49:42
191495,2026-07-28 08:49:42
191496,2026-07-28 08:49:42
191497,2026-07-28 08:49:42
191498,2026-07-28 08:49:42
191499,2026-07-28 08:49:42
191500,2026-07-28 08:49:42
191501,2026-07-28 08:49:42
191502,2026-07-28 08:49:42
191503,2026-07-28 08:49:42
191504,2026-07-28 08:49:42
191505,2026-07-28 08:49:42
191506,2026-07-28 08:49:42
191507,2026-07-28 08:49:42
191508,2026-07-28 08:49:42
191509,2026-07-28 08:49:42
191510,2026-07-28 08:49:42
191511,2026-07-28 08:49:42
191512,2026-07-28 08:49:42
191513,2026-07-28 08:49:42
191514,2026-07-28 08:49:42
191515,2026-07-28 08:49:42
191516,2026-07-28 08:49:42
191517,2026-07-28 08:49:42
191518,2026-07-28 08:49:42
191519,2026-07-28 08:49:42
191520,2026-07-28 08:49:42
191521,2026-07-28 08:49:42
191522,2026-07-28 08:49:42
191523,2026-07-28 08:49:42
191524,2026-07-28 08:49:42
191525,2026-07-28 08:49:42
191526,2026-07-28 08:49:42
191527,2026-07-28 08:49:42
191528,2026-07-28 08:49:42
191529,2026-07-28 08:49:42
191530,2026-07-28 08:49:42
191531,2026-07-28 08:49:42
191532,2026-07-28 08:49:42
191533,2026-07-28 08:49:42
191534,2026-07-28 08:49:42
191535,2026-07-28 08:49:42
191536,2026-07-28 08:49:42
191537,2026-07-28 08:49:42
191538,2026-07-28 08:49:42
191539,2026-07-28 08:49:42
191540,2026-07-28 08:49:42
191541,2026-07-28 08:49:42
191542,2026-07-28 08:49:42
191543,2026-07-28 08:49:42
191544,2026-07-28 08:49:42
191545,2026-07-28 08:49:42
191546,2026-07-28 08:49:42
191547,2026-07-28 08:49:42
191548,2026-07-28 08:49:42
191549,2026-07-28 08:49:42
191550,2026-07-28 08:49:42
191551,2026-07-28 08:49:42
191552,2026-07-28 08:49:42
191553,2026-07-28 08:49:42
191554,2026-07-28 08:49:42
191555,2026-07-28 08:49:42
191556,2026-07-28 08:49:42
191557,2026-07-28 08:49:42
191558,2026-07-28 08:49:42
191559,2026-07-28 08:49:42
191560,2026-07-28 08:49:42
191561,2026-07-28 08:49:42
191562,2026-07-28 08:49:42
191563,2026-07-28 08:49:42
191564,2026-07-28 08:49:42
191565,2026-07-28 08:49:42
191566,2026-07-28 08:49:42
191567,2026-07-28 08:49:42
191568,2026-07-28 08:49:42
191569,2026-07-28 08:49:42
191570,2026-07-28 08:49:42
191571,2026-07-28 08:49:42
191572,2026-07-28 08:49:42
191573,2026-07-28 08:49:42
191574,2026-07-28 08:49:42
191575,2026-07-28 08:49:42
191576,2026-07-28 08:49:42
191577,2026-07-28 08:49:42
191578,2026-07-28 08:49:42
191579,2026-07-28 08:49:42
191580,2026-07-28 08:49:42
191581,2026-07-28 08:49:42
191582,2026-07-28 08:49:42
191583,2026-07-28 08:49:42
191584,2026-07-28 08:49:42
191585,2026-07-28 08:49:42
191586,2026-07-28 08:49:42
191587,2026-07-28 08:49:42
191588,2026-07-28 08:49:42
191589,2026-07-28 08:49:42
191590,2026-07-28 08:49:42
191591,2026-07-28 08:49:42
191592,2026-07-28 08:49:42
191593,2026-07-28 08:49:42
191594,2026-07-28 08:49:42
191595,2026-07-28 08:49:42
191596,2026-07-28 08:49:42
191597,2026-07-28 08:49:42
191598,2026-07-28 08:49:42
191599,2026-07-28 08:49:42
191600,2026-07-28 08:49:42
191601,2026-07-28 08:49:42
191602,2026-07-28 08:49:42
191603,2026-07-28 08:49:42
191604,2026-07-28 08:49:42
191605,2026-07-28 08:49:42
191606,2026-07-28 08:49:42
191607,2026-07-28 08:49:42
191608,2026-07-28 08:49:42
191609,2026-07-28 08:49:42
191610,2026-07-28 08:49:42
191611,2026-07-28 08:49:42
191612,2026-07-28 08:49:42
191613,2026-07-28 08:49:42
191614,2026-07-28 08:49:42
191615,2026-07-28 08:49:42
191616,2026-07-28 08:49:42
191617,2026-07-28 08:49:42
191618,2026-07-28 08:49:42
191619,2026-07-28 08:49:42
191620,2026-07-28 08:49:42
191621,2026-07-28 08:49:42
191622,2026-07-28 08:49:42
191623,2026-07-28 08:49:42
191624,2026-07-28 08:49:42
191625,2026-07-28 08:49:42
191626,2026-07-28 08:49:42
191627,2026-07-28 08:49:42
191628,2026-07-28 08:49:42
191629,2026-07-28 08:49:42
191630,2026-07-28 08:49:42
191631,2026-07-28 08:49:42
191632,2026-07-28 08:49:42
191633,2026-07-28 08:49:42
191634,2026-07-28 08:49:42
191635,2026-07-28 08:49:42
191636,2026-07-28 08:49:42
191637,2026-07-28 08:49:42
191638,2026-07-28 08:49:42
191639,2026-07-28 08:49:42
191640,2026-07-28 08:49:42
191641,2026-07-28 08:49:42
191642,2026-07-28 08:49:42
191643,2026-07-28 08:49:42
191644,2026-07-28 08:49:42
191645,2026-07-28 08:49:42
191646,2026-07-28 08:49:42
191647,2026-07-28 08:49:42
191648,2026-07-28 08:49:42
191649,2026-07-28 08:49:42
191650,2026-07-28 08:49:42
191651,2026-07-28 08:49:42
191652,2026-07-28 08:49:42
191653,2026-07-28 08:49:42
191654,2026-07-28 08:49:42
191655,2026-07-28 08:49:42
191656,2026-07-28 08:49:42
191657,2026-07-28 08:49:42
191658,2026-07-28 08:49:42
191659,2026-07-28 08:49:42
191660,2026-07-28 08:49:42
191661,2026-07-28 08:49:42
191662,2026-07-28 08:49:42
191663,2026-07-28 08:49:42
191664,2026-07-28 08:49:42
191665,2026-07-28 08:49:42
191666,2026-07-28 08:49:42
191667,2026-07-28 08:49:42
191668,2026-07-28 08:49:42
191669,2026-07-28 08:49:42
191670,2026-07-28 08:49:42
191671,2026-07-28 08:49:42
191672,2026-07-28 08:49:42
191673,2026-07-28 08:49:42
191674,2026-07-28 08:49:42
191675,2026-07-28 08:49:42
191676,2026-07-28 08:49:42
191677,2026-07-28 08:49:42
191678,2026-07-28 08:49:42
191679,2026-07-28 08:49:42
191680,2026-07-28 08:49:42
191681,2026-07-28 08:49:42
191682,2026-07-28 08:49:42
191683,2026-07-28 08:49:42
191684,2026-07-28 08:49:42
191685,2026-07-28 08:49:42
191686,2026-07-28 08:49:42
191687,2026-07-28 08:49:42
191688,2026-07-28 08:49:42
191689,2026-07-28 08:49:42
191690,2026-07-28 08:49:42
191691,2026-07-28 08:49:42
191692,2026-07-28 08:49:42
191693,2026-07-28 08:49:42
191694,2026-07-28 08:49:42
191695,2026-07-28 08:49:42
191696,2026-07-28 08:49:42
191697,2026-07-28 08:49:42
191698,2026-07-28 08:49:42
191699,2026-07-28 08:49:42
191700,2026-07-28 08:49:42
191701,2026-07-28 08:49:42
191702,2026-07-28 08:49:42
191703,2026-07-28 08:49:42
191704,2026-07-28 08:49:42
191705,2026-07-28 08:49:42
191706,2026-07-28 08:49:42
191707,2026-07-28 08:49:42
191708,2026-07-28 08:49:42
191709,2026-07-28 08:49:42
191710,2026-07-28 08:49:42
191711,2026-07-28 08:49:42
191712,2026-07-28 08:49:42
191713,2026-07-28 08:49:42
191714,2026-07-28 08:49:42
191715,2026-07-28 08:49:42
191716,2026-07-28 08:49:42
191717,2026-07-28 08:49:42
191718,2026-07-28 08:49:42
191719,2026-07-28 08:49:42
191720,2026-07-28 08:49:42
191721,2026-07-28 08:49:42
191722,2026-07-28 08:49:42
191723,2026-07-28 08:49:42
191724,2026-07-28 08:49:42
191725,2026-07-28 08:49:42
191726,2026-07-28 08:49:42
191727,2026-07-28 08:49:42
191728,2026-07-28 08:49:42
191729,2026-07-28 08:49:42
191730,2026-07-28 08:49:42
191731,2026-07-28 08:49:42
191732,2026-07-28 08:49:42
191733,2026-07-28 08:49:42
191734,2026-07-28 08:49:42
191735,2026-07-28 08:49:42
191736,2026-07-28 08:49:42
191737,2026-07-28 08:49:42
191738,2026-07-28 08:49:42
191739,2026-07-28 08:49:42
191740,2026-07-28 08:49:42
191741,2026-07-28 08:49:42
191742,2026-07-28 08:49:42
191743,2026-07-28 08:49:42
191744,2026-07-28 08:49:42
191745,2026-07-28 08:49:42
191746,2026-07-28 08:49:42
191747,2026-07-28 08:49:42
191748,2026-07-28 08:49:42
191749,2026-07-28 08:49:42
191750,2026-07-28 08:49:42
191751,2026-07-28 08:49:42
191752,2026-07-28 08:49:42
191753,2026-07-28 08:49:42
191754,2026-07-28 08:49:42
191755,2026-07-28 08:49:42
191756,2026-07-28 08:49:42
191757,2026-07-28 08:49:42
191758,2026-07-28 08:49:42
191759,2026-07-28 08:49:42
191760,2026-07-28 08:49:42
191761,2026-07-28 08:49:42
191762,2026-07-28 08:49:42
191763,2026-07-28 08:49:42
191764,2026-07-28 08:49:42
191765,2026-07-28 08:49:42
191766,2026-07-28 08:49:42
191767,2026-07-28 08:49:42
191768,2026-07-28 08:49:42
191769,2026-07-28 08:49:42
191770,2026-07-28 08:49:42
191771,2026-07-28 08:49:42
191772,2026-07-28 08:49:42
191773,2026-07-28 08:49:42
191774,2026-07-28 08:49:42
191775,2026-07-28 08:49:42
191776,2026-07-28 08:49:42
191777,2026-07-28 08:49:42
191778,2026-07-28 08:49:42
191779,2026-07-28 08:49:42
191780,2026-07-28 08:49:42
191781,2026-07-28 08:49:42
191782,2026-07-28 08:49:42
191783,2026-07-28 08:49:42
191784,2026-07-28 08:49:42
191785,2026-07-28 08:49:42
191786,2026-07-28 08:49:42
191787,2026-07-28 08:49:42
191788,2026-07-28 08:49:42
191789,2026-07-28 08:49:42
191790,2026-07-28 08:49:42
191791,2026-07-28 08:49:42
191792,2026-07-28 08:49:42
191793,2026-07-28 08:49:42
191794,2026-07-28 08:49:42
191795,2026-07-28 08:49:42
191796,2026-07-28 08:49:42
191797,2026-07-28 08:49:42
191798,2026-07-28 08:49:42
191799,2026-07-28 08:49:42
191800,2026-07-28 08:49:42
191801,2026-07-28 08:49:42
191802,2026-07-28 08:49:42
191803,2026-07-28 08:49:42
191804,2026-07-28 08:49:42
191805,2026-07-28 08:49:42
191806,2026-07-28 08:49:42
191807,2026-07-28 08:49:42
191808,2026-07-28 08:49:42
191809,2026-07-28 08:49:42
191810,2026-07-28 08:49:42
191811,2026-07-28 08:49:42
191812,2026-07-28 08:49:42
191813,2026-07-28 08:49:42
191814,2026-07-28 08:49:42
191815,2026-07-28 08:49:42
191816,2026-07-28 08:49:42
191817,2026-07-28 08:49:42
191818,2026-07-28 08:49:42
191819,2026-07-28 08:49:42
191820,2026-07-28 08:49:42
191821,2026-07-28 08:49:42
191822,2026-07-28 08:49:42
191823,2026-07-28 08:49:42
191824,2026-07-28 08:49:42
191825,2026-07-28 08:49:42
191826,2026-07-28 08:49:42
191827,2026-07-28 08:49:42
191828,2026-07-28 08:49:42
191829,2026-07-28 08:49:42
191830,2026-07-28 08:49:42
191831,2026-07-28 08:49:42
191832,2026-07-28 08:49:42
191833,2026-07-28 08:49:42
191834,2026-07-28 08:49:42
191835,2026-07-28 08:49:42
191836,2026-07-28 08:49:42
191837,2026-07-28 08:49:42
191838,2026-07-28 08:49:42
191839,2026-07-28 08:49:42
191840,2026-07-28 08:49:42
191841,2026-07-28 08:49:42
191842,2026-07-28 08:49:42
191843,2026-07-28 08:49:42
191844,2026-07-28 08:49:42
191845,2026-07-28 08:49:42
191846,2026-07-28 08:49:42
191847,2026-07-28 08:49:42
191848,2026-07-28 08:49:42
191849,2026-07-28 08:49:42
191850,2026-07-28 08:49:42
191851,2026-07-28 08:49:42
191852,2026-07-28 08:49:42
191853,2026-07-28 08:49:42
191854,2026-07-28 08:49:42
191855,2026-07-28 08:49:42
191856,2026-07-28 08:49:42
191857,2026-07-28 08:49:42
191858,2026-07-28 08:49:42
191859,2026-07-28 08:49:42
191860,2026-07-28 08:49:42
191861,2026-07-28 08:49:42
191862,2026-07-28 08:49:42
191863,2026-07-28 08:49:42
191864,2026-07-28 08:49:42
191865,2026-07-28 08:49:42
191866,2026-07-28 08:49:42
191867,2026-07-28 08:49:42
191868,2026-07-28 08:49:42
191869,2026-07-28 08:49:42
191870,2026-07-28 08:49:42
191871,2026-07-28 08:49:42
191872,2026-07-28 08:49:42
191873,2026-07-28 08:49:42
191874,2026-07-28 08:49:42
191875,2026-07-28 08:49:42
191876,2026-07-28 08:49:42
191877,2026-07-28 08:49:42
191878,2026-07-28 08:49:42
191879,2026-07-28 08:49:42
191880,2026-07-28 08:49:42
191881,2026-07-28 08:49:42
191882,2026-07-28 08:49:42
191883,2026-07-28 08:49:42
191884,2026-07-28 08:49:42
191885,2026-07-28 08:49:42
191886,2026-07-28 08:49:42
191887,2026-07-28 08:49:42
191888,2026-07-28 08:49:42
191889,2026-07-28 08:49:42
191890,2026-07-28 08:49:42
191891,2026-07-28 08:49:42
191892,2026-07-28 08:49:42
191893,2026-07-28 08:49:42
191894,2026-07-28 08:49:42
191895,2026-07-28 08:49:42
191896,2026-07-28 08:49:42
191897,2026-07-28 08:49:42
191898,2026-07-28 08:49:42
191899,2026-07-28 08:49:42
191900,2026-07-28 08:49:42
191901,2026-07-28 08:49:42
191902,2026-07-28 08:49:42
191903,2026-07-28 08:49:42
191904,2026-07-28 08:49:42
191905,2026-07-28 08:49:42
191906,2026-07-28 08:49:42
191907,2026-07-28 08:49:42
191908,2026-07-28 08:49:42
191909,2026-07-28 08:49:42
191910,2026-07-28 08:49:42
191911,2026-07-28 08:49:42
191912,2026-07-28 08:49:42
191913,2026-07-28 08:49:42
191914,2026-07-28 08:49:42
191915,2026-07-28 08:49:42
191916,2026-07-28 08:49:42
191917,2026-07-28 08:49:42
191918,2026-07-28 08:49:42
191919,2026-07-28 08:49:42
191920,2026-07-28 08:49:42
191921,2026-07-28 08:49:42
191922,2026-07-28 08:49:42
191923,2026-07-28 08:49:42
191924,2026-07-28 08:49:42
191925,2026-07-28 08:49:42
191926,2026-07-28 08:49:42
191927,2026-07-28 08:49:42
191928,2026-07-28 08:49:42
191929,2026-07-28 08:49:42
191930,2026-07-28 08:49:42
191931,2026-07-28 08:49:42
191932,2026-07-28 08:49:42
191933,2026-07-28 08:49:42
191934,2026-07-28 08:49:42
191935,2026-07-28 08:49:42
191936,2026-07-28 08:49:42
191937,2026-07-28 08:49:42
191938,2026-07-28 08:49:42
191939,2026-07-28 08:49:42
191940,2026-07-28 08:49:42
191941,2026-07-28 08:49:42
191942,2026-07-28 08:49:42
191943,2026-07-28 08:49:42
191944,2026-07-28 08:49:42
191945,2026-07-28 08:49:42
191946,2026-07-28 08:49:42
191947,2026-07-28 08:49:42
191948,2026-07-28 08:49:42
191949,2026-07-28 08:49:42
191950,2026-07-28 08:49:42
191951,2026-07-28 08:49:42
191952,2026-07-28 08:49:42
191953,2026-07-28 08:49:42
191954,2026-07-28 08:49:42
191955,2026-07-28 08:49:42
191956,2026-07-28 08:49:42
191957,2026-07-28 08:49:42
191958,2026-07-28 08:49:42
191959,2026-07-28 08:49:42
191960,2026-07-28 08:49:42
191961,2026-07-28 08:49:42
191962,2026-07-28 08:49:42
191963,2026-07-28 08:49:42
191964,2026-07-28 08:49:42
191965,2026-07-28 08:49:42
191966,2026-07-28 08:49:42
191967,2026-07-28 08:49:42
191968,2026-07-28 08:49:42
191969,2026-07-28 08:49:42
191970,2026-07-28 08:49:42
191971,2026-07-28 08:49:42
191972,2026-07-28 08:49:42
191973,2026-07-28 08:49:42
191974,2026-07-28 08:49:42
191975,2026-07-28 08:49:42
191976,2026-07-28 08:49:42
191977,2026-07-28 08:49:42
191978,2026-07-28 08:49:42
191979,2026-07-28 08:49:42
191980,2026-07-28 08:49:42
191981,2026-07-28 08:49:42
191982,2026-07-28 08:49:42
191983,2026-07-28 08:49:42
191984,2026-07-28 08:49:42
191985,2026-07-28 08:49:42
191986,2026-07-28 08:49:42
191987,2026-07-28 08:49:42
191988,2026-07-28 08:49:42
191989,2026-07-28 08:49:42
191990,2026-07-28 08:49:42
191991,2026-07-28 08:49:42
191992,2026-07-28 08:49:42
191993,2026-07-28 08:49:42
191994,2026-07-28 08:49:42
191995,2026-07-28 08:49:42
191996,2026-07-28 08:49:42
191997,2026-07-28 08:49:42
191998,2026-07-28 08:49:42
191999,2026-07-28 08:49:42
192000,2026-07-28 08:49:42
192001,2026-07-28 08:49:42
192002,2026-07-28 08:49:42
192003,2026-07-28 08:49:42
192004,2026-07-28 08:49:42
192005,2026-07-28 08:49:42
192006,2026-07-28 08:49:42
192007,2026-07-28 08:49:42
192008,2026-07-28 08:49:42
192009,2026-07-28 08:49:42
192010,2026-07-28 08:49:42
192011,2026-07-28 08:49:42
192012,2026-07-28 08:49:42
192013,2026-07-28 08:49:42
192014,2026-07-28 08:49:42
192015,2026-07-28 08:49:42
192016,2026-07-28 08:49:42
192017,2026-07-28 08:49:42
192018,2026-07-28 08:49:42
192019,2026-07-28 08:49:42
192020,2026-07-28 08:49:42
192021,2026-07-28 08:49:42
192022,2026-07-28 08:49:42
192023,2026-07-28 08:49:42
192024,2026-07-28 08:49:42
192025,2026-07-28 08:49:42
192026,2026-07-28 08:49:42
192027,2026-07-28 08:49:42
192028,2026-07-28 08:49:42
192029,2026-07-28 08:49:42
192030,2026-07-28 08:49:42
192031,2026-07-28 08:49:42
192032,2026-07-28 08:49:42
192033,2026-07-28 08:49:42
192034,2026-07-28 08:49:42
192035,2026-07-28 08:49:42
192036,2026-07-28 08:49:42
192037,2026-07-28 08:49:42
192038,2026-07-28 08:49:42
192039,2026-07-28 08:49:42
192040,2026-07-28 08:49:42
192041,2026-07-28 08:49:42
192042,2026-07-28 08:49:42
192043,2026-07-28 08:49:42
192044,2026-07-28 08:49:42
192045,2026-07-28 08:49:42
192046,2026-07-28 08:49:42
192047,2026-07-28 08:49:42
192048,2026-07-28 08:49:42
192049,2026-07-28 08:49:42
192050,2026-07-28 08:49:42
192051,2026-07-28 08:49:42
192052,2026-07-28 08:49:42
192053,2026-07-28 08:49:42
192054,2026-07-28 08:49:42
192055,2026-07-28 08:49:42
192056,2026-07-28 08:49:42
192057,2026-07-28 08:49:42
192058,2026-07-28 08:49:42
192059,2026-07-28 08:49:42
192060,2026-07-28 08:49:42
192061,2026-07-28 08:49:42
192062,2026-07-28 08:49:42
192063,2026-07-28 08:49:42
192064,2026-07-28 08:49:42
192065,2026-07-28 08:49:42
192066,2026-07-28 08:49:42
192067,2026-07-28 08:49:42
192068,2026-07-28 08:49:42
192069,2026-07-28 08:49:42
192070,2026-07-28 08:49:42
192071,2026-07-28 08:49:42
192072,2026-07-28 08:49:42
192073,2026-07-28 08:49:42
192074,2026-07-28 08:49:42
192075,2026-07-28 08:49:42
192076,2026-07-28 08:49:42
192077,2026-07-28 08:49:42
192078,2026-07-28 08:49:42
192079,2026-07-28 08:49:42
192080,2026-07-28 08:49:42
192081,2026-07-28 08:49:42
192082,2026-07-28 08:49:42
192083,2026-07-28 08:49:42
192084,2026-07-28 08:49:42
192085,2026-07-28 08:49:42
192086,2026-07-28 08:49:42
192087,2026-07-28 08:49:42
192088,2026-07-28 08:49:42
192089,2026-07-28 08:49:42
192090,2026-07-28 08:49:42
192091,2026-07-28 08:49:42
192092,2026-07-28 08:49:42
192093,2026-07-28 08:49:42
192094,2026-07-28 08:49:42
192095,2026-07-28 08:49:42
192096,2026-07-28 08:49:42
192097,2026-07-28 08:49:42
192098,2026-07-28 08:49:42
192099,2026-07-28 08:49:42
192100,2026-07-28 08:49:42
192101,2026-07-28 08:49:42
192102,2026-07-28 08:49:42
192103,2026-07-28 08:49:42
192104,2026-07-28 08:49:42
192105,2026-07-28 08:49:42
192106,2026-07-28 08:49:42
192107,2026-07-28 08:49:42
192108,2026-07-28 08:49:42
192109,2026-07-28 08:49:42
192110,2026-07-28 08:49:42
192111,2026-07-28 08:49:42
192112,2026-07-28 08:49:42
192113,2026-07-28 08:49:42
192114,2026-07-28 08:49:42
192115,2026-07-28 08:49:42
192116,2026-07-28 08:49:42
192117,2026-07-28 08:49:42
192118,2026-07-28 08:49:42
192119,2026-07-28 08:49:42
192120,2026-07-28 08:49:42
192121,2026-07-28 08:49:42
192122,2026-07-28 08:49:42
192123,2026-07-28 08:49:42
192124,2026-07-28 08:49:42
192125,2026-07-28 08:49:42
192126,2026-07-28 08:49:42
192127,2026-07-28 08:49:42
192128,2026-07-28 08:49:42
192129,2026-07-28 08:49:42
192130,2026-07-28 08:49:42
192131,2026-07-28 08:49:42
192132,2026-07-28 08:49:42
192133,2026-07-28 08:49:42
192134,2026-07-28 08:49:42
192135,2026-07-28 08:49:42
192136,2026-07-28 08:49:42
192137,2026-07-28 08:49:42
192138,2026-07-28 08:49:42
192139,2026-07-28 08:49:42
192140,2026-07-28 08:49:42
192141,2026-07-28 08:49:42
192142,2026-07-28 08:49:42
192143,2026-07-28 08:49:42
192144,2026-07-28 08:49:42
192145,2026-07-28 08:49:42
192146,2026-07-28 08:49:42
192147,2026-07-28 08:49:42
192148,2026-07-28 08:49:42
192149,2026-07-28 08:49:42
192150,2026-07-28 08:49:42
192151,2026-07-28 08:49:42
192152,2026-07-28 08:49:42
192153,2026-07-28 08:49:42
192154,2026-07-28 08:49:42
192155,2026-07-28 08:49:42
192156,2026-07-28 08:49:42
192157,2026-07-28 08:49:42
192158,2026-07-28 08:49:42
192159,2026-07-28 08:49:42
192160,2026-07-28 08:49:42
192161,2026-07-28 08:49:42
192162,2026-07-28 08:49:42
192163,2026-07-28 08:49:42
192164,2026-07-28 08:49:42
192165,2026-07-28 08:49:42
192166,2026-07-28 08:49:42
192167,2026-07-28 08:49:42
192168,2026-07-28 08:49:42
192169,2026-07-28 08:49:42
192170,2026-07-28 08:49:42
192171,2026-07-28 08:49:42
192172,2026-07-28 08:49:42
192173,2026-07-28 08:49:42
192174,2026-07-28 08:49:42
192175,2026-07-28 08:49:42
192176,2026-07-28 08:49:42
192177,2026-07-28 08:49:42
192178,2026-07-28 08:49:42
192179,2026-07-28 08:49:42
192180,2026-07-28 08:49:42
192181,2026-07-28 08:49:42
192182,2026-07-28 08:49:42
192183,2026-07-28 08:49:42
192184,2026-07-28 08:49:42
192185,2026-07-28 08:49:42
192186,2026-07-28 08:49:42
192187,2026-07-28 08:49:42
192188,2026-07-28 08:49:42
192189,2026-07-28 08:49:42
192190,2026-07-28 08:49:42
192191,2026-07-28 08:49:42
192192,2026-07-28 08:49:42
192193,2026-07-28 08:49:42
192194,2026-07-28 08:49:42
192195,2026-07-28 08:49:42
192196,2026-07-28 08:49:42
192197,2026-07-28 08:49:42
192198,2026-07-28 08:49:42
192199,2026-07-28 08:49:42
192200,2026-07-28 08:49:42
192201,2026-07-28 08:49:42
192202,2026-07-28 08:49:42
192203,2026-07-28 08:49:42
192204,2026-07-28 08:49:42
192205,2026-07-28 08:49:42
192206,2026-07-28 08:49:42
192207,2026-07-28 08:49:42
192208,2026-07-28 08:49:42
192209,2026-07-28 08:49:42
192210,2026-07-28 08:49:42
192211,2026-07-28 08:49:42
192212,2026-07-28 08:49:42
192213,2026-07-28 08:49:42
192214,2026-07-28 08:49:42
192215,2026-07-28 08:49:42
192216,2026-07-28 08:49:42
192217,2026-07-28 08:49:42
192218,2026-07-28 08:49:42
192219,2026-07-28 08:49:42
192220,2026-07-28 08:49:42
192221,2026-07-28 08:49:42
192222,2026-07-28 08:49:42
192223,2026-07-28 08:49:42
192224,2026-07-28 08:49:42
192225,2026-07-28 08:49:42
192226,2026-07-28 08:49:42
192227,2026-07-28 08:49:42
192228,2026-07-28 08:49:42
192229,2026-07-28 08:49:42
192230,2026-07-28 08:49:42
192231,2026-07-28 08:49:42
192232,2026-07-28 08:49:42
192233,2026-07-28 08:49:42
192234,2026-07-28 08:49:42
192235,2026-07-28 08:49:42
192236,2026-07-28 08:49:42
192237,2026-07-28 08:49:42
192238,2026-07-28 08:49:42
192239,2026-07-28 08:49:42
192240,2026-07-28 08:49:42
192241,2026-07-28 08:49:42
192242,2026-07-28 08:49:42
192243,2026-07-28 08:49:42
192244,2026-07-28 08:49:42
192245,2026-07-28 08:49:42
192246,2026-07-28 08:49:42
192247,2026-07-28 08:49:42
192248,2026-07-28 08:49:42
192249,2026-07-28 08:49:42
192250,2026-07-28 08:49:42
192251,2026-07-28 08:49:42
192252,2026-07-28 08:49:42
192253,2026-07-28 08:49:42
192254,2026-07-28 08:49:42
192255,2026-07-28 08:49:42
192256,2026-07-28 08:49:42
192257,2026-07-28 08:49:42
192258,2026-07-28 08:49:42
192259,2026-07-28 08:49:42
192260,2026-07-28 08:49:42
192261,2026-07-28 08:49:42
192262,2026-07-28 08:49:42
192263,2026-07-28 08:49:42
192264,2026-07-28 08:49:42
192265,2026-07-28 08:49:42
192266,2026-07-28 08:49:42
192267,2026-07-28 08:49:42
192268,2026-07-28 08:49:42
192269,2026-07-28 08:49:42
192270,2026-07-28 08:49:42
192271,2026-07-28 08:49:42
192272,2026-07-28 08:49:42
192273,2026-07-28 08:49:42
192274,2026-07-28 08:49:42
192275,2026-07-28 08:49:42
192276,2026-07-28 08:49:42
192277,2026-07-28 08:49:42
192278,2026-07-28 08:49:42
192279,2026-07-28 08:49:42
192280,2026-07-28 08:49:42
192281,2026-07-28 08:49:42
192282,2026-07-28 08:49:42
192283,2026-07-28 08:49:42
192284,2026-07-28 08:49:42
192285,2026-07-28 08:49:42
192286,2026-07-28 08:49:42
192287,2026-07-28 08:49:42
192288,2026-07-28 08:49:42
192289,2026-07-28 08:49:42
192290,2026-07-28 08:49:42
192291,2026-07-28 08:49:42
192292,2026-07-28 08:49:42
192293,2026-07-28 08:49:42
192294,2026-07-28 08:49:42
192295,2026-07-28 08:49:42
192296,2026-07-28 08:49:42
192297,2026-07-28 08:49:42
192298,2026-07-28 08:49:42
192299,2026-07-28 08:49:42
192300,2026-07-28 08:49:42
192301,2026-07-28 08:49:42
192302,2026-07-28 08:49:42
192303,2026-07-28 08:49:42
192304,2026-07-28 08:49:42
192305,2026-07-28 08:49:42
192306,2026-07-28 08:49:42
192307,2026-07-28 08:49:42
192308,2026-07-28 08:49:42
192309,2026-07-28 08:49:42
192310,2026-07-28 08:49:42
192311,2026-07-28 08:49:42
192312,2026-07-28 08:49:42
192313,2026-07-28 08:49:42
192314,2026-07-28 08:49:42
192315,2026-07-28 08:49:42
192316,2026-07-28 08:49:42
192317,2026-07-28 08:49:42
192318,2026-07-28 08:49:42
192319,2026-07-28 08:49:42
192320,2026-07-28 08:49:42
192321,2026-07-28 08:49:42
192322,2026-07-28 08:49:42
192323,2026-07-28 08:49:42
192324,2026-07-28 08:49:42
192325,2026-07-28 08:49:42
192326,2026-07-28 08:49:42
192327,2026-07-28 08:49:42
192328,2026-07-28 08:49:42
192329,2026-07-28 08:49:42
192330,2026-07-28 08:49:42
192331,2026-07-28 08:49:42
192332,2026-07-28 08:49:42
192333,2026-07-28 08:49:42
192334,2026-07-28 08:49:42
192335,2026-07-28 08:49:42
192336,2026-07-28 08:49:42
192337,2026-07-28 08:49:42
192338,2026-07-28 08:49:42
192339,2026-07-28 08:49:42
192340,2026-07-28 08:49:42
192341,2026-07-28 08:49:42
192342,2026-07-28 08:49:42
192343,2026-07-28 08:49:42
192344,2026-07-28 08:49:42
192345,2026-07-28 08:49:42
192346,2026-07-28 08:49:42
192347,2026-07-28 08:49:42
192348,2026-07-28 08:49:42
192349,2026-07-28 08:49:42
192350,2026-07-28 08:49:42
192351,2026-07-28 08:49:42
192352,2026-07-28 08:49:42
192353,2026-07-28 08:49:42
192354,2026-07-28 08:49:42
192355,2026-07-28 08:49:42
192356,2026-07-28 08:49:42
192357,2026-07-28 08:49:42
192358,2026-07-28 08:49:42
192359,2026-07-28 08:49:42
192360,2026-07-28 08:49:42
192361,2026-07-28 08:49:42
192362,2026-07-28 08:49:42
192363,2026-07-28 08:49:42
192364,2026-07-28 08:49:42
192365,2026-07-28 08:49:42
192366,2026-07-28 08:49:42
192367,2026-07-28 08:49:42
192368,2026-07-28 08:49:42
192369,2026-07-28 08:49:42
192370,2026-07-28 08:49:42
192371,2026-07-28 08:49:42
192372,2026-07-28 08:49:42
192373,2026-07-28 08:49:42
192374,2026-07-28 08:49:42
192375,2026-07-28 08:49:42
192376,2026-07-28 08:49:42
192377,2026-07-28 08:49:42
192378,2026-07-28 08:49:42
192379,2026-07-28 08:49:42
192380,2026-07-28 08:49:42
192381,2026-07-28 08:49:42
192382,2026-07-28 08:49:42
192383,2026-07-28 08:49:42
192384,2026-07-28 08:49:42
192385,2026-07-28 08:49:42
192386,2026-07-28 08:49:42
192387,2026-07-28 08:49:42
192388,2026-07-28 08:49:42
192389,2026-07-28 08:49:42
192390,2026-07-28 08:49:42
192391,2026-07-28 08:49:42
192392,2026-07-28 08:49:42
192393,2026-07-28 08:49:42
192394,2026-07-28 08:49:42
192395,2026-07-28 08:49:42
192396,2026-07-28 08:49:42
192397,2026-07-28 08:49:42
192398,2026-07-28 08:49:42
192399,2026-07-28 08:49:42
192400,2026-07-28 08:49:42
192401,2026-07-28 08:49:42
192402,2026-07-28 08:49:42
192403,2026-07-28 08:49:42
192404,2026-07-28 08:49:42
192405,2026-07-28 08:49:42
192406,2026-07-28 08:49:42
192407,2026-07-28 08:49:42
192408,2026-07-28 08:49:42
192409,2026-07-28 08:49:42
192410,2026-07-28 08:49:42
192411,2026-07-28 08:49:42
192412,2026-07-28 08:49:42
192413,2026-07-28 08:49:42
192414,2026-07-28 08:49:42
192415,2026-07-28 08:49:42
192416,2026-07-28 08:49:42
192417,2026-07-28 08:49:42
192418,2026-07-28 08:49:42
192419,2026-07-28 08:49:42
192420,2026-07-28 08:49:42
192421,2026-07-28 08:49:42
192422,2026-07-28 08:49:42
192423,2026-07-28 08:49:42
192424,2026-07-28 08:49:42
192425,2026-07-28 08:49:42
192426,2026-07-28 08:49:42
192427,2026-07-28 08:49:42
192428,2026-07-28 08:49:42
192429,2026-07-28 08:49:42
192430,2026-07-28 08:49:42
192431,2026-07-28 08:49:42
192432,2026-07-28 08:49:42
192433,2026-07-28 08:49:42
192434,2026-07-28 08:49:42
192435,2026-07-28 08:49:42
192436,2026-07-28 08:49:42
192437,2026-07-28 08:49:42
192438,2026-07-28 08:49:42
192439,2026-07-28 08:49:42
192440,2026-07-28 08:49:42
192441,2026-07-28 08:49:42
192442,2026-07-28 08:49:42
192443,2026-07-28 08:49:42
192444,2026-07-28 08:49:42
192445,2026-07-28 08:49:42
192446,2026-07-28 08:49:42
192447,2026-07-28 08:49:42
192448,2026-07-28 08:49:42
192449,2026-07-28 08:49:42
192450,2026-07-28 08:49:42
192451,2026-07-28 08:49:42
192452,2026-07-28 08:49:42
192453,2026-07-28 08:49:42
192454,2026-07-28 08:49:42
192455,2026-07-28 08:49:42
192456,2026-07-28 08:49:42
192457,2026-07-28 08:49:42
192458,2026-07-28 08:49:42
192459,2026-07-28 08:49:42
192460,2026-07-28 08:49:42
192461,2026-07-28 08:49:42
192462,2026-07-28 08:49:42
192463,2026-07-28 08:49:42
192464,2026-07-28 08:49:42
192465,2026-07-28 08:49:42
192466,2026-07-28 08:49:42
192467,2026-07-28 08:49:42
192468,2026-07-28 08:49:42
192469,2026-07-28 08:49:42
192470,2026-07-28 08:49:42
192471,2026-07-28 08:49:42
192472,2026-07-28 08:49:42
192473,2026-07-28 08:49:42
192474,2026-07-28 08:49:42
192475,2026-07-28 08:49:42
192476,2026-07-28 08:49:42
192477,2026-07-28 08:49:42
192478,2026-07-28 08:49:42
192479,2026-07-28 08:49:42
192480,2026-07-28 08:49:42
192481,2026-07-28 08:49:42
192482,2026-07-28 08:49:42
192483,2026-07-28 08:49:42
192484,2026-07-28 08:49:42
192485,2026-07-28 08:49:42
192486,2026-07-28 08:49:42
192487,2026-07-28 08:49:42
192488,2026-07-28 08:49:42
192489,2026-07-28 08:49:42
192490,2026-07-28 08:49:42
192491,2026-07-28 08:49:42
192492,2026-07-28 08:49:42
192493,2026-07-28 08:49:42
192494,2026-07-28 08:49:42
192495,2026-07-28 08:49:42
192496,2026-07-28 08:49:42
192497,2026-07-28 08:49:42
192498,2026-07-28 08:49:42
192499,2026-07-28 08:49:42
192500,2026-07-28 08:49:42
192501,2026-07-28 08:49:42
192502,2026-07-28 08:49:42
192503,2026-07-28 08:49:42
192504,2026-07-28 08:49:42
192505,2026-07-28 08:49:42
192506,2026-07-28 08:49:42
192507,2026-07-28 08:49:42
192508,2026-07-28 08:49:42
192509,2026-07-28 08:49:42
192510,2026-07-28 08:49:42
192511,2026-07-28 08:49:42
192512,2026-07-28 08:49:42
192513,2026-07-28 08:49:42
192514,2026-07-28 08:49:42
192515,2026-07-28 08:49:42
192516,2026-07-28 08:49:42
192517,2026-07-28 08:49:42
192518,2026-07-28 08:49:42
192519,2026-07-28 08:49:42
192520,2026-07-28 08:49:42
192521,2026-07-28 08:49:42
192522,2026-07-28 08:49:42
192523,2026-07-28 08:49:42
192524,2026-07-28 08:49:42
192525,2026-07-28 08:49:42
192526,2026-07-28 08:49:42
192527,2026-07-28 08:49:42
192528,2026-07-28 08:49:42
192529,2026-07-28 08:49:42
192530,2026-07-28 08:49:42
192531,2026-07-28 08:49:42
192532,2026-07-28 08:49:42
192533,2026-07-28 08:49:42
192534,2026-07-28 08:49:42
192535,2026-07-28 08:49:42
192536,2026-07-28 08:49:42
192537,2026-07-28 08:49:42
192538,2026-07-28 08:49:42
192539,2026-07-28 08:49:42
192540,2026-07-28 08:49:42
192541,2026-07-28 08:49:42
192542,2026-07-28 08:49:42
192543,2026-07-28 08:49:42
192544,2026-07-28 08:49:42
192545,2026-07-28 08:49:42
192546,2026-07-28 08:49:42
192547,2026-07-28 08:49:42
192548,2026-07-28 08:49:42
192549,2026-07-28 08:49:42
192550,2026-07-28 08:49:42
192551,2026-07-28 08:49:42
192552,2026-07-28 08:49:42
192553,2026-07-28 08:49:42
192554,2026-07-28 08:49:42
192555,2026-07-28 08:49:42
192556,2026-07-28 08:49:42
192557,2026-07-28 08:49:42
192558,2026-07-28 08:49:42
192559,2026-07-28 08:49:42
192560,2026-07-28 08:49:42
192561,2026-07-28 08:49:42
192562,2026-07-28 08:49:42
192563,2026-07-28 08:49:42
192564,2026-07-28 08:49:42
192565,2026-07-28 08:49:42
192566,2026-07-28 08:49:42
192567,2026-07-28 08:49:42
192568,2026-07-28 08:49:42
192569,2026-07-28 08:49:42
192570,2026-07-28 08:49:42
192571,2026-07-28 08:49:42
192572,2026-07-28 08:49:42
192573,2026-07-28 08:49:42
192574,2026-07-28 08:49:42
192575,2026-07-28 08:49:42
192576,2026-07-28 08:49:42
192577,2026-07-28 08:49:42
192578,2026-07-28 08:49:42
192579,2026-07-28 08:49:42
192580,2026-07-28 08:49:42
192581,2026-07-28 08:49:42
192582,2026-07-28 08:49:42
192583,2026-07-28 08:49:42
192584,2026-07-28 08:49:42
192585,2026-07-28 08:49:42
192586,2026-07-28 08:49:42
192587,2026-07-28 08:49:42
192588,2026-07-28 08:49:42
192589,2026-07-28 08:49:42
192590,2026-07-28 08:49:42
192591,2026-07-28 08:49:42
192592,2026-07-28 08:49:42
192593,2026-07-28 08:49:42
192594,2026-07-28 08:49:42
192595,2026-07-28 08:49:42
192596,2026-07-28 08:49:42
192597,2026-07-28 08:49:42
192598,2026-07-28 08:49:42
192599,2026-07-28 08:49:42
192600,2026-07-28 08:49:42
192601,2026-07-28 08:49:42
192602,2026-07-28 08:49:42
192603,2026-07-28 08:49:42
192604,2026-07-28 08:49:42
192605,2026-07-28 08:49:42
192606,2026-07-28 08:49:42
192607,2026-07-28 08:49:42
192608,2026-07-28 08:49:42
192609,2026-07-28 08:49:42
192610,2026-07-28 08:49:42
192611,2026-07-28 08:49:42
192612,2026-07-28 08:49:42
192613,2026-07-28 08:49:42
192614,2026-07-28 08:49:42
192615,2026-07-28 08:49:42
192616,2026-07-28 08:49:42
192617,2026-07-28 08:49:42
192618,2026-07-28 08:49:42
192619,2026-07-28 08:49:42
192620,2026-07-28 08:49:42
192621,2026-07-28 08:49:42
192622,2026-07-28 08:49:42
192623,2026-07-28 08:49:42
192624,2026-07-28 08:49:42
192625,2026-07-28 08:49:42
192626,2026-07-28 08:49:42
192627,2026-07-28 08:49:42
192628,2026-07-28 08:49:42
192629,2026-07-28 08:49:42
192630,2026-07-28 08:49:42
192631,2026-07-28 08:49:42
192632,2026-07-28 08:49:42
192633,2026-07-28 08:49:42
192634,2026-07-28 08:49:42
192635,2026-07-28 08:49:42
192636,2026-07-28 08:49:42
192637,2026-07-28 08:49:42
192638,2026-07-28 08:49:42
192639,2026-07-28 08:49:42
192640,2026-07-28 08:49:42
192641,2026-07-28 08:49:42
192642,2026-07-28 08:49:42
192643,2026-07-28 08:49:42
192644,2026-07-28 08:49:42
192645,2026-07-28 08:49:42
192646,2026-07-28 08:49:42
192647,2026-07-28 08:49:42
192648,2026-07-28 08:49:42
192649,2026-07-28 08:49:42
192650,2026-07-28 08:49:42
192651,2026-07-28 08:49:42
192652,2026-07-28 08:49:42
192653,2026-07-28 08:49:42
192654,2026-07-28 08:49:42
192655,2026-07-28 08:49:42
192656,2026-07-28 08:49:42
192657,2026-07-28 08:49:42
192658,2026-07-28 08:49:42
192659,2026-07-28 08:49:42
192660,2026-07-28 08:49:42
192661,2026-07-28 08:49:42
192662,2026-07-28 08:49:42
192663,2026-07-28 08:49:42
192664,2026-07-28 08:49:42
192665,2026-07-28 08:49:42
192666,2026-07-28 08:49:42
192667,2026-07-28 08:49:42
192668,2026-07-28 08:49:42
192669,2026-07-28 08:49:42
192670,2026-07-28 08:49:42
192671,2026-07-28 08:49:42
192672,2026-07-28 08:49:42
192673,2026-07-28 08:49:42
192674,2026-07-28 08:49:42
192675,2026-07-28 08:49:42
192676,2026-07-28 08:49:42
192677,2026-07-28 08:49:42
192678,2026-07-28 08:49:42
192679,2026-07-28 08:49:42
192680,2026-07-28 08:49:42
192681,2026-07-28 08:49:42
192682,2026-07-28 08:49:42
192683,2026-07-28 08:49:42
192684,2026-07-28 08:49:42
192685,2026-07-28 08:49:42
192686,2026-07-28 08:49:42
192687,2026-07-28 08:49:42
192688,2026-07-28 08:49:42
192689,2026-07-28 08:49:42
192690,2026-07-28 08:49:42
192691,2026-07-28 08:49:42
192692,2026-07-28 08:49:42
192693,2026-07-28 08:49:42
192694,2026-07-28 08:49:42
192695,2026-07-28 08:49:42
192696,2026-07-28 08:49:42
192697,2026-07-28 08:49:42
192698,2026-07-28 08:49:42
192699,2026-07-28 08:49:42
192700,2026-07-28 08:49:42
192701,2026-07-28 08:49:42
192702,2026-07-28 08:49:42
192703,2026-07-28 08:49:42
192704,2026-07-28 08:49:42
192705,2026-07-28 08:49:42
192706,2026-07-28 08:49:42
192707,2026-07-28 08:49:42
192708,2026-07-28 08:49:42
192709,2026-07-28 08:49:42
192710,2026-07-28 08:49:42
192711,2026-07-28 08:49:42
192712,2026-07-28 08:49:42
192713,2026-07-28 08:49:42
192714,2026-07-28 08:49:42
192715,2026-07-28 08:49:42
192716,2026-07-28 08:49:42
192717,2026-07-28 08:49:42
192718,2026-07-28 08:49:42
192719,2026-07-28 08:49:42
192720,2026-07-28 08:49:42
192721,2026-07-28 08:49:42
192722,2026-07-28 08:49:42
192723,2026-07-28 08:49:42
192724,2026-07-28 08:49:42
192725,2026-07-28 08:49:42
192726,2026-07-28 08:49:42
192727,2026-07-28 08:49:42
192728,2026-07-28 08:49:42
192729,2026-07-28 08:49:42
192730,2026-07-28 08:49:42
192731,2026-07-28 08:49:42
192732,2026-07-28 08:49:42
192733,2026-07-28 08:49:42
192734,2026-07-28 08:49:42
192735,2026-07-28 08:49:42
192736,2026-07-28 08:49:42
192737,2026-07-28 08:49:42
192738,2026-07-28 08:49:42
192739,2026-07-28 08:49:42
192740,2026-07-28 08:49:42
192741,2026-07-28 08:49:42
192742,2026-07-28 08:49:42
192743,2026-07-28 08:49:42
192744,2026-07-28 08:49:42
192745,2026-07-28 08:49:42
192746,2026-07-28 08:49:42
192747,2026-07-28 08:49:42
192748,2026-07-28 08:49:42
192749,2026-07-28 08:49:42
192750,2026-07-28 08:49:42
192751,2026-07-28 08:49:42
192752,2026-07-28 08:49:42
192753,2026-07-28 08:49:42
192754,2026-07-28 08:49:42
192755,2026-07-28 08:49:42
192756,2026-07-28 08:49:42
192757,2026-07-28 08:49:42
192758,2026-07-28 08:49:42
192759,2026-07-28 08:49:42
192760,2026-07-28 08:49:42
192761,2026-07-28 08:49:42
192762,2026-07-28 08:49:42
192763,2026-07-28 08:49:42
192764,2026-07-28 08:49:42
192765,2026-07-28 08:49:42
192766,2026-07-28 08:49:42
192767,2026-07-28 08:49:42
192768,2026-07-28 08:49:42
192769,2026-07-28 08:49:42
192770,2026-07-28 08:49:42
192771,2026-07-28 08:49:42
192772,2026-07-28 08:49:42
192773,2026-07-28 08:49:42
192774,2026-07-28 08:49:42
192775,2026-07-28 08:49:42
192776,2026-07-28 08:49:42
192777,2026-07-28 08:49:42
192778,2026-07-28 08:49:42
192779,2026-07-28 08:49:42
192780,2026-07-28 08:49:42
192781,2026-07-28 08:49:42
192782,2026-07-28 08:49:42
192783,2026-07-28 08:49:42
192784,2026-07-28 08:49:42
192785,2026-07-28 08:49:42
192786,2026-07-28 08:49:42
192787,2026-07-28 08:49:42
192788,2026-07-28 08:49:42
192789,2026-07-28 08:49:42
192790,2026-07-28 08:49:42
192791,2026-07-28 08:49:42
192792,2026-07-28 08:49:42
192793,2026-07-28 08:49:42
192794,2026-07-28 08:49:42
192795,2026-07-28 08:49:42
192796,2026-07-28 08:49:42
192797,2026-07-28 08:49:42
192798,2026-07-28 08:49:42
192799,2026-07-28 08:49:42
192800,2026-07-28 08:49:42
192801,2026-07-28 08:49:42
192802,2026-07-28 08:49:42
192803,2026-07-28 08:49:42
192804,2026-07-28 08:49:42
192805,2026-07-28 08:49:42
192806,2026-07-28 08:49:42
192807,2026-07-28 08:49:42
192808,2026-07-28 08:49:42
192809,2026-07-28 08:49:42
192810,2026-07-28 08:49:42
192811,2026-07-28 08:49:42
192812,2026-07-28 08:49:42
192813,2026-07-28 08:49:42
192814,2026-07-28 08:49:42
192815,2026-07-28 08:49:42
192816,2026-07-28 08:49:42
192817,2026-07-28 08:49:42
192818,2026-07-28 08:49:42
192819,2026-07-28 08:49:42
192820,2026-07-28 08:49:42
192821,2026-07-28 08:49:42
192822,2026-07-28 08:49:42
192823,2026-07-28 08:49:42
192824,2026-07-28 08:49:42
192825,2026-07-28 08:49:42
192826,2026-07-28 08:49:42
192827,2026-07-28 08:49:42
192828,2026-07-28 08:49:42
192829,2026-07-28 08:49:42
192830,2026-07-28 08:49:42
192831,2026-07-28 08:49:42
192832,2026-07-28 08:49:42
192833,2026-07-28 08:49:42
192834,2026-07-28 08:49:42
192835,2026-07-28 08:49:42
192836,2026-07-28 08:49:42
192837,2026-07-28 08:49:42
192838,2026-07-28 08:49:42
192839,2026-07-28 08:49:42
192840,2026-07-28 08:49:42
192841,2026-07-28 08:49:42
192842,2026-07-28 08:49:42
192843,2026-07-28 08:49:42
192844,2026-07-28 08:49:42
192845,2026-07-28 08:49:42
192846,2026-07-28 08:49:42
192847,2026-07-28 08:49:42
192848,2026-07-28 08:49:42
192849,2026-07-28 08:49:42
192850,2026-07-28 08:49:42
192851,2026-07-28 08:49:42
192852,2026-07-28 08:49:42
192853,2026-07-28 08:49:42
192854,2026-07-28 08:49:42
192855,2026-07-28 08:49:42
192856,2026-07-28 08:49:42
192857,2026-07-28 08:49:42
192858,2026-07-28 08:49:42
192859,2026-07-28 08:49:42
192860,2026-07-28 08:49:42
192861,2026-07-28 08:49:42
192862,2026-07-28 08:49:42
192863,2026-07-28 08:49:42
192864,2026-07-28 08:49:42
192865,2026-07-28 08:49:42
192866,2026-07-28 08:49:42
192867,2026-07-28 08:49:42
192868,2026-07-28 08:49:42
192869,2026-07-28 08:49:42
192870,2026-07-28 08:49:42
192871,2026-07-28 08:49:42
192872,2026-07-28 08:49:42
192873,2026-07-28 08:49:42
192874,2026-07-28 08:49:42
192875,2026-07-28 08:49:42
192876,2026-07-28 08:49:42
192877,2026-07-28 08:49:42
192878,2026-07-28 08:49:42
192879,2026-07-28 08:49:42
192880,2026-07-28 08:49:42
192881,2026-07-28 08:49:42
192882,2026-07-28 08:49:42
192883,2026-07-28 08:49:42
192884,2026-07-28 08:49:42
192885,2026-07-28 08:49:42
192886,2026-07-28 08:49:42
192887,2026-07-28 08:49:42
192888,2026-07-28 08:49:42
192889,2026-07-28 08:49:42
192890,2026-07-28 08:49:42
192891,2026-07-28 08:49:42
192892,2026-07-28 08:49:42
192893,2026-07-28 08:49:42
192894,2026-07-28 08:49:42
192895,2026-07-28 08:49:42
192896,2026-07-28 08:49:42
192897,2026-07-28 08:49:42
192898,2026-07-28 08:49:42
192899,2026-07-28 08:49:42
192900,2026-07-28 08:49:42
192901,2026-07-28 08:49:42
192902,2026-07-28 08:49:42
192903,2026-07-28 08:49:42
192904,2026-07-28 08:49:42
192905,2026-07-28 08:49:42
192906,2026-07-28 08:49:42
192907,2026-07-28 08:49:42
192908,2026-07-28 08:49:42
192909,2026-07-28 08:49:42
192910,2026-07-28 08:49:42
192911,2026-07-28 08:49:42
192912,2026-07-28 08:49:42
192913,2026-07-28 08:49:42
192914,2026-07-28 08:49:42
192915,2026-07-28 08:49:42
192916,2026-07-28 08:49:42
192917,2026-07-28 08:49:42
192918,2026-07-28 08:49:42
192919,2026-07-28 08:49:42
192920,2026-07-28 08:49:42
192921,2026-07-28 08:49:42
192922,2026-07-28 08:49:42
192923,2026-07-28 08:49:42
192924,2026-07-28 08:49:42
192925,2026-07-28 08:49:42
192926,2026-07-28 08:49:42
192927,2026-07-28 08:49:42
192928,2026-07-28 08:49:42
192929,2026-07-28 08:49:42
192930,2026-07-28 08:49:42
192931,2026-07-28 08:49:42
192932,2026-07-28 08:49:42
192933,2026-07-28 08:49:42
192934,2026-07-28 08:49:42
192935,2026-07-28 08:49:42
192936,2026-07-28 08:49:42
192937,2026-07-28 08:49:42
192938,2026-07-28 08:49:42
192939,2026-07-28 08:49:42
192940,2026-07-28 08:49:42
192941,2026-07-28 08:49:42
192942,2026-07-28 08:49:42
192943,2026-07-28 08:49:42
192944,2026-07-28 08:49:42
192945,2026-07-28 08:49:42
192946,2026-07-28 08:49:42
192947,2026-07-28 08:49:42
192948,2026-07-28 08:49:42
192949,2026-07-28 08:49:42
192950,2026-07-28 08:49:42
192951,2026-07-28 08:49:42
192952,2026-07-28 08:49:42
192953,2026-07-28 08:49:42
192954,2026-07-28 08:49:42
192955,2026-07-28 08:49:42
192956,2026-07-28 08:49:42
192957,2026-07-28 08:49:42
192958,2026-07-28 08:49:42
192959,2026-07-28 08:49:42
192960,2026-07-28 08:49:42
192961,2026-07-28 08:49:42
192962,2026-07-28 08:49:42
192963,2026-07-28 08:49:42
192964,2026-07-28 08:49:42
192965,2026-07-28 08:49:42
192966,2026-07-28 08:49:42
192967,2026-07-28 08:49:42
192968,2026-07-28 08:49:42
192969,2026-07-28 08:49:42
192970,2026-07-28 08:49:42
192971,2026-07-28 08:49:42
192972,2026-07-28 08:49:42
192973,2026-07-28 08:49:42
192974,2026-07-28 08:49:42
192975,2026-07-28 08:49:42
192976,2026-07-28 08:49:42
192977,2026-07-28 08:49:42
192978,2026-07-28 08:49:42
192979,2026-07-28 08:49:42
192980,2026-07-28 08:49:42
192981,2026-07-28 08:49:42
192982,2026-07-28 08:49:42
192983,2026-07-28 08:49:42
192984,2026-07-28 08:49:42
192985,2026-07-28 08:49:42
192986,2026-07-28 08:49:42
192987,2026-07-28 08:49:42
192988,2026-07-28 08:49:42
192989,2026-07-28 08:49:42
192990,2026-07-28 08:49:42
192991,2026-07-28 08:49:42
192992,2026-07-28 08:49:42
192993,2026-07-28 08:49:42
192994,2026-07-28 08:49:42
192995,2026-07-28 08:49:42
192996,2026-07-28 08:49:42
192997,2026-07-28 08:49:42
192998,2026-07-28 08:49:42
192999,2026-07-28 08:49:42
193000,2026-07-28 08:49:42
193001,2026-07-28 08:49:42
193002,2026-07-28 08:49:42
193003,2026-07-28 08:49:42
193004,2026-07-28 08:49:42
193005,2026-07-28 08:49:42
193006,2026-07-28 08:49:42
193007,2026-07-28 08:49:42
193008,2026-07-28 08:49:42
193009,2026-07-28 08:49:42
193010,2026-07-28 08:49:42
193011,2026-07-28 08:49:42
193012,2026-07-28 08:49:42
193013,2026-07-28 08:49:42
193014,2026-07-28 08:49:42
193015,2026-07-28 08:49:42
193016,2026-07-28 08:49:42
193017,2026-07-28 08:49:42
193018,2026-07-28 08:49:42
193019,2026-07-28 08:49:42
193020,2026-07-28 08:49:42
193021,2026-07-28 08:49:42
193022,2026-07-28 08:49:42
193023,2026-07-28 08:49:42
193024,2026-07-28 08:49:42
193025,2026-07-28 08:49:42
193026,2026-07-28 08:49:42
193027,2026-07-28 08:49:42
193028,2026-07-28 08:49:42
193029,2026-07-28 08:49:42
193030,2026-07-28 08:49:42
193031,2026-07-28 08:49:42
193032,2026-07-28 08:49:42
193033,2026-07-28 08:49:42
193034,2026-07-28 08:49:42
193035,2026-07-28 08:49:42
193036,2026-07-28 08:49:42
193037,2026-07-28 08:49:42
193038,2026-07-28 08:49:42
193039,2026-07-28 08:49:42
193040,2026-07-28 08:49:42
193041,2026-07-28 08:49:42
193042,2026-07-28 08:49:42
193043,2026-07-28 08:49:42
193044,2026-07-28 08:49:42
193045,2026-07-28 08:49:42
193046,2026-07-28 08:49:42
193047,2026-07-28 08:49:42
193048,2026-07-28 08:49:42
193049,2026-07-28 08:49:42
193050,2026-07-28 08:49:42
193051,2026-07-28 08:49:42
193052,2026-07-28 08:49:42
193053,2026-07-28 08:49:42
193054,2026-07-28 08:49:42
193055,2026-07-28 08:49:42
193056,2026-07-28 08:49:42
193057,2026-07-28 08:49:42
193058,2026-07-28 08:49:42
193059,2026-07-28 08:49:42
193060,2026-07-28 08:49:42
193061,2026-07-28 08:49:42
193062,2026-07-28 08:49:42
193063,2026-07-28 08:49:42
193064,2026-07-28 08:49:42
193065,2026-07-28 08:49:42
193066,2026-07-28 08:49:42
193067,2026-07-28 08:49:42
193068,2026-07-28 08:49:42
193069,2026-07-28 08:49:42
193070,2026-07-28 08:49:42
193071,2026-07-28 08:49:42
193072,2026-07-28 08:49:42
193073,2026-07-28 08:49:42
193074,2026-07-28 08:49:42
193075,2026-07-28 08:49:42
193076,2026-07-28 08:49:42
193077,2026-07-28 08:49:42
193078,2026-07-28 08:49:42
193079,2026-07-28 08:49:42
193080,2026-07-28 08:49:42
193081,2026-07-28 08:49:42
193082,2026-07-28 08:49:42
193083,2026-07-28 08:49:42
193084,2026-07-28 08:49:42
193085,2026-07-28 08:49:42
193086,2026-07-28 08:49:42
193087,2026-07-28 08:49:42
193088,2026-07-28 08:49:42
193089,2026-07-28 08:49:42
193090,2026-07-28 08:49:42
193091,2026-07-28 08:49:42
193092,2026-07-28 08:49:42
193093,2026-07-28 08:49:42
193094,2026-07-28 08:49:42
193095,2026-07-28 08:49:42
193096,2026-07-28 08:49:42
193097,2026-07-28 08:49:42
193098,2026-07-28 08:49:42
193099,2026-07-28 08:49:42
193100,2026-07-28 08:49:42
193101,2026-07-28 08:49:42
193102,2026-07-28 08:49:42
193103,2026-07-28 08:49:42
193104,2026-07-28 08:49:42
193105,2026-07-28 08:49:42
193106,2026-07-28 08:49:42
193107,2026-07-28 08:49:42
193108,2026-07-28 08:49:42
193109,2026-07-28 08:49:42
193110,2026-07-28 08:49:42
193111,2026-07-28 08:49:42
193112,2026-07-28 08:49:42
193113,2026-07-28 08:49:42
193114,2026-07-28 08:49:42
193115,2026-07-28 08:49:42
193116,2026-07-28 08:49:42
193117,2026-07-28 08:49:42
193118,2026-07-28 08:49:42
193119,2026-07-28 08:49:42
193120,2026-07-28 08:49:42
193121,2026-07-28 08:49:42
193122,2026-07-28 08:49:42
193123,2026-07-28 08:49:42
193124,2026-07-28 08:49:42
193125,2026-07-28 08:49:42
193126,2026-07-28 08:49:42
193127,2026-07-28 08:49:42
193128,2026-07-28 08:49:42
193129,2026-07-28 08:49:42
193130,2026-07-28 08:49:42
193131,2026-07-28 08:49:42
193132,2026-07-28 08:49:42
193133,2026-07-28 08:49:42
193134,2026-07-28 08:49:42
193135,2026-07-28 08:49:42
193136,2026-07-28 08:49:42
193137,2026-07-28 08:49:42
193138,2026-07-28 08:49:42
193139,2026-07-28 08:49:42
193140,2026-07-28 08:49:42
193141,2026-07-28 08:49:42
193142,2026-07-28 08:49:42
193143,2026-07-28 08:49:42
193144,2026-07-28 08:49:42
193145,2026-07-28 08:49:42
193146,2026-07-28 08:49:42
193147,2026-07-28 08:49:42
193148,2026-07-28 08:49:42
193149,2026-07-28 08:49:42
193150,2026-07-28 08:49:42
193151,2026-07-28 08:49:42
193152,2026-07-28 08:49:42
193153,2026-07-28 08:49:42
193154,2026-07-28 08:49:42
193155,2026-07-28 08:49:42
193156,2026-07-28 08:49:42
193157,2026-07-28 08:49:42
193158,2026-07-28 08:49:42
193159,2026-07-28 08:49:42
193160,2026-07-28 08:49:42
193161,2026-07-28 08:49:42
193162,2026-07-28 08:49:42
193163,2026-07-28 08:49:42
193164,2026-07-28 08:49:42
193165,2026-07-28 08:49:42
193166,2026-07-28 08:49:42
193167,2026-07-28 08:49:42
193168,2026-07-28 08:49:42
193169,2026-07-28 08:49:42
193170,2026-07-28 08:49:42
193171,2026-07-28 08:49:42
193172,2026-07-28 08:49:42
193173,2026-07-28 08:49:42
193174,2026-07-28 08:49:42
193175,2026-07-28 08:49:42
193176,2026-07-28 08:49:42
193177,2026-07-28 08:49:42
193178,2026-07-28 08:49:42
193179,2026-07-28 08:49:42
193180,2026-07-28 08:49:42
193181,2026-07-28 08:49:42
193182,2026-07-28 08:49:42
193183,2026-07-28 08:49:42
193184,2026-07-28 08:49:42
193185,2026-07-28 08:49:42
193186,2026-07-28 08:49:42
193187,2026-07-28 08:49:42
193188,2026-07-28 08:49:42
193189,2026-07-28 08:49:42
193190,2026-07-28 08:49:42
193191,2026-07-28 08:49:42
193192,2026-07-28 08:49:42
193193,2026-07-28 08:49:42
193194,2026-07-28 08:49:42
193195,2026-07-28 08:49:42
193196,2026-07-28 08:49:42
193197,2026-07-28 08:49:42
193198,2026-07-28 08:49:42
193199,2026-07-28 08:49:42
193200,2026-07-28 08:49:42
193201,2026-07-28 08:49:42
193202,2026-07-28 08:49:42
193203,2026-07-28 08:49:42
193204,2026-07-28 08:49:42
193205,2026-07-28 08:49:42
193206,2026-07-28 08:49:42
193207,2026-07-28 08:49:42
193208,2026-07-28 08:49:42
193209,2026-07-28 08:49:42
193210,2026-07-28 08:49:42
193211,2026-07-28 08:49:42
193212,2026-07-28 08:49:42
193213,2026-07-28 08:49:42
193214,2026-07-28 08:49:42
193215,2026-07-28 08:49:42
193216,2026-07-28 08:49:42
193217,2026-07-28 08:49:42
193218,2026-07-28 08:49:42
193219,2026-07-28 08:49:42
193220,2026-07-28 08:49:42
193221,2026-07-28 08:49:42
193222,2026-07-28 08:49:42
193223,2026-07-28 08:49:42
193224,2026-07-28 08:49:42
193225,2026-07-28 08:49:42
193226,2026-07-28 08:49:42
193227,2026-07-28 08:49:42
193228,2026-07-28 08:49:42
193229,2026-07-28 08:49:42
193230,2026-07-28 08:49:42
193231,2026-07-28 08:49:42
193232,2026-07-28 08:49:42
193233,2026-07-28 08:49:42
193234,2026-07-28 08:49:42
193235,2026-07-28 08:49:42
193236,2026-07-28 08:49:42
193237,2026-07-28 08:49:42
193238,2026-07-28 08:49:42
193239,2026-07-28 08:49:42
193240,2026-07-28 08:49:42
193241,2026-07-28 08:49:42
193242,2026-07-28 08:49:42
193243,2026-07-28 08:49:42
193244,2026-07-28 08:49:42
193245,2026-07-28 08:49:42
193246,2026-07-28 08:49:42
193247,2026-07-28 08:49:42
193248,2026-07-28 08:49:42
193249,2026-07-28 08:49:42
193250,2026-07-28 08:49:42
193251,2026-07-28 08:49:42
193252,2026-07-28 08:49:42
193253,2026-07-28 08:49:42
193254,2026-07-28 08:49:42
193255,2026-07-28 08:49:42
193256,2026-07-28 08:49:42
193257,2026-07-28 08:49:42
193258,2026-07-28 08:49:42
193259,2026-07-28 08:49:42
193260,2026-07-28 08:49:42
193261,2026-07-28 08:49:42
193262,2026-07-28 08:49:42
193263,2026-07-28 08:49:42
193264,2026-07-28 08:49:42
193265,2026-07-28 08:49:42
193266,2026-07-28 08:49:42
193267,2026-07-28 08:49:42
193268,2026-07-28 08:49:42
193269,2026-07-28 08:49:42
193270,2026-07-28 08:49:42
193271,2026-07-28 08:49:42
193272,2026-07-28 08:49:42
193273,2026-07-28 08:49:42
193274,2026-07-28 08:49:42
193275,2026-07-28 08:49:42
193276,2026-07-28 08:49:42
193277,2026-07-28 08:49:42
193278,2026-07-28 08:49:42
193279,2026-07-28 08:49:42
193280,2026-07-28 08:49:42
193281,2026-07-28 08:49:42
193282,2026-07-28 08:49:42
193283,2026-07-28 08:49:42
193284,2026-07-28 08:49:42
193285,2026-07-28 08:49:42
193286,2026-07-28 08:49:42
193287,2026-07-28 08:49:42
193288,2026-07-28 08:49:42
193289,2026-07-28 08:49:42
193290,2026-07-28 08:49:42
193291,2026-07-28 08:49:42
193292,2026-07-28 08:49:42
193293,2026-07-28 08:49:42
193294,2026-07-28 08:49:42
193295,2026-07-28 08:49:42
193296,2026-07-28 08:49:42
193297,2026-07-28 08:49:42
193298,2026-07-28 08:49:42
193299,2026-07-28 08:49:42
193300,2026-07-28 08:49:42
193301,2026-07-28 08:49:42
193302,2026-07-28 08:49:42
193303,2026-07-28 08:49:42
193304,2026-07-28 08:49:42
193305,2026-07-28 08:49:42
193306,2026-07-28 08:49:42
193307,2026-07-28 08:49:42
193308,2026-07-28 08:49:42
193309,2026-07-28 08:49:42
193310,2026-07-28 08:49:42
193311,2026-07-28 08:49:42
193312,2026-07-28 08:49:42
193313,2026-07-28 08:49:42
193314,2026-07-28 08:49:42
193315,2026-07-28 08:49:42
193316,2026-07-28 08:49:42
193317,2026-07-28 08:49:42
193318,2026-07-28 08:49:42
193319,2026-07-28 08:49:42
193320,2026-07-28 08:49:42
193321,2026-07-28 08:49:42
193322,2026-07-28 08:49:42
193323,2026-07-28 08:49:42
193324,2026-07-28 08:49:42
193325,2026-07-28 08:49:42
193326,2026-07-28 08:49:42
193327,2026-07-28 08:49:42
193328,2026-07-28 08:49:42
193329,2026-07-28 08:49:42
193330,2026-07-28 08:49:42
193331,2026-07-28 08:49:42
193332,2026-07-28 08:49:42
193333,2026-07-28 08:49:42
193334,2026-07-28 08:49:42
193335,2026-07-28 08:49:42
193336,2026-07-28 08:49:42
193337,2026-07-28 08:49:42
193338,2026-07-28 08:49:42
193339,2026-07-28 08:49:42
193340,2026-07-28 08:49:42
193341,2026-07-28 08:49:42
193342,2026-07-28 08:49:42
193343,2026-07-28 08:49:42
193344,2026-07-28 08:49:42
193345,2026-07-28 08:49:42
193346,2026-07-28 08:49:42
193347,2026-07-28 08:49:42
193348,2026-07-28 08:49:42
193349,2026-07-28 08:49:42
193350,2026-07-28 08:49:42
193351,2026-07-28 08:49:42
193352,2026-07-28 08:49:42
193353,2026-07-28 08:49:42
193354,2026-07-28 08:49:42
193355,2026-07-28 08:49:42
193356,2026-07-28 08:49:42
193357,2026-07-28 08:49:42
193358,2026-07-28 08:49:42
193359,2026-07-28 08:49:42
193360,2026-07-28 08:49:42
193361,2026-07-28 08:49:42
193362,2026-07-28 08:49:42
193363,2026-07-28 08:49:42
193364,2026-07-28 08:49:42
193365,2026-07-28 08:49:42
193366,2026-07-28 08:49:42
193367,2026-07-28 08:49:42
193368,2026-07-28 08:49:42
193369,2026-07-28 08:49:42
193370,2026-07-28 08:49:42
193371,2026-07-28 08:49:42
193372,2026-07-28 08:49:42
193373,2026-07-28 08:49:42
193374,2026-07-28 08:49:42
193375,2026-07-28 08:49:42
193376,2026-07-28 08:49:42
193377,2026-07-28 08:49:42
193378,2026-07-28 08:49:42
193379,2026-07-28 08:49:42
193380,2026-07-28 08:49:42
193381,2026-07-28 08:49:42
193382,2026-07-28 08:49:42
193383,2026-07-28 08:49:42
193384,2026-07-28 08:49:42
193385,2026-07-28 08:49:42
193386,2026-07-28 08:49:42
193387,2026-07-28 08:49:42
193388,2026-07-28 08:49:42
193389,2026-07-28 08:49:42
193390,2026-07-28 08:49:42
193391,2026-07-28 08:49:42
193392,2026-07-28 08:49:42
193393,2026-07-28 08:49:42
193394,2026-07-28 08:49:42
193395,2026-07-28 08:49:42
193396,2026-07-28 08:49:42
193397,2026-07-28 08:49:42
193398,2026-07-28 08:49:42
193399,2026-07-28 08:49:42
193400,2026-07-28 08:49:42
193401,2026-07-28 08:49:42
193402,2026-07-28 08:49:42
193403,2026-07-28 08:49:42
193404,2026-07-28 08:49:42
193405,2026-07-28 08:49:42
193406,2026-07-28 08:49:42
193407,2026-07-28 08:49:42
193408,2026-07-28 08:49:42
193409,2026-07-28 08:49:42
193410,2026-07-28 08:49:42
193411,2026-07-28 08:49:42
193412,2026-07-28 08:49:42
193413,2026-07-28 08:49:42
193414,2026-07-28 08:49:42
193415,2026-07-28 08:49:42
193416,2026-07-28 08:49:42
193417,2026-07-28 08:49:42
193418,2026-07-28 08:49:42
193419,2026-07-28 08:49:42
193420,2026-07-28 08:49:42
193421,2026-07-28 08:49:42
193422,2026-07-28 08:49:42
193423,2026-07-28 08:49:42
193424,2026-07-28 08:49:42
193425,2026-07-28 08:49:42
193426,2026-07-28 08:49:42
193427,2026-07-28 08:49:42
193428,2026-07-28 08:49:42
193429,2026-07-28 08:49:42
193430,2026-07-28 08:49:42
193431,2026-07-28 08:49:42
193432,2026-07-28 08:49:42
193433,2026-07-28 08:49:42
193434,2026-07-28 08:49:42
193435,2026-07-28 08:49:42
193436,2026-07-28 08:49:42
193437,2026-07-28 08:49:42
193438,2026-07-28 08:49:42
193439,2026-07-28 08:49:42
193440,2026-07-28 08:49:42
193441,2026-07-28 08:49:42
193442,2026-07-28 08:49:42
193443,2026-07-28 08:49:42
193444,2026-07-28 08:49:42
193445,2026-07-28 08:49:42
193446,2026-07-28 08:49:42
193447,2026-07-28 08:49:42
193448,2026-07-28 08:49:42
193449,2026-07-28 08:49:42
193450,2026-07-28 08:49:42
193451,2026-07-28 08:49:42
193452,2026-07-28 08:49:42
193453,2026-07-28 08:49:42
193454,2026-07-28 08:49:42
193455,2026-07-28 08:49:42
193456,2026-07-28 08:49:42
193457,2026-07-28 08:49:42
193458,2026-07-28 08:49:42
193459,2026-07-28 08:49:42
193460,2026-07-28 08:49:42
193461,2026-07-28 08:49:42
193462,2026-07-28 08:49:42
193463,2026-07-28 08:49:42
193464,2026-07-28 08:49:42
193465,2026-07-28 08:49:42
193466,2026-07-28 08:49:42
193467,2026-07-28 08:49:42
193468,2026-07-28 08:49:42
193469,2026-07-28 08:49:42
193470,2026-07-28 08:49:42
193471,2026-07-28 08:49:42
193472,2026-07-28 08:49:42
193473,2026-07-28 08:49:42
193474,2026-07-28 08:49:42
193475,2026-07-28 08:49:42
193476,2026-07-28 08:49:42
193477,2026-07-28 08:49:42
193478,2026-07-28 08:49:42
193479,2026-07-28 08:49:42
193480,2026-07-28 08:49:42
193481,2026-07-28 08:49:42
193482,2026-07-28 08:49:42
193483,2026-07-28 08:49:42
193484,2026-07-28 08:49:42
193485,2026-07-28 08:49:42
193486,2026-07-28 08:49:42
193487,2026-07-28 08:49:42
193488,2026-07-28 08:49:42
193489,2026-07-28 08:49:42
193490,2026-07-28 08:49:42
193491,2026-07-28 08:49:42
193492,2026-07-28 08:49:42
193493,2026-07-28 08:49:42
193494,2026-07-28 08:49:42
193495,2026-07-28 08:49:42
193496,2026-07-28 08:49:42
193497,2026-07-28 08:49:42
193498,2026-07-28 08:49:42
193499,2026-07-28 08:49:42
193500,2026-07-28 08:49:42
193501,2026-07-28 08:49:42
193502,2026-07-28 08:49:42
193503,2026-07-28 08:49:42
193504,2026-07-28 08:49:42
193505,2026-07-28 08:49:42
193506,2026-07-28 08:49:42
193507,2026-07-28 08:49:42
193508,2026-07-28 08:49:42
193509,2026-07-28 08:49:42
193510,2026-07-28 08:49:42
193511,2026-07-28 08:49:42
193512,2026-07-28 08:49:42
193513,2026-07-28 08:49:42
193514,2026-07-28 08:49:42
193515,2026-07-28 08:49:42
193516,2026-07-28 08:49:42
193517,2026-07-28 08:49:42
193518,2026-07-28 08:49:42
193519,2026-07-28 08:49:42
193520,2026-07-28 08:49:42
193521,2026-07-28 08:49:42
193522,2026-07-28 08:49:42
193523,2026-07-28 08:49:42
193524,2026-07-28 08:49:42
193525,2026-07-28 08:49:42
193526,2026-07-28 08:49:42
193527,2026-07-28 08:49:42
193528,2026-07-28 08:49:42
193529,2026-07-28 08:49:42
193530,2026-07-28 08:49:42
193531,2026-07-28 08:49:42
193532,2026-07-28 08:49:42
193533,2026-07-28 08:49:42
193534,2026-07-28 08:49:42
193535,2026-07-28 08:49:42
193536,2026-07-28 08:49:42
193537,2026-07-28 08:49:42
193538,2026-07-28 08:49:42
193539,2026-07-28 08:49:42
193540,2026-07-28 08:49:42
193541,2026-07-28 08:49:42
193542,2026-07-28 08:49:42
193543,2026-07-28 08:49:42
193544,2026-07-28 08:49:42
193545,2026-07-28 08:49:42
193546,2026-07-28 08:49:42
193547,2026-07-28 08:49:42
193548,2026-07-28 08:49:42
193549,2026-07-28 08:49:42
193550,2026-07-28 08:49:42
193551,2026-07-28 08:49:42
193552,2026-07-28 08:49:42
193553,2026-07-28 08:49:42
193554,2026-07-28 08:49:42
193555,2026-07-28 08:49:42
193556,2026-07-28 08:49:42
193557,2026-07-28 08:49:42
193558,2026-07-28 08:49:42
193559,2026-07-28 08:49:42
193560,2026-07-28 08:49:42
193561,2026-07-28 08:49:42
193562,2026-07-28 08:49:42
193563,2026-07-28 08:49:42
193564,2026-07-28 08:49:42
193565,2026-07-28 08:49:42
193566,2026-07-28 08:49:42
193567,2026-07-28 08:49:42
193568,2026-07-28 08:49:42
193569,2026-07-28 08:49:42
193570,2026-07-28 08:49:42
193571,2026-07-28 08:49:42
193572,2026-07-28 08:49:42
193573,2026-07-28 08:49:42
193574,2026-07-28 08:49:42
193575,2026-07-28 08:49:42
193576,2026-07-28 08:49:42
193577,2026-07-28 08:49:42
193578,2026-07-28 08:49:42
193579,2026-07-28 08:49:42
193580,2026-07-28 08:49:42
193581,2026-07-28 08:49:42
193582,2026-07-28 08:49:42
193583,2026-07-28 08:49:42
193584,2026-07-28 08:49:42
193585,2026-07-28 08:49:42
193586,2026-07-28 08:49:42
193587,2026-07-28 08:49:42
193588,2026-07-28 08:49:42
193589,2026-07-28 08:49:42
193590,2026-07-28 08:49:42
193591,2026-07-28 08:49:42
193592,2026-07-28 08:49:42
193593,2026-07-28 08:49:42
193594,2026-07-28 08:49:42
193595,2026-07-28 08:49:42
193596,2026-07-28 08:49:42
193597,2026-07-28 08:49:42
193598,2026-07-28 08:49:42
193599,2026-07-28 08:49:42
193600,2026-07-28 08:49:42
193601,2026-07-28 08:49:42
193602,2026-07-28 08:49:42
193603,2026-07-28 08:49:42
193604,2026-07-28 08:49:42
193605,2026-07-28 08:49:42
193606,2026-07-28 08:49:42
193607,2026-07-28 08:49:42
193608,2026-07-28 08:49:42
193609,2026-07-28 08:49:42
193610,2026-07-28 08:49:42
193611,2026-07-28 08:49:42
193612,2026-07-28 08:49:42
193613,2026-07-28 08:49:42
193614,2026-07-28 08:49:42
193615,2026-07-28 08:49:42
193616,2026-07-28 08:49:42
193617,2026-07-28 08:49:42
193618,2026-07-28 08:49:42
193619,2026-07-28 08:49:42
193620,2026-07-28 08:49:42
193621,2026-07-28 08:49:42
193622,2026-07-28 08:49:42
193623,2026-07-28 08:49:42
193624,2026-07-28 08:49:42
193625,2026-07-28 08:49:42
193626,2026-07-28 08:49:42
193627,2026-07-28 08:49:42
193628,2026-07-28 08:49:42
193629,2026-07-28 08:49:42
193630,2026-07-28 08:49:42
193631,2026-07-28 08:49:42
193632,2026-07-28 08:49:42
193633,2026-07-28 08:49:42
193634,2026-07-28 08:49:42
193635,2026-07-28 08:49:42
193636,2026-07-28 08:49:42
193637,2026-07-28 08:49:42
193638,2026-07-28 08:49:42
193639,2026-07-28 08:49:42
193640,2026-07-28 08:49:42
193641,2026-07-28 08:49:42
193642,2026-07-28 08:49:42
193643,2026-07-28 08:49:42
193644,2026-07-28 08:49:42
193645,2026-07-28 08:49:42
193646,2026-07-28 08:49:42
193647,2026-07-28 08:49:42
193648,2026-07-28 08:49:42
193649,2026-07-28 08:49:42
193650,2026-07-28 08:49:42
193651,2026-07-28 08:49:42
193652,2026-07-28 08:49:42
193653,2026-07-28 08:49:42
193654,2026-07-28 08:49:42
193655,2026-07-28 08:49:42
193656,2026-07-28 08:49:42
193657,2026-07-28 08:49:42
193658,2026-07-28 08:49:42
193659,2026-07-28 08:49:42
193660,2026-07-28 08:49:42
193661,2026-07-28 08:49:42
193662,2026-07-28 08:49:42
193663,2026-07-28 08:49:42
193664,2026-07-28 08:49:42
193665,2026-07-28 08:49:42
193666,2026-07-28 08:49:42
193667,2026-07-28 08:49:42
193668,2026-07-28 08:49:42
193669,2026-07-28 08:49:42
193670,2026-07-28 08:49:42
193671,2026-07-28 08:49:42
193672,2026-07-28 08:49:42
193673,2026-07-28 08:49:42
193674,2026-07-28 08:49:42
193675,2026-07-28 08:49:42
193676,2026-07-28 08:49:42
193677,2026-07-28 08:49:42
193678,2026-07-28 08:49:42
193679,2026-07-28 08:49:42
193680,2026-07-28 08:49:42
193681,2026-07-28 08:49:42
193682,2026-07-28 08:49:42
193683,2026-07-28 08:49:42
193684,2026-07-28 08:49:42
193685,2026-07-28 08:49:42
193686,2026-07-28 08:49:42
193687,2026-07-28 08:49:42
193688,2026-07-28 08:49:42
193689,2026-07-28 08:49:42
193690,2026-07-28 08:49:42
193691,2026-07-28 08:49:42
193692,2026-07-28 08:49:42
193693,2026-07-28 08:49:42
193694,2026-07-28 08:49:42
193695,2026-07-28 08:49:42
193696,2026-07-28 08:49:42
193697,2026-07-28 08:49:42
193698,2026-07-28 08:49:42
193699,2026-07-28 08:49:42
193700,2026-07-28 08:49:42
193701,2026-07-28 08:49:42
193702,2026-07-28 08:49:42
193703,2026-07-28 08:49:42
193704,2026-07-28 08:49:42
193705,2026-07-28 08:49:42
193706,2026-07-28 08:49:42
193707,2026-07-28 08:49:42
193708,2026-07-28 08:49:42
193709,2026-07-28 08:49:42
193710,2026-07-28 08:49:42
193711,2026-07-28 08:49:42
193712,2026-07-28 08:49:42
193713,2026-07-28 08:49:42
193714,2026-07-28 08:49:42
193715,2026-07-28 08:49:42
193716,2026-07-28 08:49:42
193717,2026-07-28 08:49:42
193718,2026-07-28 08:49:42
193719,2026-07-28 08:49:42
193720,2026-07-28 08:49:42
193721,2026-07-28 08:49:42
193722,2026-07-28 08:49:42
193723,2026-07-28 08:49:42
193724,2026-07-28 08:49:42
193725,2026-07-28 08:49:42
193726,2026-07-28 08:49:42
193727,2026-07-28 08:49:42
193728,2026-07-28 08:49:42
193729,2026-07-28 08:49:42
193730,2026-07-28 08:49:42
193731,2026-07-28 08:49:42
193732,2026-07-28 08:49:42
193733,2026-07-28 08:49:42
193734,2026-07-28 08:49:42
193735,2026-07-28 08:49:42
193736,2026-07-28 08:49:42
193737,2026-07-28 08:49:42
193738,2026-07-28 08:49:42
193739,2026-07-28 08:49:42
193740,2026-07-28 08:49:42
193741,2026-07-28 08:49:42
193742,2026-07-28 08:49:42
193743,2026-07-28 08:49:42
193744,2026-07-28 08:49:42
193745,2026-07-28 08:49:42
193746,2026-07-28 08:49:42
193747,2026-07-28 08:49:42
193748,2026-07-28 08:49:42
193749,2026-07-28 08:49:42
193750,2026-07-28 08:49:42
193751,2026-07-28 08:49:42
193752,2026-07-28 08:49:42
193753,2026-07-28 08:49:42
193754,2026-07-28 08:49:42
193755,2026-07-28 08:49:42
193756,2026-07-28 08:49:42
193757,2026-07-28 08:49:42
193758,2026-07-28 08:49:42
193759,2026-07-28 08:49:42
193760,2026-07-28 08:49:42
193761,2026-07-28 08:49:42
193762,2026-07-28 08:49:42
193763,2026-07-28 08:49:42
193764,2026-07-28 08:49:42
193765,2026-07-28 08:49:42
193766,2026-07-28 08:49:42
193767,2026-07-28 08:49:42
193768,2026-07-28 08:49:42
193769,2026-07-28 08:49:42
193770,2026-07-28 08:49:42
193771,2026-07-28 08:49:42
193772,2026-07-28 08:49:42
193773,2026-07-28 08:49:42
193774,2026-07-28 08:49:42
193775,2026-07-28 08:49:42
193776,2026-07-28 08:49:42
193777,2026-07-28 08:49:42
193778,2026-07-28 08:49:42
193779,2026-07-28 08:49:42
193780,2026-07-28 08:49:42
193781,2026-07-28 08:49:42
193782,2026-07-28 08:49:42
193783,2026-07-28 08:49:42
193784,2026-07-28 08:49:42
193785,2026-07-28 08:49:42
193786,2026-07-28 08:49:42
193787,2026-07-28 08:49:42
193788,2026-07-28 08:49:42
193789,2026-07-28 08:49:42
193790,2026-07-28 08:49:42
193791,2026-07-28 08:49:42
193792,2026-07-28 08:49:42
193793,2026-07-28 08:49:42
193794,2026-07-28 08:49:42
193795,2026-07-28 08:49:42
193796,2026-07-28 08:49:42
193797,2026-07-28 08:49:42
193798,2026-07-28 08:49:42
193799,2026-07-28 08:49:42
193800,2026-07-28 08:49:42
193801,2026-07-28 08:49:42
193802,2026-07-28 08:49:42
193803,2026-07-28 08:49:42
193804,2026-07-28 08:49:42
193805,2026-07-28 08:49:42
193806,2026-07-28 08:49:42
193807,2026-07-28 08:49:42
193808,2026-07-28 08:49:42
193809,2026-07-28 08:49:42
193810,2026-07-28 08:49:42
193811,2026-07-28 08:49:42
193812,2026-07-28 08:49:42
193813,2026-07-28 08:49:42
193814,2026-07-28 08:49:42
193815,2026-07-28 08:49:42
193816,2026-07-28 08:49:42
193817,2026-07-28 08:49:42
193818,2026-07-28 08:49:42
193819,2026-07-28 08:49:42
193820,2026-07-28 08:49:42
193821,2026-07-28 08:49:42
193822,2026-07-28 08:49:42
193823,2026-07-28 08:49:42
193824,2026-07-28 08:49:42
193825,2026-07-28 08:49:42
193826,2026-07-28 08:49:42
193827,2026-07-28 08:49:42
193828,2026-07-28 08:49:42
193829,2026-07-28 08:49:42
193830,2026-07-28 08:49:42
193831,2026-07-28 08:49:42
193832,2026-07-28 08:49:42
193833,2026-07-28 08:49:42
193834,2026-07-28 08:49:42
193835,2026-07-28 08:49:42
193836,2026-07-28 08:49:42
193837,2026-07-28 08:49:42
193838,2026-07-28 08:49:42
193839,2026-07-28 08:49:42
193840,2026-07-28 08:49:42
193841,2026-07-28 08:49:42
193842,2026-07-28 08:49:42
193843,2026-07-28 08:49:42
193844,2026-07-28 08:49:42
193845,2026-07-28 08:49:42
193846,2026-07-28 08:49:42
193847,2026-07-28 08:49:42
193848,2026-07-28 08:49:42
193849,2026-07-28 08:49:42
193850,2026-07-28 08:49:42
193851,2026-07-28 08:49:42
193852,2026-07-28 08:49:42
193853,2026-07-28 08:49:42
193854,2026-07-28 08:49:42
193855,2026-07-28 08:49:42
193856,2026-07-28 08:49:42
193857,2026-07-28 08:49:42
193858,2026-07-28 08:49:42
193859,2026-07-28 08:49:42
193860,2026-07-28 08:49:42
193861,2026-07-28 08:49:42
193862,2026-07-28 08:49:42
193863,2026-07-28 08:49:42
193864,2026-07-28 08:49:42
193865,2026-07-28 08:49:42
193866,2026-07-28 08:49:42
193867,2026-07-28 08:49:42
193868,2026-07-28 08:49:42
193869,2026-07-28 08:49:42
193870,2026-07-28 08:49:42
193871,2026-07-28 08:49:42
193872,2026-07-28 08:49:42
193873,2026-07-28 08:49:42
193874,2026-07-28 08:49:42
193875,2026-07-28 08:49:42
193876,2026-07-28 08:49:42
193877,2026-07-28 08:49:42
193878,2026-07-28 08:49:42
193879,2026-07-28 08:49:42
193880,2026-07-28 08:49:42
193881,2026-07-28 08:49:42
193882,2026-07-28 08:49:42
193883,2026-07-28 08:49:42
193884,2026-07-28 08:49:42
193885,2026-07-28 08:49:42
193886,2026-07-28 08:49:42
193887,2026-07-28 08:49:42
193888,2026-07-28 08:49:42
193889,2026-07-28 08:49:42
193890,2026-07-28 08:49:42
193891,2026-07-28 08:49:42
193892,2026-07-28 08:49:42
193893,2026-07-28 08:49:42
193894,2026-07-28 08:49:42
193895,2026-07-28 08:49:42
193896,2026-07-28 08:49:42
193897,2026-07-28 08:49:42
193898,2026-07-28 08:49:42
193899,2026-07-28 08:49:42
193900,2026-07-28 08:49:42
193901,2026-07-28 08:49:42
193902,2026-07-28 08:49:42
193903,2026-07-28 08:49:42
193904,2026-07-28 08:49:42
193905,2026-07-28 08:49:42
193906,2026-07-28 08:49:42
193907,2026-07-28 08:49:42
193908,2026-07-28 08:49:42
193909,2026-07-28 08:49:42
193910,2026-07-28 08:49:42
193911,2026-07-28 08:49:42
193912,2026-07-28 08:49:42
193913,2026-07-28 08:49:42
193914,2026-07-28 08:49:42
193915,2026-07-28 08:49:42
193916,2026-07-28 08:49:42
193917,2026-07-28 08:49:42
193918,2026-07-28 08:49:42
193919,2026-07-28 08:49:42
193920,2026-07-28 08:49:42
193921,2026-07-28 08:49:42
193922,2026-07-28 08:49:42
193923,2026-07-28 08:49:42
193924,2026-07-28 08:49:42
193925,2026-07-28 08:49:42
193926,2026-07-28 08:49:42
193927,2026-07-28 08:49:42
193928,2026-07-28 08:49:42
193929,2026-07-28 08:49:42
193930,2026-07-28 08:49:42
193931,2026-07-28 08:49:42
193932,2026-07-28 08:49:42
193933,2026-07-28 08:49:42
193934,2026-07-28 08:49:42
193935,2026-07-28 08:49:42
193936,2026-07-28 08:49:42
193937,2026-07-28 08:49:42
193938,2026-07-28 08:49:42
193939,2026-07-28 08:49:42
193940,2026-07-28 08:49:42
193941,2026-07-28 08:49:42
193942,2026-07-28 08:49:42
193943,2026-07-28 08:49:42
193944,2026-07-28 08:49:42
193945,2026-07-28 08:49:42
193946,2026-07-28 08:49:42
193947,2026-07-28 08:49:42
193948,2026-07-28 08:49:42
193949,2026-07-28 08:49:42
193950,2026-07-28 08:49:42
193951,2026-07-28 08:49:42
193952,2026-07-28 08:49:42
193953,2026-07-28 08:49:42
193954,2026-07-28 08:49:42
193955,2026-07-28 08:49:42
193956,2026-07-28 08:49:42
193957,2026-07-28 08:49:42
193958,2026-07-28 08:49:42
193959,2026-07-28 08:49:42
193960,2026-07-28 08:49:42
193961,2026-07-28 08:49:42
193962,2026-07-28 08:49:42
193963,2026-07-28 08:49:42
193964,2026-07-28 08:49:42
193965,2026-07-28 08:49:42
193966,2026-07-28 08:49:42
193967,2026-07-28 08:49:42
193968,2026-07-28 08:49:42
193969,2026-07-28 08:49:42
193970,2026-07-28 08:49:42
193971,2026-07-28 08:49:42
193972,2026-07-28 08:49:42
193973,2026-07-28 08:49:42
193974,2026-07-28 08:49:42
193975,2026-07-28 08:49:42
193976,2026-07-28 08:49:42
193977,2026-07-28 08:49:42
193978,2026-07-28 08:49:42
193979,2026-07-28 08:49:42
193980,2026-07-28 08:49:42
193981,2026-07-28 08:49:42
193982,2026-07-28 08:49:42
193983,2026-07-28 08:49:42
193984,2026-07-28 08:49:42
193985,2026-07-28 08:49:42
193986,2026-07-28 08:49:42
193987,2026-07-28 08:49:42
193988,2026-07-28 08:49:42
193989,2026-07-28 08:49:42
193990,2026-07-28 08:49:42
193991,2026-07-28 08:49:42
193992,2026-07-28 08:49:42
193993,2026-07-28 08:49:42
193994,2026-07-28 08:49:42
193995,2026-07-28 08:49:42
193996,2026-07-28 08:49:42
193997,2026-07-28 08:49:42
193998,2026-07-28 08:49:42
193999,2026-07-28 08:49:42
194000,2026-07-28 08:49:42
194001,2026-07-28 08:49:42
194002,2026-07-28 08:49:42
194003,2026-07-28 08:49:42
194004,2026-07-28 08:49:42
194005,2026-07-28 08:49:42
194006,2026-07-28 08:49:42
194007,2026-07-28 08:49:42
194008,2026-07-28 08:49:42
194009,2026-07-28 08:49:42
194010,2026-07-28 08:49:42
194011,2026-07-28 08:49:42
194012,2026-07-28 08:49:42
194013,2026-07-28 08:49:42
194014,2026-07-28 08:49:42
194015,2026-07-28 08:49:42
194016,2026-07-28 08:49:42
194017,2026-07-28 08:49:42
194018,2026-07-28 08:49:42
194019,2026-07-28 08:49:42
194020,2026-07-28 08:49:42
194021,2026-07-28 08:49:42
194022,2026-07-28 08:49:42
194023,2026-07-28 08:49:42
194024,2026-07-28 08:49:42
194025,2026-07-28 08:49:42
194026,2026-07-28 08:49:42
194027,2026-07-28 08:49:42
194028,2026-07-28 08:49:42
194029,2026-07-28 08:49:42
194030,2026-07-28 08:49:42
194031,2026-07-28 08:49:42
194032,2026-07-28 08:49:42
194033,2026-07-28 08:49:42
194034,2026-07-28 08:49:42
194035,2026-07-28 08:49:42
194036,2026-07-28 08:49:42
194037,2026-07-28 08:49:42
194038,2026-07-28 08:49:42
194039,2026-07-28 08:49:42
194040,2026-07-28 08:49:42
194041,2026-07-28 08:49:42
194042,2026-07-28 08:49:42
194043,2026-07-28 08:49:42
194044,2026-07-28 08:49:42
194045,2026-07-28 08:49:42
194046,2026-07-28 08:49:42
194047,2026-07-28 08:49:42
194048,2026-07-28 08:49:42
194049,2026-07-28 08:49:42
194050,2026-07-28 08:49:42
194051,2026-07-28 08:49:42
194052,2026-07-28 08:49:42
194053,2026-07-28 08:49:42
194054,2026-07-28 08:49:42
194055,2026-07-28 08:49:42
194056,2026-07-28 08:49:42
194057,2026-07-28 08:49:42
194058,2026-07-28 08:49:42
194059,2026-07-28 08:49:42
194060,2026-07-28 08:49:42
194061,2026-07-28 08:49:42
194062,2026-07-28 08:49:42
194063,2026-07-28 08:49:42
194064,2026-07-28 08:49:42
194065,2026-07-28 08:49:42
194066,2026-07-28 08:49:42
194067,2026-07-28 08:49:42
194068,2026-07-28 08:49:42
194069,2026-07-28 08:49:42
194070,2026-07-28 08:49:42
194071,2026-07-28 08:49:42
194072,2026-07-28 08:49:42
194073,2026-07-28 08:49:42
194074,2026-07-28 08:49:42
194075,2026-07-28 08:49:42
194076,2026-07-28 08:49:42
194077,2026-07-28 08:49:42
194078,2026-07-28 08:49:42
194079,2026-07-28 08:49:42
194080,2026-07-28 08:49:42
194081,2026-07-28 08:49:42
194082,2026-07-28 08:49:42
194083,2026-07-28 08:49:42
194084,2026-07-28 08:49:42
194085,2026-07-28 08:49:42
194086,2026-07-28 08:49:42
194087,2026-07-28 08:49:42
194088,2026-07-28 08:49:42
194089,2026-07-28 08:49:42
194090,2026-07-28 08:49:42
194091,2026-07-28 08:49:42
194092,2026-07-28 08:49:42
194093,2026-07-28 08:49:42
194094,2026-07-28 08:49:42
194095,2026-07-28 08:49:42
194096,2026-07-28 08:49:42
194097,2026-07-28 08:49:42
194098,2026-07-28 08:49:42
194099,2026-07-28 08:49:42
194100,2026-07-28 08:49:42
194101,2026-07-28 08:49:42
194102,2026-07-28 08:49:42
194103,2026-07-28 08:49:42
194104,2026-07-28 08:49:42
194105,2026-07-28 08:49:42
194106,2026-07-28 08:49:42
194107,2026-07-28 08:49:42
194108,2026-07-28 08:49:42
194109,2026-07-28 08:49:42
194110,2026-07-28 08:49:42
194111,2026-07-28 08:49:42
194112,2026-07-28 08:49:42
194113,2026-07-28 08:49:42
194114,2026-07-28 08:49:42
194115,2026-07-28 08:49:42
194116,2026-07-28 08:49:42
194117,2026-07-28 08:49:42
194118,2026-07-28 08:49:42
194119,2026-07-28 08:49:42
194120,2026-07-28 08:49:42
194121,2026-07-28 08:49:42
194122,2026-07-28 08:49:42
194123,2026-07-28 08:49:42
194124,2026-07-28 08:49:42
194125,2026-07-28 08:49:42
194126,2026-07-28 08:49:42
194127,2026-07-28 08:49:42
194128,2026-07-28 08:49:42
194129,2026-07-28 08:49:42
194130,2026-07-28 08:49:42
194131,2026-07-28 08:49:42
194132,2026-07-28 08:49:42
194133,2026-07-28 08:49:42
194134,2026-07-28 08:49:42
194135,2026-07-28 08:49:42
194136,2026-07-28 08:49:42
194137,2026-07-28 08:49:42
194138,2026-07-28 08:49:42
194139,2026-07-28 08:49:42
194140,2026-07-28 08:49:42
194141,2026-07-28 08:49:42
194142,2026-07-28 08:49:42
194143,2026-07-28 08:49:42
194144,2026-07-28 08:49:42
194145,2026-07-28 08:49:42
194146,2026-07-28 08:49:42
194147,2026-07-28 08:49:42
194148,2026-07-28 08:49:42
194149,2026-07-28 08:49:42
194150,2026-07-28 08:49:42
194151,2026-07-28 08:49:42
194152,2026-07-28 08:49:42
194153,2026-07-28 08:49:42
194154,2026-07-28 08:49:42
194155,2026-07-28 08:49:42
194156,2026-07-28 08:49:42
194157,2026-07-28 08:49:42
194158,2026-07-28 08:49:42
194159,2026-07-28 08:49:42
194160,2026-07-28 08:49:42
194161,2026-07-28 08:49:42
194162,2026-07-28 08:49:42
194163,2026-07-28 08:49:42
194164,2026-07-28 08:49:42
194165,2026-07-28 08:49:42
194166,2026-07-28 08:49:42
194167,2026-07-28 08:49:42
194168,2026-07-28 08:49:42
194169,2026-07-28 08:49:42
194170,2026-07-28 08:49:42
194171,2026-07-28 08:49:42
194172,2026-07-28 08:49:42
194173,2026-07-28 08:49:42
194174,2026-07-28 08:49:42
194175,2026-07-28 08:49:42
194176,2026-07-28 08:49:42
194177,2026-07-28 08:49:42
194178,2026-07-28 08:49:42
194179,2026-07-28 08:49:42
194180,2026-07-28 08:49:42
194181,2026-07-28 08:49:42
194182,2026-07-28 08:49:42
194183,2026-07-28 08:49:42
194184,2026-07-28 08:49:42
194185,2026-07-28 08:49:42
194186,2026-07-28 08:49:42
194187,2026-07-28 08:49:42
194188,2026-07-28 08:49:42
194189,2026-07-28 08:49:42
194190,2026-07-28 08:49:42
194191,2026-07-28 08:49:42
194192,2026-07-28 08:49:42
194193,2026-07-28 08:49:42
194194,2026-07-28 08:49:42
194195,2026-07-28 08:49:42
194196,2026-07-28 08:49:42
194197,2026-07-28 08:49:42
194198,2026-07-28 08:49:42
194199,2026-07-28 08:49:42
194200,2026-07-28 08:49:42
194201,2026-07-28 08:49:42
194202,2026-07-28 08:49:42
194203,2026-07-28 08:49:42
194204,2026-07-28 08:49:42
194205,2026-07-28 08:49:42
194206,2026-07-28 08:49:42
194207,2026-07-28 08:49:42
194208,2026-07-28 08:49:42
194209,2026-07-28 08:49:42
194210,2026-07-28 08:49:42
194211,2026-07-28 08:49:42
194212,2026-07-28 08:49:42
194213,2026-07-28 08:49:42
194214,2026-07-28 08:49:42
194215,2026-07-28 08:49:42
194216,2026-07-28 08:49:42
194217,2026-07-28 08:49:42
194218,2026-07-28 08:49:42
194219,2026-07-28 08:49:42
194220,2026-07-28 08:49:42
194221,2026-07-28 08:49:42
194222,2026-07-28 08:49:42
194223,2026-07-28 08:49:42
194224,2026-07-28 08:49:42
194225,2026-07-28 08:49:42
194226,2026-07-28 08:49:42
194227,2026-07-28 08:49:42
194228,2026-07-28 08:49:42
194229,2026-07-28 08:49:42
194230,2026-07-28 08:49:42
194231,2026-07-28 08:49:42
194232,2026-07-28 08:49:42
194233,2026-07-28 08:49:42
194234,2026-07-28 08:49:42
194235,2026-07-28 08:49:42
194236,2026-07-28 08:49:42
194237,2026-07-28 08:49:42
194238,2026-07-28 08:49:42
194239,2026-07-28 08:49:42
194240,2026-07-28 08:49:42
194241,2026-07-28 08:49:42
194242,2026-07-28 08:49:42
194243,2026-07-28 08:49:42
194244,2026-07-28 08:49:42
194245,2026-07-28 08:49:42
194246,2026-07-28 08:49:42
194247,2026-07-28 08:49:42
194248,2026-07-28 08:49:42
194249,2026-07-28 08:49:42
194250,2026-07-28 08:49:42
194251,2026-07-28 08:49:42
194252,2026-07-28 08:49:42
194253,2026-07-28 08:49:42
194254,2026-07-28 08:49:42
194255,2026-07-28 08:49:42
194256,2026-07-28 08:49:42
194257,2026-07-28 08:49:42
194258,2026-07-28 08:49:42
194259,2026-07-28 08:49:42
194260,2026-07-28 08:49:42
194261,2026-07-28 08:49:42
194262,2026-07-28 08:49:42
194263,2026-07-28 08:49:42
194264,2026-07-28 08:49:42
194265,2026-07-28 08:49:42
194266,2026-07-28 08:49:42
194267,2026-07-28 08:49:42
194268,2026-07-28 08:49:42
194269,2026-07-28 08:49:42
194270,2026-07-28 08:49:42
194271,2026-07-28 08:49:42
194272,2026-07-28 08:49:42
194273,2026-07-28 08:49:42
194274,2026-07-28 08:49:42
194275,2026-07-28 08:49:42
194276,2026-07-28 08:49:42
194277,2026-07-28 08:49:42
194278,2026-07-28 08:49:42
194279,2026-07-28 08:49:42
194280,2026-07-28 08:49:42
194281,2026-07-28 08:49:42
194282,2026-07-28 08:49:42
194283,2026-07-28 08:49:42
194284,2026-07-28 08:49:42
194285,2026-07-28 08:49:42
194286,2026-07-28 08:49:42
194287,2026-07-28 08:49:42
194288,2026-07-28 08:49:42
194289,2026-07-28 08:49:42
194290,2026-07-28 08:49:42
194291,2026-07-28 08:49:42
194292,2026-07-28 08:49:42
194293,2026-07-28 08:49:42
194294,2026-07-28 08:49:42
194295,2026-07-28 08:49:42
194296,2026-07-28 08:49:42
194297,2026-07-28 08:49:42
194298,2026-07-28 08:49:42
194299,2026-07-28 08:49:42
194300,2026-07-28 08:49:42
194301,2026-07-28 08:49:42
194302,2026-07-28 08:49:42
194303,2026-07-28 08:49:42
194304,2026-07-28 08:49:42
194305,2026-07-28 08:49:42
194306,2026-07-28 08:49:42
194307,2026-07-28 08:49:42
194308,2026-07-28 08:49:42
194309,2026-07-28 08:49:42
194310,2026-07-28 08:49:42
194311,2026-07-28 08:49:42
194312,2026-07-28 08:49:42
194313,2026-07-28 08:49:42
194314,2026-07-28 08:49:42
194315,2026-07-28 08:49:42
194316,2026-07-28 08:49:42
194317,2026-07-28 08:49:42
194318,2026-07-28 08:49:42
194319,2026-07-28 08:49:42
194320,2026-07-28 08:49:42
194321,2026-07-28 08:49:42
194322,2026-07-28 08:49:42
194323,2026-07-28 08:49:42
194324,2026-07-28 08:49:42
194325,2026-07-28 08:49:42
194326,2026-07-28 08:49:42
194327,2026-07-28 08:49:42
194328,2026-07-28 08:49:42
194329,2026-07-28 08:49:42
194330,2026-07-28 08:49:42
194331,2026-07-28 08:49:42
194332,2026-07-28 08:49:42
194333,2026-07-28 08:49:42
194334,2026-07-28 08:49:42
194335,2026-07-28 08:49:42
194336,2026-07-28 08:49:42
194337,2026-07-28 08:49:42
194338,2026-07-28 08:49:42
194339,2026-07-28 08:49:42
194340,2026-07-28 08:49:42
194341,2026-07-28 08:49:42
194342,2026-07-28 08:49:42
194343,2026-07-28 08:49:42
194344,2026-07-28 08:49:42
194345,2026-07-28 08:49:42
194346,2026-07-28 08:49:42
194347,2026-07-28 08:49:42
194348,2026-07-28 08:49:42
194349,2026-07-28 08:49:42
194350,2026-07-28 08:49:42
194351,2026-07-28 08:49:42
194352,2026-07-28 08:49:42
194353,2026-07-28 08:49:42
194354,2026-07-28 08:49:42
194355,2026-07-28 08:49:42
194356,2026-07-28 08:49:42
194357,2026-07-28 08:49:42
194358,2026-07-28 08:49:42
194359,2026-07-28 08:49:42
194360,2026-07-28 08:49:42
194361,2026-07-28 08:49:42
194362,2026-07-28 08:49:42
194363,2026-07-28 08:49:42
194364,2026-07-28 08:49:42
194365,2026-07-28 08:49:42
194366,2026-07-28 08:49:42
194367,2026-07-28 08:49:42
194368,2026-07-28 08:49:42
194369,2026-07-28 08:49:42
194370,2026-07-28 08:49:42
194371,2026-07-28 08:49:42
194372,2026-07-28 08:49:42
194373,2026-07-28 08:49:42
194374,2026-07-28 08:49:42
194375,2026-07-28 08:49:42
194376,2026-07-28 08:49:42
194377,2026-07-28 08:49:42
194378,2026-07-28 08:49:42
194379,2026-07-28 08:49:42
194380,2026-07-28 08:49:42
194381,2026-07-28 08:49:42
194382,2026-07-28 08:49:42
194383,2026-07-28 08:49:42
194384,2026-07-28 08:49:42
194385,2026-07-28 08:49:42
194386,2026-07-28 08:49:42
194387,2026-07-28 08:49:42
194388,2026-07-28 08:49:42
194389,2026-07-28 08:49:42
194390,2026-07-28 08:49:42
194391,2026-07-28 08:49:42
194392,2026-07-28 08:49:42
194393,2026-07-28 08:49:42
194394,2026-07-28 08:49:42
194395,2026-07-28 08:49:42
194396,2026-07-28 08:49:42
194397,2026-07-28 08:49:42
194398,2026-07-28 08:49:42
194399,2026-07-28 08:49:42
194400,2026-07-28 08:49:42
194401,2026-07-28 08:49:42
194402,2026-07-28 08:49:42
194403,2026-07-28 08:49:42
194404,2026-07-28 08:49:42
194405,2026-07-28 08:49:42
194406,2026-07-28 08:49:42
194407,2026-07-28 08:49:42
194408,2026-07-28 08:49:42
194409,2026-07-28 08:49:42
194410,2026-07-28 08:49:42
194411,2026-07-28 08:49:42
194412,2026-07-28 08:49:42
194413,2026-07-28 08:49:42
194414,2026-07-28 08:49:42
194415,2026-07-28 08:49:42
194416,2026-07-28 08:49:42
194417,2026-07-28 08:49:42
194418,2026-07-28 08:49:42
194419,2026-07-28 08:49:42
194420,2026-07-28 08:49:42
194421,2026-07-28 08:49:42
194422,2026-07-28 08:49:42
194423,2026-07-28 08:49:42
194424,2026-07-28 08:49:42
194425,2026-07-28 08:49:42
194426,2026-07-28 08:49:42
194427,2026-07-28 08:49:42
194428,2026-07-28 08:49:42
194429,2026-07-28 08:49:42
194430,2026-07-28 08:49:42
194431,2026-07-28 08:49:42
194432,2026-07-28 08:49:42
194433,2026-07-28 08:49:42
194434,2026-07-28 08:49:42
194435,2026-07-28 08:49:42
194436,2026-07-28 08:49:42
194437,2026-07-28 08:49:42
194438,2026-07-28 08:49:42
194439,2026-07-28 08:49:42
194440,2026-07-28 08:49:42
194441,2026-07-28 08:49:42
194442,2026-07-28 08:49:42
194443,2026-07-28 08:49:42
194444,2026-07-28 08:49:42
194445,2026-07-28 08:49:42
194446,2026-07-28 08:49:42
194447,2026-07-28 08:49:42
194448,2026-07-28 08:49:42
194449,2026-07-28 08:49:42
194450,2026-07-28 08:49:42
194451,2026-07-28 08:49:42
194452,2026-07-28 08:49:42
194453,2026-07-28 08:49:42
194454,2026-07-28 08:49:42
194455,2026-07-28 08:49:42
194456,2026-07-28 08:49:42
194457,2026-07-28 08:49:42
194458,2026-07-28 08:49:42
194459,2026-07-28 08:49:42
194460,2026-07-28 08:49:42
194461,2026-07-28 08:49:42
194462,2026-07-28 08:49:42
194463,2026-07-28 08:49:42
194464,2026-07-28 08:49:42
194465,2026-07-28 08:49:42
194466,2026-07-28 08:49:42
194467,2026-07-28 08:49:42
194468,2026-07-28 08:49:42
194469,2026-07-28 08:49:42
194470,2026-07-28 08:49:42
194471,2026-07-28 08:49:42
194472,2026-07-28 08:49:42
194473,2026-07-28 08:49:42
194474,2026-07-28 08:49:42
194475,2026-07-28 08:49:42
194476,2026-07-28 08:49:42
194477,2026-07-28 08:49:42
194478,2026-07-28 08:49:42
194479,2026-07-28 08:49:42
194480,2026-07-28 08:49:42
194481,2026-07-28 08:49:42
194482,2026-07-28 08:49:42
194483,2026-07-28 08:49:42
194484,2026-07-28 08:49:42
194485,2026-07-28 08:49:42
194486,2026-07-28 08:49:42
194487,2026-07-28 08:49:42
194488,2026-07-28 08:49:42
194489,2026-07-28 08:49:42
194490,2026-07-28 08:49:42
194491,2026-07-28 08:49:42
194492,2026-07-28 08:49:42
194493,2026-07-28 08:49:42
194494,2026-07-28 08:49:42
194495,2026-07-28 08:49:42
194496,2026-07-28 08:49:42
194497,2026-07-28 08:49:42
194498,2026-07-28 08:49:42
194499,2026-07-28 08:49:42
194500,2026-07-28 08:49:42
194501,2026-07-28 08:49:42
194502,2026-07-28 08:49:42
194503,2026-07-28 08:49:42
194504,2026-07-28 08:49:42
194505,2026-07-28 08:49:42
194506,2026-07-28 08:49:42
194507,2026-07-28 08:49:42
194508,2026-07-28 08:49:42
194509,2026-07-28 08:49:42
194510,2026-07-28 08:49:42
194511,2026-07-28 08:49:42
194512,2026-07-28 08:49:42
194513,2026-07-28 08:49:42
194514,2026-07-28 08:49:42
194515,2026-07-28 08:49:42
194516,2026-07-28 08:49:42
194517,2026-07-28 08:49:42
194518,2026-07-28 08:49:42
194519,2026-07-28 08:49:42
194520,2026-07-28 08:49:42
194521,2026-07-28 08:49:42
194522,2026-07-28 08:49:42
194523,2026-07-28 08:49:42
194524,2026-07-28 08:49:42
194525,2026-07-28 08:49:42
194526,2026-07-28 08:49:42
194527,2026-07-28 08:49:42
194528,2026-07-28 08:49:42
194529,2026-07-28 08:49:42
194530,2026-07-28 08:49:42
194531,2026-07-28 08:49:42
194532,2026-07-28 08:49:42
194533,2026-07-28 08:49:42
194534,2026-07-28 08:49:42
194535,2026-07-28 08:49:42
194536,2026-07-28 08:49:42
194537,2026-07-28 08:49:42
194538,2026-07-28 08:49:42
194539,2026-07-28 08:49:42
194540,2026-07-28 08:49:42
194541,2026-07-28 08:49:42
194542,2026-07-28 08:49:42
194543,2026-07-28 08:49:42
194544,2026-07-28 08:49:42
194545,2026-07-28 08:49:42
194546,2026-07-28 08:49:42
194547,2026-07-28 08:49:42
194548,2026-07-28 08:49:42
194549,2026-07-28 08:49:42
194550,2026-07-28 08:49:42
194551,2026-07-28 08:49:42
194552,2026-07-28 08:49:42
194553,2026-07-28 08:49:42
194554,2026-07-28 08:49:42
194555,2026-07-28 08:49:42
194556,2026-07-28 08:49:42
194557,2026-07-28 08:49:42
194558,2026-07-28 08:49:42
194559,2026-07-28 08:49:42
194560,2026-07-28 08:49:42
194561,2026-07-28 08:49:42
194562,2026-07-28 08:49:42
194563,2026-07-28 08:49:42
194564,2026-07-28 08:49:42
194565,2026-07-28 08:49:42
194566,2026-07-28 08:49:42
194567,2026-07-28 08:49:42
194568,2026-07-28 08:49:42
194569,2026-07-28 08:49:42
194570,2026-07-28 08:49:42
194571,2026-07-28 08:49:42
194572,2026-07-28 08:49:42
194573,2026-07-28 08:49:42
194574,2026-07-28 08:49:42
194575,2026-07-28 08:49:42
194576,2026-07-28 08:49:42
194577,2026-07-28 08:49:42
194578,2026-07-28 08:49:42
194579,2026-07-28 08:49:42
194580,2026-07-28 08:49:42
194581,2026-07-28 08:49:42
194582,2026-07-28 08:49:42
194583,2026-07-28 08:49:42
194584,2026-07-28 08:49:42
194585,2026-07-28 08:49:42
194586,2026-07-28 08:49:42
194587,2026-07-28 08:49:42
194588,2026-07-28 08:49:42
194589,2026-07-28 08:49:42
194590,2026-07-28 08:49:42
194591,2026-07-28 08:49:42
194592,2026-07-28 08:49:42
194593,2026-07-28 08:49:42
194594,2026-07-28 08:49:42
194595,2026-07-28 08:49:42
194596,2026-07-28 08:49:42
194597,2026-07-28 08:49:42
194598,2026-07-28 08:49:42
194599,2026-07-28 08:49:42
194600,2026-07-28 08:49:42
194601,2026-07-28 08:49:42
194602,2026-07-28 08:49:42
194603,2026-07-28 08:49:42
194604,2026-07-28 08:49:42
194605,2026-07-28 08:49:42
194606,2026-07-28 08:49:42
194607,2026-07-28 08:49:42
194608,2026-07-28 08:49:42
194609,2026-07-28 08:49:42
194610,2026-07-28 08:49:42
194611,2026-07-28 08:49:42
194612,2026-07-28 08:49:42
194613,2026-07-28 08:49:42
194614,2026-07-28 08:49:42
194615,2026-07-28 08:49:42
194616,2026-07-28 08:49:42
194617,2026-07-28 08:49:42
194618,2026-07-28 08:49:42
194619,2026-07-28 08:49:42
194620,2026-07-28 08:49:42
194621,2026-07-28 08:49:42
194622,2026-07-28 08:49:42
194623,2026-07-28 08:49:42
194624,2026-07-28 08:49:42
194625,2026-07-28 08:49:42
194626,2026-07-28 08:49:42
194627,2026-07-28 08:49:42
194628,2026-07-28 08:49:42
194629,2026-07-28 08:49:42
194630,2026-07-28 08:49:42
194631,2026-07-28 08:49:42
194632,2026-07-28 08:49:42
194633,2026-07-28 08:49:42
194634,2026-07-28 08:49:42
194635,2026-07-28 08:49:42
194636,2026-07-28 08:49:42
194637,2026-07-28 08:49:42
194638,2026-07-28 08:49:42
194639,2026-07-28 08:49:42
194640,2026-07-28 08:49:42
194641,2026-07-28 08:49:42
194642,2026-07-28 08:49:42
194643,2026-07-28 08:49:42
194644,2026-07-28 08:49:42
194645,2026-07-28 08:49:42
194646,2026-07-28 08:49:42
194647,2026-07-28 08:49:42
194648,2026-07-28 08:49:42
194649,2026-07-28 08:49:42
194650,2026-07-28 08:49:42
194651,2026-07-28 08:49:42
194652,2026-07-28 08:49:42
194653,2026-07-28 08:49:42
194654,2026-07-28 08:49:42
194655,2026-07-28 08:49:42
194656,2026-07-28 08:49:42
194657,2026-07-28 08:49:42
194658,2026-07-28 08:49:42
194659,2026-07-28 08:49:42
194660,2026-07-28 08:49:42
194661,2026-07-28 08:49:42
194662,2026-07-28 08:49:42
194663,2026-07-28 08:49:42
194664,2026-07-28 08:49:42
194665,2026-07-28 08:49:42
194666,2026-07-28 08:49:42
194667,2026-07-28 08:49:42
194668,2026-07-28 08:49:42
194669,2026-07-28 08:49:42
194670,2026-07-28 08:49:42
194671,2026-07-28 08:49:42
194672,2026-07-28 08:49:42
194673,2026-07-28 08:49:42
194674,2026-07-28 08:49:42
194675,2026-07-28 08:49:42
194676,2026-07-28 08:49:42
194677,2026-07-28 08:49:42
194678,2026-07-28 08:49:42
194679,2026-07-28 08:49:42
194680,2026-07-28 08:49:42
194681,2026-07-28 08:49:42
194682,2026-07-28 08:49:42
194683,2026-07-28 08:49:42
194684,2026-07-28 08:49:42
194685,2026-07-28 08:49:42
194686,2026-07-28 08:49:42
194687,2026-07-28 08:49:42
194688,2026-07-28 08:49:42
194689,2026-07-28 08:49:42
194690,2026-07-28 08:49:42
194691,2026-07-28 08:49:42
194692,2026-07-28 08:49:42
194693,2026-07-28 08:49:42
194694,2026-07-28 08:49:42
194695,2026-07-28 08:49:42
194696,2026-07-28 08:49:42
194697,2026-07-28 08:49:42
194698,2026-07-28 08:49:42
194699,2026-07-28 08:49:42
194700,2026-07-28 08:49:42
194701,2026-07-28 08:49:42
194702,2026-07-28 08:49:42
194703,2026-07-28 08:49:42
194704,2026-07-28 08:49:42
194705,2026-07-28 08:49:42
194706,2026-07-28 08:49:42
194707,2026-07-28 08:49:42
194708,2026-07-28 08:49:42
194709,2026-07-28 08:49:42
194710,2026-07-28 08:49:42
194711,2026-07-28 08:49:42
194712,2026-07-28 08:49:42
194713,2026-07-28 08:49:42
194714,2026-07-28 08:49:42
194715,2026-07-28 08:49:42
194716,2026-07-28 08:49:42
194717,2026-07-28 08:49:42
194718,2026-07-28 08:49:42
194719,2026-07-28 08:49:42
194720,2026-07-28 08:49:42
194721,2026-07-28 08:49:42
194722,2026-07-28 08:49:42
194723,2026-07-28 08:49:42
194724,2026-07-28 08:49:42
194725,2026-07-28 08:49:42
194726,2026-07-28 08:49:42
194727,2026-07-28 08:49:42
194728,2026-07-28 08:49:42
194729,2026-07-28 08:49:42
194730,2026-07-28 08:49:42
194731,2026-07-28 08:49:42
194732,2026-07-28 08:49:42
194733,2026-07-28 08:49:42
194734,2026-07-28 08:49:42
194735,2026-07-28 08:49:42
194736,2026-07-28 08:49:42
194737,2026-07-28 08:49:42
194738,2026-07-28 08:49:42
194739,2026-07-28 08:49:42
194740,2026-07-28 08:49:42
194741,2026-07-28 08:49:42
194742,2026-07-28 08:49:42
194743,2026-07-28 08:49:42
194744,2026-07-28 08:49:42
194745,2026-07-28 08:49:42
194746,2026-07-28 08:49:42
194747,2026-07-28 08:49:42
194748,2026-07-28 08:49:42
194749,2026-07-28 08:49:42
194750,2026-07-28 08:49:42
194751,2026-07-28 08:49:42
194752,2026-07-28 08:49:42
194753,2026-07-28 08:49:42
194754,2026-07-28 08:49:42
194755,2026-07-28 08:49:42
194756,2026-07-28 08:49:42
194757,2026-07-28 08:49:42
194758,2026-07-28 08:49:42
194759,2026-07-28 08:49:42
194760,2026-07-28 08:49:42
194761,2026-07-28 08:49:42
194762,2026-07-28 08:49:42
194763,2026-07-28 08:49:42
194764,2026-07-28 08:49:42
194765,2026-07-28 08:49:42
194766,2026-07-28 08:49:42
194767,2026-07-28 08:49:42
194768,2026-07-28 08:49:42
194769,2026-07-28 08:49:42
194770,2026-07-28 08:49:42
194771,2026-07-28 08:49:42
194772,2026-07-28 08:49:42
194773,2026-07-28 08:49:42
194774,2026-07-28 08:49:42
194775,2026-07-28 08:49:42
194776,2026-07-28 08:49:42
194777,2026-07-28 08:49:42
194778,2026-07-28 08:49:42
194779,2026-07-28 08:49:42
194780,2026-07-28 08:49:42
194781,2026-07-28 08:49:42
194782,2026-07-28 08:49:42
194783,2026-07-28 08:49:42
194784,2026-07-28 08:49:42
194785,2026-07-28 08:49:42
194786,2026-07-28 08:49:42
194787,2026-07-28 08:49:42
194788,2026-07-28 08:49:42
194789,2026-07-28 08:49:42
194790,2026-07-28 08:49:42
194791,2026-07-28 08:49:42
194792,2026-07-28 08:49:42
194793,2026-07-28 08:49:42
194794,2026-07-28 08:49:42
194795,2026-07-28 08:49:42
194796,2026-07-28 08:49:42
194797,2026-07-28 08:49:42
194798,2026-07-28 08:49:42
194799,2026-07-28 08:49:42
194800,2026-07-28 08:49:42
194801,2026-07-28 08:49:42
194802,2026-07-28 08:49:42
194803,2026-07-28 08:49:42
194804,2026-07-28 08:49:42
194805,2026-07-28 08:49:42
194806,2026-07-28 08:49:42
194807,2026-07-28 08:49:42
194808,2026-07-28 08:49:42
194809,2026-07-28 08:49:42
194810,2026-07-28 08:49:42
194811,2026-07-28 08:49:42
194812,2026-07-28 08:49:42
194813,2026-07-28 08:49:42
194814,2026-07-28 08:49:42
194815,2026-07-28 08:49:42
194816,2026-07-28 08:49:42
194817,2026-07-28 08:49:42
194818,2026-07-28 08:49:42
194819,2026-07-28 08:49:42
194820,2026-07-28 08:49:42
194821,2026-07-28 08:49:42
194822,2026-07-28 08:49:42
194823,2026-07-28 08:49:42
194824,2026-07-28 08:49:42
194825,2026-07-28 08:49:42
194826,2026-07-28 08:49:42
194827,2026-07-28 08:49:42
194828,2026-07-28 08:49:42
194829,2026-07-28 08:49:42
194830,2026-07-28 08:49:42
194831,2026-07-28 08:49:42
194832,2026-07-28 08:49:42
194833,2026-07-28 08:49:42
194834,2026-07-28 08:49:42
194835,2026-07-28 08:49:42
194836,2026-07-28 08:49:42
194837,2026-07-28 08:49:42
194838,2026-07-28 08:49:42
194839,2026-07-28 08:49:42
194840,2026-07-28 08:49:42
194841,2026-07-28 08:49:42
194842,2026-07-28 08:49:42
194843,2026-07-28 08:49:42
194844,2026-07-28 08:49:42
194845,2026-07-28 08:49:42
194846,2026-07-28 08:49:42
194847,2026-07-28 08:49:42
194848,2026-07-28 08:49:42
194849,2026-07-28 08:49:42
194850,2026-07-28 08:49:42
194851,2026-07-28 08:49:42
194852,2026-07-28 08:49:42
194853,2026-07-28 08:49:42
194854,2026-07-28 08:49:42
194855,2026-07-28 08:49:42
194856,2026-07-28 08:49:42
194857,2026-07-28 08:49:42
194858,2026-07-28 08:49:42
194859,2026-07-28 08:49:42
194860,2026-07-28 08:49:42
194861,2026-07-28 08:49:42
194862,2026-07-28 08:49:42
194863,2026-07-28 08:49:42
194864,2026-07-28 08:49:42
194865,2026-07-28 08:49:42
194866,2026-07-28 08:49:42
194867,2026-07-28 08:49:42
194868,2026-07-28 08:49:42
194869,2026-07-28 08:49:42
194870,2026-07-28 08:49:42
194871,2026-07-28 08:49:42
194872,2026-07-28 08:49:42
194873,2026-07-28 08:49:42
194874,2026-07-28 08:49:42
194875,2026-07-28 08:49:42
194876,2026-07-28 08:49:42
194877,2026-07-28 08:49:42
194878,2026-07-28 08:49:42
194879,2026-07-28 08:49:42
194880,2026-07-28 08:49:42
194881,2026-07-28 08:49:42
194882,2026-07-28 08:49:42
194883,2026-07-28 08:49:42
194884,2026-07-28 08:49:42
194885,2026-07-28 08:49:42
194886,2026-07-28 08:49:42
194887,2026-07-28 08:49:42
194888,2026-07-28 08:49:42
194889,2026-07-28 08:49:42
194890,2026-07-28 08:49:42
194891,2026-07-28 08:49:42
194892,2026-07-28 08:49:42
194893,2026-07-28 08:49:42
194894,2026-07-28 08:49:42
194895,2026-07-28 08:49:42
194896,2026-07-28 08:49:42
194897,2026-07-28 08:49:42
194898,2026-07-28 08:49:42
194899,2026-07-28 08:49:42
194900,2026-07-28 08:49:42
194901,2026-07-28 08:49:42
194902,2026-07-28 08:49:42
194903,2026-07-28 08:49:42
194904,2026-07-28 08:49:42
194905,2026-07-28 08:49:42
194906,2026-07-28 08:49:42
194907,2026-07-28 08:49:42
194908,2026-07-28 08:49:42
194909,2026-07-28 08:49:42
194910,2026-07-28 08:49:42
194911,2026-07-28 08:49:42
194912,2026-07-28 08:49:42
194913,2026-07-28 08:49:42
194914,2026-07-28 08:49:42
194915,2026-07-28 08:49:42
194916,2026-07-28 08:49:42
194917,2026-07-28 08:49:42
194918,2026-07-28 08:49:42
194919,2026-07-28 08:49:42
194920,2026-07-28 08:49:42
194921,2026-07-28 08:49:42
194922,2026-07-28 08:49:42
194923,2026-07-28 08:49:42
194924,2026-07-28 08:49:42
194925,2026-07-28 08:49:42
194926,2026-07-28 08:49:42
194927,2026-07-28 08:49:42
194928,2026-07-28 08:49:42
194929,2026-07-28 08:49:42
194930,2026-07-28 08:49:42
194931,2026-07-28 08:49:42
194932,2026-07-28 08:49:42
194933,2026-07-28 08:49:42
194934,2026-07-28 08:49:42
194935,2026-07-28 08:49:42
194936,2026-07-28 08:49:42
194937,2026-07-28 08:49:42
194938,2026-07-28 08:49:42
194939,2026-07-28 08:49:42
194940,2026-07-28 08:49:42
194941,2026-07-28 08:49:42
194942,2026-07-28 08:49:42
194943,2026-07-28 08:49:42
194944,2026-07-28 08:49:42
194945,2026-07-28 08:49:42
194946,2026-07-28 08:49:42
194947,2026-07-28 08:49:42
194948,2026-07-28 08:49:42
194949,2026-07-28 08:49:42
194950,2026-07-28 08:49:42
194951,2026-07-28 08:49:42
194952,2026-07-28 08:49:42
194953,2026-07-28 08:49:42
194954,2026-07-28 08:49:42
194955,2026-07-28 08:49:42
194956,2026-07-28 08:49:42
194957,2026-07-28 08:49:42
194958,2026-07-28 08:49:42
194959,2026-07-28 08:49:42
194960,2026-07-28 08:49:42
194961,2026-07-28 08:49:42
194962,2026-07-28 08:49:42
194963,2026-07-28 08:49:42
194964,2026-07-28 08:49:42
194965,2026-07-28 08:49:42
194966,2026-07-28 08:49:42
194967,2026-07-28 08:49:42
194968,2026-07-28 08:49:42
194969,2026-07-28 08:49:42
194970,2026-07-28 08:49:42
194971,2026-07-28 08:49:42
194972,2026-07-28 08:49:42
194973,2026-07-28 08:49:42
194974,2026-07-28 08:49:42
194975,2026-07-28 08:49:42
194976,2026-07-28 08:49:42
194977,2026-07-28 08:49:42
194978,2026-07-28 08:49:42
194979,2026-07-28 08:49:42
194980,2026-07-28 08:49:42
194981,2026-07-28 08:49:42
194982,2026-07-28 08:49:42
194983,2026-07-28 08:49:42
194984,2026-07-28 08:49:42
194985,2026-07-28 08:49:42
194986,2026-07-28 08:49:42
194987,2026-07-28 08:49:42
194988,2026-07-28 08:49:42
194989,2026-07-28 08:49:42
194990,2026-07-28 08:49:42
194991,2026-07-28 08:49:42
194992,2026-07-28 08:49:42
194993,2026-07-28 08:49:42
194994,2026-07-28 08:49:42
194995,2026-07-28 08:49:42
194996,2026-07-28 08:49:42
194997,2026-07-28 08:49:42
194998,2026-07-28 08:49:42
194999,2026-07-28 08:49:42
195000,2026-07-28 08:49:42
195001,2026-07-28 08:49:42
195002,2026-07-28 08:49:42
195003,2026-07-28 08:49:42
195004,2026-07-28 08:49:42
195005,2026-07-28 08:49:42
195006,2026-07-28 08:49:42
195007,2026-07-28 08:49:42
195008,2026-07-28 08:49:42
195009,2026-07-28 08:49:42
195010,2026-07-28 08:49:42
195011,2026-07-28 08:49:42
195012,2026-07-28 08:49:42
195013,2026-07-28 08:49:42
195014,2026-07-28 08:49:42
195015,2026-07-28 08:49:42
195016,2026-07-28 08:49:42
195017,2026-07-28 08:49:42
195018,2026-07-28 08:49:42
195019,2026-07-28 08:49:42
195020,2026-07-28 08:49:42
195021,2026-07-28 08:49:42
195022,2026-07-28 08:49:42
195023,2026-07-28 08:49:42
195024,2026-07-28 08:49:42
195025,2026-07-28 08:49:42
195026,2026-07-28 08:49:42
195027,2026-07-28 08:49:42
195028,2026-07-28 08:49:42
195029,2026-07-28 08:49:42
195030,2026-07-28 08:49:42
195031,2026-07-28 08:49:42
195032,2026-07-28 08:49:42
195033,2026-07-28 08:49:42
195034,2026-07-28 08:49:42
195035,2026-07-28 08:49:42
195036,2026-07-28 08:49:42
195037,2026-07-28 08:49:42
195038,2026-07-28 08:49:42
195039,2026-07-28 08:49:42
195040,2026-07-28 08:49:42
195041,2026-07-28 08:49:42
195042,2026-07-28 08:49:42
195043,2026-07-28 08:49:42
195044,2026-07-28 08:49:42
195045,2026-07-28 08:49:42
195046,2026-07-28 08:49:42
195047,2026-07-28 08:49:42
195048,2026-07-28 08:49:42
195049,2026-07-28 08:49:42
195050,2026-07-28 08:49:42
195051,2026-07-28 08:49:42
195052,2026-07-28 08:49:42
195053,2026-07-28 08:49:42
195054,2026-07-28 08:49:42
195055,2026-07-28 08:49:42
195056,2026-07-28 08:49:42
195057,2026-07-28 08:49:42
195058,2026-07-28 08:49:42
195059,2026-07-28 08:49:42
195060,2026-07-28 08:49:42
195061,2026-07-28 08:49:42
195062,2026-07-28 08:49:42
195063,2026-07-28 08:49:42
195064,2026-07-28 08:49:42
195065,2026-07-28 08:49:42
195066,2026-07-28 08:49:42
195067,2026-07-28 08:49:42
195068,2026-07-28 08:49:42
195069,2026-07-28 08:49:42
195070,2026-07-28 08:49:42
195071,2026-07-28 08:49:42
195072,2026-07-28 08:49:42
195073,2026-07-28 08:49:42
195074,2026-07-28 08:49:42
195075,2026-07-28 08:49:42
195076,2026-07-28 08:49:42
195077,2026-07-28 08:49:42
195078,2026-07-28 08:49:42
195079,2026-07-28 08:49:42
195080,2026-07-28 08:49:42
195081,2026-07-28 08:49:42
195082,2026-07-28 08:49:42
195083,2026-07-28 08:49:42
195084,2026-07-28 08:49:42
195085,2026-07-28 08:49:42
195086,2026-07-28 08:49:42
195087,2026-07-28 08:49:42
195088,2026-07-28 08:49:42
195089,2026-07-28 08:49:42
195090,2026-07-28 08:49:42
195091,2026-07-28 08:49:42
195092,2026-07-28 08:49:42
195093,2026-07-28 08:49:42
195094,2026-07-28 08:49:42
195095,2026-07-28 08:49:42
195096,2026-07-28 08:49:42
195097,2026-07-28 08:49:42
195098,2026-07-28 08:49:42
195099,2026-07-28 08:49:42
195100,2026-07-28 08:49:42
195101,2026-07-28 08:49:42
195102,2026-07-28 08:49:42
195103,2026-07-28 08:49:42
195104,2026-07-28 08:49:42
195105,2026-07-28 08:49:42
195106,2026-07-28 08:49:42
195107,2026-07-28 08:49:42
195108,2026-07-28 08:49:42
195109,2026-07-28 08:49:42
195110,2026-07-28 08:49:42
195111,2026-07-28 08:49:42
195112,2026-07-28 08:49:42
195113,2026-07-28 08:49:42
195114,2026-07-28 08:49:42
195115,2026-07-28 08:49:42
195116,2026-07-28 08:49:42
195117,2026-07-28 08:49:42
195118,2026-07-28 08:49:42
195119,2026-07-28 08:49:42
195120,2026-07-28 08:49:42
195121,2026-07-28 08:49:42
195122,2026-07-28 08:49:42
195123,2026-07-28 08:49:42
195124,2026-07-28 08:49:42
195125,2026-07-28 08:49:42
195126,2026-07-28 08:49:42
195127,2026-07-28 08:49:42
195128,2026-07-28 08:49:42
195129,2026-07-28 08:49:42
195130,2026-07-28 08:49:42
195131,2026-07-28 08:49:42
195132,2026-07-28 08:49:42
195133,2026-07-28 08:49:42
195134,2026-07-28 08:49:42
195135,2026-07-28 08:49:42
195136,2026-07-28 08:49:42
195137,2026-07-28 08:49:42
195138,2026-07-28 08:49:42
195139,2026-07-28 08:49:42
195140,2026-07-28 08:49:42
195141,2026-07-28 08:49:42
195142,2026-07-28 08:49:42
195143,2026-07-28 08:49:42
195144,2026-07-28 08:49:42
195145,2026-07-28 08:49:42
195146,2026-07-28 08:49:42
195147,2026-07-28 08:49:42
195148,2026-07-28 08:49:42
195149,2026-07-28 08:49:42
195150,2026-07-28 08:49:42
195151,2026-07-28 08:49:42
195152,2026-07-28 08:49:42
195153,2026-07-28 08:49:42
195154,2026-07-28 08:49:42
195155,2026-07-28 08:49:42
195156,2026-07-28 08:49:42
195157,2026-07-28 08:49:42
195158,2026-07-28 08:49:42
195159,2026-07-28 08:49:42
195160,2026-07-28 08:49:42
195161,2026-07-28 08:49:42
195162,2026-07-28 08:49:42
195163,2026-07-28 08:49:42
195164,2026-07-28 08:49:42
195165,2026-07-28 08:49:42
195166,2026-07-28 08:49:42
195167,2026-07-28 08:49:42
195168,2026-07-28 08:49:42
195169,2026-07-28 08:49:42
195170,2026-07-28 08:49:42
195171,2026-07-28 08:49:42
195172,2026-07-28 08:49:42
195173,2026-07-28 08:49:42
195174,2026-07-28 08:49:42
195175,2026-07-28 08:49:42
195176,2026-07-28 08:49:42
195177,2026-07-28 08:49:42
195178,2026-07-28 08:49:42
195179,2026-07-28 08:49:42
195180,2026-07-28 08:49:42
195181,2026-07-28 08:49:42
195182,2026-07-28 08:49:42
195183,2026-07-28 08:49:42
195184,2026-07-28 08:49:42
195185,2026-07-28 08:49:42
195186,2026-07-28 08:49:42
195187,2026-07-28 08:49:42
195188,2026-07-28 08:49:42
195189,2026-07-28 08:49:42
195190,2026-07-28 08:49:42
195191,2026-07-28 08:49:42
195192,2026-07-28 08:49:42
195193,2026-07-28 08:49:42
195194,2026-07-28 08:49:42
195195,2026-07-28 08:49:42
195196,2026-07-28 08:49:42
195197,2026-07-28 08:49:42
195198,2026-07-28 08:49:42
195199,2026-07-28 08:49:42
195200,2026-07-28 08:49:42
195201,2026-07-28 08:49:42
195202,2026-07-28 08:49:42
195203,2026-07-28 08:49:42
195204,2026-07-28 08:49:42
195205,2026-07-28 08:49:42
195206,2026-07-28 08:49:42
195207,2026-07-28 08:49:42
195208,2026-07-28 08:49:42
195209,2026-07-28 08:49:42
195210,2026-07-28 08:49:42
195211,2026-07-28 08:49:42
195212,2026-07-28 08:49:42
195213,2026-07-28 08:49:42
195214,2026-07-28 08:49:42
195215,2026-07-28 08:49:42
195216,2026-07-28 08:49:42
195217,2026-07-28 08:49:42
195218,2026-07-28 08:49:42
195219,2026-07-28 08:49:42
195220,2026-07-28 08:49:42
195221,2026-07-28 08:49:42
195222,2026-07-28 08:49:42
195223,2026-07-28 08:49:42
195224,2026-07-28 08:49:42
195225,2026-07-28 08:49:42
195226,2026-07-28 08:49:42
195227,2026-07-28 08:49:42
195228,2026-07-28 08:49:42
195229,2026-07-28 08:49:42
195230,2026-07-28 08:49:42
195231,2026-07-28 08:49:42
195232,2026-07-28 08:49:42
195233,2026-07-28 08:49:42
195234,2026-07-28 08:49:42
195235,2026-07-28 08:49:42
195236,2026-07-28 08:49:42
195237,2026-07-28 08:49:42
195238,2026-07-28 08:49:42
195239,2026-07-28 08:49:42
195240,2026-07-28 08:49:42
195241,2026-07-28 08:49:42
195242,2026-07-28 08:49:42
195243,2026-07-28 08:49:42
195244,2026-07-28 08:49:42
195245,2026-07-28 08:49:42
195246,2026-07-28 08:49:42
195247,2026-07-28 08:49:42
195248,2026-07-28 08:49:42
195249,2026-07-28 08:49:42
195250,2026-07-28 08:49:42
195251,2026-07-28 08:49:42
195252,2026-07-28 08:49:42
195253,2026-07-28 08:49:42
195254,2026-07-28 08:49:42
195255,2026-07-28 08:49:42
195256,2026-07-28 08:49:42
195257,2026-07-28 08:49:42
195258,2026-07-28 08:49:42
195259,2026-07-28 08:49:42
195260,2026-07-28 08:49:42
195261,2026-07-28 08:49:42
195262,2026-07-28 08:49:42
195263,2026-07-28 08:49:42
195264,2026-07-28 08:49:42
195265,2026-07-28 08:49:42
195266,2026-07-28 08:49:42
195267,2026-07-28 08:49:42
195268,2026-07-28 08:49:42
195269,2026-07-28 08:49:42
195270,2026-07-28 08:49:42
195271,2026-07-28 08:49:42
195272,2026-07-28 08:49:42
195273,2026-07-28 08:49:42
195274,2026-07-28 08:49:42
195275,2026-07-28 08:49:42
195276,2026-07-28 08:49:42
195277,2026-07-28 08:49:42
195278,2026-07-28 08:49:42
195279,2026-07-28 08:49:42
195280,2026-07-28 08:49:42
195281,2026-07-28 08:49:42
195282,2026-07-28 08:49:42
195283,2026-07-28 08:49:42
195284,2026-07-28 08:49:42
195285,2026-07-28 08:49:42
195286,2026-07-28 08:49:42
195287,2026-07-28 08:49:42
195288,2026-07-28 08:49:42
195289,2026-07-28 08:49:42
195290,2026-07-28 08:49:42
195291,2026-07-28 08:49:42
195292,2026-07-28 08:49:42
195293,2026-07-28 08:49:42
195294,2026-07-28 08:49:42
195295,2026-07-28 08:49:42
195296,2026-07-28 08:49:42
195297,2026-07-28 08:49:42
195298,2026-07-28 08:49:42
195299,2026-07-28 08:49:42
195300,2026-07-28 08:49:42
195301,2026-07-28 08:49:42
195302,2026-07-28 08:49:42
195303,2026-07-28 08:49:42
195304,2026-07-28 08:49:42
195305,2026-07-28 08:49:42
195306,2026-07-28 08:49:42
195307,2026-07-28 08:49:42
195308,2026-07-28 08:49:42
195309,2026-07-28 08:49:42
195310,2026-07-28 08:49:42
195311,2026-07-28 08:49:42
195312,2026-07-28 08:49:42
195313,2026-07-28 08:49:42
195314,2026-07-28 08:49:42
195315,2026-07-28 08:49:42
195316,2026-07-28 08:49:42
195317,2026-07-28 08:49:42
195318,2026-07-28 08:49:42
195319,2026-07-28 08:49:42
195320,2026-07-28 08:49:42
195321,2026-07-28 08:49:42
195322,2026-07-28 08:49:42
195323,2026-07-28 08:49:42
195324,2026-07-28 08:49:42
195325,2026-07-28 08:49:42
195326,2026-07-28 08:49:42
195327,2026-07-28 08:49:42
195328,2026-07-28 08:49:42
195329,2026-07-28 08:49:42
195330,2026-07-28 08:49:42
195331,2026-07-28 08:49:42
195332,2026-07-28 08:49:42
195333,2026-07-28 08:49:42
195334,2026-07-28 08:49:42
195335,2026-07-28 08:49:42
195336,2026-07-28 08:49:42
195337,2026-07-28 08:49:42
195338,2026-07-28 08:49:42
195339,2026-07-28 08:49:42
195340,2026-07-28 08:49:42
195341,2026-07-28 08:49:42
195342,2026-07-28 08:49:42
195343,2026-07-28 08:49:42
195344,2026-07-28 08:49:42
195345,2026-07-28 08:49:42
195346,2026-07-28 08:49:42
195347,2026-07-28 08:49:42
195348,2026-07-28 08:49:42
195349,2026-07-28 08:49:42
195350,2026-07-28 08:49:42
195351,2026-07-28 08:49:42
195352,2026-07-28 08:49:42
195353,2026-07-28 08:49:42
195354,2026-07-28 08:49:42
195355,2026-07-28 08:49:42
195356,2026-07-28 08:49:42
195357,2026-07-28 08:49:42
195358,2026-07-28 08:49:42
195359,2026-07-28 08:49:42
195360,2026-07-28 08:49:42
195361,2026-07-28 08:49:42
195362,2026-07-28 08:49:42
195363,2026-07-28 08:49:42
195364,2026-07-28 08:49:42
195365,2026-07-28 08:49:42
195366,2026-07-28 08:49:42
195367,2026-07-28 08:49:42
195368,2026-07-28 08:49:42
195369,2026-07-28 08:49:42
195370,2026-07-28 08:49:42
195371,2026-07-28 08:49:42
195372,2026-07-28 08:49:42
195373,2026-07-28 08:49:42
195374,2026-07-28 08:49:42
195375,2026-07-28 08:49:42
195376,2026-07-28 08:49:42
195377,2026-07-28 08:49:42
195378,2026-07-28 08:49:42
195379,2026-07-28 08:49:42
195380,2026-07-28 08:49:42
195381,2026-07-28 08:49:42
195382,2026-07-28 08:49:42
195383,2026-07-28 08:49:42
195384,2026-07-28 08:49:42
195385,2026-07-28 08:49:42
195386,2026-07-28 08:49:42
195387,2026-07-28 08:49:42
195388,2026-07-28 08:49:42
195389,2026-07-28 08:49:42
195390,2026-07-28 08:49:42
195391,2026-07-28 08:49:42
195392,2026-07-28 08:49:42
195393,2026-07-28 08:49:42
195394,2026-07-28 08:49:42
195395,2026-07-28 08:49:42
195396,2026-07-28 08:49:42
195397,2026-07-28 08:49:42
195398,2026-07-28 08:49:42
195399,2026-07-28 08:49:42
195400,2026-07-28 08:49:42
195401,2026-07-28 08:49:42
195402,2026-07-28 08:49:42
195403,2026-07-28 08:49:42
195404,2026-07-28 08:49:42
195405,2026-07-28 08:49:42
195406,2026-07-28 08:49:42
195407,2026-07-28 08:49:42
195408,2026-07-28 08:49:42
195409,2026-07-28 08:49:42
195410,2026-07-28 08:49:42
195411,2026-07-28 08:49:42
195412,2026-07-28 08:49:42
195413,2026-07-28 08:49:42
195414,2026-07-28 08:49:42
195415,2026-07-28 08:49:42
195416,2026-07-28 08:49:42
195417,2026-07-28 08:49:42
195418,2026-07-28 08:49:42
195419,2026-07-28 08:49:42
195420,2026-07-28 08:49:42
195421,2026-07-28 08:49:42
195422,2026-07-28 08:49:42
195423,2026-07-28 08:49:42
195424,2026-07-28 08:49:42
195425,2026-07-28 08:49:42
195426,2026-07-28 08:49:42
195427,2026-07-28 08:49:42
195428,2026-07-28 08:49:42
195429,2026-07-28 08:49:42
195430,2026-07-28 08:49:42
195431,2026-07-28 08:49:42
195432,2026-07-28 08:49:42
195433,2026-07-28 08:49:42
195434,2026-07-28 08:49:42
195435,2026-07-28 08:49:42
195436,2026-07-28 08:49:42
195437,2026-07-28 08:49:42
195438,2026-07-28 08:49:42
195439,2026-07-28 08:49:42
195440,2026-07-28 08:49:42
195441,2026-07-28 08:49:42
195442,2026-07-28 08:49:42
195443,2026-07-28 08:49:42
195444,2026-07-28 08:49:42
195445,2026-07-28 08:49:42
195446,2026-07-28 08:49:42
195447,2026-07-28 08:49:42
195448,2026-07-28 08:49:42
195449,2026-07-28 08:49:42
195450,2026-07-28 08:49:42
195451,2026-07-28 08:49:42
195452,2026-07-28 08:49:42
195453,2026-07-28 08:49:42
195454,2026-07-28 08:49:42
195455,2026-07-28 08:49:42
195456,2026-07-28 08:49:42
195457,2026-07-28 08:49:42
195458,2026-07-28 08:49:42
195459,2026-07-28 08:49:42
195460,2026-07-28 08:49:42
195461,2026-07-28 08:49:42
195462,2026-07-28 08:49:42
195463,2026-07-28 08:49:42
195464,2026-07-28 08:49:42
195465,2026-07-28 08:49:42
195466,2026-07-28 08:49:42
195467,2026-07-28 08:49:42
195468,2026-07-28 08:49:42
195469,2026-07-28 08:49:42
195470,2026-07-28 08:49:42
195471,2026-07-28 08:49:42
195472,2026-07-28 08:49:42
195473,2026-07-28 08:49:42
195474,2026-07-28 08:49:42
195475,2026-07-28 08:49:42
195476,2026-07-28 08:49:42
195477,2026-07-28 08:49:42
195478,2026-07-28 08:49:42
195479,2026-07-28 08:49:42
195480,2026-07-28 08:49:42
195481,2026-07-28 08:49:42
195482,2026-07-28 08:49:42
195483,2026-07-28 08:49:42
195484,2026-07-28 08:49:42
195485,2026-07-28 08:49:42
195486,2026-07-28 08:49:42
195487,2026-07-28 08:49:42
195488,2026-07-28 08:49:42
195489,2026-07-28 08:49:42
195490,2026-07-28 08:49:42
195491,2026-07-28 08:49:42
195492,2026-07-28 08:49:42
195493,2026-07-28 08:49:42
195494,2026-07-28 08:49:42
195495,2026-07-28 08:49:42
195496,2026-07-28 08:49:42
195497,2026-07-28 08:49:42
195498,2026-07-28 08:49:42
195499,2026-07-28 08:49:42
195500,2026-07-28 08:49:42
195501,2026-07-28 08:49:42
195502,2026-07-28 08:49:42
195503,2026-07-28 08:49:42
195504,2026-07-28 08:49:42
195505,2026-07-28 08:49:42
195506,2026-07-28 08:49:42
195507,2026-07-28 08:49:42
195508,2026-07-28 08:49:42
195509,2026-07-28 08:49:42
195510,2026-07-28 08:49:42
195511,2026-07-28 08:49:42
195512,2026-07-28 08:49:42
195513,2026-07-28 08:49:42
195514,2026-07-28 08:49:42
195515,2026-07-28 08:49:42
195516,2026-07-28 08:49:42
195517,2026-07-28 08:49:42
195518,2026-07-28 08:49:42
195519,2026-07-28 08:49:42
195520,2026-07-28 08:49:42
195521,2026-07-28 08:49:42
195522,2026-07-28 08:49:42
195523,2026-07-28 08:49:42
195524,2026-07-28 08:49:42
195525,2026-07-28 08:49:42
195526,2026-07-28 08:49:42
195527,2026-07-28 08:49:42
195528,2026-07-28 08:49:42
195529,2026-07-28 08:49:42
195530,2026-07-28 08:49:42
195531,2026-07-28 08:49:42
195532,2026-07-28 08:49:42
195533,2026-07-28 08:49:42
195534,2026-07-28 08:49:42
195535,2026-07-28 08:49:42
195536,2026-07-28 08:49:42
195537,2026-07-28 08:49:42
195538,2026-07-28 08:49:42
195539,2026-07-28 08:49:42
195540,2026-07-28 08:49:42
195541,2026-07-28 08:49:42
195542,2026-07-28 08:49:42
195543,2026-07-28 08:49:42
195544,2026-07-28 08:49:42
195545,2026-07-28 08:49:42
195546,2026-07-28 08:49:42
195547,2026-07-28 08:49:42
195548,2026-07-28 08:49:42
195549,2026-07-28 08:49:42
195550,2026-07-28 08:49:42
195551,2026-07-28 08:49:42
195552,2026-07-28 08:49:42
195553,2026-07-28 08:49:42
195554,2026-07-28 08:49:42
195555,2026-07-28 08:49:42
195556,2026-07-28 08:49:42
195557,2026-07-28 08:49:42
195558,2026-07-28 08:49:42
195559,2026-07-28 08:49:42
195560,2026-07-28 08:49:42
195561,2026-07-28 08:49:42
195562,2026-07-28 08:49:42
195563,2026-07-28 08:49:42
195564,2026-07-28 08:49:42
195565,2026-07-28 08:49:42
195566,2026-07-28 08:49:42
195567,2026-07-28 08:49:42
195568,2026-07-28 08:49:42
195569,2026-07-28 08:49:42
195570,2026-07-28 08:49:42
195571,2026-07-28 08:49:42
195572,2026-07-28 08:49:42
195573,2026-07-28 08:49:42
195574,2026-07-28 08:49:42
195575,2026-07-28 08:49:42
195576,2026-07-28 08:49:42
195577,2026-07-28 08:49:42
195578,2026-07-28 08:49:42
195579,2026-07-28 08:49:42
195580,2026-07-28 08:49:42
195581,2026-07-28 08:49:42
195582,2026-07-28 08:49:42
195583,2026-07-28 08:49:42
195584,2026-07-28 08:49:42
195585,2026-07-28 08:49:42
195586,2026-07-28 08:49:42
195587,2026-07-28 08:49:42
195588,2026-07-28 08:49:42
195589,2026-07-28 08:49:42
195590,2026-07-28 08:49:42
195591,2026-07-28 08:49:42
195592,2026-07-28 08:49:42
195593,2026-07-28 08:49:42
195594,2026-07-28 08:49:42
195595,2026-07-28 08:49:42
195596,2026-07-28 08:49:42
195597,2026-07-28 08:49:42
195598,2026-07-28 08:49:42
195599,2026-07-28 08:49:42
195600,2026-07-28 08:49:42
195601,2026-07-28 08:49:42
195602,2026-07-28 08:49:42
195603,2026-07-28 08:49:42
195604,2026-07-28 08:49:42
195605,2026-07-28 08:49:42
195606,2026-07-28 08:49:42
195607,2026-07-28 08:49:42
195608,2026-07-28 08:49:42
195609,2026-07-28 08:49:42
195610,2026-07-28 08:49:42
195611,2026-07-28 08:49:42
195612,2026-07-28 08:49:42
195613,2026-07-28 08:49:42
195614,2026-07-28 08:49:42
195615,2026-07-28 08:49:42
195616,2026-07-28 08:49:42
195617,2026-07-28 08:49:42
195618,2026-07-28 08:49:42
195619,2026-07-28 08:49:42
195620,2026-07-28 08:49:42
195621,2026-07-28 08:49:42
195622,2026-07-28 08:49:42
195623,2026-07-28 08:49:42
195624,2026-07-28 08:49:42
195625,2026-07-28 08:49:42
195626,2026-07-28 08:49:42
195627,2026-07-28 08:49:42
195628,2026-07-28 08:49:42
195629,2026-07-28 08:49:42
195630,2026-07-28 08:49:42
195631,2026-07-28 08:49:42
195632,2026-07-28 08:49:42
195633,2026-07-28 08:49:42
195634,2026-07-28 08:49:42
195635,2026-07-28 08:49:42
195636,2026-07-28 08:49:42
195637,2026-07-28 08:49:42
195638,2026-07-28 08:49:42
195639,2026-07-28 08:49:42
195640,2026-07-28 08:49:42
195641,2026-07-28 08:49:42
195642,2026-07-28 08:49:42
195643,2026-07-28 08:49:42
195644,2026-07-28 08:49:42
195645,2026-07-28 08:49:42
195646,2026-07-28 08:49:42
195647,2026-07-28 08:49:42
195648,2026-07-28 08:49:42
195649,2026-07-28 08:49:42
195650,2026-07-28 08:49:42
195651,2026-07-28 08:49:42
195652,2026-07-28 08:49:42
195653,2026-07-28 08:49:42
195654,2026-07-28 08:49:42
195655,2026-07-28 08:49:42
195656,2026-07-28 08:49:42
195657,2026-07-28 08:49:42
195658,2026-07-28 08:49:42
195659,2026-07-28 08:49:42
195660,2026-07-28 08:49:42
195661,2026-07-28 08:49:42
195662,2026-07-28 08:49:42
195663,2026-07-28 08:49:42
195664,2026-07-28 08:49:42
195665,2026-07-28 08:49:42
195666,2026-07-28 08:49:42
195667,2026-07-28 08:49:42
195668,2026-07-28 08:49:42
195669,2026-07-28 08:49:42
195670,2026-07-28 08:49:42
195671,2026-07-28 08:49:42
195672,2026-07-28 08:49:42
195673,2026-07-28 08:49:42
195674,2026-07-28 08:49:42
195675,2026-07-28 08:49:42
195676,2026-07-28 08:49:42
195677,2026-07-28 08:49:42
195678,2026-07-28 08:49:42
195679,2026-07-28 08:49:42
195680,2026-07-28 08:49:42
195681,2026-07-28 08:49:42
195682,2026-07-28 08:49:42
195683,2026-07-28 08:49:42
195684,2026-07-28 08:49:42
195685,2026-07-28 08:49:42
195686,2026-07-28 08:49:42
195687,2026-07-28 08:49:42
195688,2026-07-28 08:49:42
195689,2026-07-28 08:49:42
195690,2026-07-28 08:49:42
195691,2026-07-28 08:49:42
195692,2026-07-28 08:49:42
195693,2026-07-28 08:49:42
195694,2026-07-28 08:49:42
195695,2026-07-28 08:49:42
195696,2026-07-28 08:49:42
195697,2026-07-28 08:49:42
195698,2026-07-28 08:49:42
195699,2026-07-28 08:49:42
195700,2026-07-28 08:49:42
195701,2026-07-28 08:49:42
195702,2026-07-28 08:49:42
195703,2026-07-28 08:49:42
195704,2026-07-28 08:49:42
195705,2026-07-28 08:49:42
195706,2026-07-28 08:49:42
195707,2026-07-28 08:49:42
195708,2026-07-28 08:49:42
195709,2026-07-28 08:49:42
195710,2026-07-28 08:49:42
195711,2026-07-28 08:49:42
195712,2026-07-28 08:49:42
195713,2026-07-28 08:49:42
195714,2026-07-28 08:49:42
195715,2026-07-28 08:49:42
195716,2026-07-28 08:49:42
195717,2026-07-28 08:49:42
195718,2026-07-28 08:49:42
195719,2026-07-28 08:49:42
195720,2026-07-28 08:49:42
195721,2026-07-28 08:49:42
195722,2026-07-28 08:49:42
195723,2026-07-28 08:49:42
195724,2026-07-28 08:49:42
195725,2026-07-28 08:49:42
195726,2026-07-28 08:49:42
195727,2026-07-28 08:49:42
195728,2026-07-28 08:49:42
195729,2026-07-28 08:49:42
195730,2026-07-28 08:49:42
195731,2026-07-28 08:49:42
195732,2026-07-28 08:49:42
195733,2026-07-28 08:49:42
195734,2026-07-28 08:49:42
195735,2026-07-28 08:49:42
195736,2026-07-28 08:49:42
195737,2026-07-28 08:49:42
195738,2026-07-28 08:49:42
195739,2026-07-28 08:49:42
195740,2026-07-28 08:49:42
195741,2026-07-28 08:49:42
195742,2026-07-28 08:49:42
195743,2026-07-28 08:49:42
195744,2026-07-28 08:49:42
195745,2026-07-28 08:49:42
195746,2026-07-28 08:49:42
195747,2026-07-28 08:49:42
195748,2026-07-28 08:49:42
195749,2026-07-28 08:49:42
195750,2026-07-28 08:49:42
195751,2026-07-28 08:49:42
195752,2026-07-28 08:49:42
195753,2026-07-28 08:49:42
195754,2026-07-28 08:49:42
195755,2026-07-28 08:49:42
195756,2026-07-28 08:49:42
195757,2026-07-28 08:49:42
195758,2026-07-28 08:49:42
195759,2026-07-28 08:49:42
195760,2026-07-28 08:49:42
195761,2026-07-28 08:49:42
195762,2026-07-28 08:49:42
195763,2026-07-28 08:49:42
195764,2026-07-28 08:49:42
195765,2026-07-28 08:49:42
195766,2026-07-28 08:49:42
195767,2026-07-28 08:49:42
195768,2026-07-28 08:49:42
195769,2026-07-28 08:49:42
195770,2026-07-28 08:49:42
195771,2026-07-28 08:49:42
195772,2026-07-28 08:49:42
195773,2026-07-28 08:49:42
195774,2026-07-28 08:49:42
195775,2026-07-28 08:49:42
195776,2026-07-28 08:49:42
195777,2026-07-28 08:49:42
195778,2026-07-28 08:49:42
195779,2026-07-28 08:49:42
195780,2026-07-28 08:49:42
195781,2026-07-28 08:49:42
195782,2026-07-28 08:49:42
195783,2026-07-28 08:49:42
195784,2026-07-28 08:49:42
195785,2026-07-28 08:49:42
195786,2026-07-28 08:49:42
195787,2026-07-28 08:49:42
195788,2026-07-28 08:49:42
195789,2026-07-28 08:49:42
195790,2026-07-28 08:49:42
195791,2026-07-28 08:49:42
195792,2026-07-28 08:49:42
195793,2026-07-28 08:49:42
195794,2026-07-28 08:49:42
195795,2026-07-28 08:49:42
195796,2026-07-28 08:49:42
195797,2026-07-28 08:49:42
195798,2026-07-28 08:49:42
195799,2026-07-28 08:49:42
195800,2026-07-28 08:49:42
195801,2026-07-28 08:49:42
195802,2026-07-28 08:49:42
195803,2026-07-28 08:49:42
195804,2026-07-28 08:49:42
195805,2026-07-28 08:49:42
195806,2026-07-28 08:49:42
195807,2026-07-28 08:49:42
195808,2026-07-28 08:49:42
195809,2026-07-28 08:49:42
195810,2026-07-28 08:49:42
195811,2026-07-28 08:49:42
195812,2026-07-28 08:49:42
195813,2026-07-28 08:49:42
195814,2026-07-28 08:49:42
195815,2026-07-28 08:49:42
195816,2026-07-28 08:49:42
195817,2026-07-28 08:49:42
195818,2026-07-28 08:49:42
195819,2026-07-28 08:49:42
195820,2026-07-28 08:49:42
195821,2026-07-28 08:49:42
195822,2026-07-28 08:49:42
195823,2026-07-28 08:49:42
195824,2026-07-28 08:49:42
195825,2026-07-28 08:49:42
195826,2026-07-28 08:49:42
195827,2026-07-28 08:49:42
195828,2026-07-28 08:49:42
195829,2026-07-28 08:49:42
195830,2026-07-28 08:49:42
195831,2026-07-28 08:49:42
195832,2026-07-28 08:49:42
195833,2026-07-28 08:49:42
195834,2026-07-28 08:49:42
195835,2026-07-28 08:49:42
195836,2026-07-28 08:49:42
195837,2026-07-28 08:49:42
195838,2026-07-28 08:49:42
195839,2026-07-28 08:49:42
195840,2026-07-28 08:49:42
195841,2026-07-28 08:49:42
195842,2026-07-28 08:49:42
195843,2026-07-28 08:49:42
195844,2026-07-28 08:49:42
195845,2026-07-28 08:49:42
195846,2026-07-28 08:49:42
195847,2026-07-28 08:49:42
195848,2026-07-28 08:49:42
195849,2026-07-28 08:49:42
195850,2026-07-28 08:49:42
195851,2026-07-28 08:49:42
195852,2026-07-28 08:49:42
195853,2026-07-28 08:49:42
195854,2026-07-28 08:49:42
195855,2026-07-28 08:49:42
195856,2026-07-28 08:49:42
195857,2026-07-28 08:49:42
195858,2026-07-28 08:49:42
195859,2026-07-28 08:49:42
195860,2026-07-28 08:49:42
195861,2026-07-28 08:49:42
195862,2026-07-28 08:49:42
195863,2026-07-28 08:49:42
195864,2026-07-28 08:49:42
195865,2026-07-28 08:49:42
195866,2026-07-28 08:49:42
195867,2026-07-28 08:49:42
195868,2026-07-28 08:49:42
195869,2026-07-28 08:49:42
195870,2026-07-28 08:49:42
195871,2026-07-28 08:49:42
195872,2026-07-28 08:49:42
195873,2026-07-28 08:49:42
195874,2026-07-28 08:49:42
195875,2026-07-28 08:49:42
195876,2026-07-28 08:49:42
195877,2026-07-28 08:49:42
195878,2026-07-28 08:49:42
195879,2026-07-28 08:49:42
195880,2026-07-28 08:49:42
195881,2026-07-28 08:49:42
195882,2026-07-28 08:49:42
195883,2026-07-28 08:49:42
195884,2026-07-28 08:49:42
195885,2026-07-28 08:49:42
195886,2026-07-28 08:49:42
195887,2026-07-28 08:49:42
195888,2026-07-28 08:49:42
195889,2026-07-28 08:49:42
195890,2026-07-28 08:49:42
195891,2026-07-28 08:49:42
195892,2026-07-28 08:49:42
195893,2026-07-28 08:49:42
195894,2026-07-28 08:49:42
195895,2026-07-28 08:49:42
195896,2026-07-28 08:49:42
195897,2026-07-28 08:49:42
195898,2026-07-28 08:49:42
195899,2026-07-28 08:49:42
195900,2026-07-28 08:49:42
195901,2026-07-28 08:49:42
195902,2026-07-28 08:49:42
195903,2026-07-28 08:49:42
195904,2026-07-28 08:49:42
195905,2026-07-28 08:49:42
195906,2026-07-28 08:49:42
195907,2026-07-28 08:49:42
195908,2026-07-28 08:49:42
195909,2026-07-28 08:49:42
195910,2026-07-28 08:49:42
195911,2026-07-28 08:49:42
195912,2026-07-28 08:49:42
195913,2026-07-28 08:49:42
195914,2026-07-28 08:49:42
195915,2026-07-28 08:49:42
195916,2026-07-28 08:49:42
195917,2026-07-28 08:49:42
195918,2026-07-28 08:49:42
195919,2026-07-28 08:49:42
195920,2026-07-28 08:49:42
195921,2026-07-28 08:49:42
195922,2026-07-28 08:49:42
195923,2026-07-28 08:49:42
195924,2026-07-28 08:49:42
195925,2026-07-28 08:49:42
195926,2026-07-28 08:49:42
195927,2026-07-28 08:49:42
195928,2026-07-28 08:49:42
195929,2026-07-28 08:49:42
195930,2026-07-28 08:49:42
195931,2026-07-28 08:49:42
195932,2026-07-28 08:49:42
195933,2026-07-28 08:49:42
195934,2026-07-28 08:49:42
195935,2026-07-28 08:49:42
195936,2026-07-28 08:49:42
195937,2026-07-28 08:49:42
195938,2026-07-28 08:49:42
195939,2026-07-28 08:49:42
195940,2026-07-28 08:49:42
195941,2026-07-28 08:49:42
195942,2026-07-28 08:49:42
195943,2026-07-28 08:49:42
195944,2026-07-28 08:49:42
195945,2026-07-28 08:49:42
195946,2026-07-28 08:49:42
195947,2026-07-28 08:49:42
195948,2026-07-28 08:49:42
195949,2026-07-28 08:49:42
195950,2026-07-28 08:49:42
195951,2026-07-28 08:49:42
195952,2026-07-28 08:49:42
195953,2026-07-28 08:49:42
195954,2026-07-28 08:49:42
195955,2026-07-28 08:49:42
195956,2026-07-28 08:49:42
195957,2026-07-28 08:49:42
195958,2026-07-28 08:49:42
195959,2026-07-28 08:49:42
195960,2026-07-28 08:49:42
195961,2026-07-28 08:49:42
195962,2026-07-28 08:49:42
195963,2026-07-28 08:49:42
195964,2026-07-28 08:49:42
195965,2026-07-28 08:49:42
195966,2026-07-28 08:49:42
195967,2026-07-28 08:49:42
195968,2026-07-28 08:49:42
195969,2026-07-28 08:49:42
195970,2026-07-28 08:49:42
195971,2026-07-28 08:49:42
195972,2026-07-28 08:49:42
195973,2026-07-28 08:49:42
195974,2026-07-28 08:49:42
195975,2026-07-28 08:49:42
195976,2026-07-28 08:49:42
195977,2026-07-28 08:49:42
195978,2026-07-28 08:49:42
195979,2026-07-28 08:49:42
195980,2026-07-28 08:49:42
195981,2026-07-28 08:49:42
195982,2026-07-28 08:49:42
195983,2026-07-28 08:49:42
195984,2026-07-28 08:49:42
195985,2026-07-28 08:49:42
195986,2026-07-28 08:49:42
195987,2026-07-28 08:49:42
195988,2026-07-28 08:49:42
195989,2026-07-28 08:49:42
195990,2026-07-28 08:49:42
195991,2026-07-28 08:49:42
195992,2026-07-28 08:49:42
195993,2026-07-28 08:49:42
195994,2026-07-28 08:49:42
195995,2026-07-28 08:49:42
195996,2026-07-28 08:49:42
195997,2026-07-28 08:49:42
195998,2026-07-28 08:49:42
195999,2026-07-28 08:49:42
196000,2026-07-28 08:49:42
196001,2026-07-28 08:49:42
196002,2026-07-28 08:49:42
196003,2026-07-28 08:49:42
196004,2026-07-28 08:49:42
196005,2026-07-28 08:49:42
196006,2026-07-28 08:49:42
196007,2026-07-28 08:49:42
196008,2026-07-28 08:49:42
196009,2026-07-28 08:49:42
196010,2026-07-28 08:49:42
196011,2026-07-28 08:49:42
196012,2026-07-28 08:49:42
196013,2026-07-28 08:49:42
196014,2026-07-28 08:49:42
196015,2026-07-28 08:49:42
196016,2026-07-28 08:49:42
196017,2026-07-28 08:49:42
196018,2026-07-28 08:49:42
196019,2026-07-28 08:49:42
196020,2026-07-28 08:49:42
196021,2026-07-28 08:49:42
196022,2026-07-28 08:49:42
196023,2026-07-28 08:49:42
196024,2026-07-28 08:49:42
196025,2026-07-28 08:49:42
196026,2026-07-28 08:49:42
196027,2026-07-28 08:49:42
196028,2026-07-28 08:49:42
196029,2026-07-28 08:49:42
196030,2026-07-28 08:49:42
196031,2026-07-28 08:49:42
196032,2026-07-28 08:49:42
196033,2026-07-28 08:49:42
196034,2026-07-28 08:49:42
196035,2026-07-28 08:49:42
196036,2026-07-28 08:49:42
196037,2026-07-28 08:49:42
196038,2026-07-28 08:49:42
196039,2026-07-28 08:49:42
196040,2026-07-28 08:49:42
196041,2026-07-28 08:49:42
196042,2026-07-28 08:49:42
196043,2026-07-28 08:49:42
196044,2026-07-28 08:49:42
196045,2026-07-28 08:49:42
196046,2026-07-28 08:49:42
196047,2026-07-28 08:49:42
196048,2026-07-28 08:49:42
196049,2026-07-28 08:49:42
196050,2026-07-28 08:49:42
196051,2026-07-28 08:49:42
196052,2026-07-28 08:49:42
196053,2026-07-28 08:49:42
196054,2026-07-28 08:49:42
196055,2026-07-28 08:49:42
196056,2026-07-28 08:49:42
196057,2026-07-28 08:49:42
196058,2026-07-28 08:49:42
196059,2026-07-28 08:49:42
196060,2026-07-28 08:49:42
196061,2026-07-28 08:49:42
196062,2026-07-28 08:49:42
196063,2026-07-28 08:49:42
196064,2026-07-28 08:49:42
196065,2026-07-28 08:49:42
196066,2026-07-28 08:49:42
196067,2026-07-28 08:49:42
196068,2026-07-28 08:49:42
196069,2026-07-28 08:49:42
196070,2026-07-28 08:49:42
196071,2026-07-28 08:49:42
196072,2026-07-28 08:49:42
196073,2026-07-28 08:49:42
196074,2026-07-28 08:49:42
196075,2026-07-28 08:49:42
196076,2026-07-28 08:49:42
196077,2026-07-28 08:49:42
196078,2026-07-28 08:49:42
196079,2026-07-28 08:49:42
196080,2026-07-28 08:49:42
196081,2026-07-28 08:49:42
196082,2026-07-28 08:49:42
196083,2026-07-28 08:49:42
196084,2026-07-28 08:49:42
196085,2026-07-28 08:49:42
196086,2026-07-28 08:49:42
196087,2026-07-28 08:49:42
196088,2026-07-28 08:49:42
196089,2026-07-28 08:49:42
196090,2026-07-28 08:49:42
196091,2026-07-28 08:49:42
196092,2026-07-28 08:49:42
196093,2026-07-28 08:49:42
196094,2026-07-28 08:49:42
196095,2026-07-28 08:49:42
196096,2026-07-28 08:49:42
196097,2026-07-28 08:49:42
196098,2026-07-28 08:49:42
196099,2026-07-28 08:49:42
196100,2026-07-28 08:49:42
196101,2026-07-28 08:49:42
196102,2026-07-28 08:49:42
196103,2026-07-28 08:49:42
196104,2026-07-28 08:49:42
196105,2026-07-28 08:49:42
196106,2026-07-28 08:49:42
196107,2026-07-28 08:49:42
196108,2026-07-28 08:49:42
196109,2026-07-28 08:49:42
196110,2026-07-28 08:49:42
196111,2026-07-28 08:49:42
196112,2026-07-28 08:49:42
196113,2026-07-28 08:49:42
196114,2026-07-28 08:49:42
196115,2026-07-28 08:49:42
196116,2026-07-28 08:49:42
196117,2026-07-28 08:49:42
196118,2026-07-28 08:49:42
196119,2026-07-28 08:49:42
196120,2026-07-28 08:49:42
196121,2026-07-28 08:49:42
196122,2026-07-28 08:49:42
196123,2026-07-28 08:49:42
196124,2026-07-28 08:49:42
196125,2026-07-28 08:49:42
196126,2026-07-28 08:49:42
196127,2026-07-28 08:49:42
196128,2026-07-28 08:49:42
196129,2026-07-28 08:49:42
196130,2026-07-28 08:49:42
196131,2026-07-28 08:49:42
196132,2026-07-28 08:49:42
196133,2026-07-28 08:49:42
196134,2026-07-28 08:49:42
196135,2026-07-28 08:49:42
196136,2026-07-28 08:49:42
196137,2026-07-28 08:49:42
196138,2026-07-28 08:49:42
196139,2026-07-28 08:49:42
196140,2026-07-28 08:49:42
196141,2026-07-28 08:49:42
196142,2026-07-28 08:49:42
196143,2026-07-28 08:49:42
196144,2026-07-28 08:49:42
196145,2026-07-28 08:49:42
196146,2026-07-28 08:49:42
196147,2026-07-28 08:49:42
196148,2026-07-28 08:49:42
196149,2026-07-28 08:49:42
196150,2026-07-28 08:49:42
196151,2026-07-28 08:49:42
196152,2026-07-28 08:49:42
196153,2026-07-28 08:49:42
196154,2026-07-28 08:49:42
196155,2026-07-28 08:49:42
196156,2026-07-28 08:49:42
196157,2026-07-28 08:49:42
196158,2026-07-28 08:49:42
196159,2026-07-28 08:49:42
196160,2026-07-28 08:49:42
196161,2026-07-28 08:49:42
196162,2026-07-28 08:49:42
196163,2026-07-28 08:49:42
196164,2026-07-28 08:49:42
196165,2026-07-28 08:49:42
196166,2026-07-28 08:49:42
196167,2026-07-28 08:49:42
196168,2026-07-28 08:49:42
196169,2026-07-28 08:49:42
196170,2026-07-28 08:49:42
196171,2026-07-28 08:49:42
196172,2026-07-28 08:49:42
196173,2026-07-28 08:49:42
196174,2026-07-28 08:49:42
196175,2026-07-28 08:49:42
196176,2026-07-28 08:49:42
196177,2026-07-28 08:49:42
196178,2026-07-28 08:49:42
196179,2026-07-28 08:49:42
196180,2026-07-28 08:49:42
196181,2026-07-28 08:49:42
196182,2026-07-28 08:49:42
196183,2026-07-28 08:49:42
196184,2026-07-28 08:49:42
196185,2026-07-28 08:49:42
196186,2026-07-28 08:49:42
196187,2026-07-28 08:49:42
196188,2026-07-28 08:49:42
196189,2026-07-28 08:49:42
196190,2026-07-28 08:49:42
196191,2026-07-28 08:49:42
196192,2026-07-28 08:49:42
196193,2026-07-28 08:49:42
196194,2026-07-28 08:49:42
196195,2026-07-28 08:49:42
196196,2026-07-28 08:49:42
196197,2026-07-28 08:49:42
196198,2026-07-28 08:49:42
196199,2026-07-28 08:49:42
196200,2026-07-28 08:49:42
196201,2026-07-28 08:49:42
196202,2026-07-28 08:49:42
196203,2026-07-28 08:49:42
196204,2026-07-28 08:49:42
196205,2026-07-28 08:49:42
196206,2026-07-28 08:49:42
196207,2026-07-28 08:49:42
196208,2026-07-28 08:49:42
196209,2026-07-28 08:49:42
196210,2026-07-28 08:49:42
196211,2026-07-28 08:49:42
196212,2026-07-28 08:49:42
196213,2026-07-28 08:49:42
196214,2026-07-28 08:49:42
196215,2026-07-28 08:49:42
196216,2026-07-28 08:49:42
196217,2026-07-28 08:49:42
196218,2026-07-28 08:49:42
196219,2026-07-28 08:49:42
196220,2026-07-28 08:49:42
196221,2026-07-28 08:49:42
196222,2026-07-28 08:49:42
196223,2026-07-28 08:49:42
196224,2026-07-28 08:49:42
196225,2026-07-28 08:49:42
196226,2026-07-28 08:49:42
196227,2026-07-28 08:49:42
196228,2026-07-28 08:49:42
196229,2026-07-28 08:49:42
196230,2026-07-28 08:49:42
196231,2026-07-28 08:49:42
196232,2026-07-28 08:49:42
196233,2026-07-28 08:49:42
196234,2026-07-28 08:49:42
196235,2026-07-28 08:49:42
196236,2026-07-28 08:49:42
196237,2026-07-28 08:49:42
196238,2026-07-28 08:49:42
196239,2026-07-28 08:49:42
196240,2026-07-28 08:49:42
196241,2026-07-28 08:49:42
196242,2026-07-28 08:49:42
196243,2026-07-28 08:49:42
196244,2026-07-28 08:49:42
196245,2026-07-28 08:49:42
196246,2026-07-28 08:49:42
196247,2026-07-28 08:49:42
196248,2026-07-28 08:49:42
196249,2026-07-28 08:49:42
196250,2026-07-28 08:49:42
196251,2026-07-28 08:49:42
196252,2026-07-28 08:49:42
196253,2026-07-28 08:49:42
196254,2026-07-28 08:49:42
196255,2026-07-28 08:49:42
196256,2026-07-28 08:49:42
196257,2026-07-28 08:49:42
196258,2026-07-28 08:49:42
196259,2026-07-28 08:49:42
196260,2026-07-28 08:49:42
196261,2026-07-28 08:49:42
196262,2026-07-28 08:49:42
196263,2026-07-28 08:49:42
196264,2026-07-28 08:49:42
196265,2026-07-28 08:49:42
196266,2026-07-28 08:49:42
196267,2026-07-28 08:49:42
196268,2026-07-28 08:49:42
196269,2026-07-28 08:49:42
196270,2026-07-28 08:49:42
196271,2026-07-28 08:49:42
196272,2026-07-28 08:49:42
196273,2026-07-28 08:49:42
196274,2026-07-28 08:49:42
196275,2026-07-28 08:49:42
196276,2026-07-28 08:49:42
196277,2026-07-28 08:49:42
196278,2026-07-28 08:49:42
196279,2026-07-28 08:49:42
196280,2026-07-28 08:49:42
196281,2026-07-28 08:49:42
196282,2026-07-28 08:49:42
196283,2026-07-28 08:49:42
196284,2026-07-28 08:49:42
196285,2026-07-28 08:49:42
196286,2026-07-28 08:49:42
196287,2026-07-28 08:49:42
196288,2026-07-28 08:49:42
196289,2026-07-28 08:49:42
196290,2026-07-28 08:49:42
196291,2026-07-28 08:49:42
196292,2026-07-28 08:49:42
196293,2026-07-28 08:49:42
196294,2026-07-28 08:49:42
196295,2026-07-28 08:49:42
196296,2026-07-28 08:49:42
196297,2026-07-28 08:49:42
196298,2026-07-28 08:49:42
196299,2026-07-28 08:49:42
196300,2026-07-28 08:49:42
196301,2026-07-28 08:49:42
196302,2026-07-28 08:49:42
196303,2026-07-28 08:49:42
196304,2026-07-28 08:49:42
196305,2026-07-28 08:49:42
196306,2026-07-28 08:49:42
196307,2026-07-28 08:49:42
196308,2026-07-28 08:49:42
196309,2026-07-28 08:49:42
196310,2026-07-28 08:49:42
196311,2026-07-28 08:49:42
196312,2026-07-28 08:49:42
196313,2026-07-28 08:49:42
196314,2026-07-28 08:49:42
196315,2026-07-28 08:49:42
196316,2026-07-28 08:49:42
196317,2026-07-28 08:49:42
196318,2026-07-28 08:49:42
196319,2026-07-28 08:49:42
196320,2026-07-28 08:49:42
196321,2026-07-28 08:49:42
196322,2026-07-28 08:49:42
196323,2026-07-28 08:49:42
196324,2026-07-28 08:49:42
196325,2026-07-28 08:49:42
196326,2026-07-28 08:49:42
196327,2026-07-28 08:49:42
196328,2026-07-28 08:49:42
196329,2026-07-28 08:49:42
196330,2026-07-28 08:49:42
196331,2026-07-28 08:49:42
196332,2026-07-28 08:49:42
196333,2026-07-28 08:49:42
196334,2026-07-28 08:49:42
196335,2026-07-28 08:49:42
196336,2026-07-28 08:49:42
196337,2026-07-28 08:49:42
196338,2026-07-28 08:49:42
196339,2026-07-28 08:49:42
196340,2026-07-28 08:49:42
196341,2026-07-28 08:49:42
196342,2026-07-28 08:49:42
196343,2026-07-28 08:49:42
196344,2026-07-28 08:49:42
196345,2026-07-28 08:49:42
196346,2026-07-28 08:49:42
196347,2026-07-28 08:49:42
196348,2026-07-28 08:49:42
196349,2026-07-28 08:49:42
196350,2026-07-28 08:49:42
196351,2026-07-28 08:49:42
196352,2026-07-28 08:49:42
196353,2026-07-28 08:49:42
196354,2026-07-28 08:49:42
196355,2026-07-28 08:49:42
196356,2026-07-28 08:49:42
196357,2026-07-28 08:49:42
196358,2026-07-28 08:49:42
196359,2026-07-28 08:49:42
196360,2026-07-28 08:49:42
196361,2026-07-28 08:49:42
196362,2026-07-28 08:49:42
196363,2026-07-28 08:49:42
196364,2026-07-28 08:49:42
196365,2026-07-28 08:49:42
196366,2026-07-28 08:49:42
196367,2026-07-28 08:49:42
196368,2026-07-28 08:49:42
196369,2026-07-28 08:49:42
196370,2026-07-28 08:49:42
196371,2026-07-28 08:49:42
196372,2026-07-28 08:49:42
196373,2026-07-28 08:49:42
196374,2026-07-28 08:49:42
196375,2026-07-28 08:49:42
196376,2026-07-28 08:49:42
196377,2026-07-28 08:49:42
196378,2026-07-28 08:49:42
196379,2026-07-28 08:49:42
196380,2026-07-28 08:49:42
196381,2026-07-28 08:49:42
196382,2026-07-28 08:49:42
196383,2026-07-28 08:49:42
196384,2026-07-28 08:49:42
196385,2026-07-28 08:49:42
196386,2026-07-28 08:49:42
196387,2026-07-28 08:49:42
196388,2026-07-28 08:49:42
196389,2026-07-28 08:49:42
196390,2026-07-28 08:49:42
196391,2026-07-28 08:49:42
196392,2026-07-28 08:49:42
196393,2026-07-28 08:49:42
196394,2026-07-28 08:49:42
196395,2026-07-28 08:49:42
196396,2026-07-28 08:49:42
196397,2026-07-28 08:49:42
196398,2026-07-28 08:49:42
196399,2026-07-28 08:49:42
196400,2026-07-28 08:49:42
196401,2026-07-28 08:49:42
196402,2026-07-28 08:49:42
196403,2026-07-28 08:49:42
196404,2026-07-28 08:49:42
196405,2026-07-28 08:49:42
196406,2026-07-28 08:49:42
196407,2026-07-28 08:49:42
196408,2026-07-28 08:49:42
196409,2026-07-28 08:49:42
196410,2026-07-28 08:49:42
196411,2026-07-28 08:49:42
196412,2026-07-28 08:49:42
196413,2026-07-28 08:49:42
196414,2026-07-28 08:49:42
196415,2026-07-28 08:49:42
196416,2026-07-28 08:49:42
196417,2026-07-28 08:49:42
196418,2026-07-28 08:49:42
196419,2026-07-28 08:49:42
196420,2026-07-28 08:49:42
196421,2026-07-28 08:49:42
196422,2026-07-28 08:49:42
196423,2026-07-28 08:49:42
196424,2026-07-28 08:49:42
196425,2026-07-28 08:49:42
196426,2026-07-28 08:49:42
196427,2026-07-28 08:49:42
196428,2026-07-28 08:49:42
196429,2026-07-28 08:49:42
196430,2026-07-28 08:49:42
196431,2026-07-28 08:49:42
196432,2026-07-28 08:49:42
196433,2026-07-28 08:49:42
196434,2026-07-28 08:49:42
196435,2026-07-28 08:49:42
196436,2026-07-28 08:49:42
196437,2026-07-28 08:49:42
196438,2026-07-28 08:49:42
196439,2026-07-28 08:49:42
196440,2026-07-28 08:49:42
196441,2026-07-28 08:49:42
196442,2026-07-28 08:49:42
196443,2026-07-28 08:49:42
196444,2026-07-28 08:49:42
196445,2026-07-28 08:49:42
196446,2026-07-28 08:49:42
196447,2026-07-28 08:49:42
196448,2026-07-28 08:49:42
196449,2026-07-28 08:49:42
196450,2026-07-28 08:49:42
196451,2026-07-28 08:49:42
196452,2026-07-28 08:49:42
196453,2026-07-28 08:49:42
196454,2026-07-28 08:49:42
196455,2026-07-28 08:49:42
196456,2026-07-28 08:49:42
196457,2026-07-28 08:49:42
196458,2026-07-28 08:49:42
196459,2026-07-28 08:49:42
196460,2026-07-28 08:49:42
196461,2026-07-28 08:49:42
196462,2026-07-28 08:49:42
196463,2026-07-28 08:49:42
196464,2026-07-28 08:49:42
196465,2026-07-28 08:49:42
196466,2026-07-28 08:49:42
196467,2026-07-28 08:49:42
196468,2026-07-28 08:49:42
196469,2026-07-28 08:49:42
196470,2026-07-28 08:49:42
196471,2026-07-28 08:49:42
196472,2026-07-28 08:49:42
196473,2026-07-28 08:49:42
196474,2026-07-28 08:49:42
196475,2026-07-28 08:49:42
196476,2026-07-28 08:49:42
196477,2026-07-28 08:49:42
196478,2026-07-28 08:49:42
196479,2026-07-28 08:49:42
196480,2026-07-28 08:49:42
196481,2026-07-28 08:49:42
196482,2026-07-28 08:49:42
196483,2026-07-28 08:49:42
196484,2026-07-28 08:49:42
196485,2026-07-28 08:49:42
196486,2026-07-28 08:49:42
196487,2026-07-28 08:49:42
196488,2026-07-28 08:49:42
196489,2026-07-28 08:49:42
196490,2026-07-28 08:49:42
196491,2026-07-28 08:49:42
196492,2026-07-28 08:49:42
196493,2026-07-28 08:49:42
196494,2026-07-28 08:49:42
196495,2026-07-28 08:49:42
196496,2026-07-28 08:49:42
196497,2026-07-28 08:49:42
196498,2026-07-28 08:49:42
196499,2026-07-28 08:49:42
196500,2026-07-28 08:49:42
196501,2026-07-28 08:49:42
196502,2026-07-28 08:49:42
196503,2026-07-28 08:49:42
196504,2026-07-28 08:49:42
196505,2026-07-28 08:49:42
196506,2026-07-28 08:49:42
196507,2026-07-28 08:49:42
196508,2026-07-28 08:49:42
196509,2026-07-28 08:49:42
196510,2026-07-28 08:49:42
196511,2026-07-28 08:49:42
196512,2026-07-28 08:49:42
196513,2026-07-28 08:49:42
196514,2026-07-28 08:49:42
196515,2026-07-28 08:49:42
196516,2026-07-28 08:49:42
196517,2026-07-28 08:49:42
196518,2026-07-28 08:49:42
196519,2026-07-28 08:49:42
196520,2026-07-28 08:49:42
196521,2026-07-28 08:49:42
196522,2026-07-28 08:49:42
196523,2026-07-28 08:49:42
196524,2026-07-28 08:49:42
196525,2026-07-28 08:49:42
196526,2026-07-28 08:49:42
196527,2026-07-28 08:49:42
196528,2026-07-28 08:49:42
196529,2026-07-28 08:49:42
196530,2026-07-28 08:49:42
196531,2026-07-28 08:49:42
196532,2026-07-28 08:49:42
196533,2026-07-28 08:49:42
196534,2026-07-28 08:49:42
196535,2026-07-28 08:49:42
196536,2026-07-28 08:49:42
196537,2026-07-28 08:49:42
196538,2026-07-28 08:49:42
196539,2026-07-28 08:49:42
196540,2026-07-28 08:49:42
196541,2026-07-28 08:49:42
196542,2026-07-28 08:49:42
196543,2026-07-28 08:49:42
196544,2026-07-28 08:49:42
196545,2026-07-28 08:49:42
196546,2026-07-28 08:49:42
196547,2026-07-28 08:49:42
196548,2026-07-28 08:49:42
196549,2026-07-28 08:49:42
196550,2026-07-28 08:49:42
196551,2026-07-28 08:49:42
196552,2026-07-28 08:49:42
196553,2026-07-28 08:49:42
196554,2026-07-28 08:49:42
196555,2026-07-28 08:49:42
196556,2026-07-28 08:49:42
196557,2026-07-28 08:49:42
196558,2026-07-28 08:49:42
196559,2026-07-28 08:49:42
196560,2026-07-28 08:49:42
196561,2026-07-28 08:49:42
196562,2026-07-28 08:49:42
196563,2026-07-28 08:49:42
196564,2026-07-28 08:49:42
196565,2026-07-28 08:49:42
196566,2026-07-28 08:49:42
196567,2026-07-28 08:49:42
196568,2026-07-28 08:49:42
196569,2026-07-28 08:49:42
196570,2026-07-28 08:49:42
196571,2026-07-28 08:49:42
196572,2026-07-28 08:49:42
196573,2026-07-28 08:49:42
196574,2026-07-28 08:49:42
196575,2026-07-28 08:49:42
196576,2026-07-28 08:49:42
196577,2026-07-28 08:49:42
196578,2026-07-28 08:49:42
196579,2026-07-28 08:49:42
196580,2026-07-28 08:49:42
196581,2026-07-28 08:49:42
196582,2026-07-28 08:49:42
196583,2026-07-28 08:49:42
196584,2026-07-28 08:49:42
196585,2026-07-28 08:49:42
196586,2026-07-28 08:49:42
196587,2026-07-28 08:49:42
196588,2026-07-28 08:49:42
196589,2026-07-28 08:49:42
196590,2026-07-28 08:49:42
196591,2026-07-28 08:49:42
196592,2026-07-28 08:49:42
196593,2026-07-28 08:49:42
196594,2026-07-28 08:49:42
196595,2026-07-28 08:49:42
196596,2026-07-28 08:49:42
196597,2026-07-28 08:49:42
196598,2026-07-28 08:49:42
196599,2026-07-28 08:49:42
196600,2026-07-28 08:49:42
196601,2026-07-28 08:49:42
196602,2026-07-28 08:49:42
196603,2026-07-28 08:49:42
196604,2026-07-28 08:49:42
196605,2026-07-28 08:49:42
196606,2026-07-28 08:49:42
196607,2026-07-28 08:49:42
196608,2026-07-28 08:49:42
196609,2026-07-28 08:49:42
196610,2026-07-28 08:49:42
196611,2026-07-28 08:49:42
196612,2026-07-28 08:49:42
196613,2026-07-28 08:49:42
196614,2026-07-28 08:49:42
196615,2026-07-28 08:49:42
196616,2026-07-28 08:49:42
196617,2026-07-28 08:49:42
196618,2026-07-28 08:49:42
196619,2026-07-28 08:49:42
196620,2026-07-28 08:49:42
196621,2026-07-28 08:49:42
196622,2026-07-28 08:49:42
196623,2026-07-28 08:49:42
196624,2026-07-28 08:49:42
196625,2026-07-28 08:49:42
196626,2026-07-28 08:49:42
196627,2026-07-28 08:49:42
196628,2026-07-28 08:49:42
196629,2026-07-28 08:49:42
196630,2026-07-28 08:49:42
196631,2026-07-28 08:49:42
196632,2026-07-28 08:49:42
196633,2026-07-28 08:49:42
196634,2026-07-28 08:49:42
196635,2026-07-28 08:49:42
196636,2026-07-28 08:49:42
196637,2026-07-28 08:49:42
196638,2026-07-28 08:49:42
196639,2026-07-28 08:49:42
196640,2026-07-28 08:49:42
196641,2026-07-28 08:49:42
196642,2026-07-28 08:49:42
196643,2026-07-28 08:49:42
196644,2026-07-28 08:49:42
196645,2026-07-28 08:49:42
196646,2026-07-28 08:49:42
196647,2026-07-28 08:49:42
196648,2026-07-28 08:49:42
196649,2026-07-28 08:49:42
196650,2026-07-28 08:49:42
196651,2026-07-28 08:49:42
196652,2026-07-28 08:49:42
196653,2026-07-28 08:49:42
196654,2026-07-28 08:49:42
196655,2026-07-28 08:49:42
196656,2026-07-28 08:49:42
196657,2026-07-28 08:49:42
196658,2026-07-28 08:49:42
196659,2026-07-28 08:49:42
196660,2026-07-28 08:49:42
196661,2026-07-28 08:49:42
196662,2026-07-28 08:49:42
196663,2026-07-28 08:49:42
196664,2026-07-28 08:49:42
196665,2026-07-28 08:49:42
196666,2026-07-28 08:49:42
196667,2026-07-28 08:49:42
196668,2026-07-28 08:49:42
196669,2026-07-28 08:49:42
196670,2026-07-28 08:49:42
196671,2026-07-28 08:49:42
196672,2026-07-28 08:49:42
196673,2026-07-28 08:49:42
196674,2026-07-28 08:49:42
196675,2026-07-28 08:49:42
196676,2026-07-28 08:49:42
196677,2026-07-28 08:49:42
196678,2026-07-28 08:49:42
196679,2026-07-28 08:49:42
196680,2026-07-28 08:49:42
196681,2026-07-28 08:49:42
196682,2026-07-28 08:49:42
196683,2026-07-28 08:49:42
196684,2026-07-28 08:49:42
196685,2026-07-28 08:49:42
196686,2026-07-28 08:49:42
196687,2026-07-28 08:49:42
196688,2026-07-28 08:49:42
196689,2026-07-28 08:49:42
196690,2026-07-28 08:49:42
196691,2026-07-28 08:49:42
196692,2026-07-28 08:49:42
196693,2026-07-28 08:49:42
196694,2026-07-28 08:49:42
196695,2026-07-28 08:49:42
196696,2026-07-28 08:49:42
196697,2026-07-28 08:49:42
196698,2026-07-28 08:49:42
196699,2026-07-28 08:49:42
196700,2026-07-28 08:49:42
196701,2026-07-28 08:49:42
196702,2026-07-28 08:49:42
196703,2026-07-28 08:49:42
196704,2026-07-28 08:49:42
196705,2026-07-28 08:49:42
196706,2026-07-28 08:49:42
196707,2026-07-28 08:49:42
196708,2026-07-28 08:49:42
196709,2026-07-28 08:49:42
196710,2026-07-28 08:49:42
196711,2026-07-28 08:49:42
196712,2026-07-28 08:49:42
196713,2026-07-28 08:49:42
196714,2026-07-28 08:49:42
196715,2026-07-28 08:49:42
196716,2026-07-28 08:49:42
196717,2026-07-28 08:49:42
196718,2026-07-28 08:49:42
196719,2026-07-28 08:49:42
196720,2026-07-28 08:49:42
196721,2026-07-28 08:49:42
196722,2026-07-28 08:49:42
196723,2026-07-28 08:49:42
196724,2026-07-28 08:49:42
196725,2026-07-28 08:49:42
196726,2026-07-28 08:49:42
196727,2026-07-28 08:49:42
196728,2026-07-28 08:49:42
196729,2026-07-28 08:49:42
196730,2026-07-28 08:49:42
196731,2026-07-28 08:49:42
196732,2026-07-28 08:49:42
196733,2026-07-28 08:49:42
196734,2026-07-28 08:49:42
196735,2026-07-28 08:49:42
196736,2026-07-28 08:49:42
196737,2026-07-28 08:49:42
196738,2026-07-28 08:49:42
196739,2026-07-28 08:49:42
196740,2026-07-28 08:49:42
196741,2026-07-28 08:49:42
196742,2026-07-28 08:49:42
196743,2026-07-28 08:49:42
196744,2026-07-28 08:49:42
196745,2026-07-28 08:49:42
196746,2026-07-28 08:49:42
196747,2026-07-28 08:49:42
196748,2026-07-28 08:49:42
196749,2026-07-28 08:49:42
196750,2026-07-28 08:49:42
196751,2026-07-28 08:49:42
196752,2026-07-28 08:49:42
196753,2026-07-28 08:49:42
196754,2026-07-28 08:49:42
196755,2026-07-28 08:49:42
196756,2026-07-28 08:49:42
196757,2026-07-28 08:49:42
196758,2026-07-28 08:49:42
196759,2026-07-28 08:49:42
196760,2026-07-28 08:49:42
196761,2026-07-28 08:49:42
196762,2026-07-28 08:49:42
196763,2026-07-28 08:49:42
196764,2026-07-28 08:49:42
196765,2026-07-28 08:49:42
196766,2026-07-28 08:49:42
196767,2026-07-28 08:49:42
196768,2026-07-28 08:49:42
196769,2026-07-28 08:49:42
196770,2026-07-28 08:49:42
196771,2026-07-28 08:49:42
196772,2026-07-28 08:49:42
196773,2026-07-28 08:49:42
196774,2026-07-28 08:49:42
196775,2026-07-28 08:49:42
196776,2026-07-28 08:49:42
196777,2026-07-28 08:49:42
196778,2026-07-28 08:49:42
196779,2026-07-28 08:49:42
196780,2026-07-28 08:49:42
196781,2026-07-28 08:49:42
196782,2026-07-28 08:49:42
196783,2026-07-28 08:49:42
196784,2026-07-28 08:49:42
196785,2026-07-28 08:49:42
196786,2026-07-28 08:49:42
196787,2026-07-28 08:49:42
196788,2026-07-28 08:49:42
196789,2026-07-28 08:49:42
196790,2026-07-28 08:49:42
196791,2026-07-28 08:49:42
196792,2026-07-28 08:49:42
196793,2026-07-28 08:49:42
196794,2026-07-28 08:49:42
196795,2026-07-28 08:49:42
196796,2026-07-28 08:49:42
196797,2026-07-28 08:49:42
196798,2026-07-28 08:49:42
196799,2026-07-28 08:49:42
196800,2026-07-28 08:49:42
196801,2026-07-28 08:49:42
196802,2026-07-28 08:49:42
196803,2026-07-28 08:49:42
196804,2026-07-28 08:49:42
196805,2026-07-28 08:49:42
196806,2026-07-28 08:49:42
196807,2026-07-28 08:49:42
196808,2026-07-28 08:49:42
196809,2026-07-28 08:49:42
196810,2026-07-28 08:49:42
196811,2026-07-28 08:49:42
196812,2026-07-28 08:49:42
196813,2026-07-28 08:49:42
196814,2026-07-28 08:49:42
196815,2026-07-28 08:49:42
196816,2026-07-28 08:49:42
196817,2026-07-28 08:49:42
196818,2026-07-28 08:49:42
196819,2026-07-28 08:49:42
196820,2026-07-28 08:49:42
196821,2026-07-28 08:49:42
196822,2026-07-28 08:49:42
196823,2026-07-28 08:49:42
196824,2026-07-28 08:49:42
196825,2026-07-28 08:49:42
196826,2026-07-28 08:49:42
196827,2026-07-28 08:49:42
196828,2026-07-28 08:49:42
196829,2026-07-28 08:49:42
196830,2026-07-28 08:49:42
196831,2026-07-28 08:49:42
196832,2026-07-28 08:49:42
196833,2026-07-28 08:49:42
196834,2026-07-28 08:49:42
196835,2026-07-28 08:49:42
196836,2026-07-28 08:49:42
196837,2026-07-28 08:49:42
196838,2026-07-28 08:49:42
196839,2026-07-28 08:49:42
196840,2026-07-28 08:49:42
196841,2026-07-28 08:49:42
196842,2026-07-28 08:49:42
196843,2026-07-28 08:49:42
196844,2026-07-28 08:49:42
196845,2026-07-28 08:49:42
196846,2026-07-28 08:49:42
196847,2026-07-28 08:49:42
196848,2026-07-28 08:49:42
196849,2026-07-28 08:49:42
196850,2026-07-28 08:49:42
196851,2026-07-28 08:49:42
196852,2026-07-28 08:49:42
196853,2026-07-28 08:49:42
196854,2026-07-28 08:49:42
196855,2026-07-28 08:49:42
196856,2026-07-28 08:49:42
196857,2026-07-28 08:49:42
196858,2026-07-28 08:49:42
196859,2026-07-28 08:49:42
196860,2026-07-28 08:49:42
196861,2026-07-28 08:49:42
196862,2026-07-28 08:49:42
196863,2026-07-28 08:49:42
196864,2026-07-28 08:49:42
196865,2026-07-28 08:49:42
196866,2026-07-28 08:49:42
196867,2026-07-28 08:49:42
196868,2026-07-28 08:49:42
196869,2026-07-28 08:49:42
196870,2026-07-28 08:49:42
196871,2026-07-28 08:49:42
196872,2026-07-28 08:49:42
196873,2026-07-28 08:49:42
196874,2026-07-28 08:49:42
196875,2026-07-28 08:49:42
196876,2026-07-28 08:49:42
196877,2026-07-28 08:49:42
196878,2026-07-28 08:49:42
196879,2026-07-28 08:49:42
196880,2026-07-28 08:49:42
196881,2026-07-28 08:49:42
196882,2026-07-28 08:49:42
196883,2026-07-28 08:49:42
196884,2026-07-28 08:49:42
196885,2026-07-28 08:49:42
196886,2026-07-28 08:49:42
196887,2026-07-28 08:49:42
196888,2026-07-28 08:49:42
196889,2026-07-28 08:49:42
196890,2026-07-28 08:49:42
196891,2026-07-28 08:49:42
196892,2026-07-28 08:49:42
196893,2026-07-28 08:49:42
196894,2026-07-28 08:49:42
196895,2026-07-28 08:49:42
196896,2026-07-28 08:49:42
196897,2026-07-28 08:49:42
196898,2026-07-28 08:49:42
196899,2026-07-28 08:49:42
196900,2026-07-28 08:49:42
196901,2026-07-28 08:49:42
196902,2026-07-28 08:49:42
196903,2026-07-28 08:49:42
196904,2026-07-28 08:49:42
196905,2026-07-28 08:49:42
196906,2026-07-28 08:49:42
196907,2026-07-28 08:49:42
196908,2026-07-28 08:49:42
196909,2026-07-28 08:49:42
196910,2026-07-28 08:49:42
196911,2026-07-28 08:49:42
196912,2026-07-28 08:49:42
196913,2026-07-28 08:49:42
196914,2026-07-28 08:49:42
196915,2026-07-28 08:49:42
196916,2026-07-28 08:49:42
196917,2026-07-28 08:49:42
196918,2026-07-28 08:49:42
196919,2026-07-28 08:49:42
196920,2026-07-28 08:49:42
196921,2026-07-28 08:49:42
196922,2026-07-28 08:49:42
196923,2026-07-28 08:49:42
196924,2026-07-28 08:49:42
196925,2026-07-28 08:49:42
196926,2026-07-28 08:49:42
196927,2026-07-28 08:49:42
196928,2026-07-28 08:49:42
196929,2026-07-28 08:49:42
196930,2026-07-28 08:49:42
196931,2026-07-28 08:49:42
196932,2026-07-28 08:49:42
196933,2026-07-28 08:49:42
196934,2026-07-28 08:49:42
196935,2026-07-28 08:49:42
196936,2026-07-28 08:49:42
196937,2026-07-28 08:49:42
196938,2026-07-28 08:49:42
196939,2026-07-28 08:49:42
196940,2026-07-28 08:49:42
196941,2026-07-28 08:49:42
196942,2026-07-28 08:49:42
196943,2026-07-28 08:49:42
196944,2026-07-28 08:49:42
196945,2026-07-28 08:49:42
196946,2026-07-28 08:49:42
196947,2026-07-28 08:49:42
196948,2026-07-28 08:49:42
196949,2026-07-28 08:49:42
196950,2026-07-28 08:49:42
196951,2026-07-28 08:49:42
196952,2026-07-28 08:49:42
196953,2026-07-28 08:49:42
196954,2026-07-28 08:49:42
196955,2026-07-28 08:49:42
196956,2026-07-28 08:49:42
196957,2026-07-28 08:49:42
196958,2026-07-28 08:49:42
196959,2026-07-28 08:49:42
196960,2026-07-28 08:49:42
196961,2026-07-28 08:49:42
196962,2026-07-28 08:49:42
196963,2026-07-28 08:49:42
196964,2026-07-28 08:49:42
196965,2026-07-28 08:49:42
196966,2026-07-28 08:49:42
196967,2026-07-28 08:49:42
196968,2026-07-28 08:49:42
196969,2026-07-28 08:49:42
196970,2026-07-28 08:49:42
196971,2026-07-28 08:49:42
196972,2026-07-28 08:49:42
196973,2026-07-28 08:49:42
196974,2026-07-28 08:49:42
196975,2026-07-28 08:49:42
196976,2026-07-28 08:49:42
196977,2026-07-28 08:49:42
196978,2026-07-28 08:49:42
196979,2026-07-28 08:49:42
196980,2026-07-28 08:49:42
196981,2026-07-28 08:49:42
196982,2026-07-28 08:49:42
196983,2026-07-28 08:49:42
196984,2026-07-28 08:49:42
196985,2026-07-28 08:49:42
196986,2026-07-28 08:49:42
196987,2026-07-28 08:49:42
196988,2026-07-28 08:49:42
196989,2026-07-28 08:49:42
196990,2026-07-28 08:49:42
196991,2026-07-28 08:49:42
196992,2026-07-28 08:49:42
196993,2026-07-28 08:49:42
196994,2026-07-28 08:49:42
196995,2026-07-28 08:49:42
196996,2026-07-28 08:49:42
196997,2026-07-28 08:49:42
196998,2026-07-28 08:49:42
196999,2026-07-28 08:49:42
197000,2026-07-28 08:49:42
197001,2026-07-28 08:49:42
197002,2026-07-28 08:49:42
197003,2026-07-28 08:49:42
197004,2026-07-28 08:49:42
197005,2026-07-28 08:49:42
197006,2026-07-28 08:49:42
197007,2026-07-28 08:49:42
197008,2026-07-28 08:49:42
197009,2026-07-28 08:49:42
197010,2026-07-28 08:49:42
197011,2026-07-28 08:49:42
197012,2026-07-28 08:49:42
197013,2026-07-28 08:49:42
197014,2026-07-28 08:49:42
197015,2026-07-28 08:49:42
197016,2026-07-28 08:49:42
197017,2026-07-28 08:49:42
197018,2026-07-28 08:49:42
197019,2026-07-28 08:49:42
197020,2026-07-28 08:49:42
197021,2026-07-28 08:49:42
197022,2026-07-28 08:49:42
197023,2026-07-28 08:49:42
197024,2026-07-28 08:49:42
197025,2026-07-28 08:49:42
197026,2026-07-28 08:49:42
197027,2026-07-28 08:49:42
197028,2026-07-28 08:49:42
197029,2026-07-28 08:49:42
197030,2026-07-28 08:49:42
197031,2026-07-28 08:49:42
197032,2026-07-28 08:49:42
197033,2026-07-28 08:49:42
197034,2026-07-28 08:49:42
197035,2026-07-28 08:49:42
197036,2026-07-28 08:49:42
197037,2026-07-28 08:49:42
197038,2026-07-28 08:49:42
197039,2026-07-28 08:49:42
197040,2026-07-28 08:49:42
197041,2026-07-28 08:49:42
197042,2026-07-28 08:49:42
197043,2026-07-28 08:49:42
197044,2026-07-28 08:49:42
197045,2026-07-28 08:49:42
197046,2026-07-28 08:49:42
197047,2026-07-28 08:49:42
197048,2026-07-28 08:49:42
197049,2026-07-28 08:49:42
197050,2026-07-28 08:49:42
197051,2026-07-28 08:49:42
197052,2026-07-28 08:49:42
197053,2026-07-28 08:49:42
197054,2026-07-28 08:49:42
197055,2026-07-28 08:49:42
197056,2026-07-28 08:49:42
197057,2026-07-28 08:49:42
197058,2026-07-28 08:49:42
197059,2026-07-28 08:49:42
197060,2026-07-28 08:49:42
197061,2026-07-28 08:49:42
197062,2026-07-28 08:49:42
197063,2026-07-28 08:49:42
197064,2026-07-28 08:49:42
197065,2026-07-28 08:49:42
197066,2026-07-28 08:49:42
197067,2026-07-28 08:49:42
197068,2026-07-28 08:49:42
197069,2026-07-28 08:49:42
197070,2026-07-28 08:49:42
197071,2026-07-28 08:49:42
197072,2026-07-28 08:49:42
197073,2026-07-28 08:49:42
197074,2026-07-28 08:49:42
197075,2026-07-28 08:49:42
197076,2026-07-28 08:49:42
197077,2026-07-28 08:49:42
197078,2026-07-28 08:49:42
197079,2026-07-28 08:49:42
197080,2026-07-28 08:49:42
197081,2026-07-28 08:49:42
197082,2026-07-28 08:49:42
197083,2026-07-28 08:49:42
197084,2026-07-28 08:49:42
197085,2026-07-28 08:49:42
197086,2026-07-28 08:49:42
197087,2026-07-28 08:49:42
197088,2026-07-28 08:49:42
197089,2026-07-28 08:49:42
197090,2026-07-28 08:49:42
197091,2026-07-28 08:49:42
197092,2026-07-28 08:49:42
197093,2026-07-28 08:49:42
197094,2026-07-28 08:49:42
197095,2026-07-28 08:49:42
197096,2026-07-28 08:49:42
197097,2026-07-28 08:49:42
197098,2026-07-28 08:49:42
197099,2026-07-28 08:49:42
197100,2026-07-28 08:49:42
197101,2026-07-28 08:49:42
197102,2026-07-28 08:49:42
197103,2026-07-28 08:49:42
197104,2026-07-28 08:49:42
197105,2026-07-28 08:49:42
197106,2026-07-28 08:49:42
197107,2026-07-28 08:49:42
197108,2026-07-28 08:49:42
197109,2026-07-28 08:49:42
197110,2026-07-28 08:49:42
197111,2026-07-28 08:49:42
197112,2026-07-28 08:49:42
197113,2026-07-28 08:49:42
197114,2026-07-28 08:49:42
197115,2026-07-28 08:49:42
197116,2026-07-28 08:49:42
197117,2026-07-28 08:49:42
197118,2026-07-28 08:49:42
197119,2026-07-28 08:49:42
197120,2026-07-28 08:49:42
197121,2026-07-28 08:49:42
197122,2026-07-28 08:49:42
197123,2026-07-28 08:49:42
197124,2026-07-28 08:49:42
197125,2026-07-28 08:49:42
197126,2026-07-28 08:49:42
197127,2026-07-28 08:49:42
197128,2026-07-28 08:49:42
197129,2026-07-28 08:49:42
197130,2026-07-28 08:49:42
197131,2026-07-28 08:49:42
197132,2026-07-28 08:49:42
197133,2026-07-28 08:49:42
197134,2026-07-28 08:49:42
197135,2026-07-28 08:49:42
197136,2026-07-28 08:49:42
197137,2026-07-28 08:49:42
197138,2026-07-28 08:49:42
197139,2026-07-28 08:49:42
197140,2026-07-28 08:49:42
197141,2026-07-28 08:49:42
197142,2026-07-28 08:49:42
197143,2026-07-28 08:49:42
197144,2026-07-28 08:49:42
197145,2026-07-28 08:49:42
197146,2026-07-28 08:49:42
197147,2026-07-28 08:49:42
197148,2026-07-28 08:49:42
197149,2026-07-28 08:49:42
197150,2026-07-28 08:49:42
197151,2026-07-28 08:49:42
197152,2026-07-28 08:49:42
197153,2026-07-28 08:49:42
197154,2026-07-28 08:49:42
197155,2026-07-28 08:49:42
197156,2026-07-28 08:49:42
197157,2026-07-28 08:49:42
197158,2026-07-28 08:49:42
197159,2026-07-28 08:49:42
197160,2026-07-28 08:49:42
197161,2026-07-28 08:49:42
197162,2026-07-28 08:49:42
197163,2026-07-28 08:49:42
197164,2026-07-28 08:49:42
197165,2026-07-28 08:49:42
197166,2026-07-28 08:49:42
197167,2026-07-28 08:49:42
197168,2026-07-28 08:49:42
197169,2026-07-28 08:49:42
197170,2026-07-28 08:49:42
197171,2026-07-28 08:49:42
197172,2026-07-28 08:49:42
197173,2026-07-28 08:49:42
197174,2026-07-28 08:49:42
197175,2026-07-28 08:49:42
197176,2026-07-28 08:49:42
197177,2026-07-28 08:49:42
197178,2026-07-28 08:49:42
197179,2026-07-28 08:49:42
197180,2026-07-28 08:49:42
197181,2026-07-28 08:49:42
197182,2026-07-28 08:49:42
197183,2026-07-28 08:49:42
197184,2026-07-28 08:49:42
197185,2026-07-28 08:49:42
197186,2026-07-28 08:49:42
197187,2026-07-28 08:49:42
197188,2026-07-28 08:49:42
197189,2026-07-28 08:49:42
197190,2026-07-28 08:49:42
197191,2026-07-28 08:49:42
197192,2026-07-28 08:49:42
197193,2026-07-28 08:49:42
197194,2026-07-28 08:49:42
197195,2026-07-28 08:49:42
197196,2026-07-28 08:49:42
197197,2026-07-28 08:49:42
197198,2026-07-28 08:49:42
197199,2026-07-28 08:49:42
197200,2026-07-28 08:49:42
197201,2026-07-28 08:49:42
197202,2026-07-28 08:49:42
197203,2026-07-28 08:49:42
197204,2026-07-28 08:49:42
197205,2026-07-28 08:49:42
197206,2026-07-28 08:49:42
197207,2026-07-28 08:49:42
197208,2026-07-28 08:49:42
197209,2026-07-28 08:49:42
197210,2026-07-28 08:49:42
197211,2026-07-28 08:49:42
197212,2026-07-28 08:49:42
197213,2026-07-28 08:49:42
197214,2026-07-28 08:49:42
197215,2026-07-28 08:49:42
197216,2026-07-28 08:49:42
197217,2026-07-28 08:49:42
197218,2026-07-28 08:49:42
197219,2026-07-28 08:49:42
197220,2026-07-28 08:49:42
197221,2026-07-28 08:49:42
197222,2026-07-28 08:49:42
197223,2026-07-28 08:49:42
197224,2026-07-28 08:49:42
197225,2026-07-28 08:49:42
197226,2026-07-28 08:49:42
197227,2026-07-28 08:49:42
197228,2026-07-28 08:49:42
197229,2026-07-28 08:49:42
197230,2026-07-28 08:49:42
197231,2026-07-28 08:49:42
197232,2026-07-28 08:49:42
197233,2026-07-28 08:49:42
197234,2026-07-28 08:49:42
197235,2026-07-28 08:49:42
197236,2026-07-28 08:49:42
197237,2026-07-28 08:49:42
197238,2026-07-28 08:49:42
197239,2026-07-28 08:49:42
197240,2026-07-28 08:49:42
197241,2026-07-28 08:49:42
197242,2026-07-28 08:49:42
197243,2026-07-28 08:49:42
197244,2026-07-28 08:49:42
197245,2026-07-28 08:49:42
197246,2026-07-28 08:49:42
197247,2026-07-28 08:49:42
197248,2026-07-28 08:49:42
197249,2026-07-28 08:49:42
197250,2026-07-28 08:49:42
197251,2026-07-28 08:49:42
197252,2026-07-28 08:49:42
197253,2026-07-28 08:49:42
197254,2026-07-28 08:49:42
197255,2026-07-28 08:49:42
197256,2026-07-28 08:49:42
197257,2026-07-28 08:49:42
197258,2026-07-28 08:49:42
197259,2026-07-28 08:49:42
197260,2026-07-28 08:49:42
197261,2026-07-28 08:49:42
197262,2026-07-28 08:49:42
197263,2026-07-28 08:49:42
197264,2026-07-28 08:49:42
197265,2026-07-28 08:49:42
197266,2026-07-28 08:49:42
197267,2026-07-28 08:49:42
197268,2026-07-28 08:49:42
197269,2026-07-28 08:49:42
197270,2026-07-28 08:49:42
197271,2026-07-28 08:49:42
197272,2026-07-28 08:49:42
197273,2026-07-28 08:49:42
197274,2026-07-28 08:49:42
197275,2026-07-28 08:49:42
197276,2026-07-28 08:49:42
197277,2026-07-28 08:49:42
197278,2026-07-28 08:49:42
197279,2026-07-28 08:49:42
197280,2026-07-28 08:49:42
197281,2026-07-28 08:49:42
197282,2026-07-28 08:49:42
197283,2026-07-28 08:49:42
197284,2026-07-28 08:49:42
197285,2026-07-28 08:49:42
197286,2026-07-28 08:49:42
197287,2026-07-28 08:49:42
197288,2026-07-28 08:49:42
197289,2026-07-28 08:49:42
197290,2026-07-28 08:49:42
197291,2026-07-28 08:49:42
197292,2026-07-28 08:49:42
197293,2026-07-28 08:49:42
197294,2026-07-28 08:49:42
197295,2026-07-28 08:49:42
197296,2026-07-28 08:49:42
197297,2026-07-28 08:49:42
197298,2026-07-28 08:49:42
197299,2026-07-28 08:49:42
197300,2026-07-28 08:49:42
197301,2026-07-28 08:49:42
197302,2026-07-28 08:49:42
197303,2026-07-28 08:49:42
197304,2026-07-28 08:49:42
197305,2026-07-28 08:49:42
197306,2026-07-28 08:49:42
197307,2026-07-28 08:49:42
197308,2026-07-28 08:49:42
197309,2026-07-28 08:49:42
197310,2026-07-28 08:49:42
197311,2026-07-28 08:49:42
197312,2026-07-28 08:49:42
197313,2026-07-28 08:49:42
197314,2026-07-28 08:49:42
197315,2026-07-28 08:49:42
197316,2026-07-28 08:49:42
197317,2026-07-28 08:49:42
197318,2026-07-28 08:49:42
197319,2026-07-28 08:49:42
197320,2026-07-28 08:49:42
197321,2026-07-28 08:49:42
197322,2026-07-28 08:49:42
197323,2026-07-28 08:49:42
197324,2026-07-28 08:49:42
197325,2026-07-28 08:49:42
197326,2026-07-28 08:49:42
197327,2026-07-28 08:49:42
197328,2026-07-28 08:49:42
197329,2026-07-28 08:49:42
197330,2026-07-28 08:49:42
197331,2026-07-28 08:49:42
197332,2026-07-28 08:49:42
197333,2026-07-28 08:49:42
197334,2026-07-28 08:49:42
197335,2026-07-28 08:49:42
197336,2026-07-28 08:49:42
197337,2026-07-28 08:49:42
197338,2026-07-28 08:49:42
197339,2026-07-28 08:49:42
197340,2026-07-28 08:49:42
197341,2026-07-28 08:49:42
197342,2026-07-28 08:49:42
197343,2026-07-28 08:49:42
197344,2026-07-28 08:49:42
197345,2026-07-28 08:49:42
197346,2026-07-28 08:49:42
197347,2026-07-28 08:49:42
197348,2026-07-28 08:49:42
197349,2026-07-28 08:49:42
197350,2026-07-28 08:49:42
197351,2026-07-28 08:49:42
197352,2026-07-28 08:49:42
197353,2026-07-28 08:49:42
197354,2026-07-28 08:49:42
197355,2026-07-28 08:49:42
197356,2026-07-28 08:49:42
197357,2026-07-28 08:49:42
197358,2026-07-28 08:49:42
197359,2026-07-28 08:49:42
197360,2026-07-28 08:49:42
197361,2026-07-28 08:49:42
197362,2026-07-28 08:49:42
197363,2026-07-28 08:49:42
197364,2026-07-28 08:49:42
197365,2026-07-28 08:49:42
197366,2026-07-28 08:49:42
197367,2026-07-28 08:49:42
197368,2026-07-28 08:49:42
197369,2026-07-28 08:49:42
197370,2026-07-28 08:49:42
197371,2026-07-28 08:49:42
197372,2026-07-28 08:49:42
197373,2026-07-28 08:49:42
197374,2026-07-28 08:49:42
197375,2026-07-28 08:49:42
197376,2026-07-28 08:49:42
197377,2026-07-28 08:49:42
197378,2026-07-28 08:49:42
197379,2026-07-28 08:49:42
197380,2026-07-28 08:49:42
197381,2026-07-28 08:49:42
197382,2026-07-28 08:49:42
197383,2026-07-28 08:49:42
197384,2026-07-28 08:49:42
197385,2026-07-28 08:49:42
197386,2026-07-28 08:49:42
197387,2026-07-28 08:49:42
197388,2026-07-28 08:49:42
197389,2026-07-28 08:49:42
197390,2026-07-28 08:49:42
197391,2026-07-28 08:49:42
197392,2026-07-28 08:49:42
197393,2026-07-28 08:49:42
197394,2026-07-28 08:49:42
197395,2026-07-28 08:49:42
197396,2026-07-28 08:49:42
197397,2026-07-28 08:49:42
197398,2026-07-28 08:49:42
197399,2026-07-28 08:49:42
197400,2026-07-28 08:49:42
197401,2026-07-28 08:49:42
197402,2026-07-28 08:49:42
197403,2026-07-28 08:49:42
197404,2026-07-28 08:49:42
197405,2026-07-28 08:49:42
197406,2026-07-28 08:49:42
197407,2026-07-28 08:49:42
197408,2026-07-28 08:49:42
197409,2026-07-28 08:49:42
197410,2026-07-28 08:49:42
197411,2026-07-28 08:49:42
197412,2026-07-28 08:49:42
197413,2026-07-28 08:49:42
197414,2026-07-28 08:49:42
197415,2026-07-28 08:49:42
197416,2026-07-28 08:49:42
197417,2026-07-28 08:49:42
197418,2026-07-28 08:49:42
197419,2026-07-28 08:49:42
197420,2026-07-28 08:49:42
197421,2026-07-28 08:49:42
197422,2026-07-28 08:49:42
197423,2026-07-28 08:49:42
197424,2026-07-28 08:49:42
197425,2026-07-28 08:49:42
197426,2026-07-28 08:49:42
197427,2026-07-28 08:49:42
197428,2026-07-28 08:49:42
197429,2026-07-28 08:49:42
197430,2026-07-28 08:49:42
197431,2026-07-28 08:49:42
197432,2026-07-28 08:49:42
197433,2026-07-28 08:49:42
197434,2026-07-28 08:49:42
197435,2026-07-28 08:49:42
197436,2026-07-28 08:49:42
197437,2026-07-28 08:49:42
197438,2026-07-28 08:49:42
197439,2026-07-28 08:49:42
197440,2026-07-28 08:49:42
197441,2026-07-28 08:49:42
197442,2026-07-28 08:49:42
197443,2026-07-28 08:49:42
197444,2026-07-28 08:49:42
197445,2026-07-28 08:49:42
197446,2026-07-28 08:49:42
197447,2026-07-28 08:49:42
197448,2026-07-28 08:49:42
197449,2026-07-28 08:49:42
197450,2026-07-28 08:49:42
197451,2026-07-28 08:49:42
197452,2026-07-28 08:49:42
197453,2026-07-28 08:49:42
197454,2026-07-28 08:49:42
197455,2026-07-28 08:49:42
197456,2026-07-28 08:49:42
197457,2026-07-28 08:49:42
197458,2026-07-28 08:49:42
197459,2026-07-28 08:49:42
197460,2026-07-28 08:49:42
197461,2026-07-28 08:49:42
197462,2026-07-28 08:49:42
197463,2026-07-28 08:49:42
197464,2026-07-28 08:49:42
197465,2026-07-28 08:49:42
197466,2026-07-28 08:49:42
197467,2026-07-28 08:49:42
197468,2026-07-28 08:49:42
197469,2026-07-28 08:49:42
197470,2026-07-28 08:49:42
197471,2026-07-28 08:49:42
197472,2026-07-28 08:49:42
197473,2026-07-28 08:49:42
197474,2026-07-28 08:49:42
197475,2026-07-28 08:49:42
197476,2026-07-28 08:49:42
197477,2026-07-28 08:49:42
197478,2026-07-28 08:49:42
197479,2026-07-28 08:49:42
197480,2026-07-28 08:49:42
197481,2026-07-28 08:49:42
197482,2026-07-28 08:49:42
197483,2026-07-28 08:49:42
197484,2026-07-28 08:49:42
197485,2026-07-28 08:49:42
197486,2026-07-28 08:49:42
197487,2026-07-28 08:49:42
197488,2026-07-28 08:49:42
197489,2026-07-28 08:49:42
197490,2026-07-28 08:49:42
197491,2026-07-28 08:49:42
197492,2026-07-28 08:49:42
197493,2026-07-28 08:49:42
197494,2026-07-28 08:49:42
197495,2026-07-28 08:49:42
197496,2026-07-28 08:49:42
197497,2026-07-28 08:49:42
197498,2026-07-28 08:49:42
197499,2026-07-28 08:49:42
197500,2026-07-28 08:49:42
197501,2026-07-28 08:49:42
197502,2026-07-28 08:49:42
197503,2026-07-28 08:49:42
197504,2026-07-28 08:49:42
197505,2026-07-28 08:49:42
197506,2026-07-28 08:49:42
197507,2026-07-28 08:49:42
197508,2026-07-28 08:49:42
197509,2026-07-28 08:49:42
197510,2026-07-28 08:49:42
197511,2026-07-28 08:49:42
197512,2026-07-28 08:49:42
197513,2026-07-28 08:49:42
197514,2026-07-28 08:49:42
197515,2026-07-28 08:49:42
197516,2026-07-28 08:49:42
197517,2026-07-28 08:49:42
197518,2026-07-28 08:49:42
197519,2026-07-28 08:49:42
197520,2026-07-28 08:49:42
197521,2026-07-28 08:49:42
197522,2026-07-28 08:49:42
197523,2026-07-28 08:49:42
197524,2026-07-28 08:49:42
197525,2026-07-28 08:49:42
197526,2026-07-28 08:49:42
197527,2026-07-28 08:49:42
197528,2026-07-28 08:49:42
197529,2026-07-28 08:49:42
197530,2026-07-28 08:49:42
197531,2026-07-28 08:49:42
197532,2026-07-28 08:49:42
197533,2026-07-28 08:49:42
197534,2026-07-28 08:49:42
197535,2026-07-28 08:49:42
197536,2026-07-28 08:49:42
197537,2026-07-28 08:49:42
197538,2026-07-28 08:49:42
197539,2026-07-28 08:49:42
197540,2026-07-28 08:49:42
197541,2026-07-28 08:49:42
197542,2026-07-28 08:49:42
197543,2026-07-28 08:49:42
197544,2026-07-28 08:49:42
197545,2026-07-28 08:49:42
197546,2026-07-28 08:49:42
197547,2026-07-28 08:49:42
197548,2026-07-28 08:49:42
197549,2026-07-28 08:49:42
197550,2026-07-28 08:49:42
197551,2026-07-28 08:49:42
197552,2026-07-28 08:49:42
197553,2026-07-28 08:49:42
197554,2026-07-28 08:49:42
197555,2026-07-28 08:49:42
197556,2026-07-28 08:49:42
197557,2026-07-28 08:49:42
197558,2026-07-28 08:49:42
197559,2026-07-28 08:49:42
197560,2026-07-28 08:49:42
197561,2026-07-28 08:49:42
197562,2026-07-28 08:49:42
197563,2026-07-28 08:49:42
197564,2026-07-28 08:49:42
197565,2026-07-28 08:49:42
197566,2026-07-28 08:49:42
197567,2026-07-28 08:49:42
197568,2026-07-28 08:49:42
197569,2026-07-28 08:49:42
197570,2026-07-28 08:49:42
197571,2026-07-28 08:49:42
197572,2026-07-28 08:49:42
197573,2026-07-28 08:49:42
197574,2026-07-28 08:49:42
197575,2026-07-28 08:49:42
197576,2026-07-28 08:49:42
197577,2026-07-28 08:49:42
197578,2026-07-28 08:49:42
197579,2026-07-28 08:49:42
197580,2026-07-28 08:49:42
197581,2026-07-28 08:49:42
197582,2026-07-28 08:49:42
197583,2026-07-28 08:49:42
197584,2026-07-28 08:49:42
197585,2026-07-28 08:49:42
197586,2026-07-28 08:49:42
197587,2026-07-28 08:49:42
197588,2026-07-28 08:49:42
197589,2026-07-28 08:49:42
197590,2026-07-28 08:49:42
197591,2026-07-28 08:49:42
197592,2026-07-28 08:49:42
197593,2026-07-28 08:49:42
197594,2026-07-28 08:49:42
197595,2026-07-28 08:49:42
197596,2026-07-28 08:49:42
197597,2026-07-28 08:49:42
197598,2026-07-28 08:49:42
197599,2026-07-28 08:49:42
197600,2026-07-28 08:49:42
197601,2026-07-28 08:49:42
197602,2026-07-28 08:49:42
197603,2026-07-28 08:49:42
197604,2026-07-28 08:49:42
197605,2026-07-28 08:49:42
197606,2026-07-28 08:49:42
197607,2026-07-28 08:49:42
197608,2026-07-28 08:49:42
197609,2026-07-28 08:49:42
197610,2026-07-28 08:49:42
197611,2026-07-28 08:49:42
197612,2026-07-28 08:49:42
197613,2026-07-28 08:49:42
197614,2026-07-28 08:49:42
197615,2026-07-28 08:49:42
197616,2026-07-28 08:49:42
197617,2026-07-28 08:49:42
197618,2026-07-28 08:49:42
197619,2026-07-28 08:49:42
197620,2026-07-28 08:49:42
197621,2026-07-28 08:49:42
197622,2026-07-28 08:49:42
197623,2026-07-28 08:49:42
197624,2026-07-28 08:49:42
197625,2026-07-28 08:49:42
197626,2026-07-28 08:49:42
197627,2026-07-28 08:49:42
197628,2026-07-28 08:49:42
197629,2026-07-28 08:49:42
197630,2026-07-28 08:49:42
197631,2026-07-28 08:49:42
197632,2026-07-28 08:49:42
197633,2026-07-28 08:49:42
197634,2026-07-28 08:49:42
197635,2026-07-28 08:49:42
197636,2026-07-28 08:49:42
197637,2026-07-28 08:49:42
197638,2026-07-28 08:49:42
197639,2026-07-28 08:49:42
197640,2026-07-28 08:49:42
197641,2026-07-28 08:49:42
197642,2026-07-28 08:49:42
197643,2026-07-28 08:49:42
197644,2026-07-28 08:49:42
197645,2026-07-28 08:49:42
197646,2026-07-28 08:49:42
197647,2026-07-28 08:49:42
197648,2026-07-28 08:49:42
197649,2026-07-28 08:49:42
197650,2026-07-28 08:49:42
197651,2026-07-28 08:49:42
197652,2026-07-28 08:49:42
197653,2026-07-28 08:49:42
197654,2026-07-28 08:49:42
197655,2026-07-28 08:49:42
197656,2026-07-28 08:49:42
197657,2026-07-28 08:49:42
197658,2026-07-28 08:49:42
197659,2026-07-28 08:49:42
197660,2026-07-28 08:49:42
197661,2026-07-28 08:49:42
197662,2026-07-28 08:49:42
197663,2026-07-28 08:49:42
197664,2026-07-28 08:49:42
197665,2026-07-28 08:49:42
197666,2026-07-28 08:49:42
197667,2026-07-28 08:49:42
197668,2026-07-28 08:49:42
197669,2026-07-28 08:49:42
197670,2026-07-28 08:49:42
197671,2026-07-28 08:49:42
197672,2026-07-28 08:49:42
197673,2026-07-28 08:49:42
197674,2026-07-28 08:49:42
197675,2026-07-28 08:49:42
197676,2026-07-28 08:49:42
197677,2026-07-28 08:49:42
197678,2026-07-28 08:49:42
197679,2026-07-28 08:49:42
197680,2026-07-28 08:49:42
197681,2026-07-28 08:49:42
197682,2026-07-28 08:49:42
197683,2026-07-28 08:49:42
197684,2026-07-28 08:49:42
197685,2026-07-28 08:49:42
197686,2026-07-28 08:49:42
197687,2026-07-28 08:49:42
197688,2026-07-28 08:49:42
197689,2026-07-28 08:49:42
197690,2026-07-28 08:49:42
197691,2026-07-28 08:49:42
197692,2026-07-28 08:49:42
197693,2026-07-28 08:49:42
197694,2026-07-28 08:49:42
197695,2026-07-28 08:49:42
197696,2026-07-28 08:49:42
197697,2026-07-28 08:49:42
197698,2026-07-28 08:49:42
197699,2026-07-28 08:49:42
197700,2026-07-28 08:49:42
197701,2026-07-28 08:49:42
197702,2026-07-28 08:49:42
197703,2026-07-28 08:49:42
197704,2026-07-28 08:49:42
197705,2026-07-28 08:49:42
197706,2026-07-28 08:49:42
197707,2026-07-28 08:49:42
197708,2026-07-28 08:49:42
197709,2026-07-28 08:49:42
197710,2026-07-28 08:49:42
197711,2026-07-28 08:49:42
197712,2026-07-28 08:49:42
197713,2026-07-28 08:49:42
197714,2026-07-28 08:49:42
197715,2026-07-28 08:49:42
197716,2026-07-28 08:49:42
197717,2026-07-28 08:49:42
197718,2026-07-28 08:49:42
197719,2026-07-28 08:49:42
197720,2026-07-28 08:49:42
197721,2026-07-28 08:49:42
197722,2026-07-28 08:49:42
197723,2026-07-28 08:49:42
197724,2026-07-28 08:49:42
197725,2026-07-28 08:49:42
197726,2026-07-28 08:49:42
197727,2026-07-28 08:49:42
197728,2026-07-28 08:49:42
197729,2026-07-28 08:49:42
197730,2026-07-28 08:49:42
197731,2026-07-28 08:49:42
197732,2026-07-28 08:49:42
197733,2026-07-28 08:49:42
197734,2026-07-28 08:49:42
197735,2026-07-28 08:49:42
197736,2026-07-28 08:49:42
197737,2026-07-28 08:49:42
197738,2026-07-28 08:49:42
197739,2026-07-28 08:49:42
197740,2026-07-28 08:49:42
197741,2026-07-28 08:49:42
197742,2026-07-28 08:49:42
197743,2026-07-28 08:49:42
197744,2026-07-28 08:49:42
197745,2026-07-28 08:49:42
197746,2026-07-28 08:49:42
197747,2026-07-28 08:49:42
197748,2026-07-28 08:49:42
197749,2026-07-28 08:49:42
197750,2026-07-28 08:49:42
197751,2026-07-28 08:49:42
197752,2026-07-28 08:49:42
197753,2026-07-28 08:49:42
197754,2026-07-28 08:49:42
197755,2026-07-28 08:49:42
197756,2026-07-22 13:37:56
197757,2026-07-22 13:39:16
197758,2026-07-22 13:56:19
197759,2026-07-22 14:04:37
197760,2026-07-22 14:11:08
197761,2026-07-22 14:10:16
197762,2026-07-22 14:17:18
197763,2026-07-22 14:24:28
197764,2026-07-22 14:32:11
197765,2026-07-22 14:36:09
197766,2026-07-22 14:51:09
197767,2026-07-22 14:54:57
197768,2026-07-22 14:56:22
197769,2026-07-22 15:01:48
197770,2026-07-22 15:02:26
197771,2026-07-22 15:18:05
197772,2026-07-22 15:21:34
197773,2026-07-22 15:22:17
197774,2026-07-22 15:25:52
197775,2026-07-22 15:29:28
197776,2026-07-22 15:30:45
197777,2026-07-22 15:33:50
197778,2026-07-22 15:39:31
197779,2026-07-22 15:41:17
197780,2026-07-22 15:43:30
197781,2026-07-22 15:44:58
197782,2026-07-22 15:49:42
197783,2026-07-22 15:52:54
197784,2026-07-22 15:54:54
197785,2026-07-22 16:01:05
197786,2026-07-22 16:05:01
197787,2026-07-22 16:11:21
197788,2026-07-22 16:15:28
197789,2026-07-22 16:16:37
197790,2026-07-22 16:22:46
197791,2026-07-22 16:33:14
197792,2026-07-22 16:36:38
197793,2026-07-22 16:41:34
197794,2026-07-22 16:43:21
197795,2026-07-22 16:46:55
197796,2026-07-22 16:57:22
197797,2026-07-22 16:59:37
197798,2026-07-22 17:02:40
197799,2026-07-22 18:06:34
197800,2026-07-22 18:13:49
197801,2026-07-22 18:19:28
197802,2026-07-22 18:25:26
197803,2026-07-22 18:28:14
197804,2026-07-22 18:30:30
197805,2026-07-22 18:33:39
197806,2026-07-22 18:41:06
197807,2026-07-22 18:44:23
197808,2026-07-22 18:45:41
197809,2026-07-22 18:49:23
197810,2026-07-22 18:56:45
197811,2026-07-22 18:58:29
197812,2026-07-22 19:00:45
197813,2026-07-22 19:00:56
197814,2026-07-22 19:04:55
197815,2026-07-22 19:06:22
197816,2026-07-22 19:07:31
197817,2026-07-22 19:12:29
197818,2026-07-22 19:16:50
197819,2026-07-22 19:18:32
197820,2026-07-22 19:24:24
197821,2026-07-22 19:25:34
197822,2026-07-22 19:28:59
197823,2026-07-22 19:32:10
197824,2026-07-22 19:43:24
197825,2026-07-22 19:43:30
197826,2026-07-22 19:43:30
197827,2026-07-22 19:43:32
197828,2026-07-22 19:43:35
197829,2026-07-22 19:43:37
197830,2026-07-22 19:43:40
197831,2026-07-22 19:49:56
197832,2026-07-22 19:53:27
197833,2026-07-22 19:57:42
197834,2026-07-22 20:21:40
197835,2026-07-22 20:24:50
197836,2026-07-22 20:36:34
197837,2026-07-22 20:45:56
197838,2026-07-22 20:58:27
197839,2026-07-22 21:01:13
197840,2026-07-22 21:12:03
197841,2026-07-22 21:15:45
197842,2026-07-22 21:29:41
197843,2026-07-22 21:29:43
197844,2026-07-22 21:29:47
197845,2026-07-22 21:29:50
197846,2026-07-22 21:32:16
197847,2026-07-22 21:40:39
197848,2026-07-22 21:44:08
197849,2026-07-22 21:53:06
197850,2026-07-22 21:58:24
197851,2026-07-22 22:05:34
197852,2026-07-22 22:06:29
197853,2026-07-22 22:09:45
197854,2026-07-22 22:10:43
197855,2026-07-22 22:14:35
197856,2026-07-22 22:15:08
197857,2026-07-22 22:16:54
197858,2026-07-22 22:16:57
197859,2026-07-22 22:17:46
197860,2026-07-22 22:17:56
197861,2026-07-22 22:17:16
197862,2026-07-22 22:19:13
197863,2026-07-22 22:20:02
197864,2026-07-22 22:22:38
197865,2026-07-22 22:23:33
197866,2026-07-22 22:25:30
197867,2026-07-22 22:26:14
197868,2026-07-22 22:28:34
197869,2026-07-22 22:29:15
197870,2026-07-22 22:30:43
197871,2026-07-22 22:32:10
197872,2026-07-22 22:34:22
197873,2026-07-22 22:37:24
197874,2026-07-22 22:39:14
197875,2026-07-22 22:53:09
197876,2026-07-23 07:44:09
197877,2026-07-23 11:38:03
197878,2026-07-23 13:41:13
197879,2026-07-23 13:47:00
197880,2026-07-23 13:51:01
197881,2026-07-23 13:56:09
197882,2026-07-23 13:58:08
197883,2026-07-23 13:59:27
197884,2026-07-23 14:01:26
197885,2026-07-23 14:12:12
197886,2026-07-23 14:15:31
197887,2026-07-23 14:16:35
197888,2026-07-23 14:20:47
197889,2026-07-23 14:20:57
197890,2026-07-23 14:22:00
197891,2026-07-23 14:28:35
197892,2026-07-23 14:36:43
197893,2026-07-23 14:41:27
197894,2026-07-23 14:43:20
197895,2026-07-23 14:45:09
197896,2026-07-23 14:45:57
197897,2026-07-23 14:49:00
197898,2026-07-23 14:52:42
197899,2026-07-23 14:53:10
197900,2026-07-23 14:58:00
197901,2026-07-23 14:59:28
197902,2026-07-23 15:03:35
197903,2026-07-23 15:13:24
197904,2026-07-23 15:15:37
197905,2026-07-23 15:16:41
197906,2026-07-23 15:31:30
197907,2026-07-23 15:32:28
197908,2026-07-23 15:35:07
197909,2026-07-23 15:35:11
197910,2026-07-23 15:39:42
197911,2026-07-23 15:41:22
197912,2026-07-23 15:42:44
197913,2026-07-23 15:45:35
197914,2026-07-23 15:48:03
197915,2026-07-23 15:50:42
197916,2026-07-23 15:52:21
197917,2026-07-23 15:53:29
197918,2026-07-23 16:04:31
197919,2026-07-23 16:05:06
197920,2026-07-23 16:07:11
197921,2026-07-23 16:10:20
197922,2026-07-23 17:08:29
197923,2026-07-23 17:10:18
197924,2026-07-23 17:12:52
197925,2026-07-23 17:15:19
197926,2026-07-23 17:16:24
197927,2026-07-23 17:18:48
197928,2026-07-23 17:22:27
197929,2026-07-23 17:23:28
197930,2026-07-23 17:28:37
197931,2026-07-23 17:29:20
197932,2026-07-23 17:32:06
197933,2026-07-23 17:38:59
197934,2026-07-23 18:00:34
197935,2026-07-23 18:04:15
197936,2026-07-23 18:16:49
197937,2026-07-23 18:16:54
197938,2026-07-23 18:19:39
197939,2026-07-23 18:24:15
197940,2026-07-23 18:26:53
197941,2026-07-23 18:36:52
197942,2026-07-23 18:39:48
197943,2026-07-23 18:43:16
197944,2026-07-23 18:47:38
197945,2026-07-23 18:54:19
197946,2026-07-23 18:59:39
197947,2026-07-23 19:07:39
197948,2026-07-23 19:13:47
197949,2026-07-23 19:25:24
197950,2026-07-23 19:26:49
197951,2026-07-23 19:29:22
197952,2026-07-23 19:31:37
197953,2026-07-23 19:35:44
197954,2026-07-23 19:36:19
197955,2026-07-23 19:38:58
197956,2026-07-23 19:39:27
197957,2026-07-23 19:39:53
197958,2026-07-23 19:42:20
197959,2026-07-23 19:43:24
197960,2026-07-23 19:44:59
197961,2026-07-23 19:45:49
197962,2026-07-23 19:47:50
197963,2026-07-23 19:48:46
197964,2026-07-23 19:49:32
197965,2026-07-23 19:50:19
197966,2026-07-23 19:51:38
197967,2026-07-23 19:53:42
197968,2026-07-23 19:54:40
197969,2026-07-23 19:55:23
197970,2026-07-23 19:56:25
197971,2026-07-23 19:57:15
197972,2026-07-23 19:58:42
197973,2026-07-23 19:59:20
197974,2026-07-23 20:52:59
197975,2026-07-23 20:53:01
197976,2026-07-23 20:53:05
197977,2026-07-23 20:53:08
197978,2026-07-24 07:35:25
197979,2026-07-24 07:36:05
197980,2026-07-24 07:36:53
197981,2026-07-24 13:30:13
197982,2026-07-24 13:38:52
197983,2026-07-24 13:39:31
197984,2026-07-24 13:42:24
197985,2026-07-24 13:45:09
197986,2026-07-24 13:52:27
197987,2026-07-24 14:02:30
197988,2026-07-24 14:07:01
197989,2026-07-24 14:09:04
197990,2026-07-24 14:15:02
197991,2026-07-24 14:38:02
197992,2026-07-24 14:40:19
197993,2026-07-24 14:41:16
197994,2026-07-24 14:47:47
197995,2026-07-24 14:55:50
197996,2026-07-24 14:58:29
197997,2026-07-24 14:58:57
197998,2026-07-24 15:03:21
197999,2026-07-24 15:04:17
198000,2026-07-24 15:11:25
198001,2026-07-24 15:20:23
198002,2026-07-24 15:24:03
198003,2026-07-24 15:26:30
198004,2026-07-24 15:29:23
198005,2026-07-24 15:30:56
198006,2026-07-24 15:31:57
198007,2026-07-24 15:34:02
198008,2026-07-24 15:35:31
198009,2026-07-24 15:41:29
198010,2026-07-24 15:46:23
198011,2026-07-24 15:48:04
198012,2026-07-24 15:48:48
198013,2026-07-24 16:22:20
198014,2026-07-24 16:28:27
198015,2026-07-24 16:30:40
198016,2026-07-24 16:31:48
198017,2026-07-24 16:35:48
198018,2026-07-24 16:38:18
198019,2026-07-24 16:44:35
198020,2026-07-24 16:47:32
198021,2026-07-24 18:17:07
198022,2026-07-24 18:22:34
198023,2026-07-24 18:32:04
198024,2026-07-24 18:32:07
198025,2026-07-24 18:32:09
198026,2026-07-24 18:32:12
198027,2026-07-24 18:32:15
198028,2026-07-24 18:32:23
198029,2026-07-24 18:33:06
198030,2026-07-24 18:34:43
198031,2026-07-24 18:35:57
198032,2026-07-24 18:37:49
198033,2026-07-24 18:40:28
198034,2026-07-24 18:42:05
198035,2026-07-24 18:53:31
198036,2026-07-24 18:56:48
198037,2026-07-24 18:58:28
198038,2026-07-24 18:58:30
198039,2026-07-24 18:58:33
198040,2026-07-24 18:58:35
198041,2026-07-24 19:01:31
198042,2026-07-24 19:04:51
198043,2026-07-24 19:09:04
198044,2026-07-24 19:14:42
198045,2026-07-24 19:21:19
198046,2026-07-24 19:27:58
198047,2026-07-24 19:37:23
198048,2026-07-24 19:44:46
198049,2026-07-24 19:46:56
198050,2026-07-24 19:48:26
198051,2026-07-24 19:53:55
198052,2026-07-24 19:55:58
198053,2026-07-24 19:58:40
198054,2026-07-24 20:02:10
198055,2026-07-24 20:06:47
198056,2026-07-24 20:24:17
198057,2026-07-24 20:35:02
198058,2026-07-24 20:36:39
198059,2026-07-24 20:38:40
198060,2026-07-24 20:42:24
198061,2026-07-24 20:42:54
198062,2026-07-24 20:46:11
198063,2026-07-24 20:47:26
198064,2026-07-24 20:49:56
198065,2026-07-24 20:52:32
198066,2026-07-24 20:53:36
198067,2026-07-24 20:57:11
198068,2026-07-24 20:57:44
198069,2026-07-24 21:01:47
198070,2026-07-24 21:04:44
198071,2026-07-24 21:09:01
198072,2026-07-24 21:15:53
198073,2026-07-24 21:21:23
198074,2026-07-24 21:23:16
198075,2026-07-24 21:32:04
198076,2026-07-24 21:33:50
198077,2026-07-24 21:39:17
198078,2026-07-24 21:46:12
198079,2026-07-24 21:58:14
198080,2026-07-24 22:04:16
198081,2026-07-24 22:46:50
198082,2026-07-24 22:49:15
198083,2026-07-24 22:52:47
198084,2026-07-24 22:54:00
198085,2026-07-24 23:01:57
198086,2026-07-24 23:06:29
198087,2026-07-24 23:07:07
198088,2026-07-24 23:11:11
198089,2026-07-24 23:14:40
198090,2026-07-24 23:16:51
198091,2026-07-24 23:19:48
198092,2026-07-24 23:20:19
198093,2026-07-24 23:21:44
198094,2026-07-24 23:21:47
198095,2026-07-24 23:21:50
198096,2026-07-24 23:21:52
198097,2026-07-24 23:21:55
198098,2026-07-24 23:21:58
198099,2026-07-24 23:22:01
198100,2026-07-24 23:22:05
198101,2026-07-24 23:22:07
198102,2026-07-24 23:22:12
198103,2026-07-24 23:22:16
198104,2026-07-24 23:23:48
198105,2026-07-24 23:24:26
198106,2026-07-24 23:30:02
198107,2026-07-24 23:35:06
198108,2026-07-24 23:36:26
198109,2026-07-24 23:39:29
198110,2026-07-24 23:40:59
198111,2026-07-24 23:41:02
198112,2026-07-24 23:41:02
198113,2026-07-24 23:41:02
198114,2026-07-24 23:41:27
198115,2026-07-24 23:41:31
198116,2026-07-24 23:41:33
198117,2026-07-24 23:41:37
198118,2026-07-24 23:42:53
198119,2026-07-24 23:44:32
198120,2026-07-24 23:48:06
198121,2026-07-24 23:50:50
198122,2026-07-24 23:54:34
198123,2026-07-24 23:55:22
198124,2026-07-24 23:57:33
198125,2026-07-25 00:04:43
198126,2026-07-25 00:05:32
198127,2026-07-25 00:17:06
198128,2026-07-25 00:18:31
198129,2026-07-25 00:21:10
198130,2026-07-25 00:21:28
198131,2026-07-25 00:23:13
198132,2026-07-25 00:23:45
198133,2026-07-25 00:24:05
198134,2026-07-25 00:25:32
198135,2026-07-25 00:26:17
198136,2026-07-25 00:27:49
198137,2026-07-25 00:28:13
198138,2026-07-25 00:30:34
198139,2026-07-25 00:30:11
198140,2026-07-25 00:31:06
198141,2026-07-25 00:32:25
198142,2026-07-25 00:33:54
198143,2026-07-25 00:33:25
198144,2026-07-25 00:34:49
198145,2026-07-25 00:35:30
198146,2026-07-25 00:36:57
198147,2026-07-25 00:37:26
198148,2026-07-25 00:38:40
198149,2026-07-25 00:40:39
198150,2026-07-25 00:44:48
198151,2026-07-25 00:57:28
198152,2026-07-25 00:57:41
198153,2026-07-25 00:57:49
198154,2026-07-25 00:57:49
198155,2026-07-25 01:12:06
198156,2026-07-25 08:23:04
198157,2026-07-25 11:55:42
198158,2026-07-25 13:16:29
198159,2026-07-25 13:45:49
198160,2026-07-25 13:50:18
198161,2026-07-25 13:53:44
198162,2026-07-25 13:54:51
198163,2026-07-25 13:57:35
198164,2026-07-25 14:20:06
198165,2026-07-25 14:20:20
198166,2026-07-25 14:21:27
198167,2026-07-25 14:23:19
198168,2026-07-25 14:25:25
198169,2026-07-25 14:25:33
198170,2026-07-25 14:29:14
198171,2026-07-25 14:30:31
198172,2026-07-25 14:31:05
198173,2026-07-25 14:31:36
198174,2026-07-25 14:34:45
198175,2026-07-26 10:51:18
198176,2026-07-26 10:56:04
198177,2026-07-26 11:18:52
198178,2026-07-26 11:20:02
198179,2026-07-26 11:21:53
198180,2026-07-26 11:22:46
198181,2026-07-26 11:24:59
198182,2026-07-26 11:25:56
198183,2026-07-26 11:27:17
198184,2026-07-26 11:27:58
198185,2026-07-26 11:29:55
198186,2026-07-26 11:30:46
198187,2026-07-26 11:31:39
198188,2026-07-26 11:32:15
198189,2026-07-26 11:34:45
198190,2026-07-26 11:35:36
198191,2026-07-26 11:48:05
198192,2026-07-26 11:48:08
198193,2026-07-26 11:48:12
198194,2026-07-26 11:48:14
198195,2026-07-26 11:48:17
198196,2026-07-26 12:03:19
198197,2026-07-26 13:07:11
198198,2026-07-26 13:07:50
198199,2026-07-26 13:14:02
198200,2026-07-26 13:17:57
198201,2026-07-26 13:28:30
198202,2026-07-26 13:30:37
198203,2026-07-26 13:34:38
198204,2026-07-26 13:36:52
198205,2026-07-26 13:41:03
198206,2026-07-26 13:43:18
198207,2026-07-26 13:44:11
198208,2026-07-26 13:47:13
198209,2026-07-26 13:48:45
198210,2026-07-26 13:56:38
198211,2026-07-26 13:57:39
198212,2026-07-26 13:59:55
198213,2026-07-26 14:01:47
198214,2026-07-26 14:03:46
198215,2026-07-26 14:05:32
198216,2026-07-26 14:17:09
198217,2026-07-26 14:18:25
198218,2026-07-26 14:20:14
198219,2026-07-26 14:22:59
198220,2026-07-26 14:24:56
198221,2026-07-26 14:28:15
198222,2026-07-26 14:29:32
198223,2026-07-26 14:31:28
198224,2026-07-26 14:34:00
198225,2026-07-26 14:35:06
198226,2026-07-26 14:42:59
198227,2026-07-26 14:45:43
198228,2026-07-26 14:51:48
198229,2026-07-26 14:56:05
198230,2026-07-26 14:57:04
198231,2026-07-26 15:01:19
198232,2026-07-26 15:02:05
198233,2026-07-26 15:13:02
198234,2026-07-26 15:15:25
198235,2026-07-26 15:27:05
198236,2026-07-26 15:30:04
198237,2026-07-26 15:31:10
198238,2026-07-26 15:40:31
198239,2026-07-26 15:43:54
198240,2026-07-26 15:44:50
198241,2026-07-26 15:53:45
198242,2026-07-26 15:55:04
198243,2026-07-26 15:59:58
198244,2026-07-26 16:04:12
198245,2026-07-26 16:11:02
198246,2026-07-26 16:11:48
198247,2026-07-26 16:24:13
198248,2026-07-26 16:26:55
198249,2026-07-26 16:30:34
198250,2026-07-26 16:31:20
198251,2026-07-26 16:37:13
198252,2026-07-26 16:38:03
198253,2026-07-26 16:41:37
198254,2026-07-26 16:44:50
198255,2026-07-26 16:47:09
198256,2026-07-26 16:49:37
198257,2026-07-26 16:52:59
198258,2026-07-26 16:55:28
198259,2026-07-26 16:57:31
198260,2026-07-26 17:00:24
198261,2026-07-26 17:04:13
198262,2026-07-26 17:43:30
198263,2026-07-26 17:48:59
198264,2026-07-26 17:53:50
198265,2026-07-26 17:55:26
198266,2026-07-26 17:57:10
198267,2026-07-26 17:58:06
198268,2026-07-26 18:00:16
198269,2026-07-26 18:02:55
198270,2026-07-26 18:04:24
198271,2026-07-26 18:08:54
198272,2026-07-26 18:09:23
198273,2026-07-26 18:14:29
198274,2026-07-26 18:18:46
198275,2026-07-26 18:19:40
198276,2026-07-26 18:21:31
198277,2026-07-26 18:27:55
198278,2026-07-26 18:28:57
198279,2026-07-26 18:36:53
198280,2026-07-26 18:39:15
198281,2026-07-26 18:40:40
198282,2026-07-26 18:41:36
198283,2026-07-26 18:49:13
198284,2026-07-26 18:50:18
198285,2026-07-26 18:53:06
198286,2026-07-26 18:57:08
198287,2026-07-26 18:58:53
198288,2026-07-26 19:00:40
198289,2026-07-26 19:01:59
198290,2026-07-26 19:04:44
198291,2026-07-26 19:05:26
198292,2026-07-26 19:07:35
198293,2026-07-26 19:08:16
198294,2026-07-26 19:10:28
198295,2026-07-26 19:12:16
198296,2026-07-26 19:13:01
198297,2026-07-26 19:14:07
198298,2026-07-26 19:15:27
198299,2026-07-26 19:16:06
198300,2026-07-26 19:17:30
198301,2026-07-26 19:18:22
198302,2026-07-26 19:19:36
198303,2026-07-26 19:20:09
198304,2026-07-26 19:21:29
198305,2026-07-26 19:23:11
198306,2026-07-26 19:23:37
198307,2026-07-26 19:24:13
198308,2026-07-26 19:25:09
198309,2026-07-26 19:26:17
198310,2026-07-27 12:21:50
198311,2026-07-27 12:22:00
198312,2026-07-27 13:12:50
198313,2026-07-27 13:30:30
198314,2026-07-27 13:46:27
198315,2026-07-27 13:47:58
198316,2026-07-27 13:55:09
198317,2026-07-27 13:57:13
198318,2026-07-27 13:59:12
198319,2026-07-27 14:02:07
198320,2026-07-27 14:04:43
198321,2026-07-27 14:05:48
198322,2026-07-27 14:09:26
198323,2026-07-27 14:11:28
198324,2026-07-27 14:12:39
198325,2026-07-27 14:27:47
198326,2026-07-27 14:31:08
198327,2026-07-27 14:34:08
198328,2026-07-27 14:36:17
198329,2026-07-27 14:36:49
198330,2026-07-27 14:40:53
198331,2026-07-27 14:41:23
198332,2026-07-27 14:45:19
198333,2026-07-27 14:53:56
198334,2026-07-27 14:55:54
198335,2026-07-27 15:01:41
198336,2026-07-27 15:09:38
198337,2026-07-27 15:11:34
198338,2026-07-27 15:12:37
198339,2026-07-27 15:14:09
198340,2026-07-27 15:19:24
198341,2026-07-27 15:24:16
198342,2026-07-27 15:24:52
198343,2026-07-27 15:28:29
198344,2026-07-27 15:29:42
198345,2026-07-27 15:33:18
198346,2026-07-27 15:34:53
198347,2026-07-27 15:38:46
198348,2026-07-27 15:39:18
198349,2026-07-27 15:41:03
198350,2026-07-27 15:43:16
198351,2026-07-27 15:46:17
198352,2026-07-27 15:51:44
198353,2026-07-27 15:57:34
198354,2026-07-27 15:59:00
198355,2026-07-27 16:04:35
198356,2026-07-27 16:09:16
198357,2026-07-27 16:13:38
198358,2026-07-27 16:17:45
198359,2026-07-27 16:18:44
198360,2026-07-27 16:20:24
198361,2026-07-27 16:22:28
198362,2026-07-27 16:24:56
198363,2026-07-27 16:31:42
198364,2026-07-27 16:36:28
198365,2026-07-27 16:39:22
198366,2026-07-27 16:40:02
198367,2026-07-27 16:44:04
198368,2026-07-27 16:44:37
198369,2026-07-27 16:47:37
198370,2026-07-27 16:49:26
198371,2026-07-27 16:55:47
198372,2026-07-27 16:59:50
198373,2026-07-27 17:00:24
198374,2026-07-27 17:02:37
198375,2026-07-27 17:08:38
198376,2026-07-27 18:13:46
198377,2026-07-27 18:17:49
198378,2026-07-27 18:20:08
198379,2026-07-27 18:20:55
198380,2026-07-27 18:27:57
198381,2026-07-27 18:33:09
198382,2026-07-27 18:35:42
198383,2026-07-27 18:39:28
198384,2026-07-27 18:40:36
198385,2026-07-27 18:57:17
198386,2026-07-27 18:57:53
198387,2026-07-27 18:59:21
198388,2026-07-27 19:02:55
198389,2026-07-27 19:09:30
198390,2026-07-27 19:12:15
198391,2026-07-27 19:13:13
198392,2026-07-27 19:16:18
198393,2026-07-27 19:18:54
198394,2026-07-27 19:23:40
198395,2026-07-27 19:26:37
198396,2026-07-27 19:29:13
198397,2026-07-27 19:30:02
198398,2026-07-27 19:30:56
198399,2026-07-27 19:34:57
198400,2026-07-27 19:37:50
198401,2026-07-27 19:47:12
198402,2026-07-27 19:50:25
198403,2026-07-27 19:50:56
198404,2026-07-27 19:53:57
198405,2026-07-27 19:55:35
198406,2026-07-27 19:57:11
198407,2026-07-27 19:58:42
198408,2026-07-27 20:00:15
198409,2026-07-27 20:03:50
198410,2026-07-27 20:05:11
198411,2026-07-27 20:11:44
198412,2026-07-27 20:16:27
198413,2026-07-27 20:17:18
198414,2026-07-27 20:18:23
198415,2026-07-27 20:19:23
198416,2026-07-27 20:20:03
198417,2026-07-27 20:21:19
198418,2026-07-27 20:21:51
198419,2026-07-27 20:22:54
198420,2026-07-27 20:23:27
198421,2026-07-27 20:25:27
198422,2026-07-27 20:25:56
198423,2026-07-27 20:26:17
198424,2026-07-27 20:27:02
198425,2026-07-27 20:30:03
198426,2026-07-27 20:30:27
198427,2026-07-27 20:30:48
198428,2026-07-27 20:31:43
198429,2026-07-27 21:01:29
198430,2026-07-27 21:13:02
198431,2026-07-27 21:15:13
198432,2026-07-27 21:16:51
198433,2026-07-27 21:21:19
198434,2026-07-27 21:27:16
198435,2026-07-27 21:30:04
198436,2026-07-27 21:30:23
198437,2026-07-27 21:30:49
198438,2026-07-27 21:32:25
198439,2026-07-27 21:34:48
198440,2026-07-27 21:34:50
198441,2026-07-27 21:34:55
198442,2026-07-27 21:34:57
198443,2026-07-27 21:35:02
198444,2026-07-27 21:35:07
198445,2026-07-27 21:35:26
198446,2026-07-27 21:35:28
198447,2026-07-27 21:35:31
198448,2026-07-27 21:35:33
198449,2026-07-27 21:35:35
198450,2026-07-27 21:35:38
198451,2026-07-27 21:33:45
198452,2026-07-27 21:34:22
198453,2026-07-27 21:35:50
198454,2026-07-27 21:36:23
198455,2026-07-27 21:37:23
198456,2026-07-27 21:38:10
198457,2026-07-27 21:39:58
198458,2026-07-27 21:41:18
198459,2026-07-27 21:41:42
198460,2026-07-28 07:43:23
198461,2026-07-28 13:23:53
198462,2026-07-28 13:27:33
198463,2026-07-28 13:38:17
198464,2026-07-28 13:47:17
198465,2026-07-28 13:48:03
198466,2026-07-28 13:54:23
198467,2026-07-28 14:01:45
198468,2026-07-28 14:06:33
198469,2026-07-28 14:09:47
198470,2026-07-28 14:13:01
198471,2026-07-28 14:13:23
198472,2026-07-28 14:17:50
198473,2026-07-28 14:25:05
198474,2026-07-28 14:25:43
198475,2026-07-28 14:26:54
198476,2026-07-28 14:30:28
198477,2026-07-28 14:35:01
198478,2026-07-28 14:39:23
198479,2026-07-28 14:44:44
198480,2026-07-28 14:48:47
198481,2026-07-28 14:50:43
198482,2026-07-28 14:54:33
198483,2026-07-28 14:57:08
198484,2026-07-28 14:58:14
198485,2026-07-28 15:10:43
198486,2026-07-28 15:11:24
198487,2026-07-28 15:14:54
198488,2026-07-28 15:16:48
198489,2026-07-28 15:20:38
198490,2026-07-28 15:27:50
198491,2026-07-28 15:28:52
198492,2026-07-28 15:32:20
198493,2026-07-28 15:36:08
198494,2026-07-28 15:37:50
198495,2026-07-28 15:43:20
198496,2026-07-28 15:47:31
198497,2026-07-28 15:50:11
198498,2026-07-28 15:59:42
198499,2026-07-28 15:59:45
198500,2026-07-28 16:01:11
198501,2026-07-28 16:04:59
198502,2026-07-28 16:05:04
198503,2026-07-28 16:13:12
198504,2026-07-28 16:20:23
198505,2026-07-28 16:25:39
198506,2026-07-28 16:28:38
198507,2026-07-28 16:28:32
198508,2026-07-28 16:31:39
198509,2026-07-28 16:33:18
198510,2026-07-28 16:36:47
198511,2026-07-28 16:45:18
198512,2026-07-28 16:51:12
198513,2026-07-28 16:51:17
198514,2026-07-28 17:17:42
198515,2026-07-28 18:07:15
198516,2026-07-28 18:10:55
198517,2026-07-28 18:11:52
198518,2026-07-28 18:15:20
198519,2026-07-28 18:18:03
198520,2026-07-28 18:22:25
198521,2026-07-28 18:24:35
198522,2026-07-28 18:27:02
198523,2026-07-28 18:27:48
198524,2026-07-28 18:31:24
198525,2026-07-28 18:34:21
198526,2026-07-28 18:35:25
198527,2026-07-28 18:41:40
198528,2026-07-28 18:42:40
198529,2026-07-28 18:44:54
198530,2026-07-28 18:49:06
198531,2026-07-28 18:50:15
198532,2026-07-28 18:58:39
198533,2026-07-28 19:01:02
198534,2026-07-28 19:03:00
198535,2026-07-28 19:06:20
198536,2026-07-28 19:08:02
198537,2026-07-28 19:12:12
198538,2026-07-28 19:15:19
198539,2026-07-28 19:17:00
198540,2026-07-28 19:18:28
198541,2026-07-28 19:21:19
198542,2026-07-28 19:26:23
198543,2026-07-28 19:29:28
198544,2026-07-28 19:32:10
198545,2026-07-28 19:34:35
198546,2026-07-28 19:35:01
198547,2026-07-28 19:38:36
198548,2026-07-28 19:38:47
198549,2026-07-28 19:42:59
198550,2026-07-28 19:53:27
198551,2026-07-28 19:54:24
198552,2026-07-28 19:56:36
198553,2026-07-28 19:57:59
198554,2026-07-28 20:02:30
198555,2026-07-28 20:02:36
198556,2026-07-28 20:03:33
198557,2026-07-28 20:05:08
198558,2026-07-28 20:06:56
198559,2026-07-28 20:07:45
198560,2026-07-28 20:09:18
198561,2026-07-28 20:09:22
198562,2026-07-28 20:12:21
198563,2026-07-28 20:12:34
198564,2026-07-28 20:13:01
198565,2026-07-28 20:13:39
198566,2026-07-28 20:14:18
198567,2026-07-28 20:16:48
198568,2026-07-28 20:17:24
198569,2026-07-28 20:17:51
198570,2026-07-28 20:21:16
198571,2026-07-28 20:21:55
198572,2026-07-28 20:23:00
198573,2026-07-28 20:29:02
198574,2026-07-28 20:29:17
198575,2026-07-28 20:31:28
198576,2026-07-28 20:33:53
198577,2026-07-28 20:35:33
198578,2026-07-28 21:02:22
198579,2026-07-28 21:03:07
198580,2026-07-28 21:05:15
198581,2026-07-28 21:08:12
198582,2026-07-28 21:15:11
198583,2026-07-28 21:15:51
198584,2026-07-28 21:17:08
198585,2026-07-28 21:17:45
198586,2026-07-28 21:19:02
198587,2026-07-28 21:20:09
198588,2026-07-28 21:23:13
198589,2026-07-28 21:23:48
198590,2026-07-28 21:30:10
198591,2026-07-28 21:30:15
198592,2026-07-28 21:31:37
198593,2026-07-28 21:33:25
198594,2026-07-28 21:33:42
198595,2026-07-28 21:35:22
198596,2026-07-28 21:36:08
198597,2026-07-28 21:38:41
198598,2026-07-28 21:59:31
198599,2026-07-28 21:59:35
198600,2026-07-28 21:59:38
198601,2026-07-28 21:59:42
198602,2026-07-28 21:59:48
198603,2026-07-28 21:59:51
198604,2026-07-28 21:59:55
198605,2026-07-28 22:21:58
198606,2026-07-29 12:33:21
198607,2026-07-29 12:51:31
198608,2026-07-29 13:31:40
198609,2026-07-29 13:33:32
198610,2026-07-29 13:51:59
198611,2026-07-29 13:52:04
198612,2026-07-29 13:52:29
198613,2026-07-29 13:55:53
198614,2026-07-29 13:57:31
198615,2026-07-29 14:16:17
198616,2026-07-29 14:17:19
198617,2026-07-29 14:16:42
198618,2026-07-29 14:20:13
198619,2026-07-29 14:21:55
198620,2026-07-29 14:25:22
198621,2026-07-29 14:27:48
198622,2026-07-29 14:30:14
198623,2026-07-29 14:38:32
198624,2026-07-29 14:48:27
198625,2026-07-29 14:59:38
198626,2026-07-29 15:12:06
198627,2026-07-29 15:13:19
198628,2026-07-29 15:15:33
198629,2026-07-29 15:17:51
198630,2026-07-29 15:20:40
198631,2026-07-29 15:25:40
198632,2026-07-29 15:29:58
198633,2026-07-29 15:34:18
198634,2026-07-29 15:35:44
198635,2026-07-29 15:38:23
198636,2026-07-29 15:42:04
198637,2026-07-29 15:46:30
198638,2026-07-29 15:48:23
198639,2026-07-29 15:51:11
198640,2026-07-29 15:57:20
198641,2026-07-29 16:01:23
198642,2026-07-29 16:05:54
198643,2026-07-29 16:06:51
198644,2026-07-29 16:09:48
198645,2026-07-29 16:13:52
198646,2026-07-29 16:15:09
198647,2026-07-29 16:18:19
198648,2026-07-29 16:19:55
198649,2026-07-29 16:26:45
198650,2026-07-29 16:29:50
198651,2026-07-29 16:31:34
198652,2026-07-29 16:33:50
198653,2026-07-29 16:36:30
198654,2026-07-29 16:38:35
198655,2026-07-29 16:43:40
198656,2026-07-29 16:45:34
198657,2026-07-29 16:50:22
198658,2026-07-29 16:54:51
198659,2026-07-29 16:56:02
198660,2026-07-29 16:57:09
198661,2026-07-29 17:03:47
198662,2026-07-29 17:05:10
198663,2026-07-29 17:41:19
198664,2026-07-29 18:02:18
198665,2026-07-29 18:03:23
198666,2026-07-29 18:09:00
198667,2026-07-29 18:14:33
198668,2026-07-29 18:15:08
198669,2026-07-29 18:18:42
198670,2026-07-29 18:22:12
198671,2026-07-29 18:26:59
198672,2026-07-29 18:27:52
198673,2026-07-29 18:34:08
198674,2026-07-29 18:38:38
198675,2026-07-29 18:41:07
198676,2026-07-29 18:44:08
198677,2026-07-29 18:45:12
198678,2026-07-29 18:48:10
198679,2026-07-29 18:59:51
198680,2026-07-29 19:00:40
198681,2026-07-29 19:08:39
198682,2026-07-29 19:10:15
198683,2026-07-29 19:18:16
198684,2026-07-29 19:20:31
198685,2026-07-29 19:22:06
198686,2026-07-29 19:23:44
198687,2026-07-29 19:27:09
198688,2026-07-29 19:27:45
198689,2026-07-29 19:29:03
198690,2026-07-29 19:31:18
198691,2026-07-29 19:34:21
198692,2026-07-29 19:42:39
198693,2026-07-29 19:42:41
198694,2026-07-29 19:46:10
198695,2026-07-29 19:51:17
198696,2026-07-29 19:52:21
198697,2026-07-29 19:57:08
198698,2026-07-29 19:57:10
198699,2026-07-29 20:04:22
198700,2026-07-29 20:06:16
198701,2026-07-29 20:07:45
198702,2026-07-29 20:11:57
198703,2026-07-29 20:13:15
198704,2026-07-29 20:14:43
198705,2026-07-29 20:15:20
198706,2026-07-29 20:16:24
198707,2026-07-29 20:17:13
198708,2026-07-29 20:18:27
198709,2026-07-29 20:19:17
198710,2026-07-29 20:20:26
198711,2026-07-29 20:21:18
198712,2026-07-29 20:22:33
198713,2026-07-29 20:23:22
198714,2026-07-29 20:23:57
198715,2026-07-29 20:24:39
198716,2026-07-29 20:28:25
198717,2026-07-29 20:29:24
198718,2026-07-29 20:31:57
198719,2026-07-29 20:34:25
198720,2026-07-29 20:34:48
198721,2026-07-29 20:53:07
198722,2026-07-29 20:53:10
198723,2026-07-29 20:53:28
198724,2026-07-29 20:54:08
198725,2026-07-29 20:54:37
198726,2026-07-29 20:55:21
198727,2026-07-29 20:56:20
198728,2026-07-29 20:56:44
198729,2026-07-29 20:56:50
198730,2026-07-29 20:58:11
198731,2026-07-29 21:03:02
198732,2026-07-29 21:50:23
198733,2026-07-29 21:50:27
198734,2026-07-29 21:50:29
198735,2026-07-29 21:50:32
198736,2026-07-29 21:50:34
198737,2026-07-29 22:21:07
198738,00:00:00
198739,00:00:00
198740,00:00:00
198741,00:00:00
198742,00:00:00
198743,00:00:00
198744,00:00:00
198745,00:00:00
198746,00:00:00
198747,00:00:00
198748,00:00:00
198749,2026-07-30 18:22:46
198750,2026-07-30 18:22:48
198751,2026-07-30 18:22:50
198752,2026-07-30 18:22:52
198753,2026-07-30 18:22:56
198754,2026-07-30 18:23:03
198755,2026-07-30 18:23:03
198756,2026-07-30 18:23:03
198757,2026-07-31 13:41:15
198758,2026-07-31 13:52:23
198759,2026-07-31 13:54:07
198760,2026-07-31 14:02:03
198761,2026-07-31 14:13:56
198762,2026-07-31 14:17:15
198763,2026-07-31 14:19:44
198764,2026-07-31 14:22:51
198765,2026-07-31 14:25:36
198766,2026-07-31 14:29:07
198767,2026-07-31 14:39:50
198768,2026-07-31 14:41:22
198769,2026-07-31 14:43:57
198770,2026-07-31 14:47:21
198771,2026-07-31 14:50:26
198772,2026-07-31 15:13:50
198773,2026-07-31 15:21:17
198774,2026-07-31 15:30:33
198775,2026-07-31 15:34:13
198776,2026-07-31 15:41:38
198777,2026-07-31 15:45:08
198778,2026-07-31 15:47:28
198779,2026-07-31 15:52:01
198780,2026-07-31 15:53:11
198781,2026-07-31 15:57:34
198782,2026-07-31 16:01:20
198783,2026-07-31 16:05:42
198784,2026-07-31 16:06:06
198785,2026-07-31 16:07:26
198786,2026-07-31 17:19:28
198787,2026-07-31 17:24:34
198788,2026-07-31 17:27:45
198789,2026-07-31 17:31:09
198790,2026-07-31 17:35:24
198791,2026-07-31 17:35:26
198792,2026-07-31 17:35:28
198793,2026-07-31 17:35:34
198794,2026-07-31 17:43:55
198795,2026-07-31 17:43:57
198796,2026-07-31 17:43:58
198797,2026-07-31 17:43:59
198798,2026-07-31 17:43:14
198799,2026-07-31 17:48:17
198800,2026-07-31 17:49:46
198801,2026-07-31 17:51:31
198802,2026-07-31 17:53:44
198803,2026-07-31 17:54:45
198804,2026-07-31 17:55:30
198805,2026-07-31 17:57:57
198806,2026-07-31 17:58:22
198807,2026-07-31 17:59:06
198808,2026-07-31 17:59:29
198809,2026-07-31 18:01:43
198810,2026-07-31 18:05:53
198811,2026-07-31 18:19:26
198812,2026-07-31 18:20:24
198813,2026-07-31 18:23:00
198814,2026-07-31 18:44:15
198815,2026-07-31 18:51:48
198816,2026-07-31 18:54:20
198817,2026-07-31 19:15:08
198818,2026-07-31 19:16:59
198819,2026-07-31 19:21:29
198820,2026-07-31 19:23:11
198821,2026-07-31 19:26:37
198822,2026-07-31 19:26:41
198823,2026-07-31 19:27:06
198824,2026-07-31 19:27:59
198825,2026-07-31 19:31:24
198826,2026-07-31 19:33:24
198827,2026-07-31 19:34:59
198828,2026-07-31 19:37:57
198829,2026-07-31 19:38:13
198830,2026-07-31 19:39:32
198831,2026-07-31 19:42:34
198832,2026-07-31 19:43:11
198833,2026-07-31 19:45:28
198834,2026-07-31 19:46:52
198835,2026-07-31 19:47:51
198836,2026-07-31 19:49:29
198837,2026-07-31 19:50:46
198838,2026-07-31 19:52:26
198839,2026-07-31 20:05:07
198840,2026-07-31 20:05:14
198841,2026-07-31 20:05:21
198842,2026-07-31 20:05:26
198843,2026-07-31 20:05:38
198844,2026-08-01 07:44:44
198845,2026-08-01 07:45:55
198846,2026-08-02 10:35:48
198847,2026-08-02 10:40:42
198848,2026-08-02 10:51:54
198849,2026-08-02 10:54:48
198850,2026-08-02 11:01:29
198851,2026-08-02 11:04:59
198852,2026-08-02 11:05:38
198853,2026-08-02 11:08:48
198854,2026-08-02 11:12:55
198855,2026-08-02 11:24:19
198856,2026-08-02 11:28:47
198857,2026-08-02 11:30:30
198858,2026-08-02 11:32:06
198859,2026-08-02 11:36:08
198860,2026-08-02 11:41:04
198861,2026-08-02 11:52:44
198862,2026-08-02 11:55:51
198863,2026-08-02 11:57:59
198864,2026-08-02 12:00:39
198865,2026-08-02 12:02:18
198866,2026-08-02 12:04:19
198867,2026-08-02 13:08:13
198868,2026-08-02 13:14:49
198869,2026-08-02 13:26:25
198870,2026-08-02 13:28:21
198871,2026-08-02 13:35:10
198872,2026-08-02 13:36:18
198873,2026-08-02 13:39:20
198874,2026-08-02 13:40:56
198875,2026-08-02 13:46:24
198876,2026-08-02 13:55:00
198877,2026-08-02 13:58:02
198878,2026-08-02 13:59:34
198879,2026-08-02 14:00:13
198880,2026-08-02 14:02:26
198881,2026-08-02 14:08:39
198882,2026-08-02 14:16:48
198883,2026-08-02 14:21:33
198884,2026-08-02 14:22:37
198885,2026-08-02 14:25:47
198886,2026-08-02 14:29:25
198887,2026-08-02 14:30:14
198888,2026-08-02 14:34:52
198889,2026-08-02 14:44:13
198890,2026-08-02 14:45:50
198891,2026-08-02 14:46:20
198892,2026-08-02 14:49:10
198893,2026-08-02 14:49:52
198894,2026-08-02 14:52:32
198895,2026-08-02 15:06:36
198896,2026-08-02 15:08:45
198897,2026-08-02 15:09:35
198898,2026-08-02 15:16:21
198899,2026-08-02 15:20:55
198900,2026-08-02 15:25:50
198901,2026-08-02 15:27:05
198902,2026-08-02 15:29:49
198903,2026-08-02 15:32:35
198904,2026-08-02 15:42:01
198905,2026-08-02 15:50:29
198906,2026-08-02 15:52:12
198907,2026-08-02 15:54:45
198908,2026-08-02 15:55:52
198909,2026-08-02 15:58:02
198910,2026-08-02 16:03:37
198911,2026-08-02 16:06:44
198912,2026-08-02 16:10:41
198913,2026-08-02 16:12:55
198914,2026-08-02 16:15:37
198915,2026-08-02 16:19:38
198916,2026-08-02 16:23:05
198917,2026-08-02 16:29:40
198918,2026-08-02 16:34:24
198919,2026-08-02 16:42:32
198920,2026-08-02 16:45:47
198921,2026-08-02 16:52:06
198922,2026-08-02 16:58:00
198923,2026-08-02 17:03:25
198924,2026-08-02 17:07:24
198925,2026-08-02 17:09:07
198926,2026-08-02 17:53:22
198927,2026-08-02 17:54:36
198928,2026-08-02 18:06:38
198929,2026-08-02 18:11:12
198930,2026-08-02 18:13:24
198931,2026-08-02 18:14:16
198932,2026-08-02 18:17:29
198933,2026-08-02 18:18:33
198934,2026-08-02 18:21:20
198935,2026-08-02 18:31:20
198936,2026-08-02 18:30:50
198937,2026-08-02 18:37:41
198938,2026-08-02 18:38:38
198939,2026-08-02 18:45:27
198940,2026-08-02 18:47:07
198941,2026-08-02 18:49:59
198942,2026-08-02 18:53:26
198943,2026-08-02 18:55:43
198944,2026-08-02 18:58:55
198945,2026-08-02 19:01:40
198946,2026-08-02 19:02:20
198947,2026-08-02 19:04:55
198948,2026-08-02 19:06:04
198949,2026-08-02 19:07:00
198950,2026-08-02 19:10:53
198951,2026-08-02 19:14:12
198952,2026-08-02 19:19:40
198953,2026-08-02 19:21:40
198954,2026-08-02 19:23:00
198955,2026-08-02 19:29:27
198956,2026-08-02 19:41:14
198957,2026-08-02 19:42:00
198958,2026-08-02 19:45:22
198959,2026-08-02 19:46:13
198960,2026-08-02 19:48:46
198961,2026-08-02 19:51:33
198962,2026-08-02 19:52:25
198963,2026-08-02 19:53:53
198964,2026-08-02 19:55:00
198965,2026-08-02 19:55:53
198966,2026-08-02 19:57:33
198967,2026-08-02 19:58:25
198968,2026-08-02 20:00:18
198969,2026-08-02 20:02:44
198970,2026-08-02 20:03:45
198971,2026-08-02 20:14:49
198972,2026-08-02 20:16:29
198973,2026-08-02 20:20:29
198974,2026-08-02 20:20:56
198975,2026-08-02 20:22:56
198976,2026-08-02 20:23:27
198977,2026-08-02 20:24:43
198978,2026-08-02 20:25:46
198979,2026-08-02 20:26:21
198980,2026-08-02 20:26:39
198981,2026-08-02 20:28:59
198982,2026-08-02 20:29:50
198983,2026-08-02 20:31:14
198984,2026-08-02 20:31:51
198985,2026-08-02 20:33:17
198986,2026-08-02 20:35:15
198987,2026-08-02 20:40:34
198988,2026-08-03 13:16:30
198989,2026-08-03 13:18:45
198990,2026-08-03 13:23:28
198991,2026-08-03 13:28:08
198992,2026-08-03 13:30:35
198993,2026-08-03 13:38:47
198994,2026-08-03 13:39:59
198995,2026-08-03 13:41:08
198996,2026-08-03 13:42:58
198997,2026-08-03 13:47:41
198998,2026-08-03 13:48:46
198999,2026-08-03 13:52:26
199000,2026-08-03 13:54:24
199001,2026-08-03 14:00:11
199002,2026-08-03 14:01:36
199003,2026-08-03 14:08:34
199004,2026-08-03 14:14:34
199005,2026-08-03 14:17:57
199006,2026-08-03 14:21:47
199007,2026-08-03 14:23:04
199008,2026-08-03 14:25:37
199009,2026-08-03 14:27:22
199010,2026-08-03 14:31:03
199011,2026-08-03 14:31:43
199012,2026-08-03 14:35:36
199013,2026-08-03 14:35:46
199014,2026-08-03 14:37:36
199015,2026-08-03 14:43:02
199016,2026-08-03 14:43:51
199017,2026-08-03 14:50:40
199018,2026-08-03 14:52:10
199019,2026-08-03 15:01:06
199020,2026-08-03 15:03:03
199021,2026-08-03 15:08:59
199022,2026-08-03 15:11:13
199023,2026-08-03 15:17:26
199024,2026-08-03 15:18:17
199025,2026-08-03 15:22:04
199026,2026-08-03 15:25:12
199027,2026-08-03 15:26:04
199028,2026-08-03 15:30:27
199029,2026-08-03 15:32:53
199030,2026-08-03 15:35:32
199031,2026-08-03 15:36:50
199032,2026-08-03 15:49:37
199033,2026-08-03 15:51:52
199034,2026-08-03 15:56:14
199035,2026-08-03 16:01:06
199036,2026-08-03 16:08:47
199037,2026-08-03 16:11:03
199038,2026-08-03 16:12:13
199039,2026-08-03 16:16:38
199040,2026-08-03 16:18:42
199041,2026-08-03 16:19:40
199042,2026-08-03 16:22:58
199043,2026-08-03 16:24:49
199044,2026-08-03 16:29:03
199045,2026-08-03 16:33:31
199046,2026-08-03 16:36:09
199047,2026-08-03 16:36:58
199048,2026-08-03 16:39:39
199049,2026-08-03 16:41:19
199050,2026-08-03 16:41:39
199051,2026-08-03 16:42:27
199052,2026-08-03 16:46:55
199053,2026-08-03 16:49:06
199054,2026-08-03 16:52:35
199055,2026-08-03 16:58:06
199056,2026-08-03 16:59:02
199057,2026-08-03 17:00:49
199058,2026-08-03 17:04:39
199059,2026-08-03 17:39:46
199060,2026-08-03 17:50:44
199061,2026-08-03 17:52:18
199062,2026-08-03 17:56:07
199063,2026-08-03 17:58:50
199064,2026-08-03 18:02:26
199065,2026-08-03 18:04:08
199066,2026-08-03 18:07:28
199067,2026-08-03 18:17:05
199068,2026-08-03 18:18:00
199069,2026-08-03 18:21:40
199070,2026-08-03 18:24:11
199071,2026-08-03 18:27:44
199072,2026-08-03 18:31:42
199073,2026-08-03 18:35:48
199074,2026-08-03 18:36:26
199075,2026-08-03 18:39:03
199076,2026-08-03 18:40:59
199077,2026-08-03 18:45:10
199078,2026-08-03 18:47:01
199079,2026-08-03 18:52:43
199080,2026-08-03 18:55:06
199081,2026-08-03 18:55:51
199082,2026-08-03 18:56:46
199083,2026-08-03 18:58:32
199084,2026-08-03 19:00:11
199085,2026-08-03 19:02:36
199086,2026-08-03 19:02:01
199087,2026-08-03 19:05:07
199088,2026-08-03 19:05:41
199089,2026-08-03 19:07:35
199090,2026-08-03 19:08:07
199091,2026-08-03 19:11:15
199092,2026-08-03 19:12:45
199093,2026-08-03 19:15:09
199094,2026-08-03 19:16:58
199095,2026-08-03 19:20:56
199096,2026-08-03 19:21:44
199097,2026-08-03 19:25:06
199098,2026-08-03 19:31:43
199099,2026-08-03 19:33:29
199100,2026-08-03 19:38:27
199101,2026-08-03 19:39:58
199102,2026-08-03 19:50:01
199103,2026-08-03 19:50:42
199104,2026-08-03 19:53:37
199105,2026-08-03 19:57:32
199106,2026-08-03 20:02:03
199107,2026-08-03 20:04:49
199108,2026-08-03 20:05:35
199109,2026-08-03 20:06:12
199110,2026-08-03 20:08:20
199111,2026-08-03 20:09:16
199112,2026-08-03 20:11:22
199113,2026-08-03 20:12:45
199114,2026-08-03 20:13:40
199115,2026-08-03 20:15:05
199116,2026-08-03 20:16:01
199117,2026-08-03 20:16:52
199118,2026-08-03 20:18:34
199119,2026-08-03 20:29:10
199120,2026-08-03 20:29:12
199121,2026-08-03 20:29:17
199122,2026-08-04 13:33:49
199123,2026-08-04 13:42:05
199124,2026-08-04 13:42:12
199125,2026-08-04 13:47:35
199126,2026-08-04 13:51:18
199127,2026-08-04 13:52:55
199128,2026-08-04 14:03:22
199129,2026-08-04 14:04:29
199130,2026-08-04 14:08:05
199131,2026-08-04 14:12:34
199132,2026-08-04 14:16:52
199133,2026-08-04 14:19:16
199134,2026-08-04 14:21:55
199135,2026-08-04 14:27:33
199136,2026-08-04 14:34:45
199137,2026-08-04 14:35:30
199138,2026-08-04 14:39:28
199139,2026-08-04 14:42:02
199140,2026-08-04 14:49:20
199141,2026-08-04 14:50:06
199142,2026-08-04 14:50:36
199143,2026-08-04 14:56:12
199144,2026-08-04 14:58:39
199145,2026-08-04 15:02:05
199146,2026-08-04 15:03:05
199147,2026-08-04 15:04:51
199148,2026-08-04 15:06:09
199149,2026-08-04 15:08:33
199150,2026-08-04 15:10:12
199151,2026-08-04 15:12:23
199152,2026-08-04 15:13:25
199153,2026-08-04 15:27:57
199154,2026-08-04 15:30:42
199155,2026-08-04 15:32:48
199156,2026-08-04 15:42:12
199157,2026-08-04 15:42:55
199158,2026-08-04 15:44:15
199159,2026-08-04 15:45:10
199160,2026-08-04 15:46:48
199161,2026-08-04 15:55:53
199162,2026-08-04 15:56:35
199163,2026-08-04 16:03:36
199164,2026-08-04 16:14:05
199165,2026-08-04 16:16:21
199166,2026-08-04 16:20:39
199167,2026-08-04 16:21:17
199168,2026-08-04 16:24:25
199169,2026-08-04 16:26:31
199170,2026-08-04 16:27:53
199171,2026-08-04 16:30:32
199172,2026-08-04 16:33:10
199173,2026-08-04 16:33:46
199174,2026-08-04 16:39:26
199175,2026-08-04 16:42:46
199176,2026-08-04 16:46:15
199177,2026-08-04 16:57:50
199178,2026-08-04 16:58:40
199179,2026-08-04 18:01:09
199180,2026-08-04 18:04:21
199181,2026-08-04 18:06:05
199182,2026-08-04 18:10:57
199183,2026-08-04 18:13:09
199184,2026-08-04 18:14:21
199185,2026-08-04 18:28:32
199186,2026-08-04 18:30:55
199187,2026-08-04 18:33:23
199188,2026-08-04 18:34:05
199189,2026-08-04 18:35:26
199190,2026-08-04 18:37:01
199191,2026-08-04 18:37:34
199192,2026-08-04 18:40:29
199193,2026-08-04 18:41:18
199194,2026-08-04 18:43:18
199195,2026-08-04 18:51:38
199196,2026-08-04 18:54:50
199197,2026-08-04 18:55:40
199198,2026-08-04 19:09:52
199199,2026-08-04 19:10:29
199200,2026-08-04 19:14:49
199201,2026-08-04 19:16:54
199202,2026-08-04 19:18:37
199203,2026-08-04 19:21:52
199204,2026-08-04 19:23:53
199205,2026-08-04 19:24:46
199206,2026-08-04 19:37:30
199207,2026-08-04 19:38:47
199208,2026-08-04 19:43:45
199209,2026-08-04 19:45:21
199210,2026-08-04 19:47:02
199211,2026-08-04 19:56:13
199212,2026-08-04 19:58:16
199213,2026-08-04 19:58:49
199214,2026-08-04 20:01:10
199215,2026-08-04 20:04:18
199216,2026-08-04 20:05:23
199217,2026-08-04 20:06:34
199218,2026-08-04 20:07:20
199219,2026-08-04 20:08:09
199220,2026-08-04 20:08:39
199221,2026-08-04 20:09:36
199222,2026-08-04 20:11:03
199223,2026-08-04 20:11:39
199224,2026-08-04 20:13:56
199225,2026-08-04 20:14:38
199226,2026-08-04 20:18:25
199227,2026-08-04 20:20:22
199228,2026-08-04 20:21:13
199229,2026-08-04 20:22:22
199230,2026-08-04 20:25:54
199231,2026-08-04 20:30:41
199232,2026-08-04 20:46:01
199233,2026-08-04 20:56:18
199234,2026-08-04 21:05:15
199235,2026-08-04 21:08:38
199236,2026-08-04 21:10:17
199237,2026-08-04 21:11:45
199238,2026-08-04 21:13:19
199239,2026-08-04 21:14:00
199240,2026-08-04 21:14:27
199241,2026-08-04 21:15:15
199242,2026-08-04 21:16:34
199243,2026-08-04 21:17:03
199244,2026-08-04 21:18:05
199245,2026-08-04 21:18:48
199246,2026-08-04 21:20:31
199247,2026-08-04 21:20:57
199248,2026-08-04 21:22:15
199249,2026-08-04 21:22:47
199250,2026-08-04 21:24:09
199251,2026-08-04 21:25:16
199252,2026-08-04 22:02:17
199253,2026-08-04 22:02:20
199254,2026-08-04 22:02:25
199255,2026-08-05 15:24:39
199256,2026-08-05 15:24:39
199257,2026-08-05 15:24:39
199258,2026-08-05 15:24:39
199259,2026-08-05 15:24:39
199260,2026-08-05 15:24:39
199261,2026-08-05 15:24:39
199262,2026-08-05 15:24:39
199263,2026-08-05 15:24:39
199264,2026-08-05 15:24:39
199265,2026-08-05 15:24:39
199266,2026-08-05 15:24:39
199267,2026-08-05 15:24:39
199268,2026-08-05 15:24:39
199269,2026-08-05 15:24:39
199270,2026-08-05 15:24:39
199271,2026-08-05 15:24:39
199272,2026-08-05 15:24:39
199273,2026-08-05 15:24:39
199274,2026-08-05 15:24:39
199275,2026-08-05 15:24:39
199276,2026-08-05 15:24:39
199277,2026-08-05 15:24:39
199278,2026-08-05 15:24:39
199279,2026-08-05 15:24:39
199280,2026-08-05 15:24:39
199282,2026-08-05 15:24:39
199283,2026-08-05 15:24:39
199284,2026-08-05 15:25:06
199285,2026-08-05 15:33:24
199286,2026-08-05 15:37:38
199287,2026-08-05 15:45:59
199288,2026-08-05 15:53:29
199289,2026-08-05 15:57:08
199290,2026-08-05 16:03:03
199291,2026-08-05 16:03:48
199292,2026-08-05 16:07:29
199294,2026-08-05 16:12:29
199295,2026-08-05 16:16:19
199296,2026-08-05 16:20:43
199297,2026-08-05 16:26:56
199298,2026-08-05 16:36:13
199299,2026-08-05 16:40:04
199300,2026-08-05 16:41:34
199301,2026-08-05 16:45:22
199302,2026-08-05 16:46:51
199303,2026-08-05 16:52:18
199305,2026-08-05 16:56:48
199306,2026-08-05 16:57:49
199307,2026-08-05 17:00:27
199308,2026-08-05 17:00:51
199309,2026-08-05 18:02:12
199310,2026-08-05 18:12:42
199311,2026-08-05 18:26:15
199312,2026-08-05 18:29:01
199313,2026-08-05 18:40:57
199314,2026-08-05 18:42:40
199315,2026-08-05 18:43:49
199316,2026-08-05 18:46:35
199317,2026-08-05 18:49:22
199318,2026-08-05 18:52:24
199319,2026-08-05 18:59:35
199320,2026-08-05 19:01:32
199321,2026-08-05 19:04:11
199322,2026-08-05 19:09:44
199323,2026-08-05 19:13:46
199324,2026-08-05 19:14:41
199325,2026-08-05 19:25:19
199326,2026-08-05 19:26:40
199327,2026-08-05 19:31:18
199328,2026-08-05 19:31:18
199329,2026-08-05 19:44:31
199330,2026-08-05 19:47:16
199331,2026-08-05 19:52:35
199332,2026-08-05 19:53:28
199333,2026-08-05 19:56:11
199334,2026-08-05 19:59:11
199335,2026-08-05 20:01:00
199336,2026-08-05 20:12:01
199337,2026-08-05 20:13:05
199338,2026-08-05 20:16:33
199339,2026-08-05 20:20:19
199340,2026-08-05 20:22:00
199341,2026-08-05 20:24:55
199342,2026-08-05 20:28:59
199343,2026-08-05 20:33:22
199344,2026-08-05 20:34:54
199345,2026-08-05 20:37:00
199346,2026-08-05 20:40:07
199347,2026-08-05 20:40:59
199348,2026-08-05 20:43:22
199349,2026-08-05 20:44:19
199350,2026-08-05 20:45:44
199351,2026-08-05 20:48:01
199352,2026-08-05 20:48:38
199353,2026-08-05 20:51:42
199354,2026-08-05 20:53:04
199355,2026-08-05 20:54:37
199356,2026-08-05 20:57:08
199357,2026-08-05 20:58:54
199358,2026-08-05 21:03:06
199359,2026-08-05 21:04:10
199360,2026-08-05 21:07:00
199361,2026-08-05 21:07:35
199362,2026-08-05 21:09:57
199363,2026-08-05 21:12:38
199364,2026-08-05 21:15:32
199365,2026-08-05 21:17:23
199366,2026-08-05 21:18:16
199367,2026-08-05 21:19:56
199368,2026-08-05 21:22:53
199369,2026-08-05 21:25:36
199370,2026-08-05 21:26:37
199371,2026-08-05 21:27:25
199372,2026-08-05 21:31:00
199373,2026-08-05 21:32:35
199374,2026-08-05 21:34:07
199375,2026-08-05 21:35:27
199376,2026-08-05 21:36:36
199377,2026-08-05 21:38:54
199378,2026-08-05 21:39:30
199379,2026-08-05 21:40:12
199380,2026-08-05 21:40:36
199381,2026-08-05 21:42:23
199382,2026-08-05 21:41:21
199383,2026-08-05 21:42:01
199384,2026-08-05 21:45:04
199385,2026-08-05 21:45:38
199386,2026-08-05 21:47:15
199387,2026-08-05 21:48:57
199388,2026-08-05 21:51:51
199389,2026-08-05 21:50:36
199390,2026-08-05 21:51:11
199391,2026-08-05 21:54:23
199392,2026-08-05 21:55:07
199393,2026-08-05 21:56:26
199394,2026-08-05 21:56:31
199395,2026-08-05 21:57:17
199396,2026-08-06 07:56:00
199397,2026-08-06 09:03:44
199398,2026-08-06 13:44:41
199399,2026-08-06 14:01:49
199400,2026-08-06 14:08:54
199401,2026-08-06 14:12:22
199402,2026-08-06 14:15:13
199403,2026-08-06 14:18:30
199404,2026-08-06 14:23:47
199405,2026-08-06 14:45:55
199406,2026-08-06 14:49:14
199407,2026-08-06 14:53:15
199408,2026-08-06 15:05:20
199409,2026-08-06 15:07:17
199410,2026-08-06 15:11:30
199411,2026-08-06 15:14:53
199412,2026-08-06 15:17:08
199413,2026-08-06 15:19:52
199414,2026-08-06 15:21:19
199415,2026-08-06 15:23:05
199416,2026-08-06 15:31:01
199417,2026-08-06 15:40:39
199418,2026-08-06 15:45:40
199419,2026-08-06 15:50:38
199420,2026-08-06 15:55:32
199421,2026-08-06 15:59:45
199422,2026-08-06 16:02:47
199423,2026-08-06 16:06:11
199424,2026-08-06 16:09:21
199425,2026-08-06 16:14:55
199426,2026-08-06 16:16:12
199427,2026-08-06 16:19:49
199428,2026-08-06 16:21:17
199429,2026-08-06 16:25:20
199430,2026-08-06 16:28:16
199431,2026-08-06 16:33:11
199432,2026-08-06 16:34:39
199433,2026-08-06 16:36:23
199434,2026-08-06 16:40:05
199435,2026-08-06 16:43:16
199436,2026-08-06 16:44:41
199437,2026-08-06 16:54:58
199438,2026-08-06 16:59:38
199439,2026-08-06 17:04:20
199440,2026-08-06 17:08:32
199441,2026-08-06 17:11:46
199442,2026-08-06 17:21:29
199443,2026-08-06 17:25:08
199444,2026-08-06 17:28:13
199445,2026-08-06 17:43:15
199446,2026-08-06 17:47:21
199447,2026-08-06 17:48:24
199448,2026-08-06 17:51:29
199449,2026-08-06 17:54:00
199450,2026-08-06 17:54:42
199451,2026-08-06 17:56:21
199452,2026-08-06 17:58:32
199453,2026-08-06 18:00:29
199454,2026-08-06 18:01:46
199455,2026-08-06 18:03:41
199456,2026-08-06 18:07:35
199457,2026-08-06 18:08:46
199458,2026-08-06 18:11:35
199459,2026-08-06 18:12:24
199460,2026-08-06 18:14:42
199461,2026-08-06 18:15:25
199462,2026-08-06 18:17:24
199463,2026-08-06 18:18:41
199464,2026-08-06 18:19:33
199465,2026-08-06 18:21:24
199466,2026-08-06 18:26:38
199467,2026-08-06 18:23:38
199468,2026-08-06 18:25:58
199469,2026-08-06 18:29:04
MA3891,2026-08-11 07:32:13
199470,2026-08-11 11:05:53
188,2026-08-11 07:34:17
188-1,2026-08-11 11:05:30
188-2,2026-08-11 11:05:53
188-3,2026-08-12 07:45:40
188-4,2026-08-12 07:45:40
188-5,2026-08-12 07:53:56
199474,2026-08-11 14:19:48
199475,2026-08-11 14:22:57
199476,2026-08-11 14:28:56
199477,2026-08-11 14:31:34
199478,2026-08-11 14:49:26
199479,2026-08-11 14:55:40
199480,2026-08-11 15:00:47
199481,2026-08-11 15:02:06
199482,2026-08-11 15:05:57
199483,2026-08-11 15:06:11
199484,2026-08-11 15:08:24
199485,2026-08-11 15:13:21
199486,2026-08-11 15:17:32
199487,2026-08-11 15:20:08
199488,2026-08-11 15:22:41
199489,2026-08-11 15:24:33
199490,2026-08-11 15:27:56
199491,2026-08-11 15:28:05
199492,2026-08-11 15:29:11
199493,2026-08-11 15:29:32
199494,2026-08-11 15:31:39
199495,2026-08-11 15:32:01
199496,2026-08-11 15:32:46
199497,2026-08-11 15:33:42
199498,2026-08-11 15:57:08
199499,2026-08-11 16:00:04
199500,2026-08-11 16:06:13
199501,2026-08-11 16:07:10
199502,2026-08-11 16:07:34
199503,2026-08-11 16:07:43
199504,2026-08-11 16:07:59
199505,2026-08-11 16:08:08
199506,2026-08-12 17:59:15
199507,2026-08-12 17:59:15
199508,2026-08-12 17:59:15
199509,2026-08-12 17:59:15
199510,2026-08-12 17:59:15
199511,2026-08-12 17:59:15
199512,2026-08-12 17:59:15
199513,2026-08-12 17:59:15
199514,2026-08-12 17:59:15
199515,2026-08-12 17:59:15
199516,2026-08-12 17:59:15
199517,2026-08-12 17:59:15
199518,2026-08-12 17:59:15
199519,2026-08-12 17:59:15
199520,2026-08-12 17:59:15
199521,2026-08-12 17:59:15
199522,2026-08-12 17:59:15
199523,2026-08-12 17:59:15
199524,2026-08-12 17:59:15
199525,2026-08-12 17:59:15
199526,2026-08-12 17:59:15
199527,2026-08-12 17:59:15
199528,2026-08-12 17:59:15
199529,2026-08-12 17:59:15
199530,2026-08-12 17:59:15
199531,2026-08-12 17:59:15
199532,2026-08-12 17:59:15
199533,2026-08-12 17:59:15
199534,2026-08-12 17:59:15
199535,2026-08-12 17:59:15
199536,2026-08-12 17:59:15
199537,2026-08-12 17:59:15
199538,2026-08-12 17:59:15
199539,2026-08-12 17:59:15
199540,2026-08-12 17:59:15
199541,2026-08-12 17:59:15
199542,2026-08-12 17:59:15
199543,2026-08-12 17:59:15
199544,2026-08-12 17:59:15
199545,2026-08-12 17:59:15
199546,2026-08-12 17:59:15
199547,2026-08-12 18:08:03
199548,2026-08-12 18:15:16
199549,2026-08-12 18:19:24
199550,2026-08-12 18:21:20
199551,2026-08-12 18:27:23
199552,2026-08-12 18:29:00
199553,2026-08-12 18:30:38
199554,2026-08-12 18:33:01
199555,2026-08-12 18:36:30
199556,2026-08-12 18:39:57
199557,2026-08-12 18:42:20
199558,2026-08-12 18:43:45
199559,2026-08-12 18:44:40
199560,2026-08-12 18:46:40
199561,2026-08-12 18:46:53
199562,2026-08-12 18:47:52
199563,2026-08-12 18:48:27
199564,2026-08-12 18:48:51
199565,2026-08-12 19:36:39
199566,2026-08-12 19:39:11
199567,2026-08-12 19:40:07
199568,2026-08-12 19:41:51
199569,2026-08-12 19:43:25
199570,2026-08-12 19:50:58
199571,2026-08-12 19:55:42
199572,2026-08-12 19:57:50
199573,2026-08-12 19:59:33
199574,2026-08-12 20:02:17
199575,2026-08-12 20:04:43
199576,2026-08-12 20:06:39
199577,2026-08-12 20:07:23
199578,2026-08-12 20:08:11
199579,2026-08-12 20:08:43
199580,2026-08-12 22:28:35
199581,2026-08-12 22:33:23
199582,2026-08-12 23:21:28
199583,2026-08-13 11:18:50
199584,2026-08-13 11:32:03
199585,2026-08-13 11:35:55
199586,2026-08-13 11:38:34
199587,2026-08-13 11:43:49
199588,2026-08-13 11:45:56
199589,2026-08-13 11:49:37
199590,2026-08-13 11:54:22
199591,2026-08-13 11:58:11
199592,2026-08-13 12:05:29
199593,2026-08-13 13:30:59
199594,2026-08-13 13:34:00
199595,2026-08-13 13:37:58
199596,2026-08-13 13:40:14
199597,2026-08-13 13:42:17
199598,2026-08-13 13:45:00
199599,2026-08-13 13:49:39
199600,2026-08-13 13:51:19
199601,2026-08-13 13:55:02
199602,2026-08-13 13:59:32
199603,2026-08-13 14:05:41
199604,2026-08-13 14:09:33
199605,2026-08-13 14:23:54
199606,2026-08-13 14:26:17
199607,2026-08-13 14:31:46
199608,2026-08-13 14:38:14
199609,2026-08-13 14:43:31
199610,2026-08-13 14:47:16
199611,2026-08-13 14:50:01
199612,2026-08-13 14:54:34
199613,2026-08-13 14:58:02
199614,2026-08-13 15:01:18
199615,2026-08-13 15:12:01
199616,2026-08-13 15:12:39
199617,2026-08-13 15:15:48
199618,2026-08-13 15:19:45
199619,2026-08-13 15:23:18
199620,2026-08-13 15:36:17
199621,2026-08-13 15:38:23
199622,2026-08-13 15:41:13
199623,2026-08-13 15:44:47
199624,2026-08-13 15:49:03
199625,2026-08-13 15:52:27
199626,2026-08-13 16:23:08
199627,2026-08-13 16:25:30
199628,2026-08-13 16:28:14
199629,2026-08-13 16:37:06
199630,2026-08-13 16:40:21
199631,2026-08-13 16:44:48
199632,2026-08-13 16:50:50
199633,2026-08-13 16:57:11
199634,2026-08-13 17:01:03
199635,2026-08-13 17:02:43
199636,2026-08-13 17:04:18
199637,2026-08-13 17:36:20
199638,2026-08-13 17:41:38
199639,2026-08-13 17:43:24
199640,2026-08-13 17:44:22
199641,2026-08-13 17:48:47
199642,2026-08-13 17:51:48
199643,2026-08-13 17:55:49
199644,2026-08-13 18:00:06
199645,2026-08-13 18:04:53
199646,2026-08-13 18:08:13
199647,2026-08-13 18:11:09
199648,2026-08-13 18:14:38
199649,2026-08-13 18:17:17
199650,2026-08-13 18:20:43
199651,2026-08-13 18:24:43
199652,2026-08-13 18:29:15
199653,2026-08-13 18:32:56
199654,2026-08-13 18:35:34
199655,2026-08-13 18:44:32
199656,2026-08-13 18:47:58
199657,2026-08-13 18:55:17
199658,2026-08-13 19:01:35
199659,2026-08-13 19:02:03
199660,2026-08-13 19:02:31
199661,2026-08-13 19:03:46
199662,2026-08-13 19:05:16
199663,2026-08-13 19:07:34
199664,2026-08-13 19:08:19
199665,2026-08-13 19:09:39
199666,2026-08-13 19:10:49
199667,2026-08-13 19:14:01
199668,2026-08-13 19:14:55
199669,2026-08-13 19:16:07
199670,2026-08-13 19:19:07
199671,2026-08-13 19:21:38
199672,2026-08-13 19:25:03
199673,2026-08-13 19:25:14
199674,2026-08-13 19:26:25
199675,2026-08-13 19:27:58
199676,2026-08-13 19:30:27
199677,2026-08-13 19:31:13
199678,2026-08-13 19:35:40
199679,2026-08-13 19:36:29
199680,2026-08-13 19:39:06
199681,2026-08-13 19:40:21
199682,2026-08-13 19:43:05
199683,2026-08-13 19:54:22
199684,2026-08-13 21:01:30
199685,2026-08-13 21:01:44
199686,2026-08-14 10:38:15
199687,2026-08-14 10:44:27
199688,2026-08-14 10:53:19
199689,2026-08-14 10:56:33
199690,2026-08-14 11:00:44
199691,2026-08-14 11:04:23
199692,2026-08-14 11:07:15
199693,2026-08-14 11:09:10
199694,2026-08-14 11:22:10
199695,2026-08-14 11:24:11
199696,2026-08-14 11:33:51
199697,2026-08-14 11:37:35
199698,2026-08-14 11:41:34
199699,2026-08-14 11:45:59
199700,2026-08-14 11:50:08
199701,2026-08-14 11:56:52
199702,2026-08-14 11:59:03
199703,2026-08-14 12:04:01
199704,2026-08-14 13:06:09
199705,2026-08-14 13:07:17
199706,2026-08-14 13:27:11
199707,2026-08-14 13:27:47
199708,2026-08-14 13:33:14
199709,2026-08-14 13:45:57
199710,2026-08-14 13:50:02
199711,2026-08-14 13:50:49
199712,2026-08-14 13:53:11
199713,2026-08-14 13:55:55
199714,2026-08-14 13:57:15
199715,2026-08-14 14:03:30
199716,2026-08-14 14:05:21
199717,2026-08-14 14:08:13
199718,2026-08-14 14:10:08
199719,2026-08-14 14:11:58
199720,2026-08-14 14:16:36
199721,2026-08-14 14:20:03
199722,2026-08-14 14:23:39
199723,2026-08-14 14:35:39
199724,2026-08-14 14:37:23
199725,2026-08-14 14:39:47
199726,2026-08-14 15:28:52
199727,2026-08-14 15:33:11
199728,2026-08-14 15:34:43
199729,2026-08-14 15:40:13
199730,2026-08-14 15:41:30
199731,2026-08-14 15:44:16
199732,2026-08-14 15:49:30
199733,2026-08-14 15:55:18
199734,2026-08-14 15:59:00
199735,2026-08-14 16:02:58
199736,2026-08-14 16:05:29
199737,2026-08-14 16:12:17
199738,2026-08-14 16:15:45
199739,2026-08-14 16:16:38
199740,2026-08-14 16:21:53
199741,2026-08-14 16:22:58
199742,2026-08-14 16:26:37
199743,2026-08-14 16:27:39
199744,2026-08-14 16:33:45
199745,2026-08-14 16:37:25
199746,2026-08-14 16:39:31
199747,2026-08-14 16:45:18
199748,2026-08-14 16:54:51
199749,2026-08-14 16:58:06
199750,2026-08-14 17:00:41
199751,2026-08-14 17:02:07
199752,2026-08-14 17:12:37
199753,2026-08-14 17:13:17
199754,2026-08-14 17:58:22
199755,2026-08-14 18:00:09
199756,2026-08-14 18:02:00
199757,2026-08-14 18:04:19
199758,2026-08-14 18:07:09
199759,2026-08-14 18:11:26
199760,2026-08-14 18:14:08
199761,2026-08-14 18:18:03
199762,2026-08-14 18:20:43
199763,2026-08-14 18:23:57
199764,2026-08-14 18:24:36
199765,2026-08-14 18:28:29
199766,2026-08-14 18:32:24
199767,2026-08-14 18:33:57
199768,2026-08-14 18:37:14
199769,2026-08-14 18:37:54
199770,2026-08-14 18:42:17
199771,2026-08-14 18:44:31
199772,2026-08-14 18:45:34
199773,2026-08-14 18:45:50
199774,2026-08-14 18:48:04
199775,2026-08-14 18:49:38
199776,2026-08-14 18:50:27
199777,2026-08-14 18:51:49
199778,2026-08-14 18:56:11
199779,2026-08-14 19:05:19
199780,2026-08-14 19:06:00
199781,2026-08-14 19:08:31
199782,2026-08-14 19:15:50
199783,2026-08-14 19:16:21
199784,2026-08-14 19:18:37
199785,2026-08-14 19:21:45
199786,2026-08-14 19:20:36
199787,2026-08-14 19:20:25
199788,2026-08-14 19:22:04
199789,2026-08-14 19:22:28
199790,2026-08-14 19:24:05
199791,2026-08-14 19:24:41
199792,2026-08-14 19:25:28
199793,2026-08-14 19:28:08
199794,2026-08-14 19:28:51
199795,2026-08-14 19:30:51
199796,2026-08-14 19:33:12
199797,2026-08-14 19:34:12
199798,2026-08-14 19:35:22
199799,2026-08-14 19:36:24
199800,2026-08-14 19:37:33
199801,2026-08-14 19:39:21
199802,2026-08-14 19:40:03
199803,2026-08-14 19:41:59
199804,2026-08-14 19:42:41
199805,2026-08-14 19:44:34
199806,2026-08-14 19:45:59
199807,2026-08-14 19:48:05
199808,2026-08-14 19:49:32
199809,2026-08-14 19:50:45
199810,2026-08-14 19:53:35
199811,2026-08-14 19:54:23
199812,2026-08-14 19:59:04
199813,2026-08-14 20:00:36
199814,2026-08-14 20:41:30
199815,2026-08-14 20:43:39
199816,2026-08-15 10:26:49
199817,2026-08-15 10:29:54
199818,2026-08-15 10:42:20
199819,2026-08-15 10:48:00
199820,2026-08-15 10:49:58
199821,2026-08-15 10:53:56
199822,2026-08-15 10:55:58
199823,2026-08-15 11:07:37
199824,2026-08-15 11:11:40
199825,2026-08-15 11:12:46
199826,2026-08-15 11:16:35
199827,2026-08-15 11:18:59
199828,2026-08-15 11:20:21
199829,2026-08-15 11:30:23
199830,2026-08-15 11:34:31
199831,2026-08-15 11:36:03
199832,2026-08-15 11:37:55
199833,2026-08-15 11:40:22
199834,2026-08-15 12:56:39
199835,2026-08-15 13:00:44
199836,2026-08-15 13:01:31
199837,2026-08-15 13:04:08
199838,2026-08-15 13:07:58
199839,2026-08-15 13:10:34
199840,2026-08-15 13:19:48
199841,2026-08-15 13:26:34
199842,2026-08-15 13:30:46
199843,2026-08-15 13:38:40
199844,2026-08-15 13:40:12
199845,2026-08-15 13:46:00
199846,2026-08-15 13:46:51
199847,2026-08-15 13:51:38
199848,2026-08-15 13:55:20
199849,2026-08-15 13:56:19
199850,2026-08-15 14:00:36
199851,2026-08-15 14:01:47
199852,2026-08-15 14:02:31
199853,2026-08-15 14:07:05
199854,2026-08-15 14:16:03
199855,2026-08-15 14:19:13
199856,2026-08-15 14:19:42
199857,2026-08-15 14:21:16
199858,2026-08-15 14:40:50
199859,2026-08-15 14:44:18
199860,2026-08-15 14:45:19
199861,2026-08-15 14:50:57
199862,2026-08-15 14:53:20
199863,2026-08-15 14:57:01
199864,2026-08-15 15:02:37
199865,2026-08-15 15:02:46
199866,2026-08-15 15:08:21
199867,2026-08-15 15:11:48
199868,2026-08-15 15:12:29
199869,2026-08-15 15:16:26
199870,2026-08-15 15:17:40
199871,2026-08-15 15:25:49
199872,2026-08-15 15:29:27
199873,2026-08-15 15:29:57
199874,2026-08-15 15:32:53
199875,2026-08-15 15:33:41
199876,2026-08-15 15:36:30
199877,2026-08-15 15:37:36
199878,2026-08-15 15:40:55
199879,2026-08-15 15:42:25
199880,2026-08-15 15:44:57
199881,2026-08-15 15:48:20
199882,2026-08-15 15:49:15
199883,2026-08-15 15:51:40
199884,2026-08-15 15:53:44
199885,2026-08-15 15:56:56
199886,2026-08-15 15:57:35
199887,2026-08-15 15:59:00
199888,2026-08-15 15:59:37
199889,2026-08-15 16:00:09
199890,2026-08-15 16:01:30
199891,2026-08-15 16:03:14
199892,2026-08-15 16:03:41
199893,2026-08-15 16:05:08
199894,2026-08-15 16:06:23
199895,2026-08-15 16:07:40
199896,2026-08-15 16:08:42
199897,2026-08-15 16:09:52
199898,2026-08-15 16:10:58
199899,2026-08-15 16:12:27
199900,2026-08-15 16:13:37
199901,2026-08-15 16:13:51
199902,2026-08-15 16:14:40
199903,2026-08-15 16:16:42
199904,2026-08-15 16:18:44
199905,2026-08-15 16:19:39
199906,2026-08-16 11:11:38
199907,2026-08-16 11:29:18
199908,2026-08-16 12:59:08
199909,2026-08-16 13:04:15
199910,2026-08-16 13:07:50
199911,2026-08-16 13:11:29
199912,2026-08-16 13:24:44
199913,2026-08-16 13:26:55
199914,2026-08-16 13:32:21
199915,2026-08-16 13:41:43
199916,2026-08-16 13:44:28
199917,2026-08-16 13:46:50
199918,2026-08-16 13:50:14
199919,2026-08-16 13:56:17
199920,2026-08-16 13:59:57
199921,2026-08-16 14:02:40
199922,2026-08-16 14:04:40
199923,2026-08-16 14:04:05
199924,2026-08-16 14:05:20
199925,2026-08-16 14:05:50
199926,2026-08-16 14:06:43
199927,2026-08-16 14:07:53
199928,2026-08-16 14:08:45
199929,2026-08-16 14:10:10
199930,2026-08-16 14:11:40
199931,2026-08-16 14:12:17
199932,2026-08-16 14:13:01
199933,2026-08-16 14:13:49
199934,2026-08-16 14:14:17
199935,2026-08-16 14:14:35
199936,2026-08-16 14:15:06
199937,2026-08-16 14:15:57
199938,2026-08-16 14:16:14
199939,2026-08-16 14:16:45
199940,2026-08-16 14:18:11
199941,2026-08-16 14:19:05
199942,2026-08-16 14:21:38
199943,2026-08-17 07:22:21
MA3908,2026-08-18 08:54:52
199945,2026-08-18 18:27:29
199946,2026-08-18 18:31:32
199947,2026-08-18 18:33:21
199948,2026-08-18 18:34:57
199949,2026-08-18 18:37:22
199950,2026-08-18 18:40:59
199951,2026-08-18 18:43:09
199952,2026-08-18 18:45:47
199953,2026-08-18 18:49:13
199954,2026-08-18 18:51:40
199955,2026-08-18 18:52:46
199956,2026-08-18 18:56:19
199957,2026-08-18 18:57:59
199958,2026-08-18 19:05:37
199959,2026-08-18 19:07:46
199960,2026-08-18 19:10:25
199961,2026-08-18 19:12:35
199962,2026-08-18 19:17:35
199963,2026-08-18 19:19:42
199964,2026-08-18 19:21:39
199965,2026-08-18 19:24:12
199966,2026-08-18 19:26:15
199967,2026-08-18 19:27:47
199968,2026-08-18 19:28:56
199969,2026-08-18 19:30:33
199970,2026-08-18 19:31:31
199971,2026-08-18 19:32:07
199972,2026-08-18 19:32:40
199973,2026-08-18 19:34:04
199974,2026-08-18 19:35:06
199975,2026-08-18 19:36:01
199976,2026-08-18 19:37:27
199977,2026-08-18 19:37:51
199978,2026-08-18 19:40:20
199979,2026-08-18 19:40:58
199980,2026-08-18 19:41:24
199981,2026-08-18 19:43:07
199982,2026-08-18 19:47:29
199983,2026-08-18 19:48:23
199984,2026-08-18 19:52:16
199985,2026-08-18 19:55:50
199986,2026-08-19 09:39:28
199987,2026-08-19 09:40:16
199988,2026-08-19 09:40:51
199989,2026-08-19 09:40:58
199990,2026-08-19 09:55:54
199991,2026-08-19 10:01:17
199992,2026-08-19 10:07:13
199993,2026-08-19 10:10:00
199994,2026-08-19 10:11:51
199995,2026-08-19 10:13:44
199996,2026-08-19 10:16:11
199997,2026-08-19 10:17:26
199998,2026-08-19 10:20:27
199999,2026-08-19 10:24:45
200000,2026-08-19 10:26:23
200001,2026-08-19 10:27:11
200002,2026-08-19 10:28:36
200003,2026-08-19 10:29:38
200004,2026-08-19 10:30:30
200005,2026-08-19 10:31:25
200006,2026-08-19 10:32:33
200007,2026-08-19 10:38:44
200008,2026-08-19 10:39:05
200009,2026-08-19 10:42:19
200010,2026-08-19 10:43:25
200011,2026-08-19 10:45:02
200012,2026-08-19 15:11:35
200013,2026-08-19 15:11:35
200014,2026-08-19 15:11:35
200015,2026-08-19 15:11:35
200016,2026-08-19 15:11:35
200017,2026-08-19 15:11:35
200018,2026-08-19 15:11:35
200019,2026-08-19 15:11:35
200020,2026-08-19 15:40:37
200021,2026-08-19 15:40:37
200022,2026-08-19 15:46:44
200023,2026-08-19 15:51:23
200024,2026-08-19 15:54:06
200025,2026-08-19 15:57:43
200026,2026-08-19 15:58:24
200027,2026-08-19 16:00:30
200028,2026-08-19 16:02:54
200029,2026-08-19 16:08:33
200030,2026-08-19 16:12:15
200031,2026-08-19 16:13:05
200032,2026-08-19 16:14:40
200033,2026-08-19 16:15:54
200034,2026-08-19 16:19:28
200035,2026-08-19 16:23:40
200036,2026-08-19 16:25:02
200037,2026-08-19 16:26:23
200038,2026-08-19 16:27:17
200039,2026-08-19 18:33:08
200040,2026-08-19 18:42:10
200041,2026-08-19 18:42:25
200042,2026-08-19 19:24:23
200043,2026-08-19 19:27:04
200044,2026-08-19 19:30:15
200045,2026-08-19 19:34:13
200046,2026-08-19 19:36:02
200047,2026-08-19 19:39:52
200048,2026-08-19 19:41:50
200049,2026-08-19 19:44:55
200050,2026-08-19 19:47:19
200051,2026-08-19 19:47:49
200052,2026-08-19 19:49:05
200053,2026-08-19 19:50:42
200054,2026-08-19 19:53:44
200055,2026-08-19 20:49:01
200056,2026-08-20 21:46:59
200057,2026-08-20 21:47:01
200058,2026-08-20 21:47:03
200059,2026-08-20 21:47:06
200060,2026-08-20 21:47:08
200061,2026-08-20 21:47:11
200062,2026-08-20 21:47:15
200063,2026-08-20 21:47:18
200064,2026-08-20 21:47:20
200065,2026-08-20 21:47:23
200066,2026-08-20 21:47:26
200067,2026-08-20 21:47:28
200068,2026-08-20 21:47:30
200069,2026-08-20 21:47:33
200070,2026-08-20 21:47:34
200071,2026-08-20 21:47:37
200072,2026-08-20 21:47:45
200073,2026-08-20 21:47:48
200074,2026-08-20 21:47:50
200075,2026-08-20 21:47:52
200076,2026-08-20 21:47:54
200077,2026-08-20 21:47:55
200078,2026-08-20 21:47:57
200079,2026-08-20 21:48:00
200080,2026-08-20 21:48:01
200081,2026-08-20 21:48:03
200082,2026-08-20 21:48:06
200083,2026-08-20 21:48:08
200084,2026-08-20 21:48:18
200085,2026-08-20 21:48:20
200086,2026-08-20 21:48:23
200087,2026-08-20 21:48:25
200088,2026-08-20 21:48:39
200089,2026-08-20 21:48:40
200090,2026-08-20 21:48:44
200091,2026-08-20 21:48:46
200092,2026-08-20 21:48:47
200093,2026-08-20 21:48:52
200094,2026-08-20 21:48:56
200095,2026-08-20 21:48:57
200096,2026-08-20 21:48:59
200097,2026-08-20 21:49:03
200098,2026-08-20 21:49:06
200099,2026-08-20 21:49:09
200100,2026-08-20 21:49:11
200101,2026-08-20 21:49:12
200102,2026-08-20 21:49:15
200103,2026-08-20 21:49:16
200104,2026-08-20 21:49:18
200105,2026-08-20 21:49:19
200106,2026-08-20 21:49:30
200107,2026-08-20 21:49:33
200108,2026-08-20 21:49:34
200109,2026-08-20 21:49:36
200110,2026-08-20 21:49:39
200111,2026-08-20 21:49:41
200112,2026-08-20 21:49:44
200113,2026-08-20 21:49:46
200114,2026-08-20 21:49:49
200115,2026-08-20 21:49:52
200116,2026-08-20 21:49:54
200117,2026-08-20 21:50:06
200118,2026-08-20 21:50:12
200119,2026-08-20 21:50:13
200120,2026-08-20 21:50:48
200121,2026-08-20 21:50:49
200122,2026-08-20 21:50:51
200123,2026-08-20 21:50:53
200124,2026-08-20 21:50:55
200125,2026-08-20 21:50:57
200126,2026-08-20 21:51:14
200127,2026-08-20 21:51:18
200128,2026-08-20 21:51:20
200129,2026-08-20 21:51:22
200130,2026-08-20 21:51:25
200131,2026-08-20 21:51:27
200132,2026-08-20 21:46:11
200133,2026-08-21 13:28:24
200134,2026-08-21 13:31:02
200135,2026-08-21 13:36:26
200136,2026-08-21 13:39:17
200137,2026-08-21 13:42:34
200138,2026-08-21 13:44:53
200139,2026-08-21 13:53:41
200140,2026-08-21 13:54:20
200141,2026-08-21 13:59:29
200142,2026-08-21 14:01:54
200143,2026-08-21 14:04:00
200144,2026-08-21 14:05:12
200145,2026-08-21 14:14:25
200146,2026-08-21 14:17:48
200147,2026-08-21 14:20:54
200148,2026-08-21 14:22:14
200149,2026-08-21 14:25:35
200150,2026-08-21 14:32:27
200151,2026-08-21 14:42:15
200152,2026-08-21 14:43:00
200153,2026-08-21 14:45:59
200154,2026-08-21 14:49:06
200155,2026-08-21 14:51:07
200156,2026-08-21 14:55:59
200157,2026-08-21 15:00:41
200158,2026-08-21 15:02:58
200159,2026-08-21 15:04:19
200160,2026-08-21 15:09:02
200161,2026-08-21 15:11:44
200162,2026-08-21 15:15:07
200163,2026-08-21 15:19:38
200164,2026-08-21 15:22:40
200165,2026-08-21 15:31:33
200166,2026-08-21 15:32:45
200167,2026-08-21 15:35:28
200168,2026-08-21 15:36:11
200169,2026-08-21 15:37:02
200170,2026-08-21 15:38:16
200171,2026-08-21 15:39:09
200172,2026-08-21 15:40:20
200173,2026-08-21 15:41:15
200174,2026-08-21 15:42:16
200175,2026-08-21 15:45:22
200176,2026-08-21 15:47:17
200177,2026-08-21 16:02:36
200178,2026-08-21 16:07:05
200179,2026-08-21 16:07:47
200180,2026-08-21 16:13:20
200181,2026-08-21 16:14:44
200182,2026-08-21 16:20:03
200183,2026-08-21 16:26:13
200184,2026-08-21 16:28:39
200185,2026-08-21 16:31:18
200186,2026-08-21 16:33:02
200187,2026-08-21 16:40:01
200188,2026-08-21 16:40:50
200189,2026-08-21 16:42:50
200190,2026-08-21 16:43:42
200191,2026-08-21 16:47:24
200192,2026-08-21 16:50:34
200193,2026-08-21 16:54:16
200194,2026-08-21 16:55:35
200195,2026-08-21 17:56:47
200196,2026-08-21 17:57:34
200197,2026-08-21 17:58:10
200198,2026-08-21 18:00:09
200199,2026-08-21 18:00:50
200200,2026-08-21 18:01:50
200201,2026-08-21 18:02:48
200202,2026-08-21 18:04:00
200203,2026-08-21 18:04:47
200204,2026-08-21 18:05:43
200205,2026-08-21 18:06:23
200206,2026-08-21 18:07:12
200207,2026-08-21 18:29:52
200208,2026-08-21 18:32:26
200209,2026-08-21 18:43:44
200210,2026-08-21 18:46:35
200211,2026-08-21 18:48:59
200212,2026-08-21 18:50:56
200213,2026-08-21 18:52:49
200214,2026-08-21 18:56:51
200215,2026-08-21 18:58:10
200216,2026-08-21 19:01:09
200217,2026-08-21 19:05:22
200218,2026-08-21 19:08:34
200219,2026-08-21 19:10:11
200220,2026-08-21 19:15:40
200221,2026-08-21 19:17:12
200222,2026-08-21 19:23:51
200223,2026-08-21 19:26:02
200224,2026-08-21 19:35:19
200225,2026-08-21 19:54:17
200226,2026-08-21 20:04:41
200227,2026-08-21 20:06:06
200228,2026-08-21 20:09:14
200229,2026-08-21 20:11:30
200230,2026-08-21 20:12:35
200231,2026-08-21 20:15:16
200232,2026-08-21 20:16:13
200233,2026-08-21 20:18:16
200234,2026-08-21 20:18:53
200235,2026-08-21 20:20:05
200236,2026-08-21 20:22:30
200237,2026-08-21 20:23:18
200238,2026-08-21 20:23:56
200239,2026-08-21 20:26:07
200240,2026-08-21 20:27:10
200241,2026-08-21 20:29:11
200242,2026-08-21 20:29:57
200243,2026-08-21 20:31:06
200244,2026-08-21 20:31:54
200245,2026-08-21 20:34:13
200246,2026-08-21 20:36:50
200247,2026-08-21 20:38:38
200248,2026-08-21 20:39:19
200249,2026-08-21 20:42:27
200250,2026-08-21 20:44:07
200251,2026-08-21 20:45:33
200252,2026-08-21 20:46:11
200253,2026-08-21 20:48:47
200254,2026-08-21 20:49:32
200255,2026-08-21 20:51:16
200256,2026-08-21 20:51:48
200257,2026-08-21 20:52:54
200258,2026-08-21 20:53:56
200259,2026-08-21 21:34:10
200260,2026-08-22 09:02:24
200261,2026-08-23 13:23:32
200262,2026-08-23 13:30:56
200263,2026-08-23 13:38:14
200264,2026-08-23 13:39:50
200265,2026-08-23 13:51:30
200266,2026-08-23 13:54:11
200267,2026-08-23 13:59:52
200268,2026-08-23 14:01:38
200269,2026-08-23 14:02:42
200270,2026-08-23 14:04:47
200271,2026-08-23 14:13:01
200272,2026-08-23 14:14:34
200273,2026-08-23 14:20:12
200274,2026-08-23 14:24:06
200275,2026-08-23 14:25:04
200276,2026-08-23 14:29:31
200277,2026-08-23 14:30:24
200278,2026-08-23 14:33:48
200279,2026-08-23 14:34:19
200280,2026-08-23 14:36:44
200281,2026-08-23 14:37:46
200282,2026-08-23 14:38:28
200283,2026-08-23 14:43:32
200284,2026-08-23 14:46:26
200285,2026-08-23 14:50:44
200286,2026-08-23 14:56:17
200287,2026-08-23 14:58:11
200288,2026-08-23 14:59:32
200289,2026-08-23 15:02:33
200290,2026-08-23 15:04:31
200291,2026-08-23 15:10:30
200292,2026-08-23 15:15:07
200293,2026-08-23 15:17:16
200294,2026-08-23 15:26:34
200295,2026-08-23 15:21:05
200296,2026-08-23 15:22:49
200297,2026-08-23 15:24:15
200298,2026-08-23 15:27:06
200299,2026-08-23 15:29:16
200300,2026-08-23 15:30:33
200301,2026-08-23 15:34:24
200302,2026-08-23 15:37:01
200303,2026-08-23 15:39:21
200304,2026-08-23 15:42:29
200305,2026-08-23 15:56:25
200306,2026-08-23 15:58:51
200307,2026-08-23 16:00:14
200308,2026-08-23 16:02:26
200309,2026-08-23 16:04:28
200310,2026-08-23 16:05:09
200311,2026-08-23 16:07:56
200312,2026-08-23 16:08:50
200313,2026-08-23 16:12:00
200314,2026-08-23 16:13:19
200315,2026-08-23 16:16:51
200316,2026-08-23 16:17:26
200317,2026-08-23 16:19:49
200318,2026-08-23 16:20:51
200319,2026-08-23 16:26:49
200320,2026-08-23 16:33:25
200321,2026-08-23 16:36:04
200322,2026-08-23 16:36:24
200323,2026-08-23 16:40:00
200324,2026-08-23 16:40:44
200325,2026-08-23 16:44:14
200326,2026-08-23 16:47:50
200327,2026-08-23 16:49:10
200328,2026-08-23 16:50:59
200329,2026-08-23 16:57:11
200330,2026-08-23 17:00:59
200331,2026-08-23 17:00:22
200332,2026-08-23 17:04:06
200333,2026-08-23 17:42:32
200334,2026-08-23 17:46:40
200335,2026-08-23 17:51:01
200336,2026-08-23 17:53:30
200337,2026-08-23 17:58:39
200338,2026-08-23 18:00:02
200339,2026-08-23 18:02:27
200340,2026-08-23 18:03:26
200341,2026-08-23 18:04:13
200342,2026-08-23 18:05:42
200343,2026-08-23 18:06:36
200344,2026-08-23 18:07:59
200345,2026-08-23 18:08:39
200346,2026-08-23 18:10:16
200347,2026-08-23 18:11:15
200348,2026-08-23 18:12:28
200349,2026-08-23 18:12:47
200350,2026-08-23 18:13:29
200351,2026-08-23 18:14:13
200352,2026-08-23 18:15:58
200353,2026-08-23 18:17:01
200354,2026-08-23 18:18:36
200355,2026-08-23 18:19:35
200356,2026-08-23 18:23:04
200357,2026-08-23 18:23:37
200358,2026-08-23 18:27:08
200359,2026-08-23 18:28:51
200360,2026-08-23 18:29:29
200361,2026-08-23 18:33:05
200362,2026-08-23 18:36:05
200363,2026-08-23 18:39:36
200364,2026-08-23 18:40:14
200365,2026-08-23 18:42:01
200366,2026-08-23 18:42:25
200367,2026-08-23 18:42:58
200368,2026-08-23 18:43:17
200369,2026-08-23 18:43:49
200370,2026-08-23 18:45:00
200371,2026-08-23 18:46:20
200372,2026-08-23 18:48:20
200373,2026-08-23 18:49:36
200374,2026-08-23 18:59:29
200375,2026-08-24 07:37:28
200376,2026-08-24 13:25:03
200377,2026-08-24 13:32:46
200378,2026-08-24 13:41:23
200379,2026-08-24 13:43:42
200380,2026-08-24 13:45:44
200381,2026-08-24 13:48:12
200382,2026-08-24 13:53:34
200383,2026-08-24 13:55:16
200384,2026-08-24 13:58:35
200385,2026-08-24 14:00:03
200386,2026-08-24 14:07:27
200387,2026-08-24 14:08:46
200388,2026-08-24 14:14:35
200389,2026-08-24 14:24:39
200390,2026-08-24 14:30:11
200391,2026-08-24 14:31:25
200392,2026-08-24 14:35:15
200393,2026-08-24 14:37:12
200394,2026-08-24 14:39:53
200395,2026-08-24 14:42:01
200396,2026-08-24 14:46:19
200397,2026-08-24 14:50:56
200398,2026-08-24 14:53:35
200399,2026-08-24 14:54:54
200400,2026-08-24 15:00:30
200401,2026-08-24 15:03:01
200402,2026-08-24 15:04:44
200403,2026-08-24 15:11:08
200404,2026-08-24 15:11:52
200405,2026-08-24 15:17:41
200406,2026-08-24 15:19:01
200407,2026-08-24 15:23:59
200408,2026-08-24 15:28:29
200409,2026-08-24 15:29:16
200410,2026-08-24 15:32:58
200411,2026-08-24 15:35:31
200412,2026-08-24 15:37:13
200413,2026-08-24 15:40:38
200414,2026-08-24 15:49:40
200415,2026-08-24 15:52:36
200416,2026-08-24 15:55:25
200417,2026-08-24 15:57:59
200418,2026-08-24 16:05:56
200419,2026-08-24 16:08:12
200420,2026-08-24 16:10:28
200421,2026-08-24 16:15:02
200422,2026-08-24 16:17:54
200423,2026-08-24 16:21:41
200424,2026-08-24 16:22:45
200425,2026-08-24 17:15:23
200426,2026-08-24 17:15:49
200427,2026-08-24 17:16:38
200428,2026-08-24 17:17:28
200429,2026-08-24 17:18:45
200430,2026-08-24 17:19:21
200431,2026-08-24 17:20:20
200432,2026-08-24 17:23:02
200433,2026-08-24 17:23:53
200434,2026-08-24 17:24:49
200435,2026-08-24 17:25:39
200436,2026-08-24 17:26:39
200437,2026-08-24 17:27:18
200438,2026-08-24 17:27:53
200439,2026-08-24 17:28:28
200440,2026-08-24 17:30:31
200441,2026-08-24 17:29:42
200442,2026-08-24 17:31:39
200443,2026-08-24 17:35:40
200444,2026-08-24 17:38:09
200445,2026-08-24 17:40:37
200446,2026-08-24 17:41:18
200447,2026-08-24 17:44:22
200448,2026-08-24 17:45:42
200449,2026-08-24 17:48:19
200450,2026-08-24 17:49:08
200451,2026-08-24 17:53:20
200452,2026-08-24 17:56:25
200453,2026-08-24 17:58:37
200454,2026-08-24 17:59:23
200455,2026-08-24 18:01:41
200456,2026-08-24 18:04:25
200457,2026-08-24 18:10:31
200458,2026-08-24 18:13:09
200459,2026-08-24 18:13:31
200460,2026-08-24 18:16:18
200461,2026-08-24 18:20:01
200462,2026-08-24 18:18:28
200463,2026-08-24 18:18:46
200464,2026-08-24 18:19:22
200465,2026-08-24 18:21:20
200466,2026-08-24 18:22:50
200467,2026-08-24 18:23:22
200468,2026-08-24 18:24:22
200469,2026-08-24 18:24:57
200470,2026-08-24 18:26:51
200471,2026-08-24 18:27:42
200472,2026-08-24 18:29:00
200473,2026-08-24 18:30:37
200474,2026-08-24 18:31:14
200475,2026-08-24 18:37:12
200476,2026-08-25 13:46:43
200477,2026-08-25 13:47:34
200478,2026-08-25 13:48:44
200479,2026-08-25 13:50:47
200480,2026-08-25 13:52:39
200481,2026-08-25 13:53:08
200482,2026-08-25 13:53:22
200483,2026-08-25 13:54:04
200484,2026-08-25 13:55:22
200485,2026-08-25 13:56:01
200486,2026-08-25 14:09:31
200487,2026-08-25 14:22:45
200488,2026-08-25 14:24:42
200489,2026-08-25 14:37:07
200490,2026-08-25 14:39:53
200491,2026-08-25 14:42:33
200492,2026-08-25 14:47:40
200493,2026-08-25 14:49:15
200494,2026-08-25 14:52:19
200495,2026-08-25 14:54:22
200496,2026-08-25 15:06:46
200497,2026-08-25 15:08:02
200498,2026-08-25 15:10:13
200499,2026-08-25 15:16:10
200500,2026-08-25 15:45:25
200501,2026-08-25 15:51:30
200502,2026-08-25 15:55:04
200503,2026-08-25 15:58:04
200504,2026-08-25 15:59:14
200505,2026-08-25 16:00:05
200506,2026-08-25 16:00:52
200507,2026-08-25 16:02:19
200508,2026-08-25 16:03:40
200509,2026-08-25 16:04:34
200510,2026-08-25 16:05:27
200511,2026-08-25 16:06:30
200512,2026-08-25 16:08:33
200513,2026-08-25 16:12:46
200514,2026-08-25 16:14:46
200515,2026-08-25 16:16:45
200516,2026-08-25 16:18:01
200517,2026-08-25 17:08:30
200518,2026-08-25 17:09:39
200519,2026-08-25 17:14:15
200520,2026-08-25 17:14:51
200521,2026-08-25 17:15:36
200522,2026-08-25 17:17:28
200523,2026-08-25 17:18:10
200524,2026-08-25 17:19:21
200525,2026-08-25 17:21:57
200526,2026-08-25 17:22:41
200527,2026-08-25 17:23:24
200528,2026-08-25 17:24:50
200529,2026-08-25 17:25:29
200530,2026-08-25 17:26:03
200531,2026-08-25 17:28:25
200532,2026-08-25 17:28:25
200533,2026-08-27 13:41:31
200534,2026-08-27 13:43:25
200535,2026-08-27 13:47:07
200536,2026-08-27 13:48:23
200537,2026-08-27 13:54:45
200538,2026-08-27 13:58:00
200539,2026-08-27 14:08:17
200540,2026-08-27 14:09:31
200541,2026-08-27 14:10:54
200542,2026-08-27 14:12:31
200543,2026-08-27 14:22:07
200544,2026-08-27 14:23:33
200545,2026-08-27 14:28:15
200546,2026-08-27 14:37:14
200547,2026-08-27 14:45:10
200548,2026-08-27 14:46:51
200549,2026-08-27 14:50:10
200550,2026-08-27 14:51:10
200551,2026-08-27 14:54:42
200552,2026-08-27 14:55:20
200553,2026-08-27 14:59:59
200554,2026-08-27 15:00:39
200555,2026-08-27 15:04:00
200556,2026-08-27 15:07:20
200557,2026-08-27 15:09:40
200558,2026-08-27 15:10:17
200559,2026-08-27 15:13:36
200560,2026-08-27 15:15:21
200561,2026-08-27 15:18:11
200562,2026-08-27 15:24:22
200563,2026-08-27 15:25:50
200564,2026-08-27 15:28:20
200565,2026-08-27 15:31:43
200566,2026-08-27 15:36:25
200567,2026-08-27 15:38:22
200568,2026-08-27 15:40:24
200569,2026-08-27 15:42:02
200570,2026-08-27 15:43:58
200571,2026-08-27 15:47:59
200572,2026-08-27 15:53:35
200573,2026-08-27 17:33:20
200574,2026-08-27 17:38:21
200575,2026-08-27 17:42:28
200576,2026-08-27 17:43:35
200577,2026-08-27 17:45:43
200578,2026-08-27 17:48:52
200579,2026-08-27 17:50:06
200580,2026-08-27 17:53:20
200581,2026-08-27 18:00:28
200582,2026-08-27 18:02:07
200583,2026-08-27 18:06:04
200584,2026-08-27 18:07:07
200585,2026-08-27 18:09:00
200586,2026-08-27 18:09:29
200587,2026-08-27 18:10:44
200588,2026-08-27 18:11:52
200589,2026-08-27 18:12:46
200590,2026-08-27 18:14:02
200591,2026-08-27 18:15:27
200592,2026-08-27 18:15:04
200593,2026-08-27 18:17:40
200594,2026-08-27 18:18:24
200595,2026-08-27 18:20:08
200596,2026-08-27 18:20:30
200597,2026-08-27 18:23:20
200598,2026-08-27 18:25:23
200599,2026-08-27 18:26:27
200600,2026-08-27 18:28:55
200601,2026-08-27 18:31:11
200602,2026-08-27 18:31:29
200603,2026-08-27 18:34:29
200604,2026-08-27 18:36:11
200605,2026-08-27 18:39:27
200606,2026-08-27 18:41:01
200607,2026-08-27 18:42:19
200608,2026-08-27 18:44:41
200609,2026-08-27 18:45:29
200610,2026-08-27 18:51:01
200611,2026-08-27 18:57:04
200612,2026-08-27 18:57:48
200613,2026-08-27 18:58:01
200614,2026-08-27 18:58:35
200615,2026-08-27 18:59:44
200616,2026-08-27 19:00:50
200617,2026-08-27 19:01:14
200618,2026-08-27 19:02:04
200619,2026-08-27 19:02:58
200620,2026-08-27 19:03:33
200621,2026-08-27 19:05:23
200622,2026-08-27 19:07:09
200623,2026-08-27 19:08:01
200624,2026-08-27 19:09:46
200625,2026-08-27 19:10:21
200626,2026-08-27 19:12:29
200627,2026-08-28 13:29:34
200628,2026-08-28 13:34:10
200629,2026-08-28 13:38:37
200630,2026-08-28 13:39:50
200631,2026-08-28 13:44:00
200632,2026-08-28 13:45:38
200633,2026-08-28 13:50:41
200634,2026-08-28 13:58:42
200635,2026-08-28 13:59:48
200636,2026-08-28 14:08:29
200637,2026-08-28 14:11:36
200638,2026-08-28 14:15:40
200639,2026-08-28 14:17:28
200640,2026-08-28 14:18:52
200641,2026-08-28 14:22:29
200642,2026-08-28 14:23:20
200643,2026-08-28 14:26:29
200644,2026-08-28 14:33:08
200645,2026-08-28 14:34:33
200646,2026-08-28 14:36:59
200647,2026-08-28 14:40:11
200648,2026-08-28 14:41:24
200649,2026-08-28 14:48:05
200650,2026-08-28 14:49:24
200651,2026-08-28 14:52:00
200652,2026-08-28 14:54:19
200653,2026-08-28 14:58:11
200654,2026-08-28 15:05:57
200655,2026-08-28 15:07:34
200656,2026-08-28 15:09:28
200657,2026-08-28 15:11:48
200658,2026-08-28 15:18:09
200659,2026-08-28 15:19:03
200660,2026-08-28 15:23:05
200661,2026-08-28 15:23:50
200662,2026-08-28 15:29:24
200663,2026-08-28 15:49:25
200664,2026-08-28 15:57:49
200665,2026-08-28 16:00:19
200666,2026-08-28 16:02:30
200667,2026-08-28 16:04:09
200668,2026-08-28 16:07:02
200669,2026-08-28 16:12:50
200670,2026-08-28 16:14:02
200671,2026-08-28 16:17:27
200672,2026-08-28 16:19:53
200673,2026-08-28 16:21:40
200674,2026-08-28 16:23:33
200675,2026-08-28 16:24:36
200676,2026-08-28 16:27:32
200677,2026-08-28 16:28:31
200678,2026-08-28 16:31:47
200679,2026-08-28 16:32:49
200680,2026-08-28 16:35:08
200681,2026-08-28 16:37:15
200682,2026-08-28 16:38:10
200683,2026-08-28 16:43:21
200684,2026-08-28 16:50:35
200685,2026-08-28 16:52:09
200686,2026-08-28 16:54:34
200687,2026-08-28 16:56:29
200688,2026-08-28 16:59:49
200689,2026-08-28 17:54:50
200690,2026-08-28 17:57:29
200691,2026-08-28 18:08:55
200692,2026-08-28 18:09:57
200693,2026-08-28 18:14:29
200694,2026-08-28 18:16:24
200695,2026-08-28 18:16:45
200696,2026-08-28 18:19:54
200697,2026-08-28 18:20:54
200698,2026-08-28 18:22:25
200699,2026-08-28 18:26:52
200700,2026-08-28 18:28:27
200701,2026-08-28 18:31:14
200702,2026-08-28 18:36:45
200703,2026-08-28 18:34:36
200704,2026-08-28 18:35:16
200705,2026-08-28 18:35:56
200706,2026-08-28 18:38:08
200707,2026-08-28 18:38:46
200708,2026-08-28 18:39:14
200709,2026-08-28 18:39:48
200710,2026-08-28 18:40:57
200711,2026-08-28 18:41:35
200712,2026-08-28 18:42:39
200713,2026-08-28 18:43:22
200714,2026-08-28 18:44:09
200715,2026-08-28 18:45:30
200716,2026-08-28 18:45:27
200717,2026-08-28 19:02:22
200718,2026-08-28 18:49:11
200719,2026-08-28 18:50:09
200720,2026-08-28 19:04:24
200721,2026-08-28 19:12:03
200722,2026-08-28 19:17:32
200723,2026-08-28 19:18:22
200724,2026-08-28 19:28:51
200725,2026-08-28 19:29:23
200726,2026-08-28 19:29:55
200727,2026-08-28 19:30:28
200728,2026-08-28 19:32:03
200729,2026-08-28 19:32:40
200730,2026-08-28 19:34:10
200731,2026-08-28 19:34:55
200732,2026-08-28 19:36:50
200733,2026-08-28 19:39:34
200734,2026-08-28 19:40:13
200735,2026-08-28 19:42:45
200736,2026-08-28 19:43:28
200737,2026-08-28 19:45:49
200738,2026-08-28 20:15:32
200739,2026-08-29 13:16:41
200740,2026-08-29 13:20:34
200741,2026-08-29 13:21:33
200742,2026-08-29 13:30:00
200743,2026-08-29 13:31:20
200744,2026-08-29 13:36:15
200745,2026-08-29 13:37:08
200746,2026-08-29 13:41:44
200747,2026-08-29 13:44:44
200748,2026-08-29 18:28:04
200749,2026-08-29 18:28:07
200750,2026-08-29 18:28:11
200751,2026-08-29 18:28:14
200752,2026-08-29 18:28:18
200753,2026-08-29 18:28:20
200754,2026-08-29 18:28:27
200755,2026-08-29 18:28:33
200756,2026-08-29 18:28:38
200757,2026-08-29 18:28:40
200758,2026-08-29 18:28:44
200759,2026-08-29 18:28:46
200760,2026-08-29 18:30:43
200761,2026-08-29 18:30:46
200762,2026-08-29 18:30:49
200763,2026-08-29 18:30:52
200764,2026-08-29 18:30:56
200765,2026-08-29 18:31:01
200766,2026-08-29 18:31:04
200767,2026-08-29 18:31:07
200768,2026-08-29 18:31:11
200769,2026-08-29 18:59:41
200770,2026-08-29 18:59:44
200771,2026-08-29 18:59:47
200772,2026-08-29 18:59:50
200773,2026-08-29 18:59:53
200774,2026-08-29 18:59:55
200775,2026-08-29 19:00:00
200776,2026-08-29 19:00:04
200777,2026-08-29 19:00:06
200778,2026-08-29 19:00:09
200779,2026-08-29 19:00:13
200780,2026-08-29 19:00:16
200781,2026-08-29 19:00:20
200782,2026-08-29 19:00:29
200783,2026-08-29 19:00:32
200784,2026-08-29 19:00:35
200785,2026-08-29 19:00:37
200786,2026-08-29 19:00:40
200787,2026-08-29 19:00:47
200788,2026-08-29 19:00:49
200789,2026-08-29 19:00:56
200790,2026-08-29 19:01:00
200791,2026-08-29 19:01:02
200792,2026-08-29 17:55:24
200793,2026-08-29 18:13:29
200794,2026-08-29 18:13:31
200795,2026-08-29 18:13:33
200796,2026-08-29 18:13:36
200797,2026-08-29 18:13:40
200798,2026-08-29 18:13:44
200799,2026-08-29 18:13:48
200800,2026-08-29 18:13:51
200801,2026-08-29 18:13:54
200802,2026-08-29 18:13:56
200803,2026-08-29 18:14:04
200804,2026-08-29 18:14:06
200805,2026-08-29 18:14:09
200806,2026-08-29 18:14:12
200807,2026-08-29 18:14:15
200808,2026-08-29 18:14:18
200809,2026-08-29 18:14:21
200810,2026-08-29 18:14:24
200811,2026-08-29 18:14:27
200812,2026-08-29 17:53:03
200813,2026-08-29 17:52:43
200814,2026-08-29 17:52:39
200815,2026-08-29 17:52:34
200816,2026-08-29 17:52:30
200817,2026-08-29 17:50:57
200818,2026-08-29 17:51:16
200819,2026-08-29 17:51:39
200820,2026-08-29 17:52:48
200821,2026-08-29 17:53:35
200822,2026-08-29 17:56:33
200823,2026-08-29 17:57:28
200824,2026-08-29 18:01:31
200825,2026-08-29 18:10:12
200826,2026-08-29 18:18:59
200827,2026-08-29 18:21:12
200828,2026-08-29 18:21:44
200829,2026-08-29 18:22:51
200830,2026-08-29 18:25:21
200831,2026-08-29 18:26:03
200832,2026-08-29 18:28:55
200833,2026-08-29 18:29:19
200834,2026-08-29 18:29:28
200835,2026-08-29 18:32:34
200836,2026-08-29 18:33:13
200837,2026-08-29 18:34:40
200838,2026-08-29 18:36:02
200839,2026-08-29 18:36:27
200840,2026-08-29 18:39:12
200841,2026-08-29 18:38:39
200842,2026-08-29 18:40:34
200843,2026-08-29 18:41:09
200844,2026-08-29 18:42:30
200845,2026-08-29 18:42:48
200846,2026-08-29 18:43:56
200847,2026-08-29 18:44:20
200848,2026-08-29 18:45:49
200849,2026-08-29 18:47:17
200850,2026-08-29 18:50:26
200851,2026-08-29 18:50:59
200852,2026-08-29 18:52:10
200853,2026-08-29 18:53:11
200854,2026-08-29 18:53:52
200855,2026-08-29 23:33:40
200856,2026-08-30 13:22:31
200857,2026-08-30 13:24:21
200858,2026-08-30 13:35:13
200859,2026-08-30 13:40:19
200860,2026-08-30 13:41:26
200861,2026-08-30 13:44:22
200862,2026-08-30 13:47:45
200863,2026-08-30 13:50:03
200864,2026-08-30 14:01:47
200865,2026-08-30 14:02:50
200866,2026-08-30 14:05:19
200867,2026-08-30 14:06:35
200868,2026-08-30 14:08:11
200869,2026-08-30 14:09:29
200870,2026-08-30 14:12:07
200871,2026-08-30 14:13:28
200872,2026-08-30 14:17:54
200873,2026-08-30 14:20:50
200874,2026-08-30 14:23:58
200875,2026-08-30 14:24:39
200876,2026-08-30 14:26:03
200877,2026-08-30 14:27:32
200878,2026-08-30 14:32:28
200879,2026-08-30 14:39:42
200880,2026-08-30 14:42:20
200881,2026-08-30 14:43:07
200882,2026-08-30 14:46:52
200883,2026-08-30 14:48:20
200884,2026-08-30 14:56:34
200885,2026-08-30 14:59:13
200886,2026-08-30 15:00:02
200887,2026-08-30 15:03:07
200888,2026-08-30 15:04:25
200889,2026-08-30 15:05:55
200890,2026-08-30 15:07:56
200891,2026-08-30 15:13:03
200892,2026-08-30 15:17:37
200893,2026-08-30 15:18:36
200894,2026-08-30 15:24:06
200895,2026-08-30 15:26:34
200896,2026-08-30 15:31:55
200897,2026-08-30 15:33:25
200898,2026-08-30 15:35:30
200899,2026-08-30 15:38:18
200900,2026-08-30 15:41:39
200901,2026-08-30 15:43:53
200902,2026-08-30 15:47:13
200903,2026-08-30 15:52:36
200904,2026-08-30 15:56:43
200905,2026-08-30 15:59:13
200906,2026-08-30 16:00:48
200907,2026-08-30 16:02:54
200908,2026-08-30 16:07:24
200909,2026-08-30 16:10:35
200910,2026-08-30 16:15:40
200911,2026-08-30 16:18:54
200912,2026-08-30 16:24:11
200913,2026-08-30 16:27:39
200914,2026-08-30 16:29:17
200915,2026-08-30 16:31:48
200916,2026-08-30 16:33:08
200917,2026-08-30 16:34:47
200918,2026-08-30 16:36:47
200919,2026-08-30 16:38:38
200920,2026-08-30 16:40:38
200921,2026-08-30 16:48:47
200922,2026-08-30 16:51:44
200923,2026-08-30 16:55:44
200924,2026-08-30 17:02:25
200925,2026-08-30 17:03:26
200926,2026-08-30 17:06:02
200927,2026-08-30 17:09:18
200928,2026-08-30 17:11:41
200929,2026-08-30 17:14:25
200930,2026-08-30 17:17:33
200931,2026-08-30 17:19:19
200932,2026-08-30 17:20:44
200933,2026-08-30 17:21:51
200934,2026-08-30 17:24:20
200935,2026-08-30 17:23:52
200936,2026-08-30 17:25:10
200937,2026-08-30 17:26:02
200938,2026-08-30 17:26:28
200939,2026-08-30 17:26:59
200940,2026-08-30 17:28:51
200941,2026-08-30 17:30:41
200942,2026-08-30 17:31:24
200943,2026-08-30 17:32:34
200944,2026-08-30 17:33:44
200945,2026-08-30 17:35:07
200946,2026-08-30 17:36:18
200947,2026-08-30 17:37:47
200948,2026-08-30 17:39:04
200949,2026-08-30 17:39:53
200950,2026-08-30 17:40:48
200951,2026-08-30 17:44:55
200952,2026-08-31 13:15:59
200953,2026-08-31 13:25:53
200954,2026-08-31 13:30:49
200955,2026-08-31 13:34:39
200956,2026-08-31 13:35:44
200957,2026-08-31 13:41:11
200958,2026-08-31 13:44:26
200959,2026-08-31 13:50:41
200960,2026-08-31 13:51:48
200961,2026-08-31 13:55:11
200962,2026-08-31 13:58:05
200963,2026-08-31 14:00:04
200964,2026-08-31 14:00:32
200965,2026-08-31 14:04:01
200966,2026-08-31 14:05:27
200967,2026-08-31 14:10:15
200968,2026-08-31 14:11:00
200969,2026-08-31 14:15:11
200970,2026-08-31 14:20:57
200971,2026-08-31 14:22:20
200972,2026-08-31 14:27:05
200973,2026-08-31 14:28:38
200974,2026-08-31 14:32:50
200975,2026-08-31 14:42:42
200976,2026-08-31 14:45:46
200977,2026-08-31 14:45:54
200978,2026-08-31 14:50:33
200979,2026-08-31 14:56:42
200980,2026-08-31 15:01:47
200981,2026-08-31 15:02:43
200982,2026-08-31 15:10:58
200983,2026-08-31 15:12:56
200984,2026-08-31 15:17:16
200985,2026-08-31 15:17:52
200986,2026-08-31 15:22:51
200987,2026-08-31 15:25:04
200988,2026-08-31 15:27:35
200989,2026-08-31 15:27:42
200990,2026-08-31 15:30:10
200991,2026-08-31 15:34:48
200992,2026-08-31 15:36:57
200993,2026-08-31 15:37:41
200994,2026-08-31 15:39:53
200995,2026-08-31 15:41:00
200996,2026-08-31 15:45:51
200997,2026-08-31 15:46:54
200998,2026-08-31 15:53:21
200999,2026-08-31 15:55:40
201000,2026-08-31 15:58:33
201001,2026-08-31 16:01:02
201002,2026-08-31 16:33:08
201003,2026-08-31 16:37:56
201004,2026-08-31 16:41:45
201005,2026-08-31 16:46:09
201006,2026-08-31 16:48:09
201007,2026-08-31 16:51:34
201008,2026-08-31 16:52:11
201009,2026-08-31 16:55:26
201010,2026-08-31 16:57:55
201011,2026-08-31 16:58:49
201012,2026-08-31 16:59:27
201013,2026-08-31 17:00:23
201014,2026-08-31 17:01:31
201015,2026-08-31 17:02:37
201016,2026-08-31 17:02:02
201017,2026-08-31 17:04:25
201018,2026-08-31 17:05:41
201019,2026-08-31 17:07:03
201020,2026-08-31 17:10:19
201021,2026-08-31 17:11:27
201022,2026-08-31 17:12:33
201023,2026-08-31 17:13:48
201024,2026-08-31 17:16:24
201025,2026-08-31 17:18:33
201026,2026-08-31 17:19:35
201027,2026-08-31 17:20:20
201028,2026-08-31 17:22:07
201029,2026-08-31 17:22:58
201030,2026-08-31 17:23:15
201031,2026-08-31 17:23:31
201032,2026-08-31 17:24:49
201033,2026-08-31 17:25:39
201034,2026-08-31 17:26:42
201035,2026-08-31 17:28:00
201036,2026-08-31 17:42:48
201037,2026-09-01 14:49:17
201038,2026-09-01 14:51:30
201039,2026-09-01 14:53:04
201040,2026-09-01 14:53:42
201041,2026-09-01 14:54:01
201042,2026-09-01 14:55:16
201043,2026-09-01 14:55:52
201044,2026-09-01 14:57:04
201045,2026-09-01 14:58:06
201046,2026-09-01 14:59:06
201047,2026-09-01 14:59:27
201048,2026-09-01 14:59:53
201049,2026-09-01 15:00:41
201050,2026-09-01 15:15:25
201051,2026-09-01 15:22:21
201052,2026-09-01 15:26:42
201053,2026-09-01 15:29:59
201054,2026-09-01 15:37:37
201055,2026-09-01 15:41:29
201056,2026-09-01 15:42:13
201057,2026-09-01 15:45:13
201058,2026-09-01 15:46:29
201059,2026-09-01 15:51:11
201060,2026-09-01 15:56:01
201061,2026-09-01 15:58:56
201062,2026-09-01 16:10:39
201063,2026-09-01 16:07:12
201064,2026-09-01 16:15:40
201065,2026-09-01 16:19:18
201066,2026-09-01 16:22:46
201067,2026-09-01 16:23:56
201068,2026-09-01 16:25:38
201069,2026-09-01 16:27:30
201070,2026-09-01 16:28:49
201071,2026-09-01 16:28:37
201072,2026-09-01 16:30:15
201073,2026-09-01 16:30:50
201074,2026-09-01 16:31:14
201075,2026-09-01 16:31:27
201076,2026-09-01 16:31:39
201077,2026-09-01 16:31:52
201078,2026-09-01 16:32:09
201079,2026-09-01 16:33:20
201080,2026-09-01 16:34:17
201081,2026-09-01 16:34:55
201082,2026-09-01 16:36:03
201083,2026-09-01 16:48:42
201084,2026-09-01 17:45:57
201085,2026-09-02 14:49:14
201086,2026-09-02 14:57:04
201087,2026-09-02 16:11:16
201088,2026-09-02 16:12:43
201089,2026-09-02 16:14:04
201090,2026-09-02 16:15:19
201091,2026-09-02 16:16:57
201092,2026-09-02 16:18:00
201093,2026-09-02 16:18:52
201094,2026-09-02 16:19:45
201095,2026-09-02 16:20:35
201096,2026-09-02 16:21:11
201097,2026-09-02 16:21:44
201098,2026-09-02 16:23:06
201099,2026-09-02 16:23:55
201100,2026-09-02 16:25:49
201101,2026-09-02 16:27:14
201102,2026-09-02 16:28:07
201103,2026-09-02 16:29:27
201104,2026-09-02 16:31:40
201105,2026-09-02 16:32:21
201106,2026-09-02 16:34:32
201107,2026-09-02 16:35:11
201108,2026-09-02 16:38:15
201109,2026-09-02 16:39:45
201110,2026-09-02 16:41:18
201111,2026-09-02 16:44:07
201112,2026-09-02 16:51:21
201113,2026-09-04 14:43:42
201114,2026-09-04 14:43:42
201115,2026-09-04 14:43:42
201116,2026-09-04 14:43:42
201117,2026-09-04 14:43:42
201118,2026-09-04 14:43:42
201119,2026-09-04 14:43:42
201120,2026-09-04 14:43:42
201121,2026-09-04 14:43:42
201122,2026-09-04 14:43:42
201123,2026-09-04 14:43:42
201124,2026-09-04 14:43:42
201125,2026-09-04 14:43:42
201126,2026-09-04 14:43:42
201127,2026-09-04 14:43:42
201128,2026-09-04 14:44:46
201129,2026-09-04 14:45:41
201130,2026-09-04 14:50:43
201131,2026-09-04 14:50:54
201132,2026-09-04 14:53:36
201133,2026-09-04 14:54:38
201134,2026-09-04 14:57:38
201135,2026-09-04 15:09:54
201136,2026-09-04 15:11:19
201137,2026-09-04 15:17:43
201138,2026-09-04 15:18:23
201139,2026-09-04 15:19:57
201140,2026-09-04 15:23:25
201141,2026-09-04 15:24:21
201142,2026-09-04 15:26:34
201143,2026-09-04 15:32:18
201144,2026-09-04 15:34:24
201145,2026-09-04 15:37:16
201146,2026-09-04 15:39:55
201147,2026-09-04 15:40:46
201148,2026-09-04 16:00:30
201149,2026-09-04 16:05:36
201150,2026-09-04 16:07:42
201151,2026-09-04 16:10:09
201152,2026-09-04 16:21:47
201153,2026-09-04 16:23:07
201154,2026-09-04 16:29:28
201155,2026-09-04 16:30:39
201156,2026-09-04 16:32:22
201157,2026-09-04 16:34:31
201158,2026-09-04 16:36:09
201159,2026-09-04 16:37:47
201160,2026-09-04 16:40:25
201161,2026-09-04 16:43:41
201162,2026-09-04 16:48:57
201163,2026-09-04 16:50:23
201164,2026-09-04 16:53:21
201165,2026-09-04 16:55:57
201166,2026-09-04 16:56:28
201167,2026-09-04 17:00:58
201168,2026-09-04 17:05:07
201169,2026-09-04 17:07:27
201170,2026-09-04 18:03:38
201171,2026-09-04 18:06:48
201172,2026-09-04 18:08:38
201173,2026-09-04 18:13:43
201174,2026-09-04 18:18:16
201175,2026-09-04 18:22:44
201176,2026-09-04 18:25:14
201177,2026-09-04 18:29:31
201178,2026-09-04 18:29:36
201179,2026-09-04 18:30:44
201180,2026-09-04 18:34:09
201181,2026-09-04 18:35:51
201182,2026-09-04 18:37:00
201183,2026-09-04 18:40:09
201184,2026-09-04 18:43:11
201185,2026-09-04 18:44:40
201186,2026-09-04 18:47:45
201187,2026-09-04 18:48:25
201188,2026-09-04 18:51:46
201189,2026-09-04 18:53:37
201190,2026-09-04 18:54:19
201191,2026-09-04 18:56:34
201192,2026-09-04 18:57:57
201193,2026-09-04 18:59:32
201194,2026-09-04 19:04:08
201195,2026-09-04 19:04:59
201196,2026-09-04 19:07:50
201197,2026-09-04 19:08:22
201198,2026-09-04 19:12:20
201199,2026-09-04 19:13:07
201200,2026-09-04 19:16:20
201201,2026-09-04 19:18:06
201202,2026-09-04 19:20:12
201203,2026-09-04 19:20:53
201204,2026-09-04 19:23:23
201205,2026-09-04 19:27:57
201206,2026-09-04 19:29:59
201207,2026-09-04 19:33:53
201208,2026-09-04 19:34:46
201209,2026-09-04 19:37:15
201210,2026-09-04 19:38:03
201211,2026-09-04 19:40:20
201212,2026-09-04 19:41:09
201213,2026-09-04 19:45:16
201214,2026-09-04 19:48:42
201215,2026-09-04 19:57:09
201216,2026-09-04 20:00:39
201217,2026-09-04 20:04:05
201218,2026-09-04 20:04:45
201219,2026-09-04 20:04:49
201220,2026-09-04 20:05:45
201221,2026-09-04 20:07:30
201222,2026-09-04 20:09:02
201223,2026-09-04 20:10:23
201224,2026-09-04 20:12:33
201225,2026-09-04 20:13:46
201226,2026-09-04 20:15:20
201227,2026-09-04 20:16:11
201228,2026-09-04 20:16:53
201229,2026-09-04 20:18:08
201230,2026-09-04 20:19:18
201231,2026-09-04 20:20:31
201232,2026-09-04 20:22:11
201233,2026-09-04 20:22:56
201234,2026-09-04 20:25:43
201235,2026-09-04 20:29:40
201236,2026-09-04 20:31:22
201237,2026-09-04 21:18:54
201238,2026-09-05 13:15:26
201239,2026-09-05 13:28:42
201240,2026-09-05 13:28:05
201241,2026-09-05 13:40:22
201242,2026-09-05 13:44:54
201243,2026-09-05 13:47:34
201244,2026-09-05 13:54:45
201245,2026-09-05 13:56:26
201246,2026-09-05 13:59:00
201247,2026-09-05 14:01:05
201248,2026-09-05 14:05:36
201249,2026-09-05 14:06:41
201250,2026-09-05 14:10:07
201251,2026-09-05 14:12:18
201252,2026-09-05 14:19:59
201253,2026-09-05 14:22:13
201254,2026-09-05 14:23:57
201255,2026-09-05 14:26:57
201256,2026-09-05 14:28:10
201257,2026-09-05 14:30:38
201258,2026-09-05 14:31:18
201259,2026-09-05 14:36:14
201260,2026-09-05 14:51:45
201261,2026-09-05 14:54:11
201262,2026-09-05 14:56:32
201263,2026-09-05 14:58:56
201264,2026-09-05 14:59:58
201265,2026-09-05 15:02:00
201266,2026-09-05 15:04:30
201267,2026-09-05 15:06:36
201268,2026-09-05 15:07:25
201269,2026-09-05 15:10:00
201270,2026-09-05 15:11:50
201271,2026-09-05 15:13:27
201272,2026-09-05 15:16:51
201273,2026-09-05 15:19:44
201274,2026-09-05 15:24:28
201275,2026-09-05 15:26:44
201276,2026-09-05 15:28:41
201277,2026-09-05 15:29:34
201278,2026-09-05 15:32:28
201279,2026-09-05 15:36:56
201280,2026-09-05 15:39:26
201281,2026-09-05 15:40:01
201282,2026-09-05 15:42:19
201283,2026-09-05 15:43:44
201284,2026-09-05 15:52:23
201285,2026-09-05 15:57:11
201286,2026-09-05 16:01:00
201287,2026-09-05 16:02:17
201288,2026-09-05 16:04:42
201289,2026-09-05 16:09:04
201290,2026-09-05 16:09:35
201291,2026-09-05 16:11:59
201292,2026-09-05 16:16:39
201293,2026-09-05 16:18:36
201294,2026-09-05 16:21:46
201295,2026-09-05 16:24:18
201296,2026-09-05 16:28:01
201297,2026-09-05 16:29:40
201298,2026-09-05 16:31:54
201299,2026-09-05 17:15:44
201300,2026-09-05 17:30:00
201301,2026-09-05 17:54:02
201302,2026-09-05 17:54:31
201303,2026-09-05 17:55:05
201304,2026-09-05 17:55:53
201305,2026-09-05 17:56:35
201306,2026-09-05 17:56:46
201307,2026-09-05 17:58:07
201308,2026-09-05 17:58:12
201309,2026-09-05 17:59:21
201310,2026-09-05 18:01:00
201311,2026-09-05 18:02:07
201312,2026-09-05 18:02:51
201313,2026-09-05 18:06:30
201314,2026-09-05 18:07:29
201315,2026-09-05 18:11:06
201316,2026-09-05 18:12:00
201317,2026-09-05 18:15:21
201318,2026-09-05 18:16:11
201319,2026-09-05 18:18:47
201320,2026-09-05 18:20:03
201321,2026-09-05 18:24:39
201322,2026-09-05 18:25:38
201323,2026-09-05 18:29:26
201324,2026-09-05 19:29:56
201325,2026-09-05 19:32:41
201326,2026-09-05 19:35:02
201327,2026-09-05 19:37:03
201328,2026-09-05 19:40:24
201329,2026-09-05 19:42:28
201330,2026-09-05 19:42:52
201331,2026-09-05 19:43:49
201332,2026-09-05 19:44:24
201333,2026-09-05 19:45:59
201334,2026-09-05 19:46:27
201335,2026-09-05 19:47:56
201336,2026-09-05 19:48:52
201337,2026-09-05 19:50:36
201338,2026-09-05 19:51:03
201339,2026-09-05 19:53:06
201340,2026-09-05 19:53:45
201341,2026-09-05 19:55:47
201342,2026-09-05 19:56:10
201343,2026-09-05 20:00:29
201344,2026-09-05 21:18:10
201345,2026-09-06 13:22:46
201346,2026-09-06 13:25:32
201347,2026-09-06 13:32:53
201348,2026-09-06 13:36:09
201349,2026-09-06 13:44:50
201350,2026-09-06 13:46:14
201351,2026-09-06 13:51:03
201352,2026-09-06 13:53:31
201353,2026-09-06 13:57:11
201354,2026-09-06 13:59:56
201355,2026-09-06 13:59:22
201356,2026-09-06 14:02:03
201357,2026-09-06 14:02:57
201358,2026-09-06 14:17:08
201359,2026-09-06 14:19:04
201360,2026-09-06 14:21:05
201361,2026-09-06 14:24:18
201362,2026-09-06 14:30:45
201363,2026-09-06 14:32:20
201364,2026-09-06 14:33:15
201365,2026-09-06 14:37:28
201366,2026-09-06 14:39:10
201367,2026-09-06 14:42:07
201368,2026-09-06 14:51:26
201369,2026-09-06 14:53:37
201370,2026-09-06 14:57:06
201371,2026-09-06 14:58:10
201372,2026-09-06 15:01:53
201373,2026-09-06 15:04:12
201374,2026-09-06 15:05:06
201375,2026-09-06 15:16:17
201376,2026-09-06 15:18:43
201377,2026-09-06 15:21:58
201378,2026-09-06 15:24:18
201379,2026-09-06 15:32:33
201380,2026-09-06 15:39:20
201381,2026-09-06 15:36:47
201382,2026-09-06 15:41:53
201383,2026-09-06 15:42:37
201384,2026-09-06 15:43:32
201385,2026-09-06 15:45:59
201386,2026-09-06 15:47:00
201387,2026-09-06 15:51:56
201388,2026-09-06 15:56:04
201389,2026-09-06 15:56:43
201390,2026-09-06 15:58:48
201391,2026-09-06 15:59:22
201392,2026-09-06 16:01:06
201393,2026-09-06 16:02:27
201394,2026-09-06 16:03:08
201395,2026-09-06 16:05:04
201396,2026-09-06 16:08:21
201397,2026-09-06 16:22:19
201398,2026-09-06 16:24:54
201399,2026-09-06 16:25:41
201400,2026-09-06 16:31:04
201401,2026-09-06 16:35:31
201402,2026-09-06 16:36:21
201403,2026-09-06 16:42:51
201404,2026-09-06 16:43:27
201405,2026-09-06 16:45:40
201406,2026-09-06 16:47:19
201407,2026-09-06 16:49:56
201408,2026-09-06 16:53:17
201409,2026-09-06 16:58:01
201410,2026-09-06 17:01:48
201411,2026-09-06 17:05:11
201412,2026-09-06 17:06:16
201413,2026-09-06 17:07:29
201414,2026-09-06 17:08:06
201415,2026-09-06 17:09:32
201416,2026-09-06 17:10:00
201417,2026-09-06 17:10:33
201418,2026-09-06 17:11:03
201419,2026-09-06 17:12:01
201420,2026-09-06 17:12:18
201421,2026-09-06 17:14:41
201422,2026-09-06 17:15:07
201423,2026-09-06 17:14:52
201424,2026-09-06 17:15:48
201425,2026-09-06 17:16:06
201426,2026-09-06 17:17:22
201427,2026-09-06 17:18:53
201428,2026-09-06 17:20:30
201429,2026-09-06 17:21:43
201430,2026-09-06 17:22:13
201431,2026-09-06 17:23:46
201432,2026-09-06 17:25:07
201433,2026-09-06 17:25:45
201434,2026-09-06 17:26:31
201435,2026-09-06 17:28:46
201436,2026-09-06 17:29:28
201437,2026-09-06 17:45:43
201438,2026-09-07 08:47:47
201439,2026-09-07 14:26:57
201440,2026-09-07 14:38:57
201441,2026-09-07 14:50:17
201442,2026-09-07 14:54:40
201443,2026-09-07 15:02:01
201444,2026-09-07 15:02:03
201445,2026-09-07 15:01:54
201446,2026-09-07 15:05:27
201447,2026-09-07 15:06:53
201448,2026-09-07 15:12:51
201449,2026-09-07 15:45:12
201450,2026-09-07 15:53:20
201451,2026-09-07 15:55:28
201452,2026-09-07 15:56:49
201453,2026-09-07 15:57:32
201454,2026-09-07 15:58:05
201455,2026-09-07 16:00:09
201456,2026-09-07 16:00:30
201457,2026-09-07 16:01:10
201458,2026-09-07 16:02:18
201459,2026-09-07 16:03:05
201460,2026-09-07 16:03:41
201461,2026-09-07 16:04:19
201462,2026-09-07 16:07:37
201463,2026-09-07 16:10:00
201464,2026-09-07 16:12:30
201465,2026-09-07 16:18:59
201466,2026-09-07 16:25:20
201467,2026-09-07 16:29:36
201468,2026-09-07 16:40:18
201469,2026-09-07 16:45:49
201470,2026-09-07 16:46:35
201471,2026-09-07 16:48:52
201472,2026-09-07 16:49:59
201473,2026-09-07 16:50:12
201474,2026-09-07 16:51:46
201475,2026-09-07 16:52:36
201476,2026-09-07 16:54:52
201477,2026-09-07 16:55:58
201478,2026-09-07 16:56:29
201479,2026-09-07 16:58:04
201480,2026-09-07 16:58:34
201481,2026-09-07 16:59:01
201482,2026-09-07 17:00:49
201483,2026-09-07 17:01:27
201484,2026-09-07 17:10:36
201485,2026-09-09 13:19:56
201486,2026-09-09 13:23:46
201487,2026-09-09 13:25:58
201488,2026-09-09 13:34:46
201489,2026-09-09 13:44:48
201490,2026-09-09 13:46:11
201491,2026-09-09 13:49:30
201492,2026-09-09 13:51:20
201493,2026-09-09 14:02:43
201494,2026-09-09 14:04:16
201495,2026-09-09 14:05:24
201496,2026-09-09 14:08:49
201497,2026-09-09 14:09:49
201498,2026-09-09 14:12:38
201499,2026-09-09 14:13:57
201500,2026-09-09 14:18:05
201501,2026-09-09 14:20:50
201502,2026-09-09 14:27:48
201503,2026-09-09 14:28:46
201504,2026-09-09 14:30:06
201505,2026-09-09 14:54:11
201506,2026-09-09 14:54:11
201507,2026-09-09 14:54:11
201508,2026-09-09 14:54:11
201509,2026-09-09 14:56:34
201510,2026-09-09 14:58:05
201511,2026-09-09 14:59:36
201512,2026-09-09 15:02:51
201513,2026-09-09 15:03:22
201514,2026-09-09 15:05:55
201515,2026-09-09 15:09:24
201516,2026-09-09 15:10:53
201517,2026-09-09 15:18:27
201518,2026-09-09 15:22:30
201519,2026-09-09 15:24:09
201520,2026-09-09 15:26:54
201521,2026-09-09 15:36:34
201522,2026-09-09 15:39:45
201523,2026-09-09 15:43:55
201524,2026-09-09 15:43:28
201525,2026-09-09 15:45:06
201526,2026-09-09 15:46:26
201527,2026-09-09 15:49:57
201528,2026-09-09 15:49:09
201529,2026-09-09 15:52:05
201530,2026-09-09 15:52:47
201531,2026-09-09 15:53:21
201532,2026-09-09 15:53:56
201533,2026-09-09 15:54:56
201534,2026-09-09 15:56:00
201535,2026-09-09 15:56:37
201536,2026-09-09 15:57:01
201537,2026-09-09 16:01:13
201538,2026-09-09 16:01:56
201539,2026-09-09 16:04:37
201540,2026-09-09 16:05:29
201541,2026-09-09 16:06:01
201542,2026-09-09 16:09:21
201543,2026-09-09 16:11:37
201544,2026-09-09 16:16:39
201545,2026-09-09 16:19:02
201546,2026-09-09 16:50:04
201547,2026-09-09 17:01:18
201548,2026-09-09 17:04:20
201549,2026-09-09 17:06:20
201550,2026-09-09 17:07:02
201551,2026-09-09 17:10:07
201552,2026-09-09 17:11:04
201553,2026-09-09 17:15:43
201554,2026-09-09 17:16:16
201555,2026-09-09 17:17:03
201556,2026-09-09 17:17:14
201557,2026-09-09 17:17:59
201558,2026-09-09 17:18:20
201559,2026-09-09 17:19:04
201560,2026-09-09 17:19:36
201561,2026-09-09 17:20:28
201562,2026-09-09 17:22:21
201563,2026-09-09 17:22:34
201564,2026-09-09 17:23:44
201565,2026-09-09 17:24:23
201566,2026-09-09 17:25:04
201567,2026-09-09 17:25:52
201568,2026-09-09 17:27:23
201569,2026-09-09 17:28:26
201570,2026-09-09 17:29:12
201571,2026-09-09 17:32:00
201572,2026-09-09 17:33:10
201573,2026-09-09 20:02:24
201574,2026-09-10 13:30:24
201575,2026-09-10 13:32:34
201576,2026-09-10 13:38:55
201577,2026-09-10 13:41:21
201578,2026-09-10 13:42:27
201579,2026-09-10 13:55:06
201580,2026-09-10 13:58:44
201581,2026-09-10 14:01:45
201582,2026-09-10 14:04:10
201583,2026-09-10 14:11:11
201584,2026-09-10 14:15:13
201585,2026-09-10 14:19:20
201586,2026-09-10 14:22:32
201587,2026-09-10 14:35:16
201588,2026-09-10 14:38:03
201589,2026-09-10 14:42:36
201590,2026-09-10 14:50:03
201591,2026-09-10 14:50:40
201592,2026-09-10 15:06:52
201593,2026-09-10 15:09:36
201594,2026-09-10 15:20:57
201595,2026-09-10 15:22:04
201596,2026-09-10 15:22:48
201597,2026-09-10 15:24:51
201598,2026-09-10 15:25:42
201599,2026-09-10 15:26:58
201600,2026-09-10 15:27:13
201601,2026-09-10 15:28:28
201602,2026-09-10 15:29:16
201603,2026-09-10 15:30:25
201604,2026-09-10 15:31:03
201605,2026-09-10 15:31:57
201606,2026-09-10 15:52:00
201607,2026-09-10 15:53:30
201608,2026-09-10 15:54:50
201609,2026-09-10 15:56:03
201610,2026-09-10 15:56:16
201611,2026-09-10 15:56:44
201612,2026-09-10 15:56:54
201613,2026-09-10 15:58:13
201614,2026-09-10 15:58:37
201615,2026-09-10 15:59:35
201616,2026-09-10 16:00:35
201617,2026-09-10 16:03:30
201618,2026-09-10 16:04:52
201619,2026-09-10 16:05:48
201620,2026-09-10 16:10:37
201621,2026-09-10 16:12:10
201622,2026-09-10 16:25:45
201623,2026-09-10 19:51:02
201624,2026-09-11 08:05:53
201625,2026-09-12 13:29:08
201626,2026-09-12 13:37:00
201627,2026-09-12 13:48:41
201628,2026-09-12 13:50:26
201629,2026-09-12 13:54:18
201630,2026-09-12 13:56:01
201631,2026-09-12 13:58:40
201632,2026-09-12 13:59:28
201633,2026-09-12 14:01:59
201634,2026-09-12 14:03:05
201635,2026-09-12 14:16:44
201636,2026-09-12 14:17:24
201637,2026-09-12 14:20:05
201638,2026-09-12 14:22:41
201639,2026-09-12 14:24:48
201640,2026-09-12 14:26:56
201641,2026-09-12 14:30:34
201642,2026-09-12 14:38:54
201643,2026-09-12 14:40:13
201644,2026-09-12 14:41:32
201645,2026-09-12 14:43:25
201646,2026-09-12 14:47:59
201647,2026-09-12 14:49:30
201648,2026-09-12 14:51:41
201649,2026-09-12 14:53:10
201650,2026-09-12 14:55:47
201651,2026-09-12 14:59:02
201652,2026-09-12 15:00:33
201653,2026-09-12 15:01:06
201654,2026-09-12 15:10:48
201655,2026-09-12 15:11:29
201656,2026-09-12 15:15:19
201657,2026-09-12 15:16:08
201658,2026-09-12 15:22:06
201659,2026-09-12 15:27:24
201660,2026-09-12 15:30:48
201661,2026-09-12 15:31:36
201662,2026-09-12 15:35:42
201663,2026-09-12 15:35:55
201664,2026-09-12 15:39:05
201665,2026-09-12 15:40:53
201666,2026-09-12 15:44:08
201667,2026-09-12 15:47:46
201668,2026-09-12 15:48:55
201669,2026-09-12 15:55:35
201670,2026-09-12 15:58:40
201671,2026-09-12 15:59:36
201672,2026-09-12 16:01:39
201673,2026-09-12 16:04:13
201674,2026-09-12 16:06:40
201675,2026-09-12 16:09:23
201676,2026-09-12 16:10:06
201677,2026-09-12 16:12:07
201678,2026-09-12 16:12:51
201679,2026-09-12 16:13:59
201680,2026-09-12 16:15:00
201681,2026-09-12 16:16:53
201682,2026-09-12 16:17:23
201683,2026-09-12 16:17:52
201684,2026-09-12 16:20:16
201685,2026-09-12 16:20:55
201686,2026-09-12 16:22:38
201687,2026-09-12 16:24:36
201688,2026-09-12 16:25:50
201689,2026-09-12 16:26:23
201690,2026-09-12 16:36:10
201691,2026-09-12 16:41:03
201692,2026-09-12 16:42:28
201693,2026-09-12 16:49:08
201694,2026-09-12 16:54:31
201695,2026-09-12 16:55:15
201696,2026-09-12 16:59:32
201697,2026-09-12 17:04:54
201698,2026-09-12 17:06:37
201699,2026-09-12 17:10:49
201700,2026-09-12 17:12:41
201701,2026-09-12 17:12:54
201702,2026-09-12 17:14:29
201703,2026-09-12 17:14:58
201704,2026-09-12 17:16:56
201705,2026-09-12 17:17:38
201706,2026-09-12 17:18:15
201707,2026-09-12 17:19:13
201708,2026-09-12 17:19:35
201709,2026-09-12 17:20:04
201710,2026-09-12 17:20:28
201711,2026-09-12 17:21:08
201712,2026-09-12 17:23:20
201713,2026-09-12 17:23:51
201714,2026-09-12 17:26:39
201715,2026-09-12 17:27:14
201716,2026-09-12 17:27:44
201717,2026-09-12 17:37:34
201718,2026-09-14 13:29:40
201719,2026-09-14 13:36:34
201720,2026-09-14 13:39:23
201721,2026-09-14 13:49:36
201722,2026-09-14 13:51:48
201723,2026-09-14 13:54:43
201724,2026-09-14 13:57:07
201725,2026-09-14 14:01:19
201726,2026-09-14 14:02:00
201727,2026-09-14 14:05:31
201728,2026-09-14 14:07:24
201729,2026-09-14 14:10:27
201730,2026-09-14 14:23:50
201731,2026-09-14 14:27:11
201732,2026-09-14 14:29:06
201733,2026-09-14 14:31:38
201734,2026-09-14 14:37:16
201735,2026-09-14 14:39:57
201736,2026-09-14 14:41:38
201737,2026-09-14 14:45:43
201738,2026-09-14 14:48:24
201739,2026-09-14 14:57:10
201740,2026-09-14 14:59:51
201741,2026-09-14 15:03:30
201742,2026-09-14 15:06:45
201743,2026-09-14 15:09:28
201744,2026-09-14 15:15:19
201745,2026-09-14 15:21:42
201746,2026-09-14 15:22:34
201747,2026-09-14 15:29:14
201748,2026-09-14 15:32:24
201749,2026-09-14 15:35:31
201750,2026-09-14 15:39:20
201751,2026-09-14 15:40:11
201752,2026-09-14 15:46:09
201753,2026-09-14 15:47:02
201754,2026-09-14 15:53:25
201755,2026-09-14 15:58:01
201756,2026-09-14 16:00:25
201757,2026-09-14 16:05:08
201758,2026-09-14 16:07:31
201759,2026-09-14 16:08:53
201760,2026-09-14 16:12:22
201761,2026-09-14 16:13:10
201762,2026-09-14 16:16:39
201763,2026-09-14 16:17:58
201764,2026-09-14 17:19:45
201765,2026-09-14 17:28:50
201766,2026-09-14 17:31:07
201767,2026-09-14 17:34:25
201768,2026-09-14 17:39:27
201769,2026-09-14 17:46:25
201770,2026-09-14 17:47:50
201771,2026-09-14 17:51:14
201772,2026-09-14 17:51:58
201773,2026-09-14 17:52:47
201774,2026-09-14 17:53:23
201775,2026-09-14 17:54:38
201776,2026-09-14 17:55:11
201777,2026-09-14 17:58:26
201778,2026-09-14 17:59:04
201779,2026-09-14 18:00:03
201780,2026-09-14 18:00:43
201781,2026-09-14 18:02:28
201782,2026-09-14 18:03:52
201783,2026-09-14 18:04:22
201784,2026-09-14 18:07:18
201785,2026-09-14 18:08:18
201786,2026-09-14 18:10:48
201787,2026-09-14 18:11:14
201788,2026-09-14 18:14:18
201789,2026-09-14 18:16:32
201790,2026-09-14 18:17:43
201791,2026-09-14 18:22:29
201792,2026-09-14 18:23:06
201793,2026-09-14 18:27:00
201794,2026-09-14 18:32:50
201795,2026-09-14 18:34:03
201796,2026-09-14 18:38:03
201797,2026-09-14 18:39:48
201798,2026-09-14 18:46:33
201799,2026-09-14 18:48:08
201800,2026-09-14 18:52:18
201801,2026-09-14 18:53:19
201802,2026-09-14 18:54:24
201803,2026-09-14 18:56:07
201804,2026-09-14 18:57:05
201805,2026-09-14 18:59:39
201806,2026-09-14 19:02:44
201807,2026-09-14 19:05:22
201808,2026-09-14 19:07:18
201809,2026-09-14 19:07:43
201810,2026-09-14 19:08:09
201811,2026-09-14 19:08:54
201812,2026-09-14 19:09:15
201813,2026-09-14 19:09:43
201814,2026-09-14 19:11:19
201815,2026-09-14 19:12:30
201816,2026-09-14 19:14:08
201817,2026-09-14 19:16:01
201818,2026-09-14 19:17:19
201819,2026-09-14 19:19:30
201820,2026-09-14 19:20:10
201821,2026-09-14 19:21:34
201822,2026-09-14 19:29:33
201823,2026-09-15 07:59:39
201824,2026-09-15 13:46:56
201825,2026-09-15 13:47:40
201826,2026-09-15 13:50:51
201827,2026-09-15 13:51:23
201828,2026-09-15 14:04:01
201829,2026-09-15 14:11:41
201830,2026-09-15 14:13:23
201831,2026-09-15 14:18:30
201832,2026-09-15 14:19:55
201833,2026-09-15 14:21:31
201834,2026-09-15 14:33:56
201835,2026-09-15 14:41:14
201836,2026-09-15 14:43:26
201837,2026-09-15 14:47:18
201838,2026-09-15 14:49:38
201839,2026-09-15 14:58:28
201840,2026-09-15 14:59:18
201841,2026-09-15 15:02:10
201842,2026-09-15 15:09:38
201843,2026-09-15 15:10:14
201844,2026-09-15 15:14:23
201845,2026-09-15 15:25:56
201846,2026-09-15 15:27:04
201847,2026-09-15 15:31:56
201848,2026-09-15 15:34:06
201849,2026-09-15 15:42:17
201850,2026-09-15 15:46:10
201851,2026-09-15 15:53:24
201852,2026-09-15 15:54:21
201853,2026-09-15 15:56:38
201854,2026-09-15 15:59:18
201855,2026-09-15 16:08:42
201856,2026-09-15 16:10:12
201857,2026-09-15 16:13:30
201858,2026-09-15 16:22:43
201859,2026-09-15 16:23:12
201860,2026-09-15 16:26:14
201861,2026-09-15 16:26:52
201862,2026-09-15 16:28:50
201863,2026-09-15 16:31:34
201864,2026-09-15 16:34:04
201865,2026-09-15 16:35:08
201866,2026-09-15 16:36:52
