Fecha,Calidad,Calibre,Grupo,Neto
2026-04-01,PE2,0.5,SI,498
2026-04-01,PE3,0.0 - 1.0,SI,496
2026-04-01,PEGUA,1.5 - 2.5,si,463
2026-04-01,PE2,1.5,SI,397
2026-04-01,PEBAB,1.5 - 2.5,SI,394
2026-04-01,PE2,0.0 - 1.0,SI,251
2026-04-01,PEGUA,1.5 - 2.5,si,463
2026-04-01,PEGUA,1.5 - 2.5,si,418
2026-04-01,PIND,1.5 - 2.5,SI,453
2026-04-01,PE3,3.0 - 4.0,SI,473
2026-04-01,PEGUA,1.5 - 2.5,si,462
2026-04-01,PEBAB,1.5 - 2.5,SI,380
2026-04-01,PEGUA,1.5 - 2.5,SI,503
2026-04-01,PE3,1.5 - 2.5,SI,483
2026-04-01,PEGUA,1.5 - 2.5,si,424
2026-04-01,PEBAB,1.5 - 2.5,SI,431
2026-04-01,PEGUA,1.5 - 2.5,SI,457
2026-04-01,PE3,3.0 - 4.0,SI,474
2026-04-01,PE3,1.5 - 2.5,SI,23
2026-04-01,PE1,0.5,SI,566
2026-04-01,PE1,1,SI,570
2026-04-01,PEBAB,1.5 - 2.5,SI,371
2026-04-01,PE3,0.0 - 1.0,SI,501
2026-04-01,PE1,1,SI,547
2026-04-01,PE1,1,SI,559
2026-04-01,PE1,0.5,SI,518
2026-04-01,PE1,1,SI,561
2026-04-01,PE1,1,SI,548
2026-04-01,PE1,0.5,SI,513
2026-04-01,PE2,1.5,SI,391
2026-04-01,PE2,0.5,SI,501
2026-04-01,PE2,0.5,SI,517
2026-04-01,PE1,1,SI,550
2026-04-01,PE1,3.0 - 4.0,SI,518
2026-04-01,PE2,3.0 - 4.0,SI,65
2026-04-01,PE3,3.0 - 4.0,SI,40
2026-04-01,PIND,1.5 - 2.5,SI,443
2026-04-01,PE2,1.5,SI,463
2026-04-01,PE1,1.5 - 2.5,SI,563
2026-04-01,PE1,0.5,SI,510
2026-04-01,PE1,1,SI,554
2026-04-01,PEGUA,1.5 - 2.5,SI,423
2026-04-01,PE3,0.0 - 1.0,SI,496
2026-04-01,AD2,0.0 - 1.0,SI,505
2026-04-01,AD1,0.0 - 1.0,SI,569
2026-04-01,PIND,1.5 - 2.5,SI,458
2026-04-01,PE1,0.5,SI,526
2026-04-01,AD-PJUG,3.0 - 4.0,SI,558
2026-04-01,PE3,0.0 - 1.0,SI,41
2026-04-01,AD2,0.0 - 1.0,SI,507
2026-04-01,AD1,0.0 - 1.0,SI,548
2026-04-01,AD3,0.0 - 1.0,SI,297
2026-04-01,PE2,2,SI,56
2026-04-01,PE2,0.0 - 1.0,SI,502
2026-04-01,PE1,1,SI,541
2026-04-01,PE2,0.0 - 1.0,SI,500
2026-04-01,PE1,1,SI,558
2026-04-01,PE1,0.5,SI,491
2026-04-01,PIND,1.5 - 2.5,SI,500
2026-04-01,PE1,1,SI,561
2026-04-01,PE1,0.0 - 1.0,SI,576
2026-04-01,PE1,0.0 - 1.0,SI,529
2026-04-01,PE1,0.0 - 1.0,SI,556
2026-04-01,PEGUA,1.5 - 2.5,si,437
2026-04-01,PE3,1.5 - 2.5,SI,488
2026-04-01,AD-PJUG,1.5 - 2.5,SI,498
2026-04-01,PE1,0.0 - 1.0,SI,581
2026-04-01,PE2,0.0 - 1.0,SI,331
2026-04-01,PE2,0.0 - 1.0,SI,517
2026-04-01,PE1,0.0 - 1.0,SI,638
2026-04-01,PE3,1.5 - 2.5,SI,43
2026-04-01,PE3,3.0 - 4.0,SI,408
2026-04-01,PEGUA,1.5 - 2.5,SI,516
2026-04-01,PE3,0.0 - 1.0,SI,200
2026-04-01,PE1,1.5 - 2.5,SI,361
2026-04-01,PE3,0.0 - 1.0,SI,505
2026-04-01,PE1,3.0 - 4.0,SI,533
2026-04-01,PE2,0.0 - 1.0,SI,419
2026-04-01,PE2,3.0 - 4.0,SI,339
2026-04-01,PE1,0.0 - 1.0,SI,383
2026-04-01,PE3,3.0 - 4.0,SI,195
2026-04-01,PIND,1.5 - 2.5,SI,180
2026-04-01,PEBAB,1.5 - 2.5,SI,182
2026-04-01,PE2,3.0 - 4.0,SI,415
2026-04-01,PE2,1.5 - 2.5,SI,170
2026-04-01,PEGUA,1.5 - 2.5,si,263
2026-04-01,PE1,1.5 - 2.5,SI,761
2026-04-01,PE1,1.5 - 2.5,SI,28
2026-04-01,PE2,1.5 - 2.5,SI,19
2026-04-01,PE3,1.5 - 2.5,SI,9
2026-04-01,PE1,1.5 - 2.5,SI,6
2026-04-01,PE1,1.5 - 2.5,SI,42
2026-04-01,PE2,1.5 - 2.5,SI,27
2026-04-01,PE3,1.5 - 2.5,SI,5
2026-04-01,PE1,1.5 - 2.5,SI,2
2026-04-01,PE1,0.0 - 1.0,SI,300
2026-04-04,PEGUA,1.5 - 2.5,SI,456
2026-04-04,PEBAB,1.5 - 2.5,si,431
2026-04-04,PE3,0.0 - 1.0,si,526
2026-04-04,PEGUA,1.5 - 2.5,SI,456
2026-04-04,PE2,1.5,si,392
2026-04-04,PE3,1.5 - 2.5,SI,508
2026-04-04,PE2,1.5,si,403
2026-04-04,PEGUA,1.5 - 2.5,SI,464
2026-04-04,PE3,0.0 - 1.0,si,517
2026-04-04,PIND,1.5 - 2.5,SI,502
2026-04-04,PEBAB,1.5 - 2.5,si,434
2026-04-04,PEBAB,1.5 - 2.5,si,415
2026-04-04,PEGUA,1.5 - 2.5,SI,456
2026-04-04,PE2,0.0 - 1.0,SI,500
2026-04-04,PEGUA,1.5 - 2.5,SI,459
2026-04-04,PEBAB,1.5 - 2.5,si,429
2026-04-04,PEGUA,1.5 - 2.5,SI,457
2026-04-04,PE3,1.5 - 2.5,SI,493
2026-04-04,PEGUA,1.5 - 2.5,SI,494
2026-04-04,PE2,1.5,si,389
2026-04-04,PE3,0.0 - 1.0,si,483
2026-04-04,PE2,0.0 - 1.0,SI,516
2026-04-04,PE1,1.5,SI,403
2026-04-04,PIND,1.5 - 2.5,si,501
2026-04-04,PE3,0.0 - 1.0,SI,498
2026-04-04,PEGUA,1.5 - 2.5,SI,460
2026-04-04,PE1,0,SI,558
2026-04-04,PEBAB,1.5 - 2.5,SI,429
2026-04-04,PE3,0.0 - 1.0,SI,466
2026-04-04,PE2,0.0 - 1.0,SI,504
2026-04-04,PEGUA,1.5 - 2.5,SI,457
2026-04-04,PE3,0.0 - 1.0,si,503
2026-04-04,PE2,1.5,si,387
2026-04-04,PE1,1.5,SI,403
2026-04-04,PE3,1.5 - 2.5,SI,492
2026-04-04,PE1,1,si,553
2026-04-04,PE3,3.0 - 4.0,si,503
2026-04-04,PE2,0.0 - 1.0,SI,501
2026-04-04,PE3,0.0 - 1.0,SI,494
2026-04-04,PEBAB,1.5 - 2.5,si,436
2026-04-04,PE2,0.0 - 1.0,SI,514
2026-04-04,PEGUA,1.5 - 2.5,SI,470
2026-04-04,PEGUA,1.5 - 2.5,SI,465
2026-04-04,PE1,1.5,SI,407
2026-04-04,PE1,1.5,SI,197
2026-04-04,PE2,1.5,si,388
2026-04-04,PE3,0.0 - 1.0,SI,498
2026-04-04,PEBAB,1.5 - 2.5,SI,429
2026-04-04,PE1,0.0 - 1.0,SI,500
2026-04-04,PE3,1.5 - 2.5,SI,496
2026-04-04,PE1,3.0 - 4.0,si,560
2026-04-04,PEGUA,1.5 - 2.5,SI,471
2026-04-04,PE2,1.5,si,410
2026-04-04,PE2,0.0 - 1.0,SI,521
2026-04-04,PEBAB,1.5 - 2.5,si,426
2026-04-04,PE1,1.5 - 2.5,si,550
2026-04-04,PEGUA,1.5 - 2.5,SI,472
2026-04-04,PE3,0.0 - 1.0,SI,493
2026-04-04,PEGUA,1.5 - 2.5,SI,462
2026-04-04,PE2,1.5,si,385
2026-04-04,PE2,0.0 - 1.0,SI,509
2026-04-04,PE2,1.5 - 2.5,si,498
2026-04-04,PIND,1.5 - 2.5,SI,525
2026-04-04,PIND,1.5 - 2.5,SI,505
2026-04-04,PEGUA,1.5 - 2.5,SI,470
2026-04-04,PEBAB,1.5 - 2.5,si,418
2026-04-04,PE3,0.0 - 1.0,si,486
2026-04-04,PE3,0.0 - 1.0,si,501
2026-04-04,PE1,0.0 - 1.0,SI,569
2026-04-04,PE1,0,si,559
2026-04-04,PE1,1,SI,545
2026-04-04,PEGUA,1.5 - 2.5,SI,505
2026-04-04,PE2,0.0 - 1.0,SI,500
2026-04-04,PEBAB,1.5 - 2.5,SI,418
2026-04-04,PEGUA,1.5 - 2.5,SI,446
2026-04-04,PEGUA,1.5 - 2.5,SI,467
2026-04-04,PE3,0.0 - 1.0,si,486
2026-04-04,PEBAB,1.5 - 2.5,si,414
2026-04-04,PE3,1.5 - 2.5,SI,482
2026-04-04,PE2,0.0 - 1.0,SI,503
2026-04-04,PIND,1.5 - 2.5,si,490
2026-04-04,PEGUA,1.5 - 2.5,si,462
2026-04-04,PE1,1,SI,564
2026-04-04,PEGUA,1.5 - 2.5,SI,451
2026-04-04,PEBAB,1.5 - 2.5,si,426
2026-04-04,PEGUA,1.5 - 2.5,SI,44
2026-04-04,PE3,0.0 - 1.0,SI,489
2026-04-04,PE2,2,SI,398
2026-04-04,PE1,0.0 - 1.0,SI,544
2026-04-04,PE2,1.5,si,386
2026-04-04,PE2,0.0 - 1.0,si,493
2026-04-04,PE2,2,SI,409
2026-04-04,PEBAB,1.5 - 2.5,SI,81
2026-04-04,PEBAB,1.5 - 2.5,si,449
2026-04-04,PE2,1.5,si,237
2026-04-04,PE3,0.0 - 1.0,si,504
2026-04-04,PE3,3.0 - 4.0,si,498
2026-04-04,PE2,0.0 - 1.0,SI,498
2026-04-04,PE1,1,SI,568
2026-04-04,PE3,1.5 - 2.5,SI,495
2026-04-04,PEGUA,1.5 - 2.5,SI,467
2026-04-04,PE1,1.5 - 2.5,si,534
2026-04-04,PE1,3.0 - 4.0,si,559
2026-04-04,AD2,0.0 - 1.0,SI,509
2026-04-04,AD3,0.0 - 1.0,si,475
2026-04-04,PEGUA,1.5 - 2.5,SI,487
2026-04-04,AD2,0.0 - 1.0,SI,505
2026-04-04,PEGUA,1.5 - 2.5,si,262
2026-04-04,PJUG,1.5 - 2.5,si,482
2026-04-04,PE1,1,si,184
2026-04-04,AD1,0.0 - 1.0,SI,515
2026-04-04,AD3,0.0 - 1.0,SI,311
2026-04-04,PE1,1,SI,566
2026-04-04,PEBAB,1.5 - 2.5,si,397
2026-04-04,PE1,1,SI,549
2026-04-04,AD3,0.0 - 1.0,SI,512
2026-04-04,PE1,1,si,556
2026-04-04,PE1,0.0 - 1.0,SI,620
2026-04-04,PE2,2,SI,416
2026-04-04,PE3,0.0 - 1.0,si,462
2026-04-04,PIND,1.5 - 2.5,si,518
2026-04-04,PE3,1.5 - 2.5,SI,474
2026-04-04,PE3,0.0 - 1.0,SI,505
2026-04-04,PEBAB,1.5 - 2.5,SI,436
2026-04-04,PE1,1,si,552
2026-04-04,PE3,0.0 - 1.0,SI,499
2026-04-04,PE2,0.0 - 1.0,si,520
2026-04-04,PEGUA,1.5 - 2.5,si,87
2026-04-04,PE1,1,si,562
2026-04-04,PE1,1,si,544
2026-04-04,PE1,1,si,555
2026-04-04,PE1,1,si,572
2026-04-04,PE1,1,SI,462
2026-04-04,PEGUA,1.5 - 2.5,SI,267
2026-04-04,PE1,1,si,560
2026-04-04,PE1,1,si,584
2026-04-04,PEBAB,1.5 - 2.5,SI,253
2026-04-04,PE2,2,SI,415
2026-04-04,PEGUA,1.5 - 2.5,SI,212
2026-04-04,AD-PJUG,1.5 - 2.5,si,483
2026-04-04,PE2,2,si,198
2026-04-04,PE2,1.5 - 2.5,SI,371
2026-04-04,PIND,1.5 - 2.5,SI,406
2026-04-04,PE2,0.0 - 1.0,SI,484
2026-04-04,PIND,1.5 - 2.5,si,209
2026-04-04,PE1,1,si,563
2026-04-04,PE3,1.5 - 2.5,SI,377
2026-04-04,PE2,3.0 - 4.0,SI,507
2026-04-04,PE3,0.0 - 1.0,SI,216
2026-04-04,PE2,0.0 - 1.0,SI,378
2026-04-04,PE3,3.0 - 4.0,si,392
2026-04-04,PE2,0.0 - 1.0,SI,345
2026-04-04,PE2,1.5 - 2.5,si,460
2026-04-04,PE2,3.0 - 4.0,SI,313
2026-04-04,PEGUA,1.5 - 2.5,SI,86
2026-04-04,PJUG,1.5 - 2.5,SI,67
2026-04-04,PE1,1.5 - 2.5,si,441
2026-04-04,PE1,0.0 - 1.0,SI,199
2026-04-04,PE1,0.0 - 1.0,SI,533
2026-04-04,PEBAB,1.5 - 2.5,si,207
2026-04-05,PE1,0.0 - 1.0,SI,531
2026-04-05,PE1,1,SI,565
2026-04-05,PE1,0.0 - 1.0,SI,521
2026-04-05,PE1,1,SI,563
2026-04-05,PE1,1,SI,546
2026-04-05,PE1,1.5 - 2.5,SI,573
2026-04-05,PE2,0.0 - 1.0,SI,522
2026-04-05,PE1,0.0 - 1.0,SI,517
2026-04-05,PEGUA,1.5 - 2.5,SI,493
2026-04-05,PE1,1,SI,564
2026-04-05,PE1,1.5 - 2.5,SI,553
2026-04-05,PEBAB,1.5 - 2.5,si,411
2026-04-05,PIND,1.5 - 2.5,SI,477
2026-04-05,PEBAB,1.5 - 2.5,SI,423
2026-04-05,PEGUA,1.5 - 2.5,SI,459
2026-04-05,PEGUA,1.5 - 2.5,SI,483
2026-04-05,PE3,0.0 - 1.0,SI,498
2026-04-05,PEBAB,1.5 - 2.5,si,432
2026-04-05,PEBAB,1.5 - 2.5,SI,416
2026-04-05,PEGUA,1.5 - 2.5,SI,483
2026-04-05,PE1,1,si,564
2026-04-05,PE1,0.0 - 1.0,si,526
2026-04-05,PE1,1,SI,574
2026-04-05,PE1,1,SI,556
2026-04-05,PE2,0.0 - 1.0,SI,521
2026-04-05,PE1,1,SI,572
2026-04-05,PEGUA,1.5 - 2.5,SI,534
2026-04-05,PEBAB,1.5 - 2.5,si,414
2026-04-05,PE3,1.5 - 2.5,SI,484
2026-04-05,PE1,0,SI,511
2026-04-05,PEBAB,1.5 - 2.5,SI,417
2026-04-05,PE1,0,SI,523
2026-04-05,PEGUA,1.5 - 2.5,SI,516
2026-04-05,PE2,1.5,SI,394
2026-04-05,PEBAB,1.5 - 2.5,si,417
2026-04-05,PE1,3.0 - 4.0,si,534
2026-04-05,PEGUA,1.5 - 2.5,SI,508
2026-04-05,PEGUA,1.5 - 2.5,SI,545
2026-04-05,PEBAB,1.5 - 2.5,si,416
2026-04-05,PE3,3.0 - 4.0,SI,491
2026-04-05,PE2,3.0 - 4.0,si,495
2026-04-05,PE2,3.0 - 4.0,SI,504
2026-04-05,PIND,1.5 - 2.5,SI,489
2026-04-05,PEBAB,1.5 - 2.5,SI,413
2026-04-05,PEGUA,1.5 - 2.5,SI,633
2026-04-05,PE3,3.0 - 4.0,SI,488
2026-04-05,PE3,3.0 - 4.0,SI,486
2026-04-05,PEBAB,1.5 - 2.5,si,420
2026-04-05,PEGUA,1.5 - 2.5,si,542
2026-04-05,PEGUA,1.5 - 2.5,SI,536
2026-04-05,PEBAB,1.5 - 2.5,si,416
2026-04-05,PE3,3.0 - 4.0,SI,478
2026-04-05,PEBAB,1.5 - 2.5,si,416
2026-04-05,PE3,0.0 - 1.0,SI,476
2026-04-05,PE1,1.5 - 2.5,SI,48
2026-04-05,PE2,1.5 - 2.5,SI,16
2026-04-05,PE3,1.5 - 2.5,SI,5
2026-04-05,PE1,1.5 - 2.5,SI,3
2026-04-05,PEGUA,1.5 - 2.5,SI,441
2026-04-05,PEBAB,1.5 - 2.5,SI,425
2026-04-05,PEGUA,1.5 - 2.5,SI,496
2026-04-05,PEBAB,1.5 - 2.5,SI,423
2026-04-05,PE2,1.5 - 2.5,SI,499
2026-04-05,PEGUA,1.5 - 2.5,si,520
2026-04-05,PE1,3.0 - 4.0,si,549
2026-04-05,PIND,1.5 - 2.5,SI,499
2026-04-05,PE2,2,si,201
2026-04-05,PE2,2,si,401
2026-04-05,PE3,3.0 - 4.0,SI,477
2026-04-05,PEBAB,1.5 - 2.5,SI,426
2026-04-05,PEGUA,1.5 - 2.5,SI,531
2026-04-05,PEGUA,1.5 - 2.5,SI,450
2026-04-05,PEGUA,1.5 - 2.5,SI,494
2026-04-05,PE2,3.0 - 4.0,si,495
2026-04-05,PE2,1.5,SI,376
2026-04-05,PE3,1.5 - 2.5,si,500
2026-04-05,PE3,1.5 - 2.5,si,500
2026-04-05,PE2,0.0 - 1.0,SI,510
2026-04-05,PE3,0.0 - 1.0,SI,525
2026-04-05,PIND,1.5 - 2.5,SI,524
2026-04-05,PE2,0.0 - 1.0,SI,497
2026-04-05,PE1,1.5 - 2.5,SI,543
2026-04-05,PE1,0.0 - 1.0,SI,536
2026-04-05,PE2,1.5,SI,398
2026-04-05,PEGUA,1.5 - 2.5,SI,189
2026-04-05,PEGUA,1.5 - 2.5,si,498
2026-04-05,PE2,1.5 - 2.5,SI,497
2026-04-05,PE3,0.0 - 1.0,SI,507
2026-04-05,PE3,1.5 - 2.5,SI,555
2026-04-05,PE1,3.0 - 4.0,SI,531
2026-04-05,PE1,0.0 - 1.0,SI,519
2026-04-05,PE2,1.5,SI,381
2026-04-05,PE2,1.5,SI,77
2026-04-05,PE2,1.5 - 2.5,SI,426
2026-04-05,PE3,0.0 - 1.0,SI,628
2026-04-05,PE1,1.5 - 2.5,SI,273
2026-04-05,PE1,0.0 - 1.0,SI,522
2026-04-05,PE2,3.0 - 4.0,SI,457
2026-04-05,PEGUA,1.5 - 2.5,SI,517
2026-04-05,PE3,3.0 - 4.0,SI,400
2026-04-05,PE2,0.0 - 1.0,SI,281
2026-04-05,PE3,0.0 - 1.0,SI,552
2026-04-05,PEGUA,1.5 - 2.5,SI,166
2026-04-05,PEBAB,1.5 - 2.5,si,231
2026-04-05,AD-PJUG,3.0 - 4.0,SI,305
2026-04-05,PIND,1.5 - 2.5,SI,366
2026-04-05,PE2,0.0 - 1.0,SI,502
2026-04-05,PEBAB,1.5 - 2.5,si,290
2026-04-05,AD-PJUG,3.0 - 4.0,SI,473
2026-04-05,AD-PJUG,3.0 - 4.0,SI,289
2026-04-05,PE1,0.0 - 1.0,SI,210
2026-04-05,PE1,3.0 - 4.0,SI,408
2026-04-05,PEGUA,1.5 - 2.5,si,1240
2026-04-05,PEBAB,1.5 - 2.5,SI,891
2026-04-05,AD1,0.0 - 1.0,SI,1338
2026-04-05,AD2,0.0 - 1.0,si,1380
2026-04-06,PIND,1.5 - 2.5,SI,483
2026-04-06,PE3,3.0 - 4.0,si,474
2026-04-06,PE3,1.5 - 2.5,SI,487
2026-04-06,PE1,1.5 - 2.5,si,517
2026-04-06,PE2,3.0 - 4.0,SI,488
2026-04-06,PIND,1.5 - 2.5,si,476
2026-04-06,PE3,0.0 - 1.0,SI,479
2026-04-06,PEGUA,1.5 - 2.5,SI,507
2026-04-06,PIND,1.5 - 2.5,si,462
2026-04-06,PEBAB,1.5 - 2.5,SI,399
2026-04-06,PE3,3.0 - 4.0,SI,478
2026-04-06,PE1,3.0 - 4.0,si,511
2026-04-06,PE2,1.5,si,389
2026-04-06,PEGUA,1.5 - 2.5,SI,503
2026-04-06,PEGUA,1.5 - 2.5,SI,422
2026-04-06,PE3,1.5 - 2.5,SI,497
2026-04-06,PE3,3.0 - 4.0,SI,473
2026-04-06,PEBAB,1.5 - 2.5,SI,404
2026-04-06,PIND,1.5 - 2.5,SI,458
2026-04-06,PE1,2,SI,520
2026-04-06,PEBAB,1.5 - 2.5,SI,401
2026-04-06,PEGUA,1.5 - 2.5,SI,498
2026-04-06,PE1,1.5 - 2.5,si,474
2026-04-06,PEBAB,1.5 - 2.5,SI,398
2026-04-06,PE2,3.0 - 4.0,SI,484
2026-04-06,PE3,3.0 - 4.0,si,468
2026-04-06,PEGUA,1.5 - 2.5,SI,500
2026-04-06,PE3,0.0 - 1.0,SI,475
2026-04-06,PIND,1.5 - 2.5,si,465
2026-04-06,PE1,3.0 - 4.0,si,478
2026-04-06,PEBAB,1.5 - 2.5,SI,401
2026-04-06,PE3,3.0 - 4.0,si,469
2026-04-06,PEBAB,1.5 - 2.5,SI,414
2026-04-06,PEBAB,1.5 - 2.5,si,438
2026-04-06,PEGUA,1.5 - 2.5,SI,414
2026-04-06,PE3,1.5 - 2.5,SI,519
2026-04-06,PEGUA,1.5 - 2.5,si,495
2026-04-06,PEBAB,1.5 - 2.5,SI,400
2026-04-06,PEBAB,1.5 - 2.5,SI,420
2026-04-06,PIND,1.5 - 2.5,si,481
2026-04-06,PEBAB,1.5 - 2.5,SI,427
2026-04-06,PE3,1.5 - 2.5,SI,471
2026-04-06,PEGUA,1.5 - 2.5,si,455
2026-04-06,PEBAB,1.5 - 2.5,SI,418
2026-04-06,PEBAB,1.5 - 2.5,si,394
2026-04-06,PE1,1.5 - 2.5,SI,52
2026-04-06,PE2,1.5 - 2.5,SI,17
2026-04-06,PE3,1.5 - 2.5,SI,3
2026-04-06,PE1,1.5 - 2.5,SI,4
2026-04-06,PE1,1.5 - 2.5,SI,46
2026-04-06,PE2,1.5 - 2.5,SI,16
2026-04-06,PE3,1.5 - 2.5,SI,2
2026-04-06,PE1,1.5 - 2.5,SI,3
2026-04-06,PE3,3.0 - 4.0,SI,471
2026-04-06,PE2,0.0 - 1.0,SI,494
2026-04-06,PEGUA,1.5 - 2.5,SI,464
2026-04-06,PE2,1.5,SI,399
2026-04-06,PEBAB,1.5 - 2.5,SI,409
2026-04-06,PE2,1.5,si,385
2026-04-06,PEGUA,1.5 - 2.5,SI,440
2026-04-06,PEGUA,1.5 - 2.5,SI,478
2026-04-06,PEGUA,1.5 - 2.5,SI,427
2026-04-06,PEBAB,1.5 - 2.5,SI,421
2026-04-06,PIND,1.5 - 2.5,SI,489
2026-04-06,PEBAB,1.5 - 2.5,SI,441
2026-04-06,PE2,1.5 - 2.5,SI,498
2026-04-06,PE3,0.0 - 1.0,SI,491
2026-04-06,PEGUA,1.5 - 2.5,si,486
2026-04-06,PEBAB,1.5 - 2.5,SI,404
2026-04-06,PEBAB,1.5 - 2.5,SI,421
2026-04-06,PEBAB,1.5 - 2.5,SI,455
2026-04-06,PEGUA,1.5 - 2.5,SI,457
2026-04-06,PEGUA,1.5 - 2.5,SI,501
2026-04-06,PEBAB,1.5 - 2.5,SI,422
2026-04-06,PEGUA,1.5 - 2.5,si,467
2026-04-06,PEGUA,1.5 - 2.5,si,495
2026-04-06,PE3,1.5 - 2.5,si,522
2026-04-06,PEBAB,1.5 - 2.5,SI,457
2026-04-06,PEBAB,1.5 - 2.5,SI,402
2026-04-06,PEGUA,1.5 - 2.5,SI,490
2026-04-06,PEBAB,1.5 - 2.5,SI,437
2026-04-06,PEGUA,1.5 - 2.5,si,433
2026-04-06,PIND,1.5 - 2.5,si,469
2026-04-06,PE3,3.0 - 4.0,SI,498
2026-04-06,PEBAB,1.5 - 2.5,SI,402
2026-04-06,PEBAB,1.5 - 2.5,SI,452
2026-04-06,PE1,2,SI,543
2026-04-06,PEGUA,1.5 - 2.5,SI,493
2026-04-06,PEBAB,1.5 - 2.5,SI,398
2026-04-06,PEGUA,1.5 - 2.5,si,477
2026-04-06,PEGUA,1.5 - 2.5,si,452
2026-04-06,PEBAB,1.5 - 2.5,SI,390
2026-04-06,PEGUA,1.5 - 2.5,SI,499
2026-04-06,PEGUA,1.5 - 2.5,SI,476
2026-04-06,PEBAB,1.5 - 2.5,SI,439
2026-04-06,PIND,1.5 - 2.5,SI,474
2026-04-06,PE2,3.0 - 4.0,SI,490
2026-04-06,PEBAB,1.5 - 2.5,SI,439
2026-04-06,PE3,0.0 - 1.0,SI,494
2026-04-06,PEBAB,1.5 - 2.5,SI,394
2026-04-06,PEGUA,1.5 - 2.5,SI,472
2026-04-06,PE2,1.5,si,389
2026-04-06,PIND,1.5 - 2.5,SI,477
2026-04-06,PEBAB,1.5 - 2.5,si,398
2026-04-06,PEGUA,1.5 - 2.5,SI,465
2026-04-06,PEGUA,1.5 - 2.5,si,507
2026-04-06,PE3,3.0 - 4.0,si,494
2026-04-06,PE3,1.5 - 2.5,SI,512
2026-04-06,PIND,1.5 - 2.5,SI,464
2026-04-06,PE2,3.0 - 4.0,SI,506
2026-04-06,PEGUA,1.5 - 2.5,SI,441
2026-04-06,PE1,3.0 - 4.0,si,442
2026-04-06,PE1,2,SI,159
2026-04-06,PE1,3.0 - 4.0,si,413
2026-04-06,PE2,0.0 - 1.0,SI,496
2026-04-06,PE1,1.5 - 2.5,si,653
2026-04-06,PEGUA,1.5 - 2.5,si,506
2026-04-06,AD2,0.0 - 1.0,SI,502
2026-04-06,PEBAB,1.5 - 2.5,SI,418
2026-04-06,PEGUA,1.5 - 2.5,si,472
2026-04-06,PEBAB,1.5 - 2.5,SI,439
2026-04-06,AD1,0.0 - 1.0,SI,539
2026-04-06,AD-PJUG,3.0 - 4.0,si,511
2026-04-06,AD3,0.0 - 1.0,SI,484
2026-04-06,PE2,1.5,si,243
2026-04-06,AD2,0.0 - 1.0,SI,481
2026-04-06,AD1,0.0 - 1.0,si,531
2026-04-06,PEBAB,1.5 - 2.5,SI,328
2026-04-06,PEGUA,1.5 - 2.5,SI,325
2026-04-06,AD1,0.0 - 1.0,SI,542
2026-04-06,AD2,0.0 - 1.0,SI,500
2026-04-06,AD-PJUG,3.0 - 4.0,si,336
2026-04-06,AD3,0.0 - 1.0,SI,380
2026-04-06,AD2,0.0 - 1.0,SI,201
2026-04-06,AD3,0.0 - 1.0,SI,341
2026-04-06,AD2,0.0 - 1.0,si,574
2026-04-06,AD3,1.5 - 2.5,SI,171
2026-04-06,AD3,3.0 - 4.0,SI,132
2026-04-06,AD1,0.0 - 1.0,si,526
2026-04-06,PE2,1.5 - 2.5,si,433
2026-04-06,PIND,1.5 - 2.5,si,128
2026-04-06,PE3,0.0 - 1.0,SI,277
2026-04-06,PEGUA,1.5 - 2.5,SI,378
2026-04-06,PEGUA,1.5 - 2.5,si,415
2026-04-06,PE2,1.5 - 2.5,si,84
2026-04-06,AD1,0.0 - 1.0,si,123
2026-04-06,PE1,0.0 - 1.0,si,177
2026-04-06,AD-PJUG,3.0 - 4.0,si,45
2026-04-06,PEGUA,1.5 - 2.5,si,1411
2026-04-06,PEBAB,1.5 - 2.5,SI,1587
2026-04-06,PEGUA,1.5 - 2.5,si,1157
2026-04-06,PEBAB,1.5 - 2.5,SI,1413
2026-04-06,PEGUA,1.5 - 2.5,SI,1463
2026-04-06,PEBAB,1.5 - 2.5,SI,1134
2026-04-06,PEGUA,1.5 - 2.5,SI,1488
2026-04-06,PEBAB,1.5 - 2.5,SI,1544
2026-04-06,PEGUA,1.5 - 2.5,si,1264
2026-04-07,PE1,2,SI,546
2026-04-07,PE1,2,SI,541
2026-04-07,PE1,2,SI,535
2026-04-07,PEBAB,1.5 - 2.5,SI,406
2026-04-07,PEBAB,1.5 - 2.5,SI,404
2026-04-07,PEGUA,1.5 - 2.5,si,429
2026-04-07,PEGUA,1.5 - 2.5,si,498
2026-04-07,PEBAB,1.5 - 2.5,SI,393
2026-04-07,PEGUA,1.5 - 2.5,SI,443
2026-04-07,PE3,1.5 - 2.5,SI,493
2026-04-07,PEGUA,1.5 - 2.5,si,443
2026-04-07,PEBAB,1.5 - 2.5,SI,418
2026-04-07,PEBAB,1.5 - 2.5,SI,426
2026-04-07,PEGUA,1.5 - 2.5,si,528
2026-04-07,PEBAB,1.5 - 2.5,SI,430
2026-04-07,PEGUA,1.5 - 2.5,SI,528
2026-04-07,PE1,2,SI,518
2026-04-07,PE1,2,SI,538
2026-04-07,PE3,0.0 - 1.0,SI,509
2026-04-07,PE1,0.0 - 1.0,SI,516
2026-04-07,PEGUA,1.5 - 2.5,SI,546
2026-04-07,PE3,3.0 - 4.0,SI,488
2026-04-07,PEGUA,1.5 - 2.5,SI,431
2026-04-07,PEBAB,1.5 - 2.5,SI,425
2026-04-07,PE1,2,SI,548
2026-04-07,PE2,0.0 - 1.0,SI,529
2026-04-07,PEGUA,1.5 - 2.5,SI,466
2026-04-07,PEBAB,1.5 - 2.5,SI,437
2026-04-07,PE2,2,SI,384
2026-04-07,PEBAB,1.5 - 2.5,SI,400
2026-04-07,PE3,1.5 - 2.5,SI,483
2026-04-07,PEBAB,1.5 - 2.5,si,418
2026-04-07,PEGUA,1.5 - 2.5,si,463
2026-04-07,PEGUA,1.5 - 2.5,si,511
2026-04-07,PE3,0.0 - 1.0,SI,511
2026-04-07,PEGUA,1.5 - 2.5,si,444
2026-04-07,PEBAB,1.5 - 2.5,SI,406
2026-04-07,PEBAB,1.5 - 2.5,si,429
2026-04-07,PE2,0.0 - 1.0,SI,496
2026-04-07,PIND,1.5 - 2.5,SI,479
2026-04-07,PEGUA,1.5 - 2.5,SI,442
2026-04-07,PE2,2,SI,382
2026-04-07,PEBAB,1.5 - 2.5,SI,434
2026-04-07,PEGUA,1.5 - 2.5,SI,443
2026-04-07,PIND,1.5 - 2.5,SI,474
2026-04-07,PEGUA,1.5 - 2.5,SI,446
2026-04-07,PE3,1.5 - 2.5,SI,487
2026-04-07,PE1,3.0 - 4.0,SI,549
2026-04-07,PEGUA,1.5 - 2.5,SI,440
2026-04-07,PE3,0.0 - 1.0,SI,522
2026-04-07,PEBAB,1.5 - 2.5,SI,416
2026-04-07,PEGUA,1.5 - 2.5,si,508
2026-04-07,PEBAB,1.5 - 2.5,SI,433
2026-04-07,PE3,3.0 - 4.0,SI,508
2026-04-07,PE1,1.5 - 2.5,SI,50
2026-04-07,PE2,1.5 - 2.5,SI,24
2026-04-07,PE3,1.5 - 2.5,SI,4
2026-04-07,PE1,1.5 - 2.5,SI,2
2026-04-07,PEGUA,1.5 - 2.5,SI,442
2026-04-07,PE2,1.5 - 2.5,SI,422
2026-04-07,PE2,3.0 - 4.0,SI,527
2026-04-07,PE1,0.0 - 1.0,SI,526
2026-04-07,PE2,2,SI,339
2026-04-07,PE2,2,SI,255
2026-04-07,PE1,0.0 - 1.0,SI,521
2026-04-07,PEGUA,1.5 - 2.5,SI,405
2026-04-07,PE2,0.0 - 1.0,SI,503
2026-04-07,AD2,0.0 - 1.0,SI,501
2026-04-07,AD3,0.0 - 1.0,SI,526
2026-04-07,PE3,0.0 - 1.0,SI,475
2026-04-07,AD1,0.0 - 1.0,SI,543
2026-04-07,PEGUA,1.5 - 2.5,si,503
2026-04-07,AD3,0.0 - 1.0,SI,512
2026-04-07,PEBAB,1.5 - 2.5,SI,427
2026-04-07,AD1,0.0 - 1.0,SI,519
2026-04-07,AD3,0.0 - 1.0,SI,514
2026-04-07,PEBAB,1.5 - 2.5,SI,393
2026-04-07,AD2,0.0 - 1.0,SI,509
2026-04-07,AD3,0.0 - 1.0,SI,554
2026-04-07,PEGUA,1.5 - 2.5,SI,62
2026-04-07,ADBABY,1.5 - 2.5,SI,425
2026-04-07,AD3,1.5 - 2.5,SI,299
2026-04-07,AD2,0.0 - 1.0,SI,500
2026-04-07,AD3,3.0 - 4.0,SI,220
2026-04-07,AD1,0.0 - 1.0,SI,622
2026-04-07,PE2,2,SI,66
2026-04-07,AD-PJUG,3.0 - 4.0,SI,459
2026-04-07,AD-PJUG,3.0 - 4.0,SI,456
2026-04-07,ADGUA,1.5 - 2.5,SI,441
2026-04-07,PIND,1.5 - 2.5,SI,390
2026-04-07,PEBAB,1.5 - 2.5,si,112
2026-04-07,AD-PJUG,3.0 - 4.0,SI,86
2026-04-07,PIND,1.5 - 2.5,SI,456
2026-04-07,ADGUA,1.5 - 2.5,SI,269
2026-04-07,ADGUA,1.5 - 2.5,SI,164
2026-04-07,AD-PJUG,3.0 - 4.0,SI,82
2026-04-07,PE2,2,SI,138
2026-04-07,PE1,0,SI,197
2026-04-07,AD-PJUG,3.0 - 4.0,SI,311
2026-04-07,AD3,1.5 - 2.5,SI,186
2026-04-08,PEBAB,1.5 - 2.5,SI,412
2026-04-08,PE2,0.0 - 1.0,SI,508
2026-04-08,PE3,0.0 - 1.0,SI,474
2026-04-08,PEGUA,1.5 - 2.5,SI,470
2026-04-08,PE1,0.0 - 1.0,si,543
2026-04-08,ADGUA,1.5 - 2.5,SI,485
2026-04-08,AD3,1.5 - 2.5,SI,481
2026-04-08,AD2,0.0 - 1.0,SI,489
2026-04-08,ADGUA,1.5 - 2.5,SI,474
2026-04-08,AD3,0.0 - 1.0,SI,482
2026-04-08,ADGUA,0.0 - 1.0,SI,484
2026-04-08,PIND,1.5 - 2.5,SI,463
2026-04-08,AD2,0.0 - 1.0,SI,511
2026-04-08,AD1,0.0 - 1.0,SI,534
2026-04-08,AD3,0.0 - 1.0,SI,493
2026-04-08,AD3,1.5 - 2.5,SI,486
2026-04-08,ADGUA,1.5 - 2.5,SI,474
2026-04-08,AD2,0.0 - 1.0,SI,514
2026-04-08,AD2,0.0 - 1.0,SI,486
2026-04-08,AD1,0.0 - 1.0,si,547
2026-04-08,ADGUA,1.5 - 2.5,SI,493
2026-04-08,AD3,0.0 - 1.0,SI,482
2026-04-08,AD2,3.0 - 4.0,SI,503
2026-04-08,AD2,0.0 - 1.0,SI,512
2026-04-08,AD1,0.0 - 1.0,si,516
2026-04-08,PIND,1.5 - 2.5,si,482
2026-04-08,AD-PJUG,3.0 - 4.0,si,493
2026-04-08,AD-PJUG,3.0 - 4.0,si,549
2026-04-08,ADBABY,1.5 - 2.5,SI,471
2026-04-08,AD3,0.0 - 1.0,SI,485
2026-04-08,ADGUA,1.5 - 2.5,SI,489
2026-04-08,PEGUA,1.5 - 2.5,SI,473
2026-04-08,PE1,0.0 - 1.0,si,545
2026-04-08,PE2,0.0 - 1.0,SI,518
2026-04-08,PEBAB,1.5 - 2.5,SI,409
2026-04-08,PE3,0.0 - 1.0,SI,483
2026-04-08,PEGUA,1.5 - 2.5,SI,282
2026-04-08,PE2,0.0 - 1.0,SI,499
2026-04-08,PEBAB,1.5 - 2.5,SI,420
2026-04-08,PE1,0.0 - 1.0,si,264
2026-04-08,PE2,1.5 - 2.5,SI,559
2026-04-08,PIND,1.5 - 2.5,SI,547
2026-04-08,PE1,3.0 - 4.0,SI,167
2026-04-08,PE3,1.5 - 2.5,SI,400
2026-04-08,PE3,0.0 - 1.0,SI,488
2026-04-08,PE1,1.5 - 2.5,si,529
2026-04-08,AD-PJUG,3.0 - 4.0,si,163
2026-04-08,PE2,0.0 - 1.0,SI,306
2026-04-08,PE1,0.0 - 1.0,si,538
2026-04-08,PEBAB,1.5 - 2.5,SI,240
2026-04-08,PE1,3.0 - 4.0,SI,179
2026-04-08,PE3,0.0 - 1.0,SI,133
2026-04-08,PEGUA,1.5 - 2.5,SI,291
2026-04-08,AD-PJUG,3.0 - 4.0,si,283
2026-04-08,PIND,1.5 - 2.5,SI,177
2026-04-08,PE1,1.5 - 2.5,SI,267
2026-04-09,PIND,1.5 - 2.5,SI,24
2026-04-10,PE1,1.5 - 2.5,SI,36
2026-04-10,PE2,1.5 - 2.5,SI,7
2026-04-10,PE3,1.5 - 2.5,SI,1
2026-04-10,PE1,1.5 - 2.5,SI,2
2026-04-10,PE1,1,si,516
2026-04-10,PE1,0,si,581
2026-04-10,PE1,1,SI,516
2026-04-10,PE1,1,SI,532
2026-04-10,PE1,1,SI,486
2026-04-10,PE1,1,SI,509
2026-04-10,PE1,1,SI,543
2026-04-10,PE1,1,SI,546
2026-04-10,PE1,1,si,565
2026-04-10,PE2,0.0 - 1.0,si,339
2026-04-10,PE2,0.0 - 1.0,si,539
2026-04-10,PE1,1,SI,539
2026-04-10,PE1,1,SI,524
2026-04-10,PE1,1,si,546
2026-04-10,AD3,0.0 - 1.0,si,518
2026-04-10,AD2,0.0 - 1.0,si,503
2026-04-10,AD1,0.0 - 1.0,SI,558
2026-04-10,AD2,0.0 - 1.0,SI,517
2026-04-10,AD1,0.0 - 1.0,SI,560
2026-04-10,AD3,0.0 - 1.0,si,492
2026-04-10,PE1,1,si,518
2026-04-10,PE1,1,si,524
2026-04-10,AD1,0.0 - 1.0,SI,531
2026-04-10,AD1,0.0 - 1.0,si,525
2026-04-10,AD2,0.0 - 1.0,si,507
2026-04-10,AD1,0.0 - 1.0,SI,546
2026-04-10,PE1,1,si,501
2026-04-10,PE1,1,si,514
2026-04-10,PE3,1.5 - 2.5,si,49
2026-04-10,AD1,0.0 - 1.0,SI,137
2026-04-10,AD2,3.0 - 4.0,SI,75
2026-04-10,AD1,1.5 - 2.5,SI,350
2026-04-10,AD1,3.0 - 4.0,SI,104
2026-04-10,AD2,0.0 - 1.0,SI,517
2026-04-10,AD1,0.0 - 1.0,si,566
2026-04-10,PE1,1,si,209
2026-04-10,ADGUA,1.5 - 2.5,si,369
2026-04-10,PE1,1.5,SI,83
2026-04-10,ADBABY,1.5 - 2.5,SI,32
2026-04-10,PIND,1.5 - 2.5,SI,185
2026-04-10,AD2,0.0 - 1.0,si,240
2026-04-10,AD2,1.5 - 2.5,si,139
2026-04-10,AD-PJUG,3.0 - 4.0,SI,22
2026-04-10,PE1,1,si,466
2026-04-10,PE1,1,si,258
2026-04-10,PE1,1.5 - 2.5,SI,186
2026-04-11,PE2,0.0 - 1.0,si,520
2026-04-11,PE2,1.5,SI,405
2026-04-11,AD2,0.0 - 1.0,SI,536
2026-04-11,PE2,1.5,SI,408
2026-04-11,PE3,0.0 - 1.0,SI,403
2026-04-11,AD1,0.0 - 1.0,SI,554
2026-04-11,AD1,0.0 - 1.0,SI,548
2026-04-11,AD2,0.0 - 1.0,SI,524
2026-04-11,PE2,1.5,SI,402
2026-04-11,AD1,0.0 - 1.0,SI,558
2026-04-11,PE3,0.0 - 1.0,SI,419
2026-04-11,PE2,1.5,SI,405
2026-04-11,PE2,1.5,si,407
2026-04-11,PE1,1.5,SI,407
2026-04-11,PE2,1.5,si,419
2026-04-11,PE2,0.0 - 1.0,SI,496
2026-04-11,PE3,0.0 - 1.0,SI,518
2026-04-11,PE2,0.0 - 1.0,SI,514
2026-04-11,PE2,1.5,si,401
2026-04-11,PE3,0.0 - 1.0,SI,433
2026-04-11,PE2,1.5,si,406
2026-04-11,AD1,0.0 - 1.0,SI,561
2026-04-11,PE1,1.5,SI,403
2026-04-11,AD2,0.0 - 1.0,SI,513
2026-04-11,AD2,0.0 - 1.0,si,522
2026-04-11,PE2,1.5,si,460
2026-04-11,AD2,0.0 - 1.0,SI,522
2026-04-11,PE2,1.5,si,402
2026-04-11,PE1,1.5,SI,405
2026-04-11,AD1,0.0 - 1.0,SI,552
2026-04-11,AD1,0.0 - 1.0,si,515
2026-04-11,AD1,0.0 - 1.0,SI,557
2026-04-11,AD3,0.0 - 1.0,SI,416
2026-04-11,PE2,0.0 - 1.0,SI,482
2026-04-11,AD-PJUG,3.0 - 4.0,SI,573
2026-04-11,AD2,0.0 - 1.0,si,501
2026-04-11,PE1,1.5,SI,417
2026-04-11,AD2,0.0 - 1.0,SI,532
2026-04-11,AD3,0.0 - 1.0,SI,71
2026-04-11,AD1,0.0 - 1.0,SI,578
2026-04-11,AD-PJUG,3.0 - 4.0,SI,504
2026-04-11,AD1,0.0 - 1.0,SI,592
2026-04-11,PIND,1.5 - 2.5,SI,319
2026-04-11,AD3,0.0 - 1.0,SI,31
2026-04-11,AD2,3.0 - 4.0,SI,83
2026-04-11,AD3,0.0 - 1.0,SI,595
2026-04-11,AD-PJUG,3.0 - 4.0,SI,116
2026-04-11,PE2,0.0 - 1.0,si,497
2026-04-11,ADGUA,1.5 - 2.5,si,392
2026-04-11,PE2,1.5 - 2.5,si,365
2026-04-11,PE3,1.5 - 2.5,si,374
2026-04-13,PEGUA,1.5 - 2.5,SI,455
2026-04-13,PE2,0.0 - 1.0,si,510
2026-04-13,PE3,0.0 - 1.0,SI,530
2026-04-13,PEBAB,1.5 - 2.5,si,433
2026-04-13,PEGUA,1.5 - 2.5,SI,459
2026-04-13,PE3,1.5 - 2.5,SI,402
2026-04-13,PE2,0.0 - 1.0,SI,515
2026-04-13,PE3,0.0 - 1.0,SI,533
2026-04-13,PE1,1,si,552
2026-04-13,PEBAB,1.5 - 2.5,SI,411
2026-04-13,PE3,1.5 - 2.5,SI,510
2026-04-13,PEGUA,1.5 - 2.5,SI,444
2026-04-13,PE3,0.0 - 1.0,SI,524
2026-04-13,PEGUA,1.5 - 2.5,SI,474
2026-04-13,PE2,1.5,SI,400
2026-04-13,PE2,0.0 - 1.0,SI,514
2026-04-13,PE2,1.5,SI,406
2026-04-13,PEGUA,1.5 - 2.5,SI,469
2026-04-13,PIND,1.5 - 2.5,SI,468
2026-04-13,PEBAB,1.5 - 2.5,si,416
2026-04-13,PEBAB,1.5 - 2.5,SI,435
2026-04-13,PE3,0.0 - 1.0,SI,544
2026-04-13,PE1,0,SI,545
2026-04-13,PEGUA,1.5 - 2.5,SI,477
2026-04-13,PE3,1.5 - 2.5,SI,505
2026-04-13,PEGUA,1.5 - 2.5,si,494
2026-04-13,PE2,1.5,si,413
2026-04-13,PE1,1,si,548
2026-04-13,PEBAB,1.5 - 2.5,SI,414
2026-04-13,PEBAB,1.5 - 2.5,SI,435
2026-04-13,PE2,0.0 - 1.0,SI,509
2026-04-13,PE3,0.0 - 1.0,SI,542
2026-04-13,PEGUA,1.5 - 2.5,SI,477
2026-04-13,PEGUA,1.5 - 2.5,SI,489
2026-04-13,PEBAB,1.5 - 2.5,si,414
2026-04-13,PE2,1.5,SI,415
2026-04-13,PE3,1.5 - 2.5,SI,498
2026-04-13,PE1,1,si,543
2026-04-13,PE3,0.0 - 1.0,SI,542
2026-04-13,PEGUA,1.5 - 2.5,SI,426
2026-04-13,PE2,0.0 - 1.0,SI,502
2026-04-13,PE2,1.5,SI,407
2026-04-13,PE1,0,SI,551
2026-04-13,PEBAB,1.5 - 2.5,SI,426
2026-04-13,PE1,1,si,535
2026-04-13,PE2,1.5,SI,418
2026-04-13,PE3,1.5 - 2.5,SI,200
2026-04-13,PE2,0.0 - 1.0,SI,305
2026-04-13,PE2,2,si,399
2026-04-13,PIND,1.5 - 2.5,si,470
2026-04-13,PE3,0.0 - 1.0,SI,551
2026-04-13,PEGUA,1.5 - 2.5,SI,524
2026-04-13,PE2,0.0 - 1.0,SI,506
2026-04-13,PEBAB,1.5 - 2.5,SI,442
2026-04-13,PEGUA,1.5 - 2.5,SI,27
2026-04-13,PEGUA,1.5 - 2.5,SI,50
2026-04-13,PE1,0.0 - 1.0,si,200
2026-04-13,PE3,1.5 - 2.5,SI,3
2026-04-13,PEGUA,1.5 - 2.5,si,467
2026-04-13,PEGUA,1.5 - 2.5,SI,462
2026-04-13,PEBAB,1.5 - 2.5,SI,418
2026-04-13,PE2,1.5,SI,402
2026-04-13,PEBAB,1.5 - 2.5,SI,433
2026-04-13,PE3,0.0 - 1.0,SI,534
2026-04-13,PEGUA,1.5 - 2.5,SI,482
2026-04-13,PE2,1.5 - 2.5,si,496
2026-04-13,PEGUA,1.5 - 2.5,si,41
2026-04-13,PE1,1,si,537
2026-04-13,PIND,1.5 - 2.5,SI,482
2026-04-13,PEBAB,1.5 - 2.5,SI,134
2026-04-13,PE2,0.0 - 1.0,SI,499
2026-04-13,PEBAB,1.5 - 2.5,SI,425
2026-04-13,PE2,1.5,SI,406
2026-04-13,PE3,1.5 - 2.5,SI,502
2026-04-13,PE1,1,si,544
2026-04-13,PIND,1.5 - 2.5,si,494
2026-04-13,PEBAB,1.5 - 2.5,SI,418
2026-04-13,PE2,1.5,si,397
2026-04-13,PE3,0.0 - 1.0,SI,500
2026-04-13,PE2,1.5,SI,407
2026-04-13,PE2,0.0 - 1.0,SI,502
2026-04-13,PEGUA,1.5 - 2.5,si,154
2026-04-13,PEBAB,1.5 - 2.5,si,163
2026-04-13,PE2,2,SI,401
2026-04-13,PEGUA,1.5 - 2.5,SI,54
2026-04-13,PE1,0,SI,536
2026-04-13,PE3,1.5 - 2.5,SI,415
2026-04-13,PE1,1,si,539
2026-04-13,PE2,0.0 - 1.0,SI,507
2026-04-13,PE2,0.0 - 1.0,SI,509
2026-04-13,PEGUA,1.5 - 2.5,SI,451
2026-04-13,PE2,0.0 - 1.0,SI,521
2026-04-13,PE2,2,SI,408
2026-04-13,PEGUA,1.5 - 2.5,si,479
2026-04-13,PEGUA,1.5 - 2.5,si,173
2026-04-13,PE2,1.5 - 2.5,si,500
2026-04-13,PE1,1,SI,526
2026-04-13,PE2,0.0 - 1.0,SI,509
2026-04-13,PE2,2,si,377
2026-04-13,PE3,0.0 - 1.0,si,561
2026-04-13,PE2,2,SI,400
2026-04-13,PE1,1,SI,526
2026-04-13,PE2,0.0 - 1.0,SI,531
2026-04-13,PE1,1,SI,532
2026-04-13,PE2,0.0 - 1.0,SI,495
2026-04-13,PE3,1.5 - 2.5,SI,512
2026-04-13,PE1,1,si,522
2026-04-13,PEBAB,1.5 - 2.5,SI,61
2026-04-13,PE2,0.0 - 1.0,si,506
2026-04-13,PE1,1,SI,121
2026-04-13,PE2,2,SI,398
2026-04-13,PE2,2,SI,404
2026-04-13,PE2,3.0 - 4.0,SI,490
2026-04-13,PE1,0.0 - 1.0,SI,527
2026-04-13,PE1,1,SI,543
2026-04-13,PE2,0.0 - 1.0,si,522
2026-04-13,PE1,0,si,526
2026-04-13,PE3,0.0 - 1.0,si,551
2026-04-13,PE1,1,SI,551
2026-04-13,PE2,0.0 - 1.0,SI,509
2026-04-13,PE2,0.0 - 1.0,si,506
2026-04-13,PE1,1.5 - 2.5,si,572
2026-04-13,PE2,0.0 - 1.0,si,524
2026-04-13,PIND,1.5 - 2.5,SI,492
2026-04-13,PE2,0.0 - 1.0,si,301
2026-04-13,PE1,1,SI,548
2026-04-13,PE2,3.0 - 4.0,SI,269
2026-04-13,PE1,1,si,414
2026-04-13,PE2,1.5 - 2.5,si,349
2026-04-13,PE3,1.5 - 2.5,SI,368
2026-04-13,PE3,0.0 - 1.0,SI,105
2026-04-13,PE2,1.5 - 2.5,si,272
2026-04-13,PE3,0.0 - 1.0,si,492
2026-04-13,PEGUA,1.5 - 2.5,SI,142
2026-04-13,PE1,0.0 - 1.0,SI,461
2026-04-13,PE2,0.0 - 1.0,SI,48
2026-04-13,PE1,1.5 - 2.5,si,318
2026-04-13,PE3,3.0 - 4.0,si,336
2026-04-13,PEBAB,1.5 - 2.5,si,310
2026-04-13,PE1,3.0 - 4.0,SI,442
2026-04-13,PE2,0.0 - 1.0,SI,288
2026-04-13,PEGUA,1.5 - 2.5,si,407
2026-04-13,PEBAB,1.5 - 2.5,si,439
2026-04-13,PE1,1.5 - 2.5,si,18
2026-04-13,PE2,1.5 - 2.5,si,9
2026-04-13,PE3,1.5 - 2.5,si,9
2026-04-13,PE1,1.5 - 2.5,si,2
2026-04-13,PE1,1.5 - 2.5,si,36
2026-04-13,PE2,1.5 - 2.5,si,28
2026-04-13,PE1,1.5 - 2.5,si,2
2026-04-13,PE1,1.5 - 2.5,si,10
2026-04-13,PE2,1.5 - 2.5,si,24
2026-04-13,PE3,1.5 - 2.5,si,13
2026-04-13,PE1,1.5 - 2.5,si,2
2026-04-14,PEGUA,1.5 - 2.5,si,571
2026-04-14,PE2,1.5 - 2.5,si,9
2026-04-14,PE1,1.5 - 2.5,si,4
2026-04-14,PEBAB,1.5 - 2.5,si,367
2026-04-14,PE1,0.0 - 1.0,SI,55
2026-04-14,PE3,0.0 - 1.0,SI,487
2026-04-14,PEGUA,1.5 - 2.5,SI,580
2026-04-14,PEGUA,1.5 - 2.5,si,438
2026-04-14,PE3,1.5 - 2.5,si,480
2026-04-14,PE3,0.0 - 1.0,SI,433
2026-04-14,PEBAB,1.5 - 2.5,SI,435
2026-04-14,PE1,2,si,610
2026-04-14,PEGUA,1.5 - 2.5,SI,581
2026-04-14,PE2,1.5,si,387
2026-04-14,PEBAB,1.5 - 2.5,si,387
2026-04-14,PE2,1.5,SI,405
2026-04-14,PE2,0.0 - 1.0,si,495
2026-04-14,PEGUA,1.5 - 2.5,SI,559
2026-04-14,PIND,1.5 - 2.5,si,468
2026-04-14,PE3,0.0 - 1.0,SI,481
2026-04-14,PEBAB,1.5 - 2.5,si,439
2026-04-14,PEGUA,1.5 - 2.5,SI,514
2026-04-14,PEBAB,1.5 - 2.5,SI,420
2026-04-14,PEBAB,1.5 - 2.5,SI,424
2026-04-14,PE3,1.5 - 2.5,si,521
2026-04-14,PEGUA,1.5 - 2.5,si,576
2026-04-14,PEBAB,1.5 - 2.5,SI,407
2026-04-14,PEBAB,1.5 - 2.5,SI,437
2026-04-14,PE2,3.0 - 4.0,si,497
2026-04-14,PE1,0.0 - 1.0,SI,556
2026-04-14,PEGUA,1.5 - 2.5,si,581
2026-04-14,AD2,0.0 - 1.0,SI,504
2026-04-14,AD1,0.0 - 1.0,si,551
2026-04-14,AD3,0.0 - 1.0,si,513
2026-04-14,AD1,0.0 - 1.0,si,529
2026-04-14,PE1,2,SI,545
2026-04-14,PE2,1.5,SI,388
2026-04-14,PIND,1.5 - 2.5,si,474
2026-04-14,PEGUA,1.5 - 2.5,si,497
2026-04-14,PEGUA,1.5 - 2.5,si,446
2026-04-14,PE1,3.0 - 4.0,si,535
2026-04-14,PE1,0,si,554
2026-04-14,PE3,0.0 - 1.0,si,496
2026-04-14,PEBAB,1.5 - 2.5,SI,428
2026-04-14,PEGUA,1.5 - 2.5,si,470
2026-04-14,PE1,1.5 - 2.5,si,601
2026-04-14,PE1,2,SI,593
2026-04-14,PE2,1.5,si,409
2026-04-14,PE2,0.0 - 1.0,si,503
2026-04-14,PEBAB,1.5 - 2.5,si,452
2026-04-14,PE3,3.0 - 4.0,si,496
2026-04-14,PEGUA,1.5 - 2.5,si,500
2026-04-14,PE2,1.5 - 2.5,si,504
2026-04-14,PE3,1.5 - 2.5,si,483
2026-04-14,AD1,0.0 - 1.0,SI,557
2026-04-14,PE3,0.0 - 1.0,SI,491
2026-04-14,AD2,0.0 - 1.0,si,503
2026-04-14,AD1,0.0 - 1.0,SI,538
2026-04-14,PE3,0.0 - 1.0,SI,30
2026-04-14,AD2,0.0 - 1.0,si,514
2026-04-14,AD1,1.5 - 2.5,SI,564
2026-04-14,AD1,0.0 - 1.0,si,541
2026-04-14,PE3,1.5 - 2.5,si,40
2026-04-14,PIND,1.5 - 2.5,SI,490
2026-04-14,PE2,0.0 - 1.0,si,510
2026-04-14,PEBAB,1.5 - 2.5,si,264
2026-04-14,PEBAB,1.5 - 2.5,si,415
2026-04-14,PEGUA,1.5 - 2.5,si,497
2026-04-14,PEGUA,1.5 - 2.5,SI,505
2026-04-14,PEBAB,1.5 - 2.5,si,11
2026-04-14,PEBAB,1.5 - 2.5,SI,421
2026-04-14,PEGUA,1.5 - 2.5,SI,493
2026-04-14,PE2,0.0 - 1.0,si,486
2026-04-14,PE1,2,si,613
2026-04-14,PE3,0.0 - 1.0,si,489
2026-04-14,PE3,0.0 - 1.0,si,492
2026-04-14,PEBAB,1.5 - 2.5,si,430
2026-04-14,PE3,1.5 - 2.5,si,481
2026-04-14,PEGUA,1.5 - 2.5,si,492
2026-04-14,PE2,3.0 - 4.0,SI,507
2026-04-14,PEBAB,1.5 - 2.5,si,450
2026-04-14,PE1,3.0 - 4.0,si,565
2026-04-14,PE2,1.5,si,390
2026-04-14,PEGUA,1.5 - 2.5,si,486
2026-04-14,PEBAB,1.5 - 2.5,si,450
2026-04-14,PEGUA,1.5 - 2.5,SI,479
2026-04-14,PIND,1.5 - 2.5,si,496
2026-04-14,PEBAB,1.5 - 2.5,si,429
2026-04-14,PE3,0.0 - 1.0,si,506
2026-04-14,PEGUA,1.5 - 2.5,si,447
2026-04-14,PE1,0.0 - 1.0,si,542
2026-04-14,PEGUA,1.5 - 2.5,si,506
2026-04-14,PE1,2,SI,594
2026-04-14,PE2,0.0 - 1.0,si,502
2026-04-14,PE2,1.5,si,411
2026-04-14,PE1,0.0 - 1.0,si,590
2026-04-14,PEBAB,1.5 - 2.5,SI,428
2026-04-14,PE1,2,si,229
2026-04-14,PEGUA,1.5 - 2.5,si,506
2026-04-14,PE3,0.0 - 1.0,si,496
2026-04-14,PEBAB,1.5 - 2.5,SI,425
2026-04-14,PE3,1.5 - 2.5,si,484
2026-04-14,PE3,3.0 - 4.0,si,508
2026-04-14,PEBAB,1.5 - 2.5,SI,449
2026-04-14,PE2,1.5 - 2.5,si,510
2026-04-14,PEGUA,1.5 - 2.5,SI,520
2026-04-14,PEGUA,1.5 - 2.5,si,499
2026-04-14,PEGUA,1.5 - 2.5,SI,450
2026-04-14,PEBAB,1.5 - 2.5,SI,400
2026-04-14,PE2,0.0 - 1.0,si,15
2026-04-14,PE2,0.0 - 1.0,si,34
2026-04-14,PEGUA,1.5 - 2.5,SI,495
2026-04-14,PEBAB,1.5 - 2.5,si,404
2026-04-14,PEGUA,1.5 - 2.5,si,484
2026-04-14,PEBAB,1.5 - 2.5,si,417
2026-04-14,PE2,1.5,si,391
2026-04-14,PEBAB,1.5 - 2.5,SI,440
2026-04-14,PEGUA,1.5 - 2.5,si,494
2026-04-14,PEBAB,1.5 - 2.5,si,423
2026-04-14,PE3,1.5 - 2.5,si,494
2026-04-14,PE3,0.0 - 1.0,si,498
2026-04-14,PEGUA,1.5 - 2.5,si,491
2026-04-14,PIND,1.5 - 2.5,si,492
2026-04-14,PEBAB,1.5 - 2.5,si,448
2026-04-14,PE2,0.0 - 1.0,si,500
2026-04-14,PEBAB,1.5 - 2.5,si,35
2026-04-14,PEGUA,1.5 - 2.5,si,445
2026-04-14,PE2,0.0 - 1.0,si,490
2026-04-14,PEBAB,1.5 - 2.5,si,448
2026-04-14,PEGUA,1.5 - 2.5,SI,497
2026-04-14,PE2,3.0 - 4.0,SI,492
2026-04-14,PE1,3.0 - 4.0,SI,569
2026-04-14,PE2,1.5,si,410
2026-04-14,PEBAB,1.5 - 2.5,SI,436
2026-04-14,PEGUA,1.5 - 2.5,si,472
2026-04-14,PEGUA,1.5 - 2.5,si,514
2026-04-14,PE1,1.5 - 2.5,si,567
2026-04-14,PE1,1,si,582
2026-04-14,PE3,0.0 - 1.0,si,498
2026-04-14,PEBAB,1.5 - 2.5,si,424
2026-04-14,PEGUA,1.5 - 2.5,si,487
2026-04-14,PEBAB,1.5 - 2.5,SI,422
2026-04-14,PE3,3.0 - 4.0,SI,500
2026-04-14,PEGUA,1.5 - 2.5,si,109
2026-04-14,PE3,1.5 - 2.5,si,478
2026-04-14,PEGUA,1.5 - 2.5,si,510
2026-04-14,PEBAB,1.5 - 2.5,si,434
2026-04-14,AD1,0.0 - 1.0,si,399
2026-04-14,PIND,1.5 - 2.5,si,479
2026-04-14,PE2,1.5 - 2.5,si,499
2026-04-14,PE2,1.5,si,389
2026-04-14,PEBAB,1.5 - 2.5,SI,422
2026-04-14,PEGUA,1.5 - 2.5,si,498
2026-04-14,PEGUA,1.5 - 2.5,SI,490
2026-04-14,PEBAB,1.5 - 2.5,si,437
2026-04-14,PE3,1.5 - 2.5,SI,485
2026-04-14,PEGUA,1.5 - 2.5,SI,447
2026-04-14,PEBAB,1.5 - 2.5,SI,418
2026-04-14,PEGUA,1.5 - 2.5,SI,490
2026-04-14,PE3,3.0 - 4.0,SI,489
2026-04-14,PE2,0.0 - 1.0,si,492
2026-04-14,PE1,0.0 - 1.0,SI,581
2026-04-14,PE1,3.0 - 4.0,SI,457
2026-04-14,PE2,1.5,si,280
2026-04-14,PE3,0.0 - 1.0,si,302
2026-04-14,PE1,1.5 - 2.5,si,457
2026-04-14,PE3,1.5 - 2.5,si,113
2026-04-14,PEGUA,1.5 - 2.5,si,541
2026-04-14,PE2,1.5 - 2.5,si,257
2026-04-14,PE2,3.0 - 4.0,SI,432
2026-04-14,PEBAB,1.5 - 2.5,SI,345
2026-04-14,PE3,1.5 - 2.5,si,188
2026-04-14,PEBAB,1.5 - 2.5,SI,400
2026-04-14,PE3,0.0 - 1.0,si,248
2026-04-14,PEBAB,1.5 - 2.5,si,314
2026-04-14,PJUG,3.0 - 4.0,SI,185
2026-04-14,PE1,0.0 - 1.0,si,130
2026-04-14,PEGUA,1.5 - 2.5,si,335
2026-04-14,PIND,1.5 - 2.5,si,188
2026-04-14,PEBAB,1.5 - 2.5,SI,182
2026-04-14,PE3,1.5 - 2.5,SI,490
2026-04-14,PE1,3.0 - 4.0,SI,435
2026-04-14,PE2,3.0 - 4.0,SI,468
2026-04-14,PE1,1.5 - 2.5,SI,313
2026-04-14,PE3,3.0 - 4.0,SI,198
2026-04-14,PE1,1,si,232
2026-04-14,PE2,0.0 - 1.0,si,493
2026-04-15,AL-PE2,1.5,si,4129
2026-04-15,AL-PE2,2,si,635
2026-04-15,AL-PE2,2,si,892
2026-04-15,AL-PE2,2,si,508
2026-04-15,AL-PE2,2,si,46
2026-04-15,PE1,1,SI,548
2026-04-15,PE1,1,si,539
2026-04-15,PE1,1,si,528
2026-04-15,PE1,1,si,542
2026-04-15,PEGUA,1.5 - 2.5,si,442
2026-04-15,PEBAB,1.5 - 2.5,SI,390
2026-04-15,PEGUA,1.5 - 2.5,SI,435
2026-04-15,PEBAB,1.5 - 2.5,SI,398
2026-04-15,PEBAB,1.5 - 2.5,SI,406
2026-04-15,PEGUA,1.5 - 2.5,si,433
2026-04-15,PEBAB,1.5 - 2.5,SI,413
2026-04-15,PEBAB,1.5 - 2.5,SI,394
2026-04-15,PEGUA,1.5 - 2.5,SI,428
2026-04-15,PE3,1.5 - 2.5,SI,489
2026-04-15,PE2,2,si,390
2026-04-15,PE3,3.0 - 4.0,SI,492
2026-04-15,PEGUA,1.5 - 2.5,si,430
2026-04-15,PIND,1.5 - 2.5,si,485
2026-04-15,PE2,2,SI,401
2026-04-15,PEBAB,1.5 - 2.5,SI,408
2026-04-15,PEBAB,1.5 - 2.5,SI,395
2026-04-15,PEGUA,1.5 - 2.5,SI,531
2026-04-15,PEGUA,1.5 - 2.5,si,439
2026-04-15,PE2,3.0 - 4.0,SI,502
2026-04-15,PE2,0.0 - 1.0,si,495
2026-04-15,AD3,0.0 - 1.0,si,511
2026-04-15,PE3,0.0 - 1.0,SI,486
2026-04-15,AD1,0.0 - 1.0,SI,526
2026-04-15,AD2,0.0 - 1.0,si,508
2026-04-15,PEBAB,1.5 - 2.5,SI,409
2026-04-15,PE1,1,si,565
2026-04-15,PE1,1,si,555
2026-04-15,PE1,1,si,548
2026-04-15,PE1,1,si,591
2026-04-15,PEGUA,1.5 - 2.5,si,445
2026-04-15,PEBAB,1.5 - 2.5,SI,425
2026-04-15,PEGUA,1.5 - 2.5,si,535
2026-04-15,PE3,1.5 - 2.5,SI,515
2026-04-15,PEGUA,1.5 - 2.5,SI,424
2026-04-15,PEBAB,1.5 - 2.5,SI,395
2026-04-15,PEGUA,1.5 - 2.5,si,443
2026-04-15,PE1,1,SI,533
2026-04-15,PE1,1,SI,555
2026-04-15,PE2,0.0 - 1.0,si,518
2026-04-15,PE2,0.0 - 1.0,si,515
2026-04-15,PE1,1,si,544
2026-04-15,PE3,1.5 - 2.5,si,490
2026-04-15,PE2,1.5,SI,394
2026-04-15,PEBAB,1.5 - 2.5,SI,389
2026-04-15,PEGUA,1.5 - 2.5,si,426
2026-04-15,PE3,0.0 - 1.0,SI,481
2026-04-15,PE3,3.0 - 4.0,si,490
2026-04-15,PEBAB,1.5 - 2.5,SI,421
2026-04-15,PEBAB,1.5 - 2.5,SI,418
2026-04-15,PE2,2,SI,404
2026-04-15,PEGUA,1.5 - 2.5,SI,432
2026-04-15,PE1,1.5 - 2.5,SI,550
2026-04-15,PE1,3.0 - 4.0,SI,559
2026-04-15,PEGUA,1.5 - 2.5,si,452
2026-04-15,PE2,2,SI,392
2026-04-15,PE1,0.0 - 1.0,SI,545
2026-04-15,PEGUA,1.5 - 2.5,si,531
2026-04-15,PIND,1.5 - 2.5,si,481
2026-04-15,PEBAB,1.5 - 2.5,SI,395
2026-04-15,PEBAB,1.5 - 2.5,SI,394
2026-04-15,PEGUA,1.5 - 2.5,si,529
2026-04-15,PEBAB,1.5 - 2.5,SI,405
2026-04-15,PE3,1.5 - 2.5,si,497
2026-04-15,PEBAB,1.5 - 2.5,SI,419
2026-04-15,PE3,3.0 - 4.0,si,493
2026-04-15,PEGUA,1.5 - 2.5,si,436
2026-04-15,PE2,3.0 - 4.0,SI,506
2026-04-15,PEBAB,1.5 - 2.5,SI,399
2026-04-15,PE2,1.5 - 2.5,si,502
2026-04-15,PE1,0.0 - 1.0,SI,551
2026-04-15,PE3,0.0 - 1.0,SI,502
2026-04-15,PIND,1.5 - 2.5,si,511
2026-04-15,PEGUA,1.5 - 2.5,si,428
2026-04-15,PEBAB,1.5 - 2.5,SI,393
2026-04-15,PEBAB,1.5 - 2.5,SI,386
2026-04-15,PE2,2,SI,366
2026-04-15,PE3,1.5 - 2.5,si,522
2026-04-15,PEGUA,1.5 - 2.5,si,434
2026-04-15,PEBAB,1.5 - 2.5,SI,411
2026-04-15,PEBAB,1.5 - 2.5,SI,392
2026-04-15,PEGUA,1.5 - 2.5,SI,530
2026-04-15,PEBAB,1.5 - 2.5,SI,395
2026-04-15,PE2,2,SI,405
2026-04-15,PE1,0.0 - 1.0,si,569
2026-04-15,PE2,0.0 - 1.0,SI,501
2026-04-15,PE1,0.0 - 1.0,si,549
2026-04-15,PEGUA,1.5 - 2.5,SI,432
2026-04-15,PEBAB,1.5 - 2.5,SI,405
2026-04-15,PIND,1.5 - 2.5,si,398
2026-04-15,PEGUA,1.5 - 2.5,si,175
2026-04-15,PE3,0.0 - 1.0,si,497
2026-04-15,AD1,0.0 - 1.0,si,528
2026-04-15,PE2,0.0 - 1.0,si,502
2026-04-15,PEGUA,1.5 - 2.5,si,456
2026-04-15,PE2,0.0 - 1.0,si,512
2026-04-15,PEGUA,1.5 - 2.5,si,44
2026-04-15,PE3,1.5 - 2.5,si,506
2026-04-15,PEBAB,1.5 - 2.5,SI,414
2026-04-15,PEGUA,1.5 - 2.5,si,436
2026-04-15,PEBAB,1.5 - 2.5,SI,403
2026-04-15,PEGUA,1.5 - 2.5,SI,478
2026-04-15,PE1,0.0 - 1.0,si,546
2026-04-15,PE2,2,SI,366
2026-04-15,PE1,3.0 - 4.0,si,557
2026-04-15,PJUG,3.0 - 4.0,SI,82
2026-04-15,PE2,2,SI,349
2026-04-15,PEBAB,0.0 - 1.0,SI,359
2026-04-15,PE1,0.0 - 1.0,si,449
2026-04-15,PE2,2,SI,198
2026-04-15,PEBAB,1.5 - 2.5,SI,267
2026-04-15,PE1,1.5 - 2.5,si,567
2026-04-15,PE2,0.0 - 1.0,si,304
2026-04-15,PE3,3.0 - 4.0,si,483
2026-04-15,AD1,1.5 - 2.5,si,113
2026-04-15,PEGUA,1.5 - 2.5,SI,362
2026-04-15,PEGUA,1.5 - 2.5,si,103
2026-04-15,PE3,3.0 - 4.0,si,134
2026-04-15,PE3,1.5 - 2.5,si,338
2026-04-15,PE3,0.0 - 1.0,SI,499
2026-04-15,PIND,1.5 - 2.5,si,268
2026-04-15,PE3,0.0 - 1.0,si,530
2026-04-15,PE2,3.0 - 4.0,si,509
2026-04-15,PE2,0.0 - 1.0,si,137
2026-04-15,PE3,0.0 - 1.0,SI,263
2026-04-15,PE2,1.5 - 2.5,SI,481
2026-04-15,PE3,3.0 - 4.0,si,381
2026-04-15,PJUG,3.0 - 4.0,SI,96
2026-04-15,PE3,1.5 - 2.5,si,211
2026-04-15,PE2,3.0 - 4.0,SI,197
2026-04-15,PE3,0.0 - 1.0,SI,2
2026-04-15,PE1,1.5 - 2.5,SI,2
2026-04-15,PE2,1.5 - 2.5,SI,7
2026-04-15,PE1,1.5 - 2.5,SI,2
2026-04-15,PE1,1.5 - 2.5,SI,8
2026-04-15,PE2,1.5 - 2.5,SI,5
2026-04-15,PE3,1.5 - 2.5,SI,1
2026-04-15,PE1,1.5 - 2.5,SI,2
2026-04-15,PE1,1.5 - 2.5,SI,42
2026-04-15,PE2,1.5 - 2.5,SI,10
2026-04-15,PE3,1.5 - 2.5,SI,9
2026-04-15,PE1,1.5 - 2.5,SI,4
2026-04-15,PE1,1.5 - 2.5,si,147
2026-04-16,AL-PE2,0.0 - 1.0,si,49
2026-04-16,PEGUA,1.5 - 2.5,SI,521
2026-04-16,PEGUA,1.5 - 2.5,si,483
2026-04-16,PEBAB,1.5 - 2.5,SI,414
2026-04-16,PEBAB,1.5 - 2.5,si,407
2026-04-16,PEGUA,1.5 - 2.5,SI,488
2026-04-16,PE2,1.5 - 2.5,SI,466
2026-04-16,PEBAB,1.5 - 2.5,SI,409
2026-04-16,PEGUA,1.5 - 2.5,SI,517
2026-04-16,PEBAB,1.5 - 2.5,SI,396
2026-04-16,PE3,1.5 - 2.5,SI,452
2026-04-16,PEBAB,1.5 - 2.5,si,411
2026-04-16,PE3,0.0 - 1.0,SI,506
2026-04-16,PEBAB,1.5 - 2.5,SI,424
2026-04-16,PE2,2,si,232
2026-04-16,PEBAB,1.5 - 2.5,SI,416
2026-04-16,PE2,2,si,165
2026-04-16,PEGUA,1.5 - 2.5,SI,530
2026-04-16,PEGUA,1.5 - 2.5,si,479
2026-04-16,PE3,3.0 - 4.0,SI,516
2026-04-16,PE2,1.5 - 2.5,SI,457
2026-04-16,PEGUA,1.5 - 2.5,si,455
2026-04-16,PE2,0.0 - 1.0,SI,496
2026-04-16,PE1,1,SI,541
2026-04-16,PE3,1.5 - 2.5,SI,464
2026-04-16,PEBAB,1.5 - 2.5,si,411
2026-04-16,PEGUA,1.5 - 2.5,si,545
2026-04-16,PEBAB,1.5 - 2.5,SI,438
2026-04-16,PEBAB,1.5 - 2.5,si,404
2026-04-16,PEBAB,1.5 - 2.5,si,425
2026-04-16,PE3,0.0 - 1.0,SI,505
2026-04-16,PEGUA,1.5 - 2.5,SI,534
2026-04-16,PIND,1.5 - 2.5,si,485
2026-04-16,PEBAB,1.5 - 2.5,SI,421
2026-04-16,PEGUA,1.5 - 2.5,si,524
2026-04-16,PEGUA,1.5 - 2.5,SI,543
2026-04-16,PE2,0.0 - 1.0,SI,501
2026-04-16,PE1,1,SI,523
2026-04-16,PE3,0.0 - 1.0,SI,497
2026-04-16,AD1,0.0 - 1.0,SI,537
2026-04-16,AD2,0.0 - 1.0,SI,524
2026-04-16,AD1,0.0 - 1.0,SI,542
2026-04-16,AD1,0.0 - 1.0,SI,553
2026-04-16,PEBAB,1.5 - 2.5,SI,429
2026-04-16,PEBAB,1.5 - 2.5,SI,418
2026-04-16,PEBAB,1.5 - 2.5,SI,425
2026-04-16,PE3,1.5 - 2.5,SI,484
2026-04-16,PEBAB,1.5 - 2.5,SI,404
2026-04-16,PE2,3.0 - 4.0,SI,498
2026-04-16,PEGUA,1.5 - 2.5,si,492
2026-04-16,PEGUA,1.5 - 2.5,SI,491
2026-04-16,PEGUA,1.5 - 2.5,SI,510
2026-04-16,PE3,3.0 - 4.0,SI,504
2026-04-16,AD2,0.0 - 1.0,si,505
2026-04-16,PEBAB,1.5 - 2.5,si,424
2026-04-16,AD1,0.0 - 1.0,SI,528
2026-04-16,PE1,0.0 - 1.0,SI,530
2026-04-16,PE3,0.0 - 1.0,SI,489
2026-04-16,AD2,0.0 - 1.0,SI,504
2026-04-16,PEBAB,1.5 - 2.5,SI,410
2026-04-16,AD2,0.0 - 1.0,SI,504
2026-04-16,PEGUA,1.5 - 2.5,si,450
2026-04-16,PEGUA,1.5 - 2.5,SI,512
2026-04-16,PE3,0.0 - 1.0,SI,488
2026-04-16,PEBAB,1.5 - 2.5,SI,423
2026-04-16,PE1,1,SI,518
2026-04-16,PEGUA,1.5 - 2.5,SI,520
2026-04-16,PEBAB,1.5 - 2.5,SI,396
2026-04-16,PEBAB,1.5 - 2.5,SI,428
2026-04-16,PEBAB,1.5 - 2.5,SI,402
2026-04-16,PE2,1.5,SI,407
2026-04-16,PE3,1.5 - 2.5,SI,487
2026-04-16,PE1,0,SI,509
2026-04-16,PEGUA,1.5 - 2.5,SI,467
2026-04-16,PE2,0.0 - 1.0,SI,502
2026-04-16,PEGUA,1.5 - 2.5,SI,499
2026-04-16,PE1,3.0 - 4.0,SI,542
2026-04-16,PEBAB,1.5 - 2.5,SI,412
2026-04-16,PEGUA,1.5 - 2.5,SI,525
2026-04-16,PE2,1.5 - 2.5,SI,500
2026-04-16,PE2,1.5 - 2.5,SI,479
2026-04-16,PIND,1.5 - 2.5,SI,493
2026-04-16,PE3,0.0 - 1.0,SI,501
2026-04-16,PE2,1.5,SI,408
2026-04-16,PEGUA,1.5 - 2.5,SI,491
2026-04-16,PEBAB,1.5 - 2.5,SI,413
2026-04-16,PEBAB,1.5 - 2.5,SI,403
2026-04-16,PEBAB,1.5 - 2.5,SI,402
2026-04-16,PE3,1.5 - 2.5,SI,486
2026-04-16,PE1,1,SI,530
2026-04-16,PE2,0.0 - 1.0,SI,507
2026-04-16,PE1,0,SI,511
2026-04-16,PEGUA,1.5 - 2.5,SI,522
2026-04-16,PE3,3.0 - 4.0,SI,520
2026-04-16,PEGUA,1.5 - 2.5,SI,454
2026-04-16,PEGUA,1.5 - 2.5,si,498
2026-04-16,PEBAB,1.5 - 2.5,SI,412
2026-04-16,PE2,1.5,SI,231
2026-04-16,PE2,2,SI,393
2026-04-16,PE2,1.5,si,46
2026-04-16,PE1,1,SI,182
2026-04-16,PE3,1.5 - 2.5,SI,429
2026-04-16,PE3,0.0 - 1.0,SI,443
2026-04-16,PE1,0.0 - 1.0,SI,622
2026-04-16,PE2,0.0 - 1.0,SI,448
2026-04-16,PEGUA,1.5 - 2.5,SI,492
2026-04-16,PE2,3.0 - 4.0,SI,607
2026-04-16,AD1,1.5 - 2.5,SI,297
2026-04-16,PIND,1.5 - 2.5,SI,492
2026-04-16,PE3,3.0 - 4.0,SI,362
2026-04-16,PE1,1.5 - 2.5,SI,367
2026-04-16,PE2,1.5 - 2.5,SI,161
2026-04-16,PE1,3.0 - 4.0,SI,400
2026-04-16,PEBAB,1.5 - 2.5,SI,427
2026-04-16,PEBAB,1.5 - 2.5,SI,497
2026-04-16,PEGUA,1.5 - 2.5,SI,464
2026-04-16,PE1,1.5 - 2.5,SI,30
2026-04-16,PE2,1.5 - 2.5,SI,20
2026-04-16,PE3,1.5 - 2.5,SI,2
2026-04-16,PE1,1.5 - 2.5,SI,4
2026-04-17,PJUG,3.0 - 4.0,SI,97
2026-04-17,PE1,1,SI,536
2026-04-17,PE1,1,SI,560
2026-04-17,PEBAB,1.5 - 2.5,SI,409
2026-04-17,PE1,1,SI,563
2026-04-17,PE2,1.5,SI,413
2026-04-17,PE1,1,SI,541
2026-04-17,PE1,1,SI,561
2026-04-17,PE1,1,SI,540
2026-04-17,PE1,1,SI,557
2026-04-17,PE1,1,SI,540
2026-04-17,PE2,1.5,SI,408
2026-04-17,PE1,1,SI,560
2026-04-17,PE1,1,SI,552
2026-04-17,PE2,0.0 - 1.0,SI,530
2026-04-17,PEGUA,1.5 - 2.5,SI,420
2026-04-17,PE1,1,SI,559
2026-04-17,PEBAB,1.5 - 2.5,SI,438
2026-04-17,PEGUA,1.5 - 2.5,SI,471
2026-04-17,PEBAB,1.5 - 2.5,SI,402
2026-04-17,PEGUA,1.5 - 2.5,SI,493
2026-04-17,PE3,1.5 - 2.5,SI,518
2026-04-17,PEBAB,1.5 - 2.5,SI,415
2026-04-17,PEGUA,1.5 - 2.5,SI,463
2026-04-17,PEBAB,1.5 - 2.5,SI,427
2026-04-17,PEBAB,1.5 - 2.5,si,402
2026-04-17,PEGUA,1.5 - 2.5,SI,469
2026-04-17,PEGUA,1.5 - 2.5,SI,497
2026-04-17,PEGUA,1.5 - 2.5,SI,432
2026-04-17,PE1,1,SI,535
2026-04-17,PEBAB,1.5 - 2.5,SI,436
2026-04-17,PEBAB,1.5 - 2.5,SI,398
2026-04-17,PE3,1.5 - 2.5,SI,523
2026-04-17,PE3,3.0 - 4.0,SI,517
2026-04-17,PEBAB,1.5 - 2.5,SI,424
2026-04-17,PEGUA,1.5 - 2.5,SI,452
2026-04-17,PEBAB,1.5 - 2.5,SI,397
2026-04-17,PEGUA,1.5 - 2.5,SI,435
2026-04-17,PE3,0.0 - 1.0,SI,531
2026-04-17,PEBAB,1.5 - 2.5,SI,420
2026-04-17,PEGUA,1.5 - 2.5,SI,501
2026-04-17,PE1,1,SI,327
2026-04-17,PEGUA,1.5 - 2.5,SI,446
2026-04-17,PE3,0.0 - 1.0,SI,574
2026-04-17,PEGUA,1.5 - 2.5,SI,450
2026-04-17,PE3,1.5 - 2.5,SI,531
2026-04-17,PEBAB,1.5 - 2.5,SI,410
2026-04-17,PEBAB,1.5 - 2.5,SI,422
2026-04-17,PEGUA,1.5 - 2.5,SI,443
2026-04-17,PEBAB,1.5 - 2.5,SI,400
2026-04-17,PEGUA,1.5 - 2.5,SI,453
2026-04-17,AD2,0.0 - 1.0,SI,497
2026-04-17,AD1,0.0 - 1.0,SI,486
2026-04-17,AD3,0.0 - 1.0,SI,545
2026-04-17,AD1,0.0 - 1.0,SI,568
2026-04-17,AD1,0.0 - 1.0,SI,496
2026-04-17,AD1,0.0 - 1.0,SI,503
2026-04-17,AD2,0.0 - 1.0,SI,502
2026-04-17,AD1,0.0 - 1.0,SI,578
2026-04-17,AD1,0.0 - 1.0,SI,573
2026-04-17,PIND,1.5 - 2.5,SI,455
2026-04-17,PE1,1.5 - 2.5,SI,339
2026-04-17,AD1,0.0 - 1.0,SI,491
2026-04-17,AD2,0.0 - 1.0,SI,509
2026-04-17,PEGUA,1.5 - 2.5,SI,498
2026-04-17,AD2,0.0 - 1.0,SI,547
2026-04-17,AD3,0.0 - 1.0,SI,524
2026-04-17,AD2,0.0 - 1.0,SI,510
2026-04-17,PEGUA,1.5 - 2.5,SI,448
2026-04-17,PEGUA,1.5 - 2.5,SI,439
2026-04-17,AD3,0.0 - 1.0,SI,542
2026-04-17,AD1,0.0 - 1.0,SI,502
2026-04-17,AD1,0.0 - 1.0,SI,494
2026-04-17,PEBAB,1.5 - 2.5,SI,421
2026-04-17,AD1,0.0 - 1.0,SI,574
2026-04-17,AD3,0.0 - 1.0,SI,496
2026-04-17,AD2,0.0 - 1.0,SI,489
2026-04-17,PEBAB,1.5 - 2.5,SI,422
2026-04-17,PE2,1.5,SI,398
2026-04-17,PEGUA,1.5 - 2.5,SI,465
2026-04-17,PEGUA,1.5 - 2.5,si,460
2026-04-17,PEBAB,1.5 - 2.5,SI,414
2026-04-17,AD1,1.5 - 2.5,SI,553
2026-04-17,PE3,0.0 - 1.0,SI,512
2026-04-17,PEBAB,1.5 - 2.5,SI,427
2026-04-17,AD1,0.0 - 1.0,SI,516
2026-04-17,PEGUA,1.5 - 2.5,SI,485
2026-04-17,AD1,0.0 - 1.0,si,517
2026-04-17,PE2,0.0 - 1.0,SI,497
2026-04-17,PE3,1.5 - 2.5,SI,541
2026-04-17,PEGUA,1.5 - 2.5,SI,279
2026-04-17,PE2,1.5,SI,401
2026-04-17,PEBAB,1.5 - 2.5,SI,207
2026-04-17,PE2,1.5,SI,402
2026-04-17,PEGUA,1.5 - 2.5,SI,504
2026-04-17,PE1,1.5,SI,400
2026-04-17,AD2,0.0 - 1.0,SI,546
2026-04-17,PE2,0.0 - 1.0,SI,488
2026-04-17,PE3,0.0 - 1.0,SI,530
2026-04-17,PE2,1.5,SI,393
2026-04-17,PE2,0.0 - 1.0,SI,281
2026-04-17,PEBAB,1.5 - 2.5,SI,21
2026-04-17,PE3,0.0 - 1.0,SI,140
2026-04-17,PEGUA,1.5 - 2.5,SI,327
2026-04-17,PE3,1.5 - 2.5,SI,260
2026-04-17,PE1,3.0 - 4.0,SI,113
2026-04-17,PE3,3.0 - 4.0,SI,432
2026-04-17,AD1,1.5 - 2.5,SI,188
2026-04-17,PIND,1.5 - 2.5,SI,300
2026-04-17,PE2,1.5 - 2.5,SI,187
2026-04-17,PE1,3.0 - 4.0,SI,403
2026-04-17,PJUG,3.0 - 4.0,SI,44
2026-04-17,PE1,1.5,SI,328
2026-04-17,PE1,1.5,SI,79
2026-04-17,PE2,1.5,SI,468
2026-04-17,PE1,0.0 - 1.0,SI,225
2026-04-17,PE1,1.5,SI,365
2026-04-17,PE2,0.0 - 1.0,SI,63
2026-04-18,AL-PE1,0.0 - 1.0,si,98
2026-04-18,AL-PEGUA,1.5 - 2.5,si,150
2026-04-18,AL-PE1,1.5 - 2.5,si,33
2026-04-18,PE1,0.0 - 1.0,SI,45
2026-04-18,PE2,1.5,SI,235
2026-04-19,AD3,0.0 - 1.0,SI,508
2026-04-19,AD2,0.0 - 1.0,SI,502
2026-04-19,ADGUA,1.5 - 2.5,SI,479
2026-04-19,AD1,0.0 - 1.0,SI,533
2026-04-19,AD3,0.0 - 1.0,SI,511
2026-04-19,AD2,0.0 - 1.0,si,514
2026-04-19,ADGUA,1.5 - 2.5,SI,467
2026-04-19,AD1,0.0 - 1.0,si,539
2026-04-19,AD2,0.0 - 1.0,SI,520
2026-04-19,AD2,0.0 - 1.0,SI,507
2026-04-19,PIND,1.5 - 2.5,SI,454
2026-04-19,AD3,0.0 - 1.0,SI,507
2026-04-19,AD1,0.0 - 1.0,si,554
2026-04-19,AD2,0.0 - 1.0,SI,511
2026-04-19,AD3,0.0 - 1.0,si,508
2026-04-19,ADGUA,1.5 - 2.5,SI,478
2026-04-19,ADGUA,1.5 - 2.5,SI,475
2026-04-19,AD2,0.0 - 1.0,SI,515
2026-04-19,PIND,1.5 - 2.5,SI,456
2026-04-19,AD3,0.0 - 1.0,SI,500
2026-04-19,AD1,0.0 - 1.0,si,536
2026-04-19,AD1,1.5 - 2.5,SI,414
2026-04-19,AD2,0.0 - 1.0,SI,488
2026-04-19,AD1,3.0 - 4.0,SI,482
2026-04-19,AD1,0.0 - 1.0,SI,618
2026-04-19,AD2,1.5 - 2.5,SI,321
2026-04-19,AD3,1.5 - 2.5,SI,193
2026-04-19,AD2,0.0 - 1.0,SI,591
2026-04-19,AD2,0.0 - 1.0,SI,73
2026-04-19,AD3,0.0 - 1.0,SI,450
2026-04-19,AD3,3.0 - 4.0,SI,210
2026-04-19,AD2,3.0 - 4.0,SI,482
2026-04-19,ADGUA,1.5 - 2.5,SI,430
2026-04-19,ADBABY,1.5 - 2.5,SI,467
2026-04-19,PE1,2,si,529
2026-04-19,ADGUA,1.5 - 2.5,SI,319
2026-04-19,PE1,2,si,513
2026-04-19,PE1,2,si,529
2026-04-19,PE2,1.5,SI,408
2026-04-19,PE1,2,si,530
2026-04-19,PE1,2,si,518
2026-04-19,PE1,1,SI,529
2026-04-19,PE1,0,SI,498
2026-04-19,PE1,1,SI,527
2026-04-19,PE2,1.5,si,415
2026-04-19,PE2,1.5,si,412
2026-04-19,PE2,1.5,si,411
2026-04-19,PE1,1,si,532
2026-04-19,PE1,1,SI,523
2026-04-19,PE1,1,SI,539
2026-04-19,PE1,0,SI,490
2026-04-19,PE1,1,si,522
2026-04-19,PIND,1.5 - 2.5,SI,466
2026-04-19,PE3,0.0 - 1.0,SI,508
2026-04-19,PE1,1,si,536
2026-04-19,PE1,0.0 - 1.0,SI,498
2026-04-19,PE2,2,SI,412
2026-04-19,PE1,1,si,546
2026-04-19,PE1,1,si,528
2026-04-19,PE2,1.5,si,413
2026-04-19,PE2,1.5,si,409
2026-04-19,PE2,0.0 - 1.0,si,519
2026-04-19,PE2,2,SI,410
2026-04-19,PE3,0.0 - 1.0,SI,494
2026-04-19,PE2,1.5,si,413
2026-04-19,PE1,0,si,495
2026-04-19,PE1,1,SI,522
2026-04-19,PE2,1.5,si,414
2026-04-19,PE2,1.5,si,409
2026-04-19,PE2,1.5,si,410
2026-04-19,PE2,1.5,si,407
2026-04-19,PE3,0.0 - 1.0,SI,498
2026-04-19,PE2,2,SI,404
2026-04-19,PE2,2,SI,210
2026-04-19,PE1,3.0 - 4.0,SI,63
2026-04-19,PE2,1.5,SI,415
2026-04-19,PE2,3.0 - 4.0,SI,29
2026-04-19,PE1,1.5 - 2.5,SI,73
2026-04-19,PE3,3.0 - 4.0,SI,13
2026-04-19,PE3,0.0 - 1.0,SI,235
2026-04-19,PE3,1.5 - 2.5,SI,156
2026-04-19,PE1,0,SI,155
2026-04-19,PE1,0.0 - 1.0,SI,574
2026-04-19,PE2,0.0 - 1.0,si,357
2026-04-19,PE2,1.5 - 2.5,si,91
2026-04-19,PIND,1.5 - 2.5,si,143
2026-04-19,PEGUA,1.5 - 2.5,SI,238
2026-04-19,PE1,0.0 - 1.0,si,525
2026-04-19,AD-PJUG,3.0 - 4.0,SI,83
2026-04-20,PEBAB,1.5 - 2.5,si,416
2026-04-20,PEBAB,1.5 - 2.5,si,388
2026-04-20,PEBAB,1.5 - 2.5,SI,408
2026-04-20,PEGUA,1.5 - 2.5,SI,435
2026-04-20,PEGUA,1.5 - 2.5,SI,440
2026-04-20,PEBAB,1.5 - 2.5,si,391
2026-04-20,PEBAB,1.5 - 2.5,si,397
2026-04-20,PEBAB,1.5 - 2.5,si,420
2026-04-20,PEBAB,1.5 - 2.5,si,398
2026-04-20,PEGUA,1.5 - 2.5,SI,473
2026-04-20,PEGUA,1.5 - 2.5,SI,434
2026-04-20,PE3,0.0 - 1.0,SI,497
2026-04-20,PIND,1.5 - 2.5,si,468
2026-04-20,PEBAB,1.5 - 2.5,SI,427
2026-04-20,PE3,0.0 - 1.0,SI,479
2026-04-20,PEBAB,1.5 - 2.5,si,435
2026-04-20,PEBAB,1.5 - 2.5,SI,416
2026-04-20,PEBAB,1.5 - 2.5,SI,424
2026-04-20,PEGUA,1.5 - 2.5,si,446
2026-04-20,PEGUA,1.5 - 2.5,SI,464
2026-04-20,PEGUA,1.5 - 2.5,si,451
2026-04-20,PEBAB,1.5 - 2.5,si,388
2026-04-20,PEBAB,1.5 - 2.5,si,439
2026-04-20,PEGUA,1.5 - 2.5,SI,426
2026-04-20,PEGUA,1.5 - 2.5,SI,419
2026-04-20,PEBAB,1.5 - 2.5,si,407
2026-04-20,PE3,0.0 - 1.0,si,494
2026-04-20,PEBAB,1.5 - 2.5,SI,413
2026-04-20,PEGUA,1.5 - 2.5,si,529
2026-04-20,PE2,0.0 - 1.0,si,485
2026-04-20,PE3,0.0 - 1.0,si,494
2026-04-20,PE3,1.5 - 2.5,SI,480
2026-04-20,PE2,2,SI,378
2026-04-20,PE1,0,SI,482
2026-04-20,PEBAB,1.5 - 2.5,SI,429
2026-04-20,PEBAB,1.5 - 2.5,SI,301
2026-04-20,PEGUA,1.5 - 2.5,SI,481
2026-04-20,PE2,1.5 - 2.5,SI,491
2026-04-20,PE3,0.0 - 1.0,SI,507
2026-04-20,PEGUA,1.5 - 2.5,SI,487
2026-04-20,PE3,1.5 - 2.5,SI,525
2026-04-20,PE1,0.0 - 1.0,SI,388
2026-04-20,PEGUA,1.5 - 2.5,SI,458
2026-04-20,PE2,2,SI,400
2026-04-20,PE3,0.0 - 1.0,SI,495
2026-04-20,PE2,0.0 - 1.0,si,516
2026-04-20,PE1,0.0 - 1.0,SI,589
2026-04-20,PE1,1.5 - 2.5,SI,627
2026-04-20,PE2,1.5 - 2.5,si,510
2026-04-20,PE1,1.5 - 2.5,SI,544
2026-04-20,PEBAB,1.5 - 2.5,si,413
2026-04-20,PIND,1.5 - 2.5,si,475
2026-04-20,PE2,2,SI,383
2026-04-20,PEBAB,1.5 - 2.5,SI,437
2026-04-20,PE3,0.0 - 1.0,SI,499
2026-04-20,PEGUA,1.5 - 2.5,si,481
2026-04-20,PEGUA,1.5 - 2.5,si,471
2026-04-20,PEBAB,1.5 - 2.5,si,398
2026-04-20,PEGUA,1.5 - 2.5,SI,422
2026-04-20,PEBAB,1.5 - 2.5,SI,427
2026-04-20,PEBAB,1.5 - 2.5,SI,414
2026-04-20,PE3,0.0 - 1.0,SI,479
2026-04-20,PE3,0.0 - 1.0,SI,503
2026-04-20,PEBAB,1.5 - 2.5,SI,436
2026-04-20,PEGUA,1.5 - 2.5,si,475
2026-04-20,PEGUA,1.5 - 2.5,si,426
2026-04-20,PE2,2,SI,394
2026-04-20,PEBAB,1.5 - 2.5,si,408
2026-04-20,PE1,0.0 - 1.0,si,554
2026-04-20,PEBAB,1.5 - 2.5,SI,415
2026-04-20,PEGUA,1.5 - 2.5,si,450
2026-04-20,PE3,0.0 - 1.0,si,501
2026-04-20,PEBAB,1.5 - 2.5,SI,396
2026-04-20,PEBAB,1.5 - 2.5,si,437
2026-04-20,PE2,0.0 - 1.0,si,501
2026-04-20,PEGUA,1.5 - 2.5,si,468
2026-04-20,PEGUA,1.5 - 2.5,si,540
2026-04-20,PEBAB,1.5 - 2.5,SI,414
2026-04-20,PE3,1.5 - 2.5,si,499
2026-04-20,PE3,0.0 - 1.0,si,497
2026-04-20,PEGUA,1.5 - 2.5,si,478
2026-04-20,PIND,1.5 - 2.5,SI,493
2026-04-20,PE2,2,SI,377
2026-04-20,PE3,0.0 - 1.0,SI,504
2026-04-20,PE2,0.0 - 1.0,SI,493
2026-04-20,AD2,0.0 - 1.0,SI,501
2026-04-20,AD1,0.0 - 1.0,si,556
2026-04-20,AD3,0.0 - 1.0,SI,510
2026-04-20,AD1,0.0 - 1.0,SI,567
2026-04-20,AD2,0.0 - 1.0,SI,517
2026-04-20,PIND,1.5 - 2.5,SI,464
2026-04-20,AD1,0.0 - 1.0,SI,568
2026-04-20,AD1,0.0 - 1.0,SI,534
2026-04-20,AD2,0.0 - 1.0,SI,519
2026-04-20,AD1,0.0 - 1.0,SI,557
2026-04-20,ADBABY,1.5 - 2.5,si,394
2026-04-20,AD3,0.0 - 1.0,SI,504
2026-04-20,ADGUA,1.5 - 2.5,SI,476
2026-04-20,ADGUA,1.5 - 2.5,si,440
2026-04-20,PEBAB,1.5 - 2.5,SI,425
2026-04-20,PE2,2,SI,402
2026-04-20,PE3,0.0 - 1.0,SI,507
2026-04-20,ADGUA,1.5 - 2.5,SI,451
2026-04-20,PEGUA,1.5 - 2.5,SI,405
2026-04-20,PEGUA,1.5 - 2.5,SI,536
2026-04-20,PEBAB,1.5 - 2.5,SI,422
2026-04-20,PEBAB,1.5 - 2.5,SI,425
2026-04-20,ADBABY,1.5 - 2.5,SI,413
2026-04-20,PEGUA,1.5 - 2.5,SI,466
2026-04-20,PEBAB,1.5 - 2.5,SI,429
2026-04-20,PE2,1.5 - 2.5,SI,498
2026-04-20,PE3,0.0 - 1.0,SI,509
2026-04-20,AD-PJUG,3.0 - 4.0,SI,355
2026-04-20,PE1,0.0 - 1.0,SI,542
2026-04-20,PEGUA,1.5 - 2.5,SI,454
2026-04-20,PIND,1.5 - 2.5,SI,482
2026-04-20,PEGUA,1.5 - 2.5,SI,470
2026-04-20,PEBAB,1.5 - 2.5,si,420
2026-04-20,PE3,0.0 - 1.0,si,488
2026-04-20,PEBAB,1.5 - 2.5,SI,407
2026-04-20,PEBAB,1.5 - 2.5,si,435
2026-04-20,PEBAB,1.5 - 2.5,si,400
2026-04-20,PEBAB,1.5 - 2.5,SI,413
2026-04-20,PE1,0.0 - 1.0,SI,561
2026-04-20,PEGUA,1.5 - 2.5,SI,432
2026-04-20,PE1,1.5 - 2.5,SI,582
2026-04-20,AD-PJUG,3.0 - 4.0,SI,172
2026-04-20,PEGUA,1.5 - 2.5,si,520
2026-04-20,PE3,3.0 - 4.0,SI,577
2026-04-20,PEGUA,1.5 - 2.5,SI,351
2026-04-20,PE3,1.5 - 2.5,si,113
2026-04-20,PEBAB,1.5 - 2.5,SI,408
2026-04-20,PE3,1.5 - 2.5,si,502
2026-04-20,PEBAB,1.5 - 2.5,SI,363
2026-04-20,PE1,1.5 - 2.5,SI,218
2026-04-20,PIND,1.5 - 2.5,SI,141
2026-04-20,PEBAB,1.5 - 2.5,si,299
2026-04-20,PE1,1.5 - 2.5,SI,411
2026-04-20,PE2,1.5,si,196
2026-04-20,PE1,3.0 - 4.0,SI,582
2026-04-20,PE2,1.5,SI,254
2026-04-20,PE1,3.0 - 4.0,SI,281
2026-04-20,PE2,0.0 - 1.0,si,479
2026-04-20,PE2,1.5 - 2.5,SI,453
2026-04-20,PE2,3.0 - 4.0,SI,303
2026-04-20,PE2,3.0 - 4.0,SI,356
2026-04-20,PE2,0.0 - 1.0,si,276
2026-04-20,PE3,0.0 - 1.0,SI,479
2026-04-21,PE1,1,si,552
2026-04-21,PE1,0,SI,548
2026-04-21,PE2,1.5,SI,401
2026-04-21,PE1,3.0 - 4.0,SI,562
2026-04-21,PE3,0.0 - 1.0,SI,494
2026-04-21,PE2,1.5,SI,409
2026-04-21,PE3,1.5 - 2.5,si,13
2026-04-21,PE1,0.0 - 1.0,SI,548
2026-04-21,PE2,3.0 - 4.0,SI,508
2026-04-21,PE3,1.5 - 2.5,SI,559
2026-04-21,PE2,1.5,SI,407
2026-04-21,PE2,1.5 - 2.5,SI,503
2026-04-21,PE1,1,SI,540
2026-04-21,PE2,0.0 - 1.0,SI,507
2026-04-21,PE1,0,SI,534
2026-04-21,PE2,1.5,SI,409
2026-04-21,PE1,1,SI,556
2026-04-21,PE1,1.5 - 2.5,SI,558
2026-04-21,PE3,0.0 - 1.0,SI,496
2026-04-21,PEGUA,1.5 - 2.5,SI,489
2026-04-21,PE2,1.5,SI,408
2026-04-21,PEGUA,1.5 - 2.5,SI,489
2026-04-21,PE1,3.0 - 4.0,SI,573
2026-04-21,PEBAB,1.5 - 2.5,si,436
2026-04-21,PEGUA,1.5 - 2.5,SI,521
2026-04-21,PEGUA,1.5 - 2.5,SI,500
2026-04-21,PE2,1.5,SI,408
2026-04-21,PE1,1,SI,557
2026-04-21,PE1,0.0 - 1.0,SI,559
2026-04-21,PE1,1,si,536
2026-04-21,PE1,1.5 - 2.5,SI,562
2026-04-21,PE3,1.5 - 2.5,SI,500
2026-04-21,PE1,0,si,526
2026-04-21,PE1,1.5 - 2.5,SI,544
2026-04-21,PE2,1.5,SI,414
2026-04-21,PIND,1.5 - 2.5,SI,495
2026-04-21,PE2,0.0 - 1.0,SI,510
2026-04-21,PE1,1,SI,536
2026-04-21,PE2,1.5,SI,417
2026-04-21,PE2,1.5,SI,407
2026-04-21,PE1,3.0 - 4.0,SI,567
2026-04-21,PE2,3.0 - 4.0,SI,518
2026-04-21,PE3,0.0 - 1.0,SI,497
2026-04-21,PE1,1.5 - 2.5,SI,551
2026-04-21,PE1,1.5 - 2.5,si,519
2026-04-21,PE1,0.0 - 1.0,SI,549
2026-04-21,PE3,1.5 - 2.5,SI,504
2026-04-21,PEGUA,1.5 - 2.5,SI,488
2026-04-21,PE2,1.5,SI,408
2026-04-21,PE2,1.5 - 2.5,si,518
2026-04-21,PE2,1.5,si,410
2026-04-21,PE3,3.0 - 4.0,SI,513
2026-04-21,PE1,1.5 - 2.5,SI,584
2026-04-21,PE1,1,si,544
2026-04-21,PE1,3.0 - 4.0,SI,556
2026-04-21,PE3,0.0 - 1.0,si,499
2026-04-21,PE2,0.0 - 1.0,si,525
2026-04-21,PEBAB,1.5 - 2.5,SI,429
2026-04-21,PE1,0.0 - 1.0,SI,563
2026-04-21,PE1,1.5 - 2.5,SI,574
2026-04-21,PE2,1.5,SI,480
2026-04-21,PE1,0.0 - 1.0,SI,521
2026-04-21,PE1,1,si,541
2026-04-21,PE1,1.5 - 2.5,SI,555
2026-04-21,PE2,0.0 - 1.0,SI,503
2026-04-21,PEBAB,1.5 - 2.5,SI,458
2026-04-21,PEGUA,1.5 - 2.5,SI,489
2026-04-21,PEGUA,1.5 - 2.5,SI,491
2026-04-21,PEBAB,1.5 - 2.5,SI,421
2026-04-21,PEBAB,1.5 - 2.5,SI,405
2026-04-21,PEBAB,1.5 - 2.5,SI,404
2026-04-21,PEGUA,1.5 - 2.5,SI,463
2026-04-21,PE2,3.0 - 4.0,SI,525
2026-04-21,PE3,1.5 - 2.5,SI,500
2026-04-21,PE2,0.0 - 1.0,SI,519
2026-04-21,PE1,0.0 - 1.0,si,544
2026-04-21,PEBAB,1.5 - 2.5,SI,418
2026-04-21,PEGUA,1.5 - 2.5,SI,513
2026-04-21,PE3,0.0 - 1.0,SI,483
2026-04-21,PEGUA,1.5 - 2.5,SI,459
2026-04-21,PEGUA,1.5 - 2.5,SI,466
2026-04-21,PEBAB,1.5 - 2.5,SI,418
2026-04-21,PEBAB,1.5 - 2.5,SI,405
2026-04-21,PEBAB,1.5 - 2.5,SI,424
2026-04-21,PEGUA,1.5 - 2.5,SI,464
2026-04-21,PE3,0.0 - 1.0,SI,480
2026-04-21,PEGUA,1.5 - 2.5,SI,470
2026-04-21,PEBAB,1.5 - 2.5,SI,409
2026-04-21,PIND,1.5 - 2.5,SI,508
2026-04-21,PEBAB,1.5 - 2.5,SI,420
2026-04-21,PE1,1.5 - 2.5,SI,546
2026-04-21,PEBAB,1.5 - 2.5,SI,405
2026-04-21,PEGUA,1.5 - 2.5,SI,462
2026-04-21,PE2,1.5 - 2.5,SI,516
2026-04-21,PEBAB,1.5 - 2.5,si,409
2026-04-21,PE1,3.0 - 4.0,SI,553
2026-04-21,PEGUA,1.5 - 2.5,SI,503
2026-04-21,PE3,1.5 - 2.5,SI,489
2026-04-21,PE1,1.5 - 2.5,si,550
2026-04-21,PE1,0.0 - 1.0,SI,516
2026-04-21,PE2,0.0 - 1.0,SI,507
2026-04-21,PE1,0.0 - 1.0,SI,557
2026-04-21,PEGUA,1.5 - 2.5,SI,476
2026-04-21,PEBAB,1.5 - 2.5,si,444
2026-04-21,PE2,1.5 - 2.5,SI,505
2026-04-21,PE1,0.0 - 1.0,si,543
2026-04-21,AD2,3.0 - 4.0,si,506
2026-04-21,PEGUA,1.5 - 2.5,SI,446
2026-04-21,PE1,0.0 - 1.0,SI,544
2026-04-21,AD1,3.0 - 4.0,SI,567
2026-04-21,PE1,0.0 - 1.0,si,524
2026-04-21,PE1,1.5 - 2.5,SI,527
2026-04-21,AD3,0.0 - 1.0,SI,494
2026-04-21,AD2,0.0 - 1.0,SI,516
2026-04-21,PEGUA,1.5 - 2.5,SI,489
2026-04-21,AD2,0.0 - 1.0,SI,508
2026-04-21,PEGUA,1.5 - 2.5,SI,487
2026-04-21,AD1,0.0 - 1.0,SI,608
2026-04-21,AD3,0.0 - 1.0,SI,499
2026-04-21,AD2,1.5 - 2.5,SI,102
2026-04-21,AD1,1.5 - 2.5,SI,230
2026-04-21,PE1,0.0 - 1.0,SI,109
2026-04-21,AD2,0.0 - 1.0,SI,314
2026-04-21,AD1,1.5 - 2.5,SI,283
2026-04-21,AD2,0.0 - 1.0,SI,332
2026-04-21,AD-PJUG,3.0 - 4.0,SI,486
2026-04-21,AD-PJUG,3.0 - 4.0,SI,406
2026-04-21,PIND,1.5 - 2.5,SI,552
2026-04-21,AD3,0.0 - 1.0,SI,453
2026-04-21,ADGUA,1.5 - 2.5,SI,218
2026-04-21,AD2,1.5 - 2.5,SI,310
2026-04-21,AD-PJUG,3.0 - 4.0,SI,157
2026-04-21,AD1,0.0 - 1.0,SI,210
2026-04-21,AD1,0.0 - 1.0,SI,260
2026-04-21,AD3,1.5 - 2.5,SI,249
2026-04-21,AD3,3.0 - 4.0,SI,492
2026-04-21,ADGUA,1.5 - 2.5,SI,482
2026-04-21,AD3,3.0 - 4.0,SI,205
2026-04-21,AD3,0.0 - 1.0,SI,274
2026-04-21,ADBABY,1.5 - 2.5,SI,248
2026-04-21,ADBABY,1.5 - 2.5,SI,429
2026-04-21,ADGUA,1.5 - 2.5,SI,154
2026-04-21,PIND,1.5 - 2.5,SI,500
2026-04-21,PE1,1.5 - 2.5,SI,34
2026-04-21,PE2,1.5 - 2.5,SI,17
2026-04-21,PE3,1.5 - 2.5,SI,7
2026-04-21,PE1,1.5 - 2.5,SI,4
2026-04-21,PE1,1.5 - 2.5,SI,38
2026-04-21,PE2,1.5 - 2.5,SI,14
2026-04-21,PE3,1.5 - 2.5,SI,4
2026-04-21,PE1,1.5 - 2.5,SI,3
2026-04-21,PE1,1.5 - 2.5,SI,44
2026-04-21,PE2,1.5 - 2.5,SI,20
2026-04-21,PE3,1.5 - 2.5,SI,5
2026-04-21,PE1,1.5 - 2.5,SI,2
2026-04-21,PE1,1.5 - 2.5,SI,16
2026-04-21,PE2,1.5 - 2.5,SI,25
2026-04-21,PE3,1.5 - 2.5,SI,8
2026-04-21,PE3,1.5 - 2.5,SI,4
2026-04-21,PEGUA,1.5 - 2.5,SI,1
2026-04-22,AL-PE2,0.0 - 1.0,SI,29
2026-04-22,AL-PE1,1.5 - 2.5,SI,26
2026-04-22,PEBAB,1.5 - 2.5,SI,436
2026-04-22,PE3,0.0 - 1.0,SI,494
2026-04-22,PEGUA,1.5 - 2.5,SI,485
2026-04-22,PE3,0.0 - 1.0,SI,505
2026-04-22,PE2,2,si,388
2026-04-22,PE1,0.0 - 1.0,SI,599
2026-04-22,PE3,0.0 - 1.0,SI,511
2026-04-22,PE1,1.5 - 2.5,SI,583
2026-04-22,PE2,1.5 - 2.5,SI,140
2026-04-22,PIND,1.5 - 2.5,SI,463
2026-04-22,PEBAB,1.5 - 2.5,SI,451
2026-04-22,PE1,3.0 - 4.0,SI,577
2026-04-22,PE2,0.0 - 1.0,SI,497
2026-04-22,PE3,0.0 - 1.0,SI,498
2026-04-22,PEGUA,1.5 - 2.5,SI,495
2026-04-22,PE1,0.0 - 1.0,SI,551
2026-04-22,PE2,1.5 - 2.5,SI,510
2026-04-22,PE1,1.5 - 2.5,SI,612
2026-04-22,PEGUA,1.5 - 2.5,SI,488
2026-04-22,PE2,2,si,391
2026-04-22,PE2,2,si,376
2026-04-22,PEGUA,1.5 - 2.5,SI,484
2026-04-22,PE2,3.0 - 4.0,SI,512
2026-04-22,PE3,1.5 - 2.5,SI,483
2026-04-22,PEBAB,1.5 - 2.5,SI,437
2026-04-22,PE2,2,si,459
2026-04-22,PE1,1.5 - 2.5,SI,589
2026-04-22,PE3,0.0 - 1.0,SI,487
2026-04-22,PE3,3.0 - 4.0,SI,445
2026-04-22,PE2,0.0 - 1.0,SI,502
2026-04-22,PEBAB,1.5 - 2.5,SI,429
2026-04-22,PEGUA,1.5 - 2.5,SI,484
2026-04-22,PE3,0.0 - 1.0,SI,500
2026-04-22,PE1,0.0 - 1.0,SI,508
2026-04-22,PE3,1.5 - 2.5,SI,486
2026-04-22,PEGUA,1.5 - 2.5,SI,488
2026-04-22,PE3,0.0 - 1.0,SI,494
2026-04-22,PE2,0.0 - 1.0,SI,504
2026-04-22,PE2,0.0 - 1.0,SI,508
2026-04-22,PEGUA,1.5 - 2.5,SI,499
2026-04-22,PEBAB,1.5 - 2.5,si,434
2026-04-22,PEGUA,1.5 - 2.5,SI,482
2026-04-22,PEBAB,1.5 - 2.5,SI,434
2026-04-22,PIND,1.5 - 2.5,SI,434
2026-04-22,PEGUA,1.5 - 2.5,SI,488
2026-04-22,PE3,1.5 - 2.5,SI,487
2026-04-22,PEGUA,1.5 - 2.5,SI,481
2026-04-22,PEBAB,1.5 - 2.5,SI,403
2026-04-22,PE2,1.5 - 2.5,SI,507
2026-04-22,PE2,0.0 - 1.0,SI,503
2026-04-22,PEGUA,1.5 - 2.5,SI,465
2026-04-22,PE3,0.0 - 1.0,SI,493
2026-04-22,PEBAB,1.5 - 2.5,SI,412
2026-04-22,PE3,0.0 - 1.0,SI,501
2026-04-22,PE1,0.0 - 1.0,SI,536
2026-04-22,PE2,1.5 - 2.5,SI,502
2026-04-22,PEGUA,1.5 - 2.5,SI,504
2026-04-22,PE1,3.0 - 4.0,SI,582
2026-04-22,PE1,1.5 - 2.5,SI,569
2026-04-22,PEGUA,1.5 - 2.5,SI,473
2026-04-22,PE2,3.0 - 4.0,SI,510
2026-04-22,PEBAB,1.5 - 2.5,si,425
2026-04-22,PE3,0.0 - 1.0,SI,497
2026-04-22,PE2,0.0 - 1.0,SI,502
2026-04-22,PE2,1.5 - 2.5,SI,505
2026-04-22,PE1,3.0 - 4.0,SI,565
2026-04-22,PIND,1.5 - 2.5,SI,425
2026-04-22,PE1,0.0 - 1.0,SI,532
2026-04-22,PEBAB,1.5 - 2.5,si,430
2026-04-22,PE1,3.0 - 4.0,SI,586
2026-04-22,PE1,1.5 - 2.5,si,570
2026-04-22,PE3,0.0 - 1.0,SI,497
2026-04-22,PEGUA,1.5 - 2.5,SI,477
2026-04-22,PE3,1.5 - 2.5,SI,488
2026-04-22,PEGUA,1.5 - 2.5,SI,448
2026-04-22,PE3,0.0 - 1.0,SI,489
2026-04-22,PE3,3.0 - 4.0,SI,486
2026-04-22,PEGUA,1.5 - 2.5,SI,490
2026-04-22,PEBAB,1.5 - 2.5,si,401
2026-04-22,PE2,0.0 - 1.0,SI,508
2026-04-22,PEBAB,1.5 - 2.5,si,429
2026-04-22,PEBAB,1.5 - 2.5,si,412
2026-04-22,PEBAB,1.5 - 2.5,SI,408
2026-04-22,PEGUA,1.5 - 2.5,SI,459
2026-04-22,PEGUA,1.5 - 2.5,SI,464
2026-04-22,PEGUA,1.5 - 2.5,SI,463
2026-04-22,PE1,1.5 - 2.5,SI,28
2026-04-22,PE2,1.5 - 2.5,SI,7
2026-04-22,PE3,1.5 - 2.5,SI,3
2026-04-22,PE3,1.5 - 2.5,SI,4
2026-04-22,PE3,0.0 - 1.0,SI,499
2026-04-22,PEBAB,1.5 - 2.5,si,409
2026-04-22,PEBAB,1.5 - 2.5,SI,424
2026-04-22,PE1,0.0 - 1.0,SI,539
2026-04-22,PEBAB,1.5 - 2.5,si,395
2026-04-22,PE3,1.5 - 2.5,SI,491
2026-04-22,PEBAB,1.5 - 2.5,si,425
2026-04-22,PIND,1.5 - 2.5,SI,421
2026-04-22,PEGUA,1.5 - 2.5,SI,455
2026-04-22,PEGUA,1.5 - 2.5,SI,475
2026-04-22,PEBAB,1.5 - 2.5,si,410
2026-04-22,PE2,1.5 - 2.5,SI,509
2026-04-22,PE1,3.0 - 4.0,SI,586
2026-04-22,PEGUA,1.5 - 2.5,SI,463
2026-04-22,PE1,1.5 - 2.5,SI,537
2026-04-22,PE3,0.0 - 1.0,SI,523
2026-04-22,PE1,0.0 - 1.0,SI,534
2026-04-22,AD2,0.0 - 1.0,SI,501
2026-04-22,PE2,1.5 - 2.5,SI,235
2026-04-22,PE1,1.5 - 2.5,SI,448
2026-04-22,PEBAB,1.5 - 2.5,si,409
2026-04-22,PEBAB,1.5 - 2.5,si,461
2026-04-22,AD-PJUG,3.0 - 4.0,SI,526
2026-04-22,PE2,1.5 - 2.5,SI,503
2026-04-22,ADGUA,1.5 - 2.5,SI,290
2026-04-22,AD-PJUG,3.0 - 4.0,SI,475
2026-04-22,AD1,1.5 - 2.5,SI,582
2026-04-22,PE3,1.5 - 2.5,SI,369
2026-04-22,PE3,3.0 - 4.0,SI,199
2026-04-22,PE2,3.0 - 4.0,SI,475
2026-04-22,AD-PJUG,3.0 - 4.0,SI,537
2026-04-22,PE2,3.0 - 4.0,SI,230
2026-04-22,PE3,0.0 - 1.0,SI,342
2026-04-22,PIND,1.5 - 2.5,SI,418
2026-04-22,AD3,0.0 - 1.0,SI,97
2026-04-22,AD-PJUG,3.0 - 4.0,SI,514
2026-04-22,PEGUA,1.5 - 2.5,SI,329
2026-04-22,PE3,0.0 - 1.0,SI,397
2026-04-22,AD2,0.0 - 1.0,SI,144
2026-04-22,AD-PJUG,3.0 - 4.0,SI,550
2026-04-22,AD3,0.0 - 1.0,SI,190
2026-04-22,AD3,1.5 - 2.5,SI,120
2026-04-22,AD1,1.5 - 2.5,SI,320
2026-04-22,AD2,1.5 - 2.5,SI,173
2026-04-22,PE2,0.0 - 1.0,SI,487
2026-04-22,AD-PJUG,3.0 - 4.0,SI,312
2026-04-22,AD-PJUG,3.0 - 4.0,SI,547
2026-04-22,AD1,0.0 - 1.0,SI,292
2026-04-22,AD-PJUG,3.0 - 4.0,SI,504
2026-04-22,PEGUA,1.5 - 2.5,SI,177
2026-04-22,PE3,0.0 - 1.0,SI,240
2026-04-22,AD-PJUG,3.0 - 4.0,SI,92
2026-04-22,PE1,1.5 - 2.5,SI,440
2026-04-23,AL-PEGUA,1.5 - 2.5,SI,44
2026-04-23,PE2,0.0 - 1.0,SI,505
2026-04-23,PE3,0.0 - 1.0,SI,513
2026-04-23,PE1,1,SI,580
2026-04-23,PE3,1.5 - 2.5,SI,552
2026-04-23,PE3,0.0 - 1.0,SI,496
2026-04-23,PE2,1.5 - 2.5,SI,502
2026-04-23,PE2,0.0 - 1.0,SI,515
2026-04-23,PIND,1.5 - 2.5,SI,507
2026-04-23,PEGUA,1.5 - 2.5,SI,487
2026-04-23,PEBAB,1.5 - 2.5,si,422
2026-04-23,PE3,0.0 - 1.0,SI,518
2026-04-23,PE1,1,SI,570
2026-04-23,PIND,1.5 - 2.5,SI,454
2026-04-23,PEBAB,1.5 - 2.5,si,422
2026-04-23,PE3,0.0 - 1.0,SI,534
2026-04-23,PEBAB,1.5 - 2.5,SI,427
2026-04-23,PE2,0.0 - 1.0,SI,504
2026-04-23,PEBAB,1.5 - 2.5,SI,416
2026-04-23,PE3,0.0 - 1.0,SI,508
2026-04-23,PE1,3.0 - 4.0,SI,539
2026-04-23,PIND,1.5 - 2.5,SI,464
2026-04-23,PE2,3.0 - 4.0,SI,496
2026-04-23,PEBAB,1.5 - 2.5,si,415
2026-04-23,PE3,1.5 - 2.5,SI,536
2026-04-23,PE2,1.5 - 2.5,SI,499
2026-04-23,PEGUA,1.5 - 2.5,SI,489
2026-04-23,PE1,1,SI,545
2026-04-23,PE2,0.0 - 1.0,SI,497
2026-04-23,PE3,0.0 - 1.0,SI,526
2026-04-23,PIND,1.5 - 2.5,SI,454
2026-04-23,PEBAB,1.5 - 2.5,SI,432
2026-04-23,PE1,1.5 - 2.5,SI,517
2026-04-23,PE2,0.0 - 1.0,SI,501
2026-04-23,PEBAB,1.5 - 2.5,SI,428
2026-04-23,PEGUA,1.5 - 2.5,SI,485
2026-04-23,PE3,0.0 - 1.0,SI,528
2026-04-23,PE1,1,SI,533
2026-04-23,PEBAB,1.5 - 2.5,si,411
2026-04-23,PIND,1.5 - 2.5,SI,441
2026-04-23,PE3,1.5 - 2.5,SI,533
2026-04-23,PE3,0.0 - 1.0,SI,532
2026-04-23,PEBAB,1.5 - 2.5,SI,410
2026-04-23,PE1,0.0 - 1.0,SI,521
2026-04-23,PJUG,3.0 - 4.0,SI,500
2026-04-23,PE2,1.5 - 2.5,SI,497
2026-04-23,PIND,1.5 - 2.5,SI,446
2026-04-23,PE2,0.0 - 1.0,SI,494
2026-04-23,PEBAB,1.5 - 2.5,SI,425
2026-04-23,PE3,0.0 - 1.0,SI,526
2026-04-23,PEBAB,1.5 - 2.5,SI,408
2026-04-23,PIND,1.5 - 2.5,SI,470
2026-04-23,PE1,1,SI,529
2026-04-23,PE3,0.0 - 1.0,SI,530
2026-04-23,PEBAB,1.5 - 2.5,SI,415
2026-04-23,PIND,1.5 - 2.5,SI,438
2026-04-23,PEGUA,1.5 - 2.5,SI,484
2026-04-23,PE3,0.0 - 1.0,SI,531
2026-04-23,PE3,1.5 - 2.5,SI,529
2026-04-23,PEBAB,1.5 - 2.5,SI,423
2026-04-23,PE2,0.0 - 1.0,SI,501
2026-04-23,PE1,1.5 - 2.5,SI,36
2026-04-23,PE2,1.5 - 2.5,SI,24
2026-04-23,PE3,1.5 - 2.5,SI,7
2026-04-23,PE3,1.5 - 2.5,SI,2
2026-04-23,PE3,3.0 - 4.0,SI,530
2026-04-23,PE1,1,SI,542
2026-04-23,PE2,0.0 - 1.0,SI,506
2026-04-23,PE1,1,SI,542
2026-04-23,PE2,1.5 - 2.5,SI,497
2026-04-23,PE2,3.0 - 4.0,SI,493
2026-04-23,PE3,0.0 - 1.0,SI,504
2026-04-23,PEBAB,1.5 - 2.5,SI,417
2026-04-23,PE1,1,SI,260
2026-04-23,PE1,0,SI,442
2026-04-23,PIND,1.5 - 2.5,SI,462
2026-04-23,PE2,0.0 - 1.0,SI,507
2026-04-23,PJUG,3.0 - 4.0,SI,492
2026-04-23,AD1,1.5 - 2.5,SI,505
2026-04-23,AD-PJUG,3.0 - 4.0,SI,569
2026-04-23,AD2,0.0 - 1.0,SI,258
2026-04-23,AD3,3.0 - 4.0,SI,79
2026-04-23,AD2,1.5 - 2.5,SI,87
2026-04-23,PE3,1.5 - 2.5,SI,514
2026-04-23,AD-PJUG,3.0 - 4.0,SI,294
2026-04-23,AD-PJUG,3.0 - 4.0,SI,30
2026-04-23,AD1,1.5 - 2.5,SI,214
2026-04-23,AD3,0.0 - 1.0,SI,359
2026-04-23,AD-PJUG,3.0 - 4.0,SI,531
2026-04-23,PIND,1.5 - 2.5,SI,147
2026-04-23,PE2,1.5 - 2.5,SI,342
2026-04-23,AD1,0.0 - 1.0,SI,623
2026-04-23,AD2,3.0 - 4.0,SI,167
2026-04-23,ADGUA,1.5 - 2.5,SI,515
2026-04-23,PEGUA,1.5 - 2.5,SI,143
2026-04-23,PIND,1.5 - 2.5,SI,497
2026-04-23,AD1,1.5 - 2.5,SI,518
2026-04-23,PE1,0.0 - 1.0,SI,329
2026-04-23,AD-PJUG,3.0 - 4.0,SI,88
2026-04-23,PEBAB,1.5 - 2.5,SI,1439
2026-04-23,PEGUA,1.5 - 2.5,SI,1270
2026-04-23,PEGUA,1.5 - 2.5,SI,1282
2026-04-23,PEBAB,1.5 - 2.5,SI,1431
2026-04-23,PEGUA,1.5 - 2.5,SI,1449
2026-04-23,PEBAB,1.5 - 2.5,SI,1401
2026-04-23,PEGUA,1.5 - 2.5,SI,1287
2026-04-23,PEBAB,1.5 - 2.5,SI,1374
2026-04-23,PEGUA,1.5 - 2.5,SI,1484
2026-04-23,PEBAB,1.5 - 2.5,SI,1390
2026-04-23,PEGUA,1.5 - 2.5,SI,1302
2026-04-23,PEBAB,1.5 - 2.5,si,1390
2026-04-23,AD-PJUG,3.0 - 4.0,SI,1156
2026-04-23,PEBAB,1.5 - 2.5,si,1259
2026-04-23,PEGUA,1.5 - 2.5,SI,804
2026-04-23,PE1,3.0 - 4.0,SI,702
2026-04-24,PEGUA,1.5 - 2.5,SI,458
2026-04-24,PE3,0.0 - 1.0,SI,486
2026-04-24,PE1,1,SI,530
2026-04-24,PE1,0.0 - 1.0,si,566
2026-04-24,PE1,1.5,SI,405
2026-04-24,PEBAB,1.5 - 2.5,SI,430
2026-04-24,PE1,1,SI,531
2026-04-24,PEGUA,1.5 - 2.5,SI,471
2026-04-24,PE1,1.5 - 2.5,SI,562
2026-04-24,PE3,1.5 - 2.5,SI,487
2026-04-24,PE2,1.5,SI,408
2026-04-24,PE2,1.5,SI,409
2026-04-24,PE2,1.5,SI,402
2026-04-24,PEGUA,1.5 - 2.5,SI,466
2026-04-24,PE3,0.0 - 1.0,SI,491
2026-04-24,PEGUA,1.5 - 2.5,SI,497
2026-04-24,PE2,3.0 - 4.0,SI,517
2026-04-24,PEBAB,1.5 - 2.5,SI,434
2026-04-24,PEGUA,1.5 - 2.5,SI,456
2026-04-24,PE2,1.5,SI,409
2026-04-24,PE1,1,SI,560
2026-04-24,PEBAB,1.5 - 2.5,SI,455
2026-04-24,PEBAB,1.5 - 2.5,SI,416
2026-04-24,PE3,1.5 - 2.5,SI,500
2026-04-24,PE2,1.5,SI,416
2026-04-24,PE1,1.5 - 2.5,SI,556
2026-04-24,PE1,3.0 - 4.0,SI,503
2026-04-24,PEGUA,1.5 - 2.5,SI,457
2026-04-24,PE2,1.5,SI,411
2026-04-24,PE1,0.0 - 1.0,si,575
2026-04-24,PE3,0.0 - 1.0,SI,494
2026-04-24,PE2,1.5,SI,400
2026-04-24,PEGUA,1.5 - 2.5,SI,464
2026-04-24,PE1,0,SI,371
2026-04-24,PEBAB,1.5 - 2.5,SI,412
2026-04-24,PEGUA,1.5 - 2.5,SI,500
2026-04-24,PE2,1.5,SI,420
2026-04-24,PEGUA,1.5 - 2.5,SI,498
2026-04-24,PIND,1.5 - 2.5,SI,443
2026-04-24,PE3,1.5 - 2.5,si,497
2026-04-24,PE2,1.5,SI,408
2026-04-24,PE1,1,SI,564
2026-04-24,PE1,3.0 - 4.0,SI,531
2026-04-24,PE2,1.5,si,183
2026-04-24,PE3,0.0 - 1.0,SI,477
2026-04-24,PE1,1.5,SI,404
2026-04-24,PEGUA,1.5 - 2.5,SI,468
2026-04-24,AD1,0.0 - 1.0,SI,549
2026-04-24,PEBAB,1.5 - 2.5,SI,302
2026-04-24,PE1,1.5 - 2.5,SI,556
2026-04-24,AD1,0.0 - 1.0,si,580
2026-04-24,AD2,3.0 - 4.0,SI,517
2026-04-24,AD1,3.0 - 4.0,SI,484
2026-04-24,AD1,3.0 - 4.0,SI,502
2026-04-24,AD2,0.0 - 1.0,SI,520
2026-04-24,AD1,0.0 - 1.0,SI,588
2026-04-24,PE2,1.5,SI,415
2026-04-24,AD3,0.0 - 1.0,SI,500
2026-04-24,AD1,0.0 - 1.0,si,550
2026-04-24,ADGUA,1.5 - 2.5,SI,480
2026-04-24,AD3,0.0 - 1.0,SI,507
2026-04-24,AD2,0.0 - 1.0,SI,531
2026-04-24,PIND,1.5 - 2.5,SI,457
2026-04-24,AD1,0.0 - 1.0,SI,571
2026-04-24,AD1,0.0 - 1.0,SI,543
2026-04-24,AD3,0.0 - 1.0,SI,595
2026-04-24,AD2,0.0 - 1.0,SI,528
2026-04-24,AD1,3.0 - 4.0,SI,500
2026-04-24,ADGUA,1.5 - 2.5,SI,489
2026-04-24,PE2,1.5,si,422
2026-04-24,AD1,0.0 - 1.0,SI,584
2026-04-24,AD2,0.0 - 1.0,SI,505
2026-04-24,AD1,1.5 - 2.5,SI,549
2026-04-24,PE2,2,si,407
2026-04-24,AD3,0.0 - 1.0,SI,502
2026-04-24,AD1,0.0 - 1.0,SI,554
2026-04-24,AD2,0.0 - 1.0,SI,524
2026-04-24,PE1,0.0 - 1.0,SI,80
2026-04-24,ADGUA,1.5 - 2.5,SI,472
2026-04-24,AD1,3.0 - 4.0,si,527
2026-04-24,AD1,0.0 - 1.0,SI,571
2026-04-24,PE2,2,si,337
2026-04-24,AD2,0.0 - 1.0,SI,507
2026-04-24,AD3,0.0 - 1.0,SI,490
2026-04-24,ADGUA,1.5 - 2.5,si,471
2026-04-24,AD2,0.0 - 1.0,SI,507
2026-04-24,AD2,0.0 - 1.0,SI,510
2026-04-24,AD1,0.0 - 1.0,SI,546
2026-04-24,AD1,0.0 - 1.0,SI,586
2026-04-24,ADBABY,1.5 - 2.5,SI,445
2026-04-24,PIND,1.5 - 2.5,SI,515
2026-04-24,AD2,0.0 - 1.0,SI,371
2026-04-24,ADGUA,1.5 - 2.5,SI,94
2026-04-24,AD1,0.0 - 1.0,si,419
2026-04-24,ADGUA,1.5 - 2.5,si,486
2026-04-24,AD-PJUG,3.0 - 4.0,SI,137
2026-04-24,AD2,3.0 - 4.0,SI,44
2026-04-24,AD1,1.5 - 2.5,SI,272
2026-04-24,AD3,3.0 - 4.0,si,100
2026-04-24,ADGUA,1.5 - 2.5,SI,285
2026-04-24,AD2,3.0 - 4.0,SI,308
2026-04-24,AD3,0.0 - 1.0,SI,360
2026-04-24,AD-PJUG,3.0 - 4.0,SI,441
2026-04-24,AD1,3.0 - 4.0,SI,271
2026-04-24,AD1,0.0 - 1.0,SI,447
2026-04-24,AD3,3.0 - 4.0,si,486
2026-04-24,AD3,1.5 - 2.5,SI,440
2026-04-24,ADBABY,1.5 - 2.5,SI,500
2026-04-24,AD2,1.5 - 2.5,SI,437
2026-04-24,AD1,1.5 - 2.5,SI,14
2026-04-24,AD2,0.0 - 1.0,si,250
2026-04-24,AD2,1.5 - 2.5,SI,430
2026-04-24,AD2,0.0 - 1.0,SI,271
2026-04-24,ADBABY,1.5 - 2.5,SI,231
2026-04-24,AD-PJUG,3.0 - 4.0,SI,261
2026-04-24,AD3,0.0 - 1.0,SI,115
2026-04-24,PIND,1.5 - 2.5,SI,274
2026-04-24,AD-PJUG,3.0 - 4.0,SI,63
2026-04-24,PE1,1.5 - 2.5,SI,46
2026-04-24,PE2,1.5 - 2.5,SI,15
2026-04-24,PE3,1.5 - 2.5,SI,4
2026-04-24,PE3,1.5 - 2.5,SI,1
2026-04-24,PE1,1.5 - 2.5,SI,274
2026-04-25,ADGUA,1.5 - 2.5,si,485
2026-04-25,AL-PEBAB,1.5 - 2.5,si,420
2026-04-25,PJUG,3.0 - 4.0,SI,407
2026-04-26,AD1,0.0 - 1.0,SI,583
2026-04-26,AD2,0.0 - 1.0,SI,518
2026-04-26,AD1,0.0 - 1.0,SI,557
2026-04-26,AD3,0.0 - 1.0,SI,483
2026-04-26,AD2,0.0 - 1.0,si,511
2026-04-26,AD1,0.0 - 1.0,SI,574
2026-04-26,AD2,0.0 - 1.0,SI,523
2026-04-26,AD1,0.0 - 1.0,SI,573
2026-04-26,AD2,0.0 - 1.0,SI,516
2026-04-26,AD3,0.0 - 1.0,SI,492
2026-04-26,AD1,0.0 - 1.0,SI,555
2026-04-26,AD2,0.0 - 1.0,SI,520
2026-04-26,PIND,1.5 - 2.5,si,508
2026-04-26,AD1,0.0 - 1.0,SI,552
2026-04-26,AD1,0.0 - 1.0,si,565
2026-04-26,AD2,0.0 - 1.0,SI,516
2026-04-26,AD3,0.0 - 1.0,si,512
2026-04-26,AD1,0.0 - 1.0,SI,565
2026-04-26,PIND,1.5 - 2.5,si,461
2026-04-26,ADGUA,0.0 - 1.0,SI,533
2026-04-26,PIND,1.5 - 2.5,si,515
2026-04-26,AD2,0.0 - 1.0,si,515
2026-04-26,AD1,0.0 - 1.0,SI,593
2026-04-26,AD1,0.0 - 1.0,SI,567
2026-04-26,AD1,0.0 - 1.0,SI,556
2026-04-26,AD2,0.0 - 1.0,SI,513
2026-04-26,AD3,0.0 - 1.0,SI,487
2026-04-26,AD2,0.0 - 1.0,SI,509
2026-04-26,AD2,0.0 - 1.0,SI,508
2026-04-26,AD1,0.0 - 1.0,SI,560
2026-04-26,AD1,0.0 - 1.0,SI,533
2026-04-26,AD1,0.0 - 1.0,si,563
2026-04-26,AD2,0.0 - 1.0,SI,516
2026-04-26,AD1,0.0 - 1.0,si,556
2026-04-26,PIND,1.5 - 2.5,si,491
2026-04-26,AD1,0.0 - 1.0,SI,645
2026-04-26,AD2,0.0 - 1.0,si,506
2026-04-26,AD1,3.0 - 4.0,SI,461
2026-04-26,AD2,0.0 - 1.0,SI,511
2026-04-26,ADGUA,1.5 - 2.5,SI,533
2026-04-26,PE1,1,SI,532
2026-04-26,AD3,0.0 - 1.0,SI,495
2026-04-26,AD2,0.0 - 1.0,SI,460
2026-04-26,ADBABY,1.5 - 2.5,SI,377
2026-04-26,AD-PJUG,3.0 - 4.0,SI,232
2026-04-26,PE1,1,SI,536
2026-04-26,PE1,1,SI,540
2026-04-26,AD2,3.0 - 4.0,si,29
2026-04-26,PE1,1,si,556
2026-04-26,PE2,1.5,SI,418
2026-04-26,PE1,1,SI,543
2026-04-26,PE1,1,si,543
2026-04-26,PE2,1.5,si,405
2026-04-26,PE2,1.5,si,411
2026-04-26,PE1,1,si,557
2026-04-26,PE1,1,SI,527
2026-04-26,PE1,1,SI,516
2026-04-26,PE1,1,SI,557
2026-04-26,PE1,1,SI,546
2026-04-26,PE2,1.5,SI,412
2026-04-26,PE2,1.5,SI,401
2026-04-26,PE1,1,SI,549
2026-04-26,PE1,1,si,531
2026-04-26,PE2,1.5,SI,412
2026-04-26,PE1,1,si,540
2026-04-26,PE1,1,SI,528
2026-04-26,PE1,3.0 - 4.0,si,60
2026-04-26,PE1,1,si,105
2026-04-26,PE1,0.0 - 1.0,SI,365
2026-04-26,PE3,0.0 - 1.0,SI,504
2026-04-26,PEGUA,1.5 - 2.5,SI,403
2026-04-26,PE2,3.0 - 4.0,si,46
2026-04-26,PE2,1.5 - 2.5,si,475
2026-04-26,PIND,1.5 - 2.5,si,599
2026-04-26,AD3,3.0 - 4.0,si,13
2026-04-26,PE1,1.5 - 2.5,SI,360
2026-04-26,PE2,1.5,SI,398
2026-04-26,PE2,1.5,SI,408
2026-04-26,PE2,0.0 - 1.0,SI,309
2026-04-26,PE3,0.0 - 1.0,SI,376
2026-04-26,PE3,1.5 - 2.5,si,388
2026-04-26,PE2,1.5,si,404
2026-04-26,PE2,1.5,SI,352
2026-04-26,PE2,1.5,si,94
2026-04-26,PE2,0.0 - 1.0,SI,278
2026-04-27,PE2,2,SI,410
2026-04-27,PE1,0.0 - 1.0,SI,576
2026-04-27,PEGUA,1.5 - 2.5,SI,489
2026-04-27,PE2,0.0 - 1.0,SI,488
2026-04-27,PEBAB,1.5 - 2.5,SI,425
2026-04-27,PE3,1.5 - 2.5,SI,492
2026-04-27,PE3,0.0 - 1.0,SI,493
2026-04-27,PE2,2,SI,403
2026-04-27,PE1,0,SI,524
2026-04-27,PE2,2,SI,409
2026-04-27,PE1,1.5 - 2.5,SI,591
2026-04-27,PEGUA,1.5 - 2.5,SI,472
2026-04-27,PE1,0.0 - 1.0,si,591
2026-04-27,PEBAB,1.5 - 2.5,SI,422
2026-04-27,PEGUA,1.5 - 2.5,SI,522
2026-04-27,PE1,3.0 - 4.0,SI,577
2026-04-27,PE3,0.0 - 1.0,si,487
2026-04-27,PE1,0.0 - 1.0,SI,569
2026-04-27,PE2,0.0 - 1.0,SI,494
2026-04-27,PE2,2,SI,418
2026-04-27,PE1,0,SI,530
2026-04-27,PE1,1.5 - 2.5,si,602
2026-04-27,PE1,0.0 - 1.0,si,585
2026-04-27,PE2,2,SI,392
2026-04-27,PE2,1.5 - 2.5,SI,514
2026-04-27,PEGUA,1.5 - 2.5,SI,496
2026-04-27,PEBAB,1.5 - 2.5,SI,427
2026-04-27,PE3,1.5 - 2.5,si,485
2026-04-27,PE1,0,si,538
2026-04-27,PE2,2,SI,391
2026-04-27,PIND,1.5 - 2.5,SI,502
2026-04-27,PE1,0.0 - 1.0,SI,525
2026-04-27,PE3,0.0 - 1.0,si,490
2026-04-27,PE1,1.5 - 2.5,SI,582
2026-04-27,PE2,0.0 - 1.0,SI,500
2026-04-27,PE3,1.5 - 2.5,si,486
2026-04-27,PE1,3.0 - 4.0,si,583
2026-04-27,PE1,0.0 - 1.0,SI,597
2026-04-27,PE1,1.5 - 2.5,SI,620
2026-04-27,PEGUA,1.5 - 2.5,SI,490
2026-04-27,PE3,1.5 - 2.5,SI,504
2026-04-27,PEBAB,1.5 - 2.5,SI,419
2026-04-27,PEGUA,1.5 - 2.5,SI,526
2026-04-27,PE2,1.5 - 2.5,si,507
2026-04-27,PE1,0.0 - 1.0,si,492
2026-04-27,PE3,0.0 - 1.0,si,487
2026-04-27,PE2,0.0 - 1.0,SI,501
2026-04-27,PE3,1.5 - 2.5,SI,491
2026-04-27,PEBAB,1.5 - 2.5,SI,419
2026-04-27,PE1,0.0 - 1.0,SI,469
2026-04-27,PE3,0.0 - 1.0,SI,479
2026-04-27,PEGUA,1.5 - 2.5,SI,473
2026-04-27,PE2,1.5 - 2.5,si,514
2026-04-27,PE1,1.5 - 2.5,SI,575
2026-04-27,PE2,0.0 - 1.0,SI,498
2026-04-27,PE1,0.0 - 1.0,SI,558
2026-04-27,PE3,1.5 - 2.5,SI,482
2026-04-27,PEGUA,1.5 - 2.5,SI,522
2026-04-27,PE3,0.0 - 1.0,SI,493
2026-04-27,PE1,0.0 - 1.0,SI,522
2026-04-27,PE1,1.5 - 2.5,SI,568
2026-04-27,PEGUA,1.5 - 2.5,SI,478
2026-04-27,PE1,3.0 - 4.0,SI,505
2026-04-27,PEBAB,1.5 - 2.5,SI,422
2026-04-27,PE2,1.5 - 2.5,si,521
2026-04-27,PE1,0.0 - 1.0,SI,551
2026-04-27,PE2,0.0 - 1.0,SI,505
2026-04-27,PE1,1.5 - 2.5,si,591
2026-04-27,PE2,3.0 - 4.0,si,514
2026-04-27,PE3,1.5 - 2.5,SI,490
2026-04-27,PE3,0.0 - 1.0,si,480
2026-04-27,PEGUA,1.5 - 2.5,si,475
2026-04-27,PE3,3.0 - 4.0,SI,505
2026-04-27,PE2,1.5 - 2.5,SI,507
2026-04-27,PE1,0.0 - 1.0,SI,505
2026-04-27,PEBAB,1.5 - 2.5,SI,416
2026-04-27,PE1,1.5 - 2.5,SI,573
2026-04-27,PE1,3.0 - 4.0,si,531
2026-04-27,PE2,0.0 - 1.0,SI,502
2026-04-27,PE2,1.5 - 2.5,si,518
2026-04-27,PE1,1.5 - 2.5,si,556
2026-04-27,PE1,0.0 - 1.0,SI,546
2026-04-27,PE1,0.0 - 1.0,SI,590
2026-04-27,PE1,1.5 - 2.5,SI,572
2026-04-27,PEGUA,1.5 - 2.5,SI,527
2026-04-27,PE3,0.0 - 1.0,si,490
2026-04-27,PE2,1.5 - 2.5,SI,506
2026-04-27,PE2,0.0 - 1.0,SI,508
2026-04-27,PE2,1.5 - 2.5,si,529
2026-04-27,PIND,1.5 - 2.5,SI,464
2026-04-27,PE3,1.5 - 2.5,SI,484
2026-04-27,PEGUA,1.5 - 2.5,SI,473
2026-04-27,PEBAB,1.5 - 2.5,SI,411
2026-04-27,PE1,0.0 - 1.0,SI,570
2026-04-27,PEGUA,1.5 - 2.5,SI,520
2026-04-27,PE1,1.5 - 2.5,SI,539
2026-04-27,PE3,1.5 - 2.5,si,495
2026-04-27,PJUG,3.0 - 4.0,SI,508
2026-04-27,PE3,1.5 - 2.5,SI,472
2026-04-27,PE1,1.5 - 2.5,SI,315
2026-04-27,PEBAB,1.5 - 2.5,SI,436
2026-04-27,PE1,3.0 - 4.0,SI,464
2026-04-27,AD2,0.0 - 1.0,SI,511
2026-04-27,PE2,1.5 - 2.5,si,476
2026-04-27,AD1,0.0 - 1.0,SI,559
2026-04-27,PE2,3.0 - 4.0,SI,279
2026-04-27,PEGUA,1.5 - 2.5,SI,458
2026-04-27,AD3,0.0 - 1.0,si,488
2026-04-27,PE3,1.5 - 2.5,SI,215
2026-04-27,AD1,0.0 - 1.0,SI,572
2026-04-27,AD1,0.0 - 1.0,SI,563
2026-04-27,PIND,1.5 - 2.5,SI,480
2026-04-27,AD2,0.0 - 1.0,SI,515
2026-04-27,AD1,3.0 - 4.0,SI,526
2026-04-27,PEGUA,1.5 - 2.5,SI,282
2026-04-27,AD3,0.0 - 1.0,si,480
2026-04-27,AD2,1.5 - 2.5,si,111
2026-04-27,AD1,0.0 - 1.0,SI,644
2026-04-27,AD2,0.0 - 1.0,SI,613
2026-04-27,AD-PJUG,3.0 - 4.0,SI,441
2026-04-27,PE2,3.0 - 4.0,SI,407
2026-04-27,AD1,1.5 - 2.5,SI,285
2026-04-27,AD3,0.0 - 1.0,si,136
2026-04-27,AD3,3.0 - 4.0,SI,96
2026-04-27,PIND,1.5 - 2.5,SI,603
2026-04-27,AD3,3.0 - 4.0,SI,278
2026-04-27,ADBABY,1.5 - 2.5,SI,48
2026-04-27,AD3,1.5 - 2.5,SI,44
2026-04-27,AD1,1.5 - 2.5,SI,118
2026-04-27,PIND,1.5 - 2.5,SI,564
2026-04-27,AD-PJUG,3.0 - 4.0,si,478
2026-04-27,ADGUA,1.5 - 2.5,SI,318
2026-04-27,AD-PJUG,3.0 - 4.0,SI,54
2026-04-27,AD1,3.0 - 4.0,SI,142
2026-04-27,AD1,0.0 - 1.0,SI,386
2026-04-27,PE1,1.5 - 2.5,SI,20
2026-04-27,PE2,1.5 - 2.5,SI,14
2026-04-27,PE3,1.5 - 2.5,SI,7
2026-04-27,PE1,1.5 - 2.5,SI,2
2026-04-28,PE1,1,SI,544
2026-04-28,PE2,1.5,si,405
2026-04-28,PE1,1,SI,541
2026-04-28,PE1,0,SI,530
2026-04-28,PEGUA,1.5 - 2.5,SI,488
2026-04-28,PE3,0.0 - 1.0,si,492
2026-04-28,PE2,0.0 - 1.0,SI,519
2026-04-28,PEBAB,1.5 - 2.5,SI,424
2026-04-28,PE1,1,SI,536
2026-04-28,PE1,0.0 - 1.0,si,499
2026-04-28,PE3,1.5 - 2.5,SI,493
2026-04-28,PE2,1.5,si,406
2026-04-28,PE2,1.5,si,407
2026-04-28,PE1,1,SI,536
2026-04-28,PE3,0.0 - 1.0,si,503
2026-04-28,PEGUA,1.5 - 2.5,SI,487
2026-04-28,PIND,1.5 - 2.5,si,447
2026-04-28,PE1,0,SI,531
2026-04-28,PE1,1,SI,547
2026-04-28,PEBAB,1.5 - 2.5,SI,420
2026-04-28,PE2,1.5,si,405
2026-04-28,PIND,1.5 - 2.5,SI,29
2026-04-28,PE1,3.0 - 4.0,SI,511
2026-04-28,PE1,1.5 - 2.5,si,547
2026-04-28,PE1,1,SI,564
2026-04-28,PE3,1.5 - 2.5,SI,504
2026-04-28,PE1,0.0 - 1.0,si,491
2026-04-28,PE3,0.0 - 1.0,SI,532
2026-04-28,PE1,1,SI,577
2026-04-28,PE2,0.0 - 1.0,si,519
2026-04-28,PE2,1.5,si,408
2026-04-28,PE1,0.0 - 1.0,SI,504
2026-04-28,PE1,1.5 - 2.5,SI,543
2026-04-28,PIND,1.5 - 2.5,si,454
2026-04-28,PE2,1.5,si,404
2026-04-28,PE2,0.0 - 1.0,si,522
2026-04-28,PE1,1.5 - 2.5,si,560
2026-04-28,PE3,0.0 - 1.0,SI,482
2026-04-28,PEGUA,1.5 - 2.5,SI,490
2026-04-28,PE2,1.5,si,405
2026-04-28,PE3,1.5 - 2.5,SI,499
2026-04-28,PE1,0.0 - 1.0,SI,502
2026-04-28,PE1,0.0 - 1.0,si,602
2026-04-28,PE2,3.0 - 4.0,SI,516
2026-04-28,PE3,0.0 - 1.0,SI,512
2026-04-28,PE2,1.5,si,403
2026-04-28,PE2,0.0 - 1.0,si,516
2026-04-28,PEGUA,1.5 - 2.5,SI,473
2026-04-28,PEGUA,1.5 - 2.5,si,487
2026-04-28,PEGUA,1.5 - 2.5,SI,485
2026-04-28,PE1,1.5 - 2.5,si,485
2026-04-28,PEBAB,1.5 - 2.5,SI,421
2026-04-28,PE2,1.5,si,411
2026-04-28,PE2,0.0 - 1.0,si,504
2026-04-28,PE1,1.5 - 2.5,si,532
2026-04-28,PE3,0.0 - 1.0,SI,502
2026-04-28,PE2,0.0 - 1.0,si,519
2026-04-28,PEGUA,1.5 - 2.5,SI,484
2026-04-28,PIND,1.5 - 2.5,si,439
2026-04-28,PE1,3.0 - 4.0,SI,43
2026-04-28,PE1,0.0 - 1.0,SI,527
2026-04-28,PE3,1.5 - 2.5,si,498
2026-04-28,PE2,1.5 - 2.5,SI,516
2026-04-28,PE3,0.0 - 1.0,si,502
2026-04-28,PE1,0.0 - 1.0,si,575
2026-04-28,PE2,1.5,si,403
2026-04-28,PE2,1.5,si,404
2026-04-28,PE1,0.0 - 1.0,si,574
2026-04-28,PE1,0.0 - 1.0,SI,592
2026-04-28,PE1,3.0 - 4.0,SI,473
2026-04-28,PE2,0.0 - 1.0,si,515
2026-04-28,PEGUA,1.5 - 2.5,SI,485
2026-04-28,PE2,1.5 - 2.5,SI,492
2026-04-28,PJUG,3.0 - 4.0,si,503
2026-04-28,PEBAB,1.5 - 2.5,SI,412
2026-04-28,PE1,0.0 - 1.0,SI,556
2026-04-28,PE2,1.5,si,400
2026-04-28,PE3,0.0 - 1.0,si,550
2026-04-28,PE1,0.0 - 1.0,SI,554
2026-04-28,PE2,0.0 - 1.0,SI,517
2026-04-28,PE1,1.5 - 2.5,SI,549
2026-04-28,PE2,1.5 - 2.5,SI,513
2026-04-28,PE1,0.0 - 1.0,SI,582
2026-04-28,PE3,1.5 - 2.5,SI,66
2026-04-28,PEGUA,1.5 - 2.5,si,482
2026-04-28,PEBAB,1.5 - 2.5,si,415
2026-04-28,PEGUA,1.5 - 2.5,SI,112
2026-04-28,PEGUA,1.5 - 2.5,SI,472
2026-04-28,PE2,0.0 - 1.0,SI,521
2026-04-28,PEGUA,1.5 - 2.5,SI,482
2026-04-28,PE2,1.5 - 2.5,SI,510
2026-04-28,PE1,0.0 - 1.0,SI,572
2026-04-28,PIND,1.5 - 2.5,si,459
2026-04-28,PE1,0.0 - 1.0,SI,596
2026-04-28,PE1,1.5 - 2.5,si,556
2026-04-28,PE3,0.0 - 1.0,SI,538
2026-04-28,PEGUA,1.5 - 2.5,si,492
2026-04-28,PEGUA,1.5 - 2.5,SI,479
2026-04-28,PE1,0.0 - 1.0,si,533
2026-04-28,PEGUA,1.5 - 2.5,SI,493
2026-04-28,PE3,0.0 - 1.0,SI,490
2026-04-28,PE2,0.0 - 1.0,si,504
2026-04-28,PEBAB,1.5 - 2.5,si,412
2026-04-28,PEBAB,1.5 - 2.5,si,415
2026-04-28,PE3,1.5 - 2.5,SI,492
2026-04-28,PEGUA,1.5 - 2.5,si,475
2026-04-28,PIND,1.5 - 2.5,si,412
2026-04-28,PE1,1.5 - 2.5,si,534
2026-04-28,PE3,0.0 - 1.0,SI,551
2026-04-28,PE2,1.5 - 2.5,si,499
2026-04-28,PEBAB,1.5 - 2.5,si,422
2026-04-28,PEBAB,1.5 - 2.5,si,413
2026-04-28,PE3,3.0 - 4.0,SI,476
2026-04-28,PE1,1.5 - 2.5,si,528
2026-04-28,PE3,0.0 - 1.0,si,446
2026-04-28,PEGUA,1.5 - 2.5,SI,466
2026-04-28,PE2,1.5 - 2.5,SI,600
2026-04-28,PE1,0.0 - 1.0,si,531
2026-04-28,PEGUA,1.5 - 2.5,SI,477
2026-04-28,PE2,0.0 - 1.0,SI,497
2026-04-28,PE1,3.0 - 4.0,SI,569
2026-04-28,PE1,1.5 - 2.5,si,366
2026-04-28,PIND,1.5 - 2.5,si,419
2026-04-28,AD2,0.0 - 1.0,SI,520
2026-04-28,PE3,1.5 - 2.5,SI,386
2026-04-28,PIND,1.5 - 2.5,si,469
2026-04-28,PE2,3.0 - 4.0,SI,501
2026-04-28,AD2,0.0 - 1.0,SI,519
2026-04-28,AD2,0.0 - 1.0,si,458
2026-04-28,AD1,0.0 - 1.0,SI,625
2026-04-28,AD3,0.0 - 1.0,SI,513
2026-04-28,AD1,3.0 - 4.0,SI,71
2026-04-28,AD-PJUG,3.0 - 4.0,si,595
2026-04-28,PIND,1.5 - 2.5,si,456
2026-04-28,PEGUA,1.5 - 2.5,SI,467
2026-04-28,AD1,0.0 - 1.0,si,340
2026-04-28,AD3,0.0 - 1.0,si,272
2026-04-28,AD1,1.5 - 2.5,si,337
2026-04-28,PIND,1.5 - 2.5,si,226
2026-04-28,PE2,1.5 - 2.5,SI,126
2026-04-28,PIND,1.5 - 2.5,si,440
2026-04-28,PEBAB,1.5 - 2.5,SI,194
2026-04-28,AD2,1.5 - 2.5,si,134
2026-04-28,PE3,3.0 - 4.0,SI,250
2026-04-28,AD2,0.0 - 1.0,si,247
2026-04-28,AD2,3.0 - 4.0,SI,61
2026-04-28,PE3,3.0 - 4.0,SI,75
2026-04-28,PJUG,3.0 - 4.0,si,58
2026-04-28,PEGUA,1.5 - 2.5,SI,461
2026-04-28,AD3,1.5 - 2.5,si,38
2026-04-28,ADBABY,1.5 - 2.5,SI,439
2026-04-28,ADGUA,0.0 - 1.0,si,335
2026-04-28,PE1,1.5 - 2.5,SI,30
2026-04-28,PE2,1.5 - 2.5,SI,25
2026-04-28,PE3,1.5 - 2.5,SI,10
2026-04-28,PE3,1.5 - 2.5,SI,2
2026-04-28,PE1,1.5 - 2.5,SI,28
2026-04-28,PE2,1.5 - 2.5,SI,37
2026-04-28,PE3,1.5 - 2.5,SI,7
2026-04-28,PE3,1.5 - 2.5,SI,2
2026-04-28,AD1,0.0 - 1.0,si,1346
2026-04-28,AD1,0.0 - 1.0,si,1298
2026-04-28,AD1,0.0 - 1.0,SI,1220
2026-04-29,AL-PEGUA,1.5 - 2.5,si,49
2026-04-29,PE1,1,SI,587
2026-04-29,PE2,0.0 - 1.0,SI,514
2026-04-29,PEGUA,1.5 - 2.5,SI,489
2026-04-29,PE3,0.0 - 1.0,SI,492
2026-04-29,PE1,0.0 - 1.0,SI,403
2026-04-29,pe2,2,SI,384
2026-04-29,PE1,1.5 - 2.5,SI,573
2026-04-29,PE3,1.5 - 2.5,SI,495
2026-04-29,PEBAB,1.5 - 2.5,si,435
2026-04-29,PE1,1,SI,543
2026-04-29,PE2,1.5 - 2.5,SI,509
2026-04-29,PE2,2,SI,389
2026-04-29,PE1,3.0 - 4.0,si,566
2026-04-29,PE1,0,si,527
2026-04-29,PE2,0.0 - 1.0,SI,506
2026-04-29,PEGUA,1.5 - 2.5,si,493
2026-04-29,PE2,2,SI,404
2026-04-29,PE1,0.0 - 1.0,si,544
2026-04-29,PE2,1.5 - 2.5,SI,492
2026-04-29,PE3,1.5 - 2.5,si,496
2026-04-29,PE3,0.0 - 1.0,SI,491
2026-04-29,PE1,1,si,559
2026-04-29,PEGUA,1.5 - 2.5,si,485
2026-04-29,PE2,0.0 - 1.0,si,512
2026-04-29,PIND,1.5 - 2.5,si,450
2026-04-29,PE1,3.0 - 4.0,si,569
2026-04-29,PE2,0.0 - 1.0,si,511
2026-04-29,PEBAB,1.5 - 2.5,SI,417
2026-04-29,PE1,1,SI,562
2026-04-29,PE2,1.5 - 2.5,si,492
2026-04-29,PE2,2,SI,415
2026-04-29,PEGUA,1.5 - 2.5,SI,484
2026-04-29,PEGUA,1.5 - 2.5,SI,509
2026-04-29,PE1,0.0 - 1.0,si,433
2026-04-29,PE3,1.5 - 2.5,si,494
2026-04-29,PE2,3.0 - 4.0,si,511
2026-04-29,PE2,1.5 - 2.5,SI,494
2026-04-29,PE3,0.0 - 1.0,SI,475
2026-04-29,PE2,2,SI,371
2026-04-29,PEBAB,1.5 - 2.5,SI,419
2026-04-29,PEBAB,1.5 - 2.5,SI,465
2026-04-29,PEGUA,1.5 - 2.5,si,502
2026-04-29,PE2,1.5 - 2.5,SI,507
2026-04-29,PE1,1,SI,549
2026-04-29,PE2,2,si,451
2026-04-29,PE2,0.0 - 1.0,si,500
2026-04-29,PIND,1.5 - 2.5,si,438
2026-04-29,PE1,0,si,539
2026-04-29,PE3,3.0 - 4.0,si,477
2026-04-29,PEBAB,1.5 - 2.5,si,421
2026-04-29,PE3,1.5 - 2.5,SI,483
2026-04-29,PEGUA,1.5 - 2.5,si,476
2026-04-29,PE2,3.0 - 4.0,si,516
2026-04-29,PE1,0.0 - 1.0,SI,563
2026-04-29,PE2,1.5 - 2.5,SI,496
2026-04-29,PE3,0.0 - 1.0,si,472
2026-04-29,PE1,1,SI,556
2026-04-29,PEGUA,1.5 - 2.5,SI,495
2026-04-29,PE2,0.0 - 1.0,si,508
2026-04-29,PEGUA,1.5 - 2.5,si,500
2026-04-29,PE2,1.5 - 2.5,si,498
2026-04-29,PE2,0.0 - 1.0,si,517
2026-04-29,PEBAB,1.5 - 2.5,si,425
2026-04-29,PE2,0.0 - 1.0,si,505
2026-04-29,PE1,3.0 - 4.0,si,575
2026-04-29,PE2,3.0 - 4.0,si,502
2026-04-29,PE1,1,si,486
2026-04-29,PE1,1,si,546
2026-04-29,PEGUA,1.5 - 2.5,SI,468
2026-04-29,PE2,0.0 - 1.0,si,505
2026-04-29,PE3,0.0 - 1.0,si,485
2026-04-29,PE1,1.5 - 2.5,SI,541
2026-04-29,PE3,1.5 - 2.5,si,481
2026-04-29,PE2,1.5 - 2.5,SI,499
2026-04-29,PE1,1,SI,585
2026-04-29,PIND,1.5 - 2.5,SI,446
2026-04-29,PE1,1,SI,545
2026-04-29,PE1,0.0 - 1.0,SI,575
2026-04-29,PE2,0.0 - 1.0,si,511
2026-04-29,PE2,3.0 - 4.0,si,514
2026-04-29,PE2,1.5 - 2.5,si,510
2026-04-29,PEGUA,1.5 - 2.5,si,496
2026-04-29,PEBAB,1.5 - 2.5,SI,415
2026-04-29,PE1,1,SI,580
2026-04-29,PE2,0.0 - 1.0,SI,506
2026-04-29,PE3,0.0 - 1.0,SI,478
2026-04-29,PE2,1.5 - 2.5,si,500
2026-04-29,PEGUA,1.5 - 2.5,SI,484
2026-04-29,PEBAB,1.5 - 2.5,si,427
2026-04-29,PE1,1,SI,554
2026-04-29,PE1,1.5 - 2.5,SI,72
2026-04-29,PE2,1.5 - 2.5,SI,18
2026-04-29,PE3,1.5 - 2.5,SI,5
2026-04-29,PE3,1.5 - 2.5,SI,3
2026-04-29,PE1,0.0 - 1.0,si,377
2026-04-29,PE2,0.0 - 1.0,SI,503
2026-04-29,PEGUA,1.5 - 2.5,SI,461
2026-04-29,PEBAB,1.5 - 2.5,si,402
2026-04-29,PIND,1.5 - 2.5,SI,438
2026-04-29,PEGUA,1.5 - 2.5,si,490
2026-04-29,PEBAB,1.5 - 2.5,SI,411
2026-04-29,PE3,1.5 - 2.5,SI,489
2026-04-29,PE3,0.0 - 1.0,SI,348
2026-04-29,PEGUA,1.5 - 2.5,SI,510
2026-04-29,PE1,3.0 - 4.0,si,485
2026-04-29,PE2,1.5 - 2.5,SI,321
2026-04-29,PE2,3.0 - 4.0,si,325
2026-04-29,PE1,0.0 - 1.0,SI,536
2026-04-29,PE1,0.0 - 1.0,si,285
2026-04-29,AD2,0.0 - 1.0,SI,501
2026-04-29,PE1,1.5 - 2.5,SI,405
2026-04-29,PE3,1.5 - 2.5,SI,126
2026-04-29,PIND,1.5 - 2.5,si,487
2026-04-29,PE3,3.0 - 4.0,si,402
2026-04-29,PE3,0.0 - 1.0,SI,461
2026-04-29,PE1,1,si,195
2026-04-29,PIND,1.5 - 2.5,si,435
2026-04-29,PEGUA,1.5 - 2.5,si,481
2026-04-29,AD2,0.0 - 1.0,SI,508
2026-04-29,PE1,1.5 - 2.5,SI,168
2026-04-29,AD1,1.5 - 2.5,SI,490
2026-04-29,PIND,1.5 - 2.5,si,473
2026-04-29,AD2,0.0 - 1.0,si,510
2026-04-29,PEBAB,1.5 - 2.5,SI,318
2026-04-29,AD2,0.0 - 1.0,SI,508
2026-04-29,AD3,1.5 - 2.5,SI,46
2026-04-29,AD1,1.5 - 2.5,SI,175
2026-04-29,AD3,3.0 - 4.0,si,135
2026-04-29,AD1,0.0 - 1.0,si,127
2026-04-29,AD2,1.5 - 2.5,si,204
2026-04-29,AD2,0.0 - 1.0,si,112
2026-04-29,AD-PJUG,3.0 - 4.0,SI,308
2026-04-29,AD-PJUG,3.0 - 4.0,SI,109
2026-04-29,AD1,3.0 - 4.0,si,594
2026-04-29,AD3,0.0 - 1.0,SI,544
2026-04-29,ADGUA,1.5 - 2.5,SI,107
2026-04-29,AD3,3.0 - 4.0,si,362
2026-04-29,PIND,1.5 - 2.5,SI,382
2026-04-29,AD2,3.0 - 4.0,si,218
2026-04-29,PJUG,3.0 - 4.0,SI,208
2026-04-29,PJUG,3.0 - 4.0,SI,256
2026-04-29,PJUG,3.0 - 4.0,SI,52
2026-04-29,PE1,1.5 - 2.5,SI,570
2026-04-29,ADGUA,1.5 - 2.5,SI,259
2026-04-29,PE1,1.5 - 2.5,SI,1456
2026-04-29,PE1,1.5 - 2.5,SI,1348
2026-04-29,PE1,1.5 - 2.5,SI,1436
2026-04-29,PE1,1.5 - 2.5,si,1285
2026-04-29,AD1,0.0 - 1.0,SI,1361
2026-04-29,AD1,0.0 - 1.0,SI,1226
2026-04-29,PE1,1.5 - 2.5,SI,647
2026-04-30,AL-PE1,0.0 - 1.0,SI,153
2026-04-30,AD1,0.0 - 1.0,SI,579
2026-04-30,PE1,0,si,438
2026-04-30,AD2,0.0 - 1.0,SI,512
2026-04-30,PE1,0,SI,71
2026-04-30,ADGUA,1.5 - 2.5,si,477
2026-04-30,AD1,0.0 - 1.0,SI,571
2026-04-30,AD3,0.0 - 1.0,SI,481
2026-04-30,PIND,1.5 - 2.5,SI,487
2026-04-30,PIND,1.5 - 2.5,SI,325
2026-04-30,AD2,0.0 - 1.0,si,500
2026-04-30,AD1,0.0 - 1.0,si,575
2026-04-30,ADGUA,0.0 - 1.0,si,485
2026-04-30,AD1,0.0 - 1.0,SI,566
2026-04-30,AD1,0.0 - 1.0,SI,561
2026-04-30,AD-PJUG,3.0 - 4.0,SI,242
2026-04-30,AD1,1.5 - 2.5,si,590
2026-04-30,PIND,1.5 - 2.5,SI,483
2026-04-30,PIND,1.5 - 2.5,SI,473
2026-04-30,AD2,0.0 - 1.0,si,517
2026-04-30,AD1,0.0 - 1.0,SI,564
2026-04-30,ADGUA,1.5 - 2.5,SI,491
2026-04-30,AD2,0.0 - 1.0,SI,512
2026-04-30,AD3,0.0 - 1.0,SI,508
2026-04-30,AD2,0.0 - 1.0,si,515
2026-04-30,AD1,0.0 - 1.0,SI,536
2026-04-30,PIND,1.5 - 2.5,si,493
2026-04-30,AD2,0.0 - 1.0,si,514
2026-04-30,AD3,0.0 - 1.0,SI,482
2026-04-30,AD1,0.0 - 1.0,si,567
2026-04-30,ADGUA,1.5 - 2.5,SI,497
2026-04-30,AD1,0.0 - 1.0,SI,549
2026-04-30,AD2,1.5 - 2.5,si,348
2026-04-30,AD1,0.0 - 1.0,SI,241
2026-04-30,AD2,0.0 - 1.0,SI,385
2026-04-30,PE1,1.5 - 2.5,si,594
2026-04-30,AD1,1.5 - 2.5,SI,562
2026-04-30,AD1,3.0 - 4.0,SI,355
2026-04-30,PE1,1.5 - 2.5,SI,233
2026-04-30,PE1,0.0 - 1.0,SI,261
2026-04-30,PIND,1.5 - 2.5,SI,444
2026-04-30,PE1,1.5 - 2.5,SI,169
2026-04-30,AD3,3.0 - 4.0,SI,522
2026-04-30,PEGUA,1.5 - 2.5,si,182
2026-04-30,AD1,0.0 - 1.0,SI,432
2026-04-30,AD3,0.0 - 1.0,SI,330
2026-04-30,AD2,0.0 - 1.0,si,572
2026-04-30,AD3,1.5 - 2.5,SI,360
2026-04-30,AD2,1.5 - 2.5,si,465
2026-04-30,AD2,1.5 - 2.5,SI,12
2026-04-30,AD2,3.0 - 4.0,SI,361
2026-04-30,ADBABY,1.5 - 2.5,si,262
2026-04-30,PE1,1.5 - 2.5,SI,24
2026-04-30,PE2,1.5 - 2.5,SI,15
2026-04-30,PE3,1.5 - 2.5,SI,5
2026-04-30,PE3,1.5 - 2.5,SI,3
2026-05-01,PE2,1.5 - 2.5,si,66
2026-05-02,PEGUA,1.5 - 2.5,SI,474
2026-05-02,PEBAB,1.5 - 2.5,SI,429
2026-05-02,PEGUA,1.5 - 2.5,SI,462
2026-05-02,PEBAB,1.5 - 2.5,SI,411
2026-05-02,PE2,3.0 - 4.0,si,514
2026-05-02,PE3,1.5 - 2.5,si,566
2026-05-02,PE1,1.5 - 2.5,SI,544
2026-05-02,PEBAB,1.5 - 2.5,SI,415
2026-05-02,PE3,3.0 - 4.0,SI,495
2026-05-02,PEGUA,1.5 - 2.5,si,488
2026-05-02,PE2,1.5,si,405
2026-05-02,PE2,3.0 - 4.0,si,509
2026-05-02,PE1,1.5 - 2.5,SI,521
2026-05-02,PEBAB,1.5 - 2.5,SI,438
2026-05-02,PEGUA,1.5 - 2.5,SI,482
2026-05-02,PIND,1.5 - 2.5,SI,496
2026-05-02,PEBAB,1.5 - 2.5,si,426
2026-05-02,PE1,3.0 - 4.0,si,441
2026-05-02,PE3,1.5 - 2.5,si,570
2026-05-02,PE3,3.0 - 4.0,SI,492
2026-05-02,PEBAB,1.5 - 2.5,SI,411
2026-05-02,PE2,1.5,si,404
2026-05-02,PE1,1,SI,568
2026-05-02,PE2,3.0 - 4.0,SI,500
2026-05-02,PE1,1.5,si,419
2026-05-02,PEGUA,1.5 - 2.5,si,492
2026-05-02,PE1,1.5 - 2.5,SI,523
2026-05-02,PEBAB,1.5 - 2.5,si,424
2026-05-02,PE2,1.5,si,411
2026-05-02,PE3,1.5 - 2.5,SI,562
2026-05-02,PEGUA,1.5 - 2.5,SI,454
2026-05-02,PE1,3.0 - 4.0,SI,559
2026-05-02,PEBAB,1.5 - 2.5,SI,415
2026-05-02,PEGUA,1.5 - 2.5,SI,494
2026-05-02,PE1,1.5,SI,463
2026-05-02,PE1,0.0 - 1.0,SI,520
2026-05-02,PEBAB,1.5 - 2.5,SI,431
2026-05-02,PE2,3.0 - 4.0,si,496
2026-05-02,PE1,1.5 - 2.5,SI,526
2026-05-02,PE3,1.5 - 2.5,SI,546
2026-05-02,PEGUA,1.5 - 2.5,SI,458
2026-05-02,PEBAB,1.5 - 2.5,SI,417
2026-05-02,PIND,1.5 - 2.5,SI,482
2026-05-02,PE3,3.0 - 4.0,SI,487
2026-05-02,PE3,1.5 - 2.5,SI,460
2026-05-02,PEBAB,1.5 - 2.5,SI,413
2026-05-02,PEGUA,1.5 - 2.5,SI,500
2026-05-02,PE2,1.5 - 2.5,si,521
2026-05-02,PEGUA,1.5 - 2.5,SI,476
2026-05-02,PE3,0.0 - 1.0,si,491
2026-05-02,PE2,0.0 - 1.0,si,523
2026-05-02,PE2,1.5 - 2.5,si,526
2026-05-02,PEBAB,1.5 - 2.5,si,415
2026-05-02,PEGUA,1.5 - 2.5,si,513
2026-05-02,PEGUA,1.5 - 2.5,si,474
2026-05-02,PE1,1,SI,553
2026-05-02,PE1,1.5 - 2.5,si,527
2026-05-02,PE1,1,SI,552
2026-05-02,PE1,1.5,si,409
2026-05-02,PE1,1,SI,545
2026-05-02,PE1,1,SI,563
2026-05-02,PE1,0.0 - 1.0,si,434
2026-05-02,PE2,1.5,si,419
2026-05-02,PE3,1.5 - 2.5,si,548
2026-05-02,PE2,1.5,si,401
2026-05-02,PEBAB,1.5 - 2.5,si,424
2026-05-02,PEGUA,1.5 - 2.5,si,473
2026-05-02,PE3,0.0 - 1.0,si,482
2026-05-02,PE3,0.0 - 1.0,si,534
2026-05-02,PEBAB,1.5 - 2.5,SI,416
2026-05-02,PEBAB,1.5 - 2.5,si,424
2026-05-02,PIND,1.5 - 2.5,si,492
2026-05-02,PE2,3.0 - 4.0,si,497
2026-05-02,PE1,0.0 - 1.0,SI,574
2026-05-02,AD1,1.5 - 2.5,si,531
2026-05-02,AD1,0.0 - 1.0,si,565
2026-05-02,AD1,0.0 - 1.0,SI,582
2026-05-02,PIND,1.5 - 2.5,si,506
2026-05-02,AD2,0.0 - 1.0,SI,528
2026-05-02,PIND,1.5 - 2.5,SI,512
2026-05-02,AD2,1.5 - 2.5,SI,535
2026-05-02,ADGUA,1.5 - 2.5,SI,465
2026-05-02,AD1,1.5 - 2.5,SI,541
2026-05-02,ADBABY,1.5 - 2.5,SI,411
2026-05-02,PJUG,3.0 - 4.0,SI,542
2026-05-02,ADGUA,1.5 - 2.5,SI,482
2026-05-02,AD3,3.0 - 4.0,SI,513
2026-05-02,AD3,1.5 - 2.5,SI,543
2026-05-02,ADGUA,1.5 - 2.5,SI,529
2026-05-02,PIND,1.5 - 2.5,SI,510
2026-05-02,AD3,0.0 - 1.0,SI,504
2026-05-02,AD1,0.0 - 1.0,SI,537
2026-05-02,PE1,1,SI,561
2026-05-02,PE2,1.5,si,408
2026-05-02,PE1,1,SI,534
2026-05-02,PE1,1,SI,552
2026-05-02,PE2,1.5,si,412
2026-05-02,PEBAB,1.5 - 2.5,SI,407
2026-05-02,PE1,0,SI,512
2026-05-02,PEBAB,1.5 - 2.5,si,412
2026-05-02,PE2,1.5,si,259
2026-05-02,PE1,1,si,555
2026-05-02,PE1,0.0 - 1.0,SI,526
2026-05-02,PE2,1.5,si,405
2026-05-02,PE1,3.0 - 4.0,si,542
2026-05-02,PE1,1.5 - 2.5,SI,527
2026-05-02,PE2,1.5 - 2.5,si,432
2026-05-02,PE3,1.5 - 2.5,si,530
2026-05-02,PEBAB,1.5 - 2.5,si,438
2026-05-02,PEGUA,1.5 - 2.5,si,469
2026-05-02,PE2,0.0 - 1.0,si,516
2026-05-02,PEGUA,1.5 - 2.5,si,487
2026-05-02,PEBAB,1.5 - 2.5,si,424
2026-05-02,PEGUA,1.5 - 2.5,si,469
2026-05-02,AD2,0.0 - 1.0,si,195
2026-05-02,AD2,3.0 - 4.0,SI,336
2026-05-02,PEBAB,1.5 - 2.5,si,400
2026-05-02,PE3,0.0 - 1.0,si,497
2026-05-02,PE2,0.0 - 1.0,si,499
2026-05-02,PE3,3.0 - 4.0,SI,487
2026-05-02,PE1,1.5 - 2.5,si,531
2026-05-02,PE2,0.0 - 1.0,SI,39
2026-05-02,PE1,0,SI,63
2026-05-02,PE2,3.0 - 4.0,SI,177
2026-05-02,PE1,1,SI,449
2026-05-02,PE1,0.0 - 1.0,si,530
2026-05-02,PE2,0.0 - 1.0,si,59
2026-05-02,PEGUA,1.5 - 2.5,SI,531
2026-05-02,PEBAB,1.5 - 2.5,SI,322
2026-05-02,PIND,1.5 - 2.5,SI,498
2026-05-02,PEGUA,1.5 - 2.5,SI,466
2026-05-02,PJUG,3.0 - 4.0,si,517
2026-05-02,PEBAB,1.5 - 2.5,SI,423
2026-05-02,PE1,3.0 - 4.0,SI,333
2026-05-02,PEGUA,1.5 - 2.5,SI,391
2026-05-02,PE1,1.5 - 2.5,SI,259
2026-05-02,PE1,0.0 - 1.0,SI,173
2026-05-02,PE2,1.5 - 2.5,SI,496
2026-05-02,PE3,0.0 - 1.0,SI,321
2026-05-02,PE3,1.5 - 2.5,si,334
2026-05-02,PE1,0.0 - 1.0,SI,369
2026-05-02,PE3,3.0 - 4.0,SI,317
2026-05-02,PE3,1.5 - 2.5,SI,489
2026-05-02,PE2,3.0 - 4.0,SI,511
2026-05-02,PJUG,3.0 - 4.0,SI,241
2026-05-02,PE2,1.5 - 2.5,SI,269
2026-05-02,PEBAB,1.5 - 2.5,si,211
2026-05-02,PJUG,1.5 - 2.5,si,472
2026-05-02,PE3,1.5 - 2.5,SI,119
2026-05-03,PE1,1,SI,567
2026-05-03,PE1,1,SI,551
2026-05-03,PE2,2,si,413
2026-05-03,PE1,1,SI,553
2026-05-03,PE1,1,SI,569
2026-05-03,PE1,0.0 - 1.0,SI,525
2026-05-03,PE1,1,SI,526
2026-05-03,PE1,1,SI,555
2026-05-03,PEGUA,1.5 - 2.5,SI,465
2026-05-03,PE1,3.0 - 4.0,si,531
2026-05-03,PE1,1.5 - 2.5,SI,545
2026-05-03,PIND,1.5 - 2.5,SI,444
2026-05-03,PE1,1,SI,557
2026-05-03,PEBAB,1.5 - 2.5,SI,416
2026-05-03,PE2,2,si,407
2026-05-03,PE1,0.0 - 1.0,SI,533
2026-05-03,PE2,2,si,403
2026-05-03,PE3,0.0 - 1.0,si,516
2026-05-03,PE2,2,SI,421
2026-05-03,PE1,0,SI,521
2026-05-03,PE2,2,SI,398
2026-05-03,PEBAB,1.5 - 2.5,SI,407
2026-05-03,PE3,1.5 - 2.5,SI,540
2026-05-03,PE2,1.5 - 2.5,SI,505
2026-05-03,PE2,0.0 - 1.0,si,506
2026-05-03,PEGUA,1.5 - 2.5,si,463
2026-05-03,PE1,3.0 - 4.0,si,538
2026-05-03,PEGUA,1.5 - 2.5,SI,511
2026-05-03,PE2,2,SI,413
2026-05-03,PE1,0.0 - 1.0,SI,533
2026-05-03,PE1,0.0 - 1.0,SI,539
2026-05-03,PE2,1.5,si,407
2026-05-03,PE1,1.5 - 2.5,SI,535
2026-05-03,PE2,1.5,si,402
2026-05-03,PE1,0.0 - 1.0,SI,540
2026-05-03,PE1,0,SI,517
2026-05-03,PE2,1.5,si,143
2026-05-03,PE3,1.5 - 2.5,SI,583
2026-05-03,PE2,1.5 - 2.5,si,462
2026-05-03,PEBAB,1.5 - 2.5,SI,406
2026-05-03,PE3,3.0 - 4.0,SI,604
2026-05-03,PE1,0.0 - 1.0,SI,571
2026-05-03,PEGUA,1.5 - 2.5,SI,86
2026-05-03,PEBAB,1.5 - 2.5,SI,55
2026-05-03,PE3,0.0 - 1.0,si,516
2026-05-03,PE2,1.5 - 2.5,SI,198
2026-05-03,PE2,3.0 - 4.0,SI,628
2026-05-03,PE2,0.0 - 1.0,si,545
2026-05-03,PEGUA,1.5 - 2.5,SI,202
2026-05-03,PEBAB,1.5 - 2.5,si,425
2026-05-03,PEGUA,1.5 - 2.5,SI,253
2026-05-03,PIND,1.5 - 2.5,si,277
2026-05-03,PIND,1.5 - 2.5,SI,76
2026-05-03,PJUG,3.0 - 4.0,SI,130
2026-05-03,PE1,1.5 - 2.5,si,260
2026-05-03,PE1,1.5 - 2.5,SI,294
2026-05-03,PE1,0.0 - 1.0,SI,197
2026-05-03,PC9,1,SI,1027
2026-05-03,PC8,1,SI,1034
2026-05-03,PC8,1,SI,1025
2026-05-03,PC8,1,SI,1037
2026-05-03,PC9,1,SI,1022
2026-05-03,PE2,1.5,si,407
2026-05-03,PC8,1,SI,1032
2026-05-03,PC9,1,SI,1014
2026-05-03,PC8,1,SI,1014
2026-05-03,PC8,1,SI,1021
2026-05-03,PC9,1,SI,1014
2026-05-03,PC8,1,SI,1029
2026-05-03,PC8,1,SI,1027
2026-05-03,PC9,1,SI,1011
2026-05-03,PE2,0.0 - 1.0,si,98
2026-05-03,PC8,1,SI,706
2026-05-03,PC9,1,SI,279
2026-05-03,PE2,1.5,si,397
2026-05-03,PE2,1.5,si,493
2026-05-03,PE2,1.5,si,286
2026-05-03,PIND,1.5 - 2.5,SI,67
2026-05-03,PE3,0.0 - 1.0,si,536
2026-05-03,PE1,0.0 - 1.0,SI,372
2026-05-04,PE2,1.5 - 2.5,SI,33
2026-05-04,PC8,1,SI,356
2026-05-04,PC9,1,SI,753
2026-05-04,PC9,1,SI,1027
2026-05-04,PC8,1,SI,1054
2026-05-04,PC9,1,SI,1020
2026-05-04,PE1,1.5 - 2.5,SI,41
2026-05-04,PC8,1,SI,1035
2026-05-04,PC9,1,SI,1026
2026-05-04,PC8,1,SI,1045
2026-05-04,PE2,1.5,SI,411
2026-05-04,PE2,1.5,si,413
2026-05-04,PE3,0.0 - 1.0,SI,506
2026-05-04,PEGUA,1.5 - 2.5,si,480
2026-05-04,PJUG,1.5 - 2.5,SI,57
2026-05-04,PEBAB,1.5 - 2.5,si,480
2026-05-04,PEGUA,1.5 - 2.5,si,468
2026-05-04,PEBAB,1.5 - 2.5,si,415
2026-05-04,PE2,2,SI,403
2026-05-04,PE2,1.5,SI,405
2026-05-04,PE3,0.0 - 1.0,si,519
2026-05-04,PE2,0.0 - 1.0,si,516
2026-05-04,PE2,2,SI,390
2026-05-04,PE2,0.0 - 1.0,SI,504
2026-05-04,PE2,2,SI,409
2026-05-04,PE2,2,SI,407
2026-05-04,PEGUA,1.5 - 2.5,SI,481
2026-05-04,PEBAB,1.5 - 2.5,SI,420
2026-05-04,PE3,1.5 - 2.5,SI,524
2026-05-04,PE3,0.0 - 1.0,SI,527
2026-05-04,PEBAB,1.5 - 2.5,si,425
2026-05-04,PEBAB,1.5 - 2.5,SI,425
2026-05-04,PE1,1.5 - 2.5,SI,43
2026-05-04,PE2,1.5 - 2.5,SI,464
2026-05-04,PEBAB,1.5 - 2.5,SI,413
2026-05-04,PEGUA,1.5 - 2.5,si,510
2026-05-04,PIND,1.5 - 2.5,SI,498
2026-05-04,PE2,2,SI,397
2026-05-04,PE2,2,SI,407
2026-05-04,PE1,0.0 - 1.0,SI,572
2026-05-04,PE2,0.0 - 1.0,SI,504
2026-05-04,PE3,0.0 - 1.0,si,526
2026-05-04,PEGUA,1.5 - 2.5,si,460
2026-05-04,PEGUA,1.5 - 2.5,si,459
2026-05-04,PE1,0.0 - 1.0,si,589
2026-05-04,PEBAB,1.5 - 2.5,SI,431
2026-05-04,PE2,0.0 - 1.0,si,501
2026-05-04,PE2,1.5 - 2.5,si,513
2026-05-04,PEGUA,1.5 - 2.5,SI,503
2026-05-04,PEBAB,1.5 - 2.5,si,415
2026-05-04,PEGUA,1.5 - 2.5,si,455
2026-05-04,PEBAB,1.5 - 2.5,si,415
2026-05-04,PE2,2,SI,401
2026-05-04,PE3,1.5 - 2.5,SI,511
2026-05-04,PE2,2,SI,345
2026-05-04,PEBAB,1.5 - 2.5,SI,413
2026-05-04,PEGUA,1.5 - 2.5,si,458
2026-05-04,PE1,3.0 - 4.0,SI,562
2026-05-04,PEGUA,1.5 - 2.5,SI,462
2026-05-04,PIND,1.5 - 2.5,SI,499
2026-05-04,PE2,2,SI,407
2026-05-04,PE3,3.0 - 4.0,SI,537
2026-05-04,PE3,0.0 - 1.0,SI,532
2026-05-04,PEGUA,1.5 - 2.5,SI,478
2026-05-04,PEBAB,1.5 - 2.5,SI,416
2026-05-04,PEBAB,1.5 - 2.5,SI,415
2026-05-04,PEBAB,1.5 - 2.5,si,410
2026-05-04,PEGUA,1.5 - 2.5,SI,446
2026-05-04,PEGUA,1.5 - 2.5,SI,489
2026-05-04,PE3,1.5 - 2.5,SI,505
2026-05-04,PE1,1.5 - 2.5,SI,564
2026-05-04,PEGUA,1.5 - 2.5,si,446
2026-05-04,PE3,3.0 - 4.0,SI,554
2026-05-04,PE1,1.5 - 2.5,si,564
2026-05-04,PEBAB,1.5 - 2.5,SI,423
2026-05-04,PEGUA,1.5 - 2.5,SI,532
2026-05-04,PEGUA,1.5 - 2.5,SI,478
2026-05-04,PEBAB,1.5 - 2.5,SI,411
2026-05-04,PE2,3.0 - 4.0,SI,499
2026-05-04,PE2,1.5 - 2.5,SI,514
2026-05-04,PE1,0.0 - 1.0,SI,533
2026-05-04,PEBAB,1.5 - 2.5,SI,440
2026-05-04,PEGUA,1.5 - 2.5,SI,472
2026-05-04,PEBAB,1.5 - 2.5,SI,421
2026-05-04,PEBAB,1.5 - 2.5,SI,413
2026-05-04,PE3,1.5 - 2.5,si,499
2026-05-04,PEBAB,1.5 - 2.5,SI,411
2026-05-04,PEGUA,1.5 - 2.5,SI,449
2026-05-04,PE3,0.0 - 1.0,SI,524
2026-05-04,PEGUA,1.5 - 2.5,si,447
2026-05-04,PEGUA,1.5 - 2.5,si,463
2026-05-04,PE2,0.0 - 1.0,si,511
2026-05-04,PE2,1.5 - 2.5,si,520
2026-05-04,PE1,1.5 - 2.5,si,541
2026-05-04,PE1,0.0 - 1.0,si,564
2026-05-04,PE2,3.0 - 4.0,SI,575
2026-05-04,PEBAB,1.5 - 2.5,SI,404
2026-05-04,PE1,3.0 - 4.0,SI,369
2026-05-04,PIND,1.5 - 2.5,SI,450
2026-05-04,PEBAB,1.5 - 2.5,SI,420
2026-05-04,PIND,1.5 - 2.5,SI,501
2026-05-04,PE3,3.0 - 4.0,si,538
2026-05-04,PEBAB,1.5 - 2.5,SI,447
2026-05-04,AD2,0.0 - 1.0,SI,513
2026-05-04,PEGUA,1.5 - 2.5,SI,316
2026-05-04,AD1,0.0 - 1.0,SI,540
2026-05-04,PEGUA,1.5 - 2.5,SI,475
2026-05-04,PE3,3.0 - 4.0,si,253
2026-05-04,PE2,1.5 - 2.5,SI,304
2026-05-04,PEGUA,1.5 - 2.5,SI,448
2026-05-04,PIND,1.5 - 2.5,SI,467
2026-05-04,AD3,0.0 - 1.0,SI,535
2026-05-04,AD1,3.0 - 4.0,SI,545
2026-05-04,AD1,1.5 - 2.5,SI,528
2026-05-04,AD3,1.5 - 2.5,si,506
2026-05-04,AD1,0.0 - 1.0,SI,568
2026-05-04,AD2,1.5 - 2.5,SI,518
2026-05-04,AD1,0.0 - 1.0,SI,528
2026-05-04,AD1,0.0 - 1.0,SI,610
2026-05-04,AD2,0.0 - 1.0,SI,514
2026-05-04,AD2,3.0 - 4.0,si,349
2026-05-04,ADGUA,1.5 - 2.5,si,332
2026-05-04,AD3,0.0 - 1.0,SI,313
2026-05-04,AD2,1.5 - 2.5,si,216
2026-05-04,PIND,1.5 - 2.5,SI,509
2026-05-04,AD3,3.0 - 4.0,si,240
2026-05-04,AD1,1.5 - 2.5,si,451
2026-05-04,AD3,1.5 - 2.5,SI,193
2026-05-04,AD2,0.0 - 1.0,SI,341
2026-05-04,AD-PJUG,3.0 - 4.0,SI,485
2026-05-04,ADBABY,1.5 - 2.5,SI,355
2026-05-04,PIND,1.5 - 2.5,SI,496
2026-05-04,PE2,3.0 - 4.0,SI,306
2026-05-04,AD1,0.0 - 1.0,SI,169
2026-05-04,AD-PJUG,3.0 - 4.0,SI,339
2026-05-05,PE1,1,si,582
2026-05-05,PE1,1.5 - 2.5,SI,584
2026-05-05,PE1,0,SI,538
2026-05-05,PE1,0.0 - 1.0,SI,545
2026-05-05,PE1,1,SI,583
2026-05-05,PE2,1.5,si,424
2026-05-05,PE1,0,SI,547
2026-05-05,PIND,1.5 - 2.5,SI,18
2026-05-05,PE1,1.5 - 2.5,si,567
2026-05-05,PEGUA,1.5 - 2.5,SI,477
2026-05-05,PEGUA,1.5 - 2.5,si,485
2026-05-05,PE1,0.0 - 1.0,SI,539
2026-05-05,PE1,1,si,580
2026-05-05,PE1,1.5 - 2.5,SI,558
2026-05-05,PE2,1.5 - 2.5,SI,511
2026-05-05,PE3,0.0 - 1.0,SI,500
2026-05-05,PE1,0,SI,541
2026-05-05,PE1,0.0 - 1.0,SI,546
2026-05-05,PE3,1.5 - 2.5,SI,498
2026-05-05,PE1,1,SI,580
2026-05-05,PE2,1.5,si,406
2026-05-05,PE2,1.5,si,412
2026-05-05,PE1,1,si,576
2026-05-05,PEGUA,1.5 - 2.5,SI,472
2026-05-05,PEBAB,1.5 - 2.5,SI,389
2026-05-05,PEGUA,1.5 - 2.5,SI,480
2026-05-05,PE3,0.0 - 1.0,SI,484
2026-05-05,PE1,1.5 - 2.5,SI,557
2026-05-05,PE1,0.0 - 1.0,SI,579
2026-05-05,PE1,1,si,593
2026-05-05,PE1,1,SI,587
2026-05-05,PE2,1.5,si,413
2026-05-05,PE2,0.0 - 1.0,SI,525
2026-05-05,PE2,1.5,si,411
2026-05-05,PEBAB,1.5 - 2.5,SI,411
2026-05-05,PE1,1,si,572
2026-05-05,PIND,1.5 - 2.5,si,509
2026-05-05,PE1,1.5 - 2.5,SI,562
2026-05-05,PEGUA,1.5 - 2.5,SI,470
2026-05-05,PE1,0.0 - 1.0,SI,567
2026-05-05,PE1,1,SI,608
2026-05-05,PE2,1.5 - 2.5,SI,517
2026-05-05,PEGUA,1.5 - 2.5,SI,472
2026-05-05,PE1,1,si,595
2026-05-05,PE3,0.0 - 1.0,SI,502
2026-05-05,PE1,1,si,574
2026-05-05,PE1,1.5 - 2.5,SI,559
2026-05-05,PEGUA,1.5 - 2.5,si,470
2026-05-05,PE1,1,si,572
2026-05-05,PE1,3.0 - 4.0,SI,551
2026-05-05,PEBAB,1.5 - 2.5,SI,401
2026-05-05,PE1,1.5 - 2.5,SI,587
2026-05-05,PE1,0.0 - 1.0,si,553
2026-05-05,PE1,3.0 - 4.0,SI,547
2026-05-05,PE3,1.5 - 2.5,SI,488
2026-05-05,PE1,1.5 - 2.5,SI,569
2026-05-05,PE2,1.5,si,411
2026-05-05,PE2,3.0 - 4.0,SI,521
2026-05-05,PIND,1.5 - 2.5,si,504
2026-05-05,PE2,1.5 - 2.5,SI,519
2026-05-05,PE3,0.0 - 1.0,SI,498
2026-05-05,PE2,0.0 - 1.0,si,521
2026-05-05,PEGUA,1.5 - 2.5,SI,473
2026-05-05,PEGUA,1.5 - 2.5,SI,462
2026-05-05,PE1,1.5 - 2.5,SI,563
2026-05-05,PEBAB,1.5 - 2.5,SI,409
2026-05-05,PE3,1.5 - 2.5,SI,491
2026-05-05,PE1,3.0 - 4.0,SI,569
2026-05-05,PE2,1.5 - 2.5,SI,515
2026-05-05,PEGUA,1.5 - 2.5,si,475
2026-05-05,PE1,1.5 - 2.5,SI,577
2026-05-05,PEBAB,1.5 - 2.5,SI,448
2026-05-05,PEBAB,1.5 - 2.5,SI,393
2026-05-05,PEGUA,1.5 - 2.5,SI,465
2026-05-05,PIND,1.5 - 2.5,si,491
2026-05-05,PE1,1,si,578
2026-05-05,PE1,0.0 - 1.0,SI,538
2026-05-05,PE3,1.5 - 2.5,SI,497
2026-05-05,PE1,1.5 - 2.5,si,560
2026-05-05,PE2,1.5 - 2.5,SI,517
2026-05-05,PEGUA,1.5 - 2.5,si,522
2026-05-05,PE1,0.0 - 1.0,SI,601
2026-05-05,PEGUA,1.5 - 2.5,si,487
2026-05-05,PE1,1.5 - 2.5,SI,554
2026-05-05,PE2,1.5,si,403
2026-05-05,PE2,0.0 - 1.0,SI,523
2026-05-05,PEBAB,1.5 - 2.5,SI,393
2026-05-05,PE2,1.5,SI,405
2026-05-05,PEGUA,1.5 - 2.5,SI,467
2026-05-05,PE1,0.0 - 1.0,SI,571
2026-05-05,PE1,1.5 - 2.5,SI,549
2026-05-05,PE1,1,SI,590
2026-05-05,PEGUA,1.5 - 2.5,SI,472
2026-05-05,PE1,0.0 - 1.0,SI,543
2026-05-05,PE3,3.0 - 4.0,SI,496
2026-05-05,PE1,1.5 - 2.5,si,567
2026-05-05,PE3,0.0 - 1.0,SI,504
2026-05-05,PE1,0.0 - 1.0,SI,576
2026-05-05,PE3,0.0 - 1.0,SI,487
2026-05-05,PE2,1.5,SI,413
2026-05-05,PE1,1.5 - 2.5,SI,546
2026-05-05,PE2,1.5 - 2.5,SI,517
2026-05-05,PE1,0.0 - 1.0,SI,575
2026-05-05,PEGUA,1.5 - 2.5,SI,372
2026-05-05,PE1,1.5 - 2.5,SI,561
2026-05-05,PE3,1.5 - 2.5,SI,538
2026-05-05,PIND,1.5 - 2.5,si,485
2026-05-05,PE2,0.0 - 1.0,SI,508
2026-05-05,PE1,3.0 - 4.0,SI,559
2026-05-05,PE1,0.0 - 1.0,SI,542
2026-05-05,AD1,0.0 - 1.0,SI,569
2026-05-05,PE2,1.5,si,153
2026-05-05,PE3,3.0 - 4.0,SI,440
2026-05-05,PE2,1.5 - 2.5,SI,446
2026-05-05,AD2,0.0 - 1.0,SI,525
2026-05-05,PE1,3.0 - 4.0,SI,486
2026-05-05,AD3,0.0 - 1.0,SI,497
2026-05-05,PEBAB,1.5 - 2.5,SI,345
2026-05-05,PEGUA,1.5 - 2.5,SI,185
2026-05-05,PE1,0.0 - 1.0,SI,568
2026-05-05,AD2,0.0 - 1.0,si,526
2026-05-05,AD3,0.0 - 1.0,SI,493
2026-05-05,PE2,3.0 - 4.0,SI,515
2026-05-05,AD1,0.0 - 1.0,SI,541
2026-05-05,PE2,3.0 - 4.0,SI,505
2026-05-05,AD1,0.0 - 1.0,SI,568
2026-05-05,AD2,0.0 - 1.0,SI,518
2026-05-05,AD2,1.5 - 2.5,SI,179
2026-05-05,AD-PJUG,3.0 - 4.0,SI,77
2026-05-05,AD2,3.0 - 4.0,SI,66
2026-05-05,AD1,0.0 - 1.0,SI,552
2026-05-05,AD3,0.0 - 1.0,SI,333
2026-05-05,ADBABY,1.5 - 2.5,SI,77
2026-05-05,AD2,0.0 - 1.0,SI,161
2026-05-05,AD3,1.5 - 2.5,SI,46
2026-05-05,PE1,3.0 - 4.0,SI,526
2026-05-05,AD1,1.5 - 2.5,SI,438
2026-05-05,AD1,3.0 - 4.0,SI,273
2026-05-05,PIND,1.5 - 2.5,si,359
2026-05-05,AD1,0.0 - 1.0,SI,635
2026-05-05,AD1,1.5 - 2.5,SI,176
2026-05-05,ADGUA,1.5 - 2.5,SI,387
2026-05-05,AD-PJUG,3.0 - 4.0,SI,435
2026-05-06,PE1,1.5 - 2.5,SI,601
2026-05-06,PE2,2,SI,399
2026-05-06,PE2,2,SI,409
2026-05-06,PE1,0.0 - 1.0,SI,573
2026-05-06,PE1,1.5 - 2.5,SI,607
2026-05-06,PE3,1.5 - 2.5,SI,484
2026-05-06,PE3,0.0 - 1.0,SI,493
2026-05-06,PE2,1.5 - 2.5,SI,490
2026-05-06,PE2,2,SI,382
2026-05-06,PE1,1.5 - 2.5,SI,591
2026-05-06,PE1,1.5 - 2.5,SI,610
2026-05-06,PE1,1.5 - 2.5,SI,100
2026-05-06,PE1,0.0 - 1.0,SI,558
2026-05-06,PE2,2,SI,390
2026-05-06,PE3,1.5 - 2.5,SI,480
2026-05-06,PE2,1.5 - 2.5,si,486
2026-05-06,PIND,1.5 - 2.5,SI,17
2026-05-06,PE1,0.0 - 1.0,SI,558
2026-05-06,PJUG,1.5 - 2.5,SI,4
2026-05-06,PE1,0.0 - 1.0,SI,579
2026-05-06,PE2,0.0 - 1.0,SI,501
2026-05-06,PE1,1.5 - 2.5,SI,593
2026-05-06,PEBAB,1.5 - 2.5,SI,438
2026-05-06,PE2,2,SI,408
2026-05-06,PE3,0.0 - 1.0,SI,494
2026-05-06,PEGUA,1.5 - 2.5,SI,463
2026-05-06,PEGUA,1.5 - 2.5,SI,513
2026-05-06,PE1,0.0 - 1.0,SI,556
2026-05-06,PIND,1.5 - 2.5,SI,484
2026-05-06,PE1,3.0 - 4.0,SI,593
2026-05-06,PE2,1.5 - 2.5,si,497
2026-05-06,PE3,1.5 - 2.5,SI,485
2026-05-06,PEBAB,1.5 - 2.5,SI,437
2026-05-06,PE1,3.0 - 4.0,SI,43
2026-05-06,PEGUA,1.5 - 2.5,SI,474
2026-05-06,PEBAB,1.5 - 2.5,SI,424
2026-05-06,PE1,1.5 - 2.5,SI,577
2026-05-06,PEBAB,1.5 - 2.5,SI,407
2026-05-06,PE1,1.5 - 2.5,SI,574
2026-05-06,PIND,1.5 - 2.5,SI,502
2026-05-06,PE1,0.0 - 1.0,SI,557
2026-05-06,PIND,1.5 - 2.5,SI,483
2026-05-06,PEGUA,1.5 - 2.5,SI,454
2026-05-06,PE1,0.0 - 1.0,SI,549
2026-05-06,PE2,0.0 - 1.0,SI,512
2026-05-06,PE3,1.5 - 2.5,SI,478
2026-05-06,PE2,1.5 - 2.5,SI,511
2026-05-06,PE1,1.5 - 2.5,SI,590
2026-05-06,PE3,0.0 - 1.0,SI,485
2026-05-06,PE2,2,SI,400
2026-05-06,PE1,1.5 - 2.5,SI,573
2026-05-06,PE1,1.5 - 2.5,SI,595
2026-05-06,PE2,2,SI,410
2026-05-06,PE1,0.0 - 1.0,SI,519
2026-05-06,PE3,1.5 - 2.5,SI,485
2026-05-06,PEGUA,1.5 - 2.5,SI,515
2026-05-06,PE2,1.5 - 2.5,SI,497
2026-05-06,PEBAB,1.5 - 2.5,SI,422
2026-05-06,PEGUA,1.5 - 2.5,SI,455
2026-05-06,PE1,1.5 - 2.5,SI,576
2026-05-06,PE3,1.5 - 2.5,SI,482
2026-05-06,PE1,0.0 - 1.0,SI,574
2026-05-06,PE2,0.0 - 1.0,SI,512
2026-05-06,PE2,0.0 - 1.0,SI,506
2026-05-06,PE1,1.5 - 2.5,SI,590
2026-05-06,PE3,1.5 - 2.5,SI,480
2026-05-06,PE1,0.0 - 1.0,SI,567
2026-05-06,PE3,0.0 - 1.0,SI,491
2026-05-06,PE1,1.5 - 2.5,SI,572
2026-05-06,PEGUA,1.5 - 2.5,SI,465
2026-05-06,PE2,3.0 - 4.0,SI,509
2026-05-06,PE2,2,SI,57
2026-05-06,PE1,1.5 - 2.5,SI,582
2026-05-06,PE2,1.5 - 2.5,SI,496
2026-05-06,PE1,1.5 - 2.5,SI,591
2026-05-06,PE2,1.5 - 2.5,SI,501
2026-05-06,PE1,0.0 - 1.0,SI,577
2026-05-06,PIND,1.5 - 2.5,SI,487
2026-05-06,PE1,0.0 - 1.0,SI,563
2026-05-06,PEBAB,1.5 - 2.5,SI,428
2026-05-06,PE1,1.5 - 2.5,SI,589
2026-05-06,PE3,1.5 - 2.5,SI,481
2026-05-06,PE2,1.5 - 2.5,SI,504
2026-05-06,PE1,1.5 - 2.5,SI,582
2026-05-06,PE2,0.0 - 1.0,SI,508
2026-05-06,PE1,1.5 - 2.5,SI,599
2026-05-06,PE1,1.5 - 2.5,si,577
2026-05-06,PEGUA,1.5 - 2.5,SI,468
2026-05-06,PE1,1.5 - 2.5,SI,598
2026-05-06,PEBAB,1.5 - 2.5,SI,431
2026-05-06,PE1,0.0 - 1.0,SI,582
2026-05-06,PE2,1.5 - 2.5,SI,509
2026-05-06,PE3,1.5 - 2.5,SI,467
2026-05-06,PE3,0.0 - 1.0,SI,485
2026-05-06,PE1,1.5 - 2.5,SI,569
2026-05-06,PE1,1.5 - 2.5,SI,559
2026-05-06,PE2,1.5 - 2.5,SI,498
2026-05-06,PE1,0.0 - 1.0,SI,566
2026-05-06,PE1,0.0 - 1.0,SI,565
2026-05-06,AD3,0.0 - 1.0,SI,475
2026-05-06,ADGUA,1.5 - 2.5,SI,463
2026-05-06,ADGUA,1.5 - 2.5,SI,506
2026-05-06,AD1,0.0 - 1.0,SI,533
2026-05-06,AD2,0.0 - 1.0,SI,498
2026-05-06,AD2,0.0 - 1.0,SI,516
2026-05-06,AD1,1.5 - 2.5,SI,571
2026-05-06,AD1,3.0 - 4.0,SI,572
2026-05-06,AD1,0.0 - 1.0,SI,557
2026-05-06,AD2,0.0 - 1.0,SI,513
2026-05-06,AD1,0.0 - 1.0,SI,551
2026-05-06,AD2,3.0 - 4.0,SI,444
2026-05-06,AD3,0.0 - 1.0,SI,465
2026-05-06,AD2,0.0 - 1.0,SI,508
2026-05-06,AD1,0.0 - 1.0,SI,541
2026-05-06,AD3,1.5 - 2.5,SI,467
2026-05-06,AD2,0.0 - 1.0,SI,513
2026-05-06,AD1,0.0 - 1.0,SI,547
2026-05-06,AD2,1.5 - 2.5,SI,505
2026-05-06,AD1,1.5 - 2.5,SI,562
2026-05-06,AD3,0.0 - 1.0,SI,473
2026-05-06,AD1,0.0 - 1.0,SI,548
2026-05-06,AD-PJUG,3.0 - 4.0,SI,444
2026-05-06,AD2,0.0 - 1.0,SI,549
2026-05-06,AD1,0.0 - 1.0,SI,534
2026-05-06,AD3,0.0 - 1.0,si,559
2026-05-06,AD1,0.0 - 1.0,SI,563
2026-05-06,AD1,1.5 - 2.5,SI,549
2026-05-06,PE1,1.5 - 2.5,SI,581
2026-05-06,PE2,3.0 - 4.0,SI,468
2026-05-06,PE2,1.5 - 2.5,si,491
2026-05-06,PE1,0.0 - 1.0,SI,433
2026-05-06,PE3,1.5 - 2.5,SI,427
2026-05-06,PE1,1.5 - 2.5,SI,595
2026-05-06,PE2,0.0 - 1.0,SI,515
2026-05-06,AD1,3.0 - 4.0,SI,551
2026-05-06,PE3,0.0 - 1.0,SI,139
2026-05-06,PE1,0.0 - 1.0,SI,380
2026-05-06,PE2,0.0 - 1.0,SI,518
2026-05-06,PE1,1.5 - 2.5,SI,279
2026-05-06,PE3,3.0 - 4.0,SI,366
2026-05-06,AD1,3.0 - 4.0,SI,356
2026-05-06,PE3,3.0 - 4.0,SI,242
2026-05-06,AD1,0.0 - 1.0,SI,275
2026-05-06,AD2,3.0 - 4.0,SI,120
2026-05-06,AD2,1.5 - 2.5,SI,416
2026-05-06,PEBAB,1.5 - 2.5,SI,40
2026-05-06,PIND,1.5 - 2.5,SI,469
2026-05-06,PE3,1.5 - 2.5,SI,158
2026-05-06,AD-PJUG,3.0 - 4.0,SI,123
2026-05-06,ADGUA,1.5 - 2.5,SI,280
2026-05-06,ADGUA,1.5 - 2.5,SI,492
2026-05-06,AD1,3.0 - 4.0,SI,288
2026-05-06,AD-PJUG,3.0 - 4.0,SI,186
2026-05-06,PE1,3.0 - 4.0,SI,582
2026-05-06,PEBAB,1.5 - 2.5,SI,429
2026-05-06,PEBAB,1.5 - 2.5,SI,403
2026-05-06,AD-PJUG,3.0 - 4.0,SI,515
2026-05-06,AD-PJUG,3.0 - 4.0,SI,244
2026-05-06,PE2,0.0 - 1.0,SI,340
2026-05-06,PE1,1.5 - 2.5,si,137
2026-05-07,PEGUA,1.5 - 2.5,SI,506
2026-05-07,PE1,1.5 - 2.5,SI,489
2026-05-07,PE1,3.0 - 4.0,si,567
2026-05-07,PEBAB,1.5 - 2.5,SI,430
2026-05-07,PE1,1,SI,543
2026-05-07,PE2,3.0 - 4.0,SI,514
2026-05-07,PE2,1.5 - 2.5,SI,520
2026-05-07,PE1,3.0 - 4.0,SI,581
2026-05-07,PE3,3.0 - 4.0,SI,520
2026-05-07,PEGUA,1.5 - 2.5,SI,475
2026-05-07,PE1,1.5 - 2.5,SI,595
2026-05-07,PE3,1.5 - 2.5,SI,504
2026-05-07,PEBAB,1.5 - 2.5,si,410
2026-05-07,PE1,1,SI,542
2026-05-07,PIND,1.5 - 2.5,SI,480
2026-05-07,PE1,3.0 - 4.0,si,591
2026-05-07,PE1,0,SI,521
2026-05-07,PEBAB,1.5 - 2.5,SI,411
2026-05-07,PE1,1.5 - 2.5,SI,614
2026-05-07,PE2,1.5 - 2.5,SI,516
2026-05-07,PE1,3.0 - 4.0,si,587
2026-05-07,PE2,1.5 - 2.5,SI,9
2026-05-07,PE1,1,SI,558
2026-05-07,PE1,0,SI,531
2026-05-07,PE2,1.5 - 2.5,SI,537
2026-05-07,PE1,1,SI,549
2026-05-07,PE2,3.0 - 4.0,SI,518
2026-05-07,PE3,3.0 - 4.0,SI,501
2026-05-07,PEGUA,1.5 - 2.5,SI,507
2026-05-07,PE3,1.5 - 2.5,SI,480
2026-05-07,PE3,0.0 - 1.0,SI,501
2026-05-07,PE1,1.5 - 2.5,SI,577
2026-05-07,PE1,1,SI,547
2026-05-07,PE1,0,SI,521
2026-05-07,PE2,1.5 - 2.5,SI,526
2026-05-07,PEGUA,1.5 - 2.5,SI,482
2026-05-07,PE1,1.5 - 2.5,SI,607
2026-05-07,PEGUA,1.5 - 2.5,SI,501
2026-05-07,PIND,1.5 - 2.5,SI,19
2026-05-07,AD3,0.0 - 1.0,SI,499
2026-05-07,PEGUA,1.5 - 2.5,si,434
2026-05-07,AD2,3.0 - 4.0,SI,514
2026-05-07,AD-PJUG,3.0 - 4.0,SI,145
2026-05-07,AD1,1.5 - 2.5,SI,555
2026-05-07,AD3,0.0 - 1.0,SI,502
2026-05-07,AD1,3.0 - 4.0,SI,554
2026-05-07,ADGUA,1.5 - 2.5,si,489
2026-05-07,AD1,0.0 - 1.0,SI,531
2026-05-07,AD3,0.0 - 1.0,SI,496
2026-05-07,AD2,0.0 - 1.0,SI,511
2026-05-07,AD3,0.0 - 1.0,SI,508
2026-05-07,AD1,3.0 - 4.0,si,568
2026-05-07,AD3,3.0 - 4.0,SI,499
2026-05-07,PE1,1,SI,564
2026-05-07,AD1,1.5 - 2.5,SI,560
2026-05-07,PE1,1,SI,571
2026-05-07,ADGUA,1.5 - 2.5,SI,485
2026-05-07,PE1,1,SI,551
2026-05-07,PE1,1,SI,542
2026-05-07,PE1,1,SI,566
2026-05-07,ADBABY,1.5 - 2.5,SI,437
2026-05-07,PE1,1,SI,582
2026-05-07,PE1,1.5 - 2.5,SI,558
2026-05-07,PE1,1,SI,600
2026-05-07,PE2,3.0 - 4.0,SI,607
2026-05-07,PE1,1,SI,344
2026-05-07,PE3,0.0 - 1.0,SI,12
2026-05-07,PE2,1.5 - 2.5,si,449
2026-05-07,PEBAB,1.5 - 2.5,si,86
2026-05-07,PE1,1.5 - 2.5,SI,248
2026-05-07,PE3,1.5 - 2.5,SI,471
2026-05-07,PE1,3.0 - 4.0,si,402
2026-05-07,PE3,3.0 - 4.0,SI,87
2026-05-07,PE1,0.0 - 1.0,SI,320
2026-05-07,AD2,3.0 - 4.0,SI,90
2026-05-07,PE2,0.0 - 1.0,SI,514
2026-05-07,PE1,1.5 - 2.5,SI,344
2026-05-07,PE3,1.5 - 2.5,si,196
2026-05-07,PIND,1.5 - 2.5,SI,429
2026-05-07,PE2,1.5 - 2.5,SI,221
2026-05-07,AD-PJUG,3.0 - 4.0,SI,209
2026-05-07,PEGUA,1.5 - 2.5,SI,82
2026-05-07,PE2,1.5 - 2.5,SI,381
2026-05-07,AD-PJUG,3.0 - 4.0,SI,317
2026-05-07,AD-PJUG,3.0 - 4.0,SI,288
2026-05-07,PIND,1.5 - 2.5,SI,1197
2026-05-07,AD1,0.0 - 1.0,SI,1562
2026-05-07,AD2,0.0 - 1.0,SI,1199
2026-05-07,PE1,3.0 - 4.0,SI,1439
2026-05-07,AD1,0.0 - 1.0,SI,1248
2026-05-07,AD2,0.0 - 1.0,SI,1069
2026-05-07,AD1,0.0 - 1.0,SI,1246
2026-05-07,AD2,0.0 - 1.0,SI,1229
2026-05-08,AL-PEGUA,1.5 - 2.5,SI,54
2026-05-08,AL-PE1,0.0 - 1.0,SI,21
2026-05-08,PE2,1.5,SI,403
2026-05-08,PE1,1.5 - 2.5,SI,577
2026-05-08,PE3,1.5 - 2.5,SI,468
2026-05-08,PE1,3.0 - 4.0,SI,563
2026-05-08,PEGUA,1.5 - 2.5,SI,464
2026-05-08,PE1,0.0 - 1.0,SI,538
2026-05-08,PE1,1.5 - 2.5,SI,517
2026-05-08,PIND,1.5 - 2.5,SI,451
2026-05-08,PE1,1.5 - 2.5,SI,590
2026-05-08,PEBAB,1.5 - 2.5,SI,392
2026-05-08,PE1,3.0 - 4.0,SI,551
2026-05-08,PE2,1.5,SI,411
2026-05-08,PE1,1.5 - 2.5,SI,612
2026-05-08,PE2,1.5,SI,404
2026-05-08,PE2,0.0 - 1.0,si,502
2026-05-08,PE1,0.0 - 1.0,SI,564
2026-05-08,PEGUA,1.5 - 2.5,SI,470
2026-05-08,PE3,3.0 - 4.0,SI,26
2026-05-08,PE3,1.5 - 2.5,SI,491
2026-05-08,PE1,1.5 - 2.5,SI,503
2026-05-08,PE1,1.5 - 2.5,si,606
2026-05-08,PE1,3.0 - 4.0,SI,514
2026-05-08,PE1,1.5 - 2.5,SI,584
2026-05-08,PE1,1.5,SI,410
2026-05-08,PE1,1.5 - 2.5,SI,506
2026-05-08,PE1,1.5 - 2.5,SI,560
2026-05-08,PE1,0.0 - 1.0,SI,535
2026-05-08,PE2,3.0 - 4.0,SI,512
2026-05-08,PE1,1.5 - 2.5,SI,593
2026-05-08,PE1,1.5 - 2.5,SI,501
2026-05-08,PE2,1.5,SI,414
2026-05-08,PE2,1.5 - 2.5,SI,522
2026-05-08,PEGUA,1.5 - 2.5,si,483
2026-05-08,PE1,3.0 - 4.0,SI,585
2026-05-08,PIND,1.5 - 2.5,SI,468
2026-05-08,PE3,1.5 - 2.5,SI,493
2026-05-08,PE2,1.5,SI,405
2026-05-08,PE1,1.5 - 2.5,SI,569
2026-05-08,PE3,0.0 - 1.0,SI,480
2026-05-08,PE1,0.0 - 1.0,SI,539
2026-05-08,PE2,1.5,SI,418
2026-05-08,PE1,1.5 - 2.5,si,562
2026-05-08,PE2,1.5 - 2.5,SI,532
2026-05-08,PE2,0.0 - 1.0,SI,184
2026-05-08,PEGUA,1.5 - 2.5,si,473
2026-05-08,PE1,1.5 - 2.5,SI,509
2026-05-08,PE2,3.0 - 4.0,si,524
2026-05-08,PEGUA,1.5 - 2.5,SI,507
2026-05-08,PE3,3.0 - 4.0,si,502
2026-05-08,PE2,3.0 - 4.0,SI,505
2026-05-08,PE3,1.5 - 2.5,SI,482
2026-05-08,PE1,1.5 - 2.5,SI,605
2026-05-08,PE1,1.5,SI,401
2026-05-08,PE1,3.0 - 4.0,SI,569
2026-05-08,PE1,0.0 - 1.0,SI,524
2026-05-08,PE1,3.0 - 4.0,SI,562
2026-05-08,PEBAB,1.5 - 2.5,si,384
2026-05-08,PE1,3.0 - 4.0,SI,574
2026-05-08,PEGUA,1.5 - 2.5,SI,474
2026-05-08,PE2,1.5 - 2.5,SI,517
2026-05-08,PE2,1.5,SI,404
2026-05-08,PE2,3.0 - 4.0,SI,503
2026-05-08,PE1,1.5 - 2.5,SI,574
2026-05-08,PE1,1.5 - 2.5,SI,525
2026-05-08,PE1,0.0 - 1.0,SI,205
2026-05-08,PEBAB,1.5 - 2.5,si,400
2026-05-08,PE2,1.5 - 2.5,SI,510
2026-05-08,PE1,1.5 - 2.5,SI,581
2026-05-08,PE1,3.0 - 4.0,SI,552
2026-05-08,PE3,1.5 - 2.5,SI,480
2026-05-08,PEGUA,1.5 - 2.5,SI,474
2026-05-08,PE3,3.0 - 4.0,SI,480
2026-05-08,PE2,1.5 - 2.5,SI,507
2026-05-08,PE1,3.0 - 4.0,SI,565
2026-05-08,PE1,1.5 - 2.5,SI,14
2026-05-08,PE2,1.5 - 2.5,SI,10
2026-05-08,PE3,1.5 - 2.5,SI,8
2026-05-08,PE3,1.5 - 2.5,SI,3
2026-05-08,PE2,3.0 - 4.0,SI,509
2026-05-08,PE2,1.5,SI,406
2026-05-08,PE1,1.5 - 2.5,SI,599
2026-05-08,PE1,1.5 - 2.5,SI,20
2026-05-08,PE2,1.5 - 2.5,SI,17
2026-05-08,PE3,1.5 - 2.5,SI,3
2026-05-08,PEGUA,1.5 - 2.5,SI,481
2026-05-08,PIND,1.5 - 2.5,SI,480
2026-05-08,PE1,1.5 - 2.5,SI,22
2026-05-08,PE2,1.5 - 2.5,SI,11
2026-05-08,PE3,1.5 - 2.5,SI,2
2026-05-08,PE3,1.5 - 2.5,SI,3
2026-05-08,PE2,1.5,SI,288
2026-05-08,PE3,1.5 - 2.5,SI,563
2026-05-08,PE1,1.5,SI,245
2026-05-08,PE2,3.0 - 4.0,si,502
2026-05-08,PE1,0.0 - 1.0,SI,521
2026-05-08,PE2,1.5 - 2.5,SI,517
2026-05-08,PE1,1.5 - 2.5,SI,595
2026-05-08,PE1,1.5 - 2.5,SI,550
2026-05-08,PE3,0.0 - 1.0,SI,487
2026-05-08,PE1,1.5 - 2.5,SI,16
2026-05-08,PE2,1.5 - 2.5,SI,8
2026-05-08,PE3,1.5 - 2.5,SI,3
2026-05-08,AD1,0.0 - 1.0,SI,547
2026-05-08,AD2,0.0 - 1.0,SI,535
2026-05-08,AD-PJUG,3.0 - 4.0,SI,524
2026-05-08,PE1,3.0 - 4.0,SI,554
2026-05-08,AD2,0.0 - 1.0,si,504
2026-05-08,PE1,1.5 - 2.5,SI,26
2026-05-08,PE2,1.5 - 2.5,SI,26
2026-05-08,PE3,1.5 - 2.5,SI,4
2026-05-08,PE3,1.5 - 2.5,SI,3
2026-05-08,PEBAB,1.5 - 2.5,SI,381
2026-05-08,AD1,0.0 - 1.0,SI,538
2026-05-08,AD2,0.0 - 1.0,SI,519
2026-05-08,PE1,1.5,SI,410
2026-05-08,PE2,1.5,SI,93
2026-05-08,ADGUA,1.5 - 2.5,SI,520
2026-05-08,AD1,1.5 - 2.5,SI,565
2026-05-08,AD1,1.5 - 2.5,SI,590
2026-05-08,PE3,0.0 - 1.0,SI,127
2026-05-08,AD1,0.0 - 1.0,SI,546
2026-05-08,AD1,3.0 - 4.0,SI,457
2026-05-08,AD1,0.0 - 1.0,SI,522
2026-05-08,AD3,1.5 - 2.5,SI,66
2026-05-08,AD2,0.0 - 1.0,SI,309
2026-05-08,PEBAB,1.5 - 2.5,SI,45
2026-05-08,AD1,1.5 - 2.5,si,106
2026-05-08,AD2,3.0 - 4.0,si,197
2026-05-08,ADGUA,1.5 - 2.5,si,170
2026-05-08,PIND,1.5 - 2.5,SI,127
2026-05-08,AD2,0.0 - 1.0,SI,318
2026-05-08,AD3,0.0 - 1.0,SI,522
2026-05-08,ADBABY,1.5 - 2.5,SI,147
2026-05-08,AD3,1.5 - 2.5,SI,206
2026-05-08,AD2,1.5 - 2.5,SI,611
2026-05-08,AD2,3.0 - 4.0,SI,309
2026-05-08,PE1,1.5 - 2.5,SI,277
2026-05-08,AD3,3.0 - 4.0,SI,213
2026-05-08,PE2,0.0 - 1.0,si,447
2026-05-08,AD2,3.0 - 4.0,si,284
2026-05-08,PE3,3.0 - 4.0,si,426
2026-05-08,AD-PJUG,3.0 - 4.0,SI,371
2026-05-08,AD2,1.5 - 2.5,SI,200
2026-05-08,AD-PJUG,3.0 - 4.0,SI,285
2026-05-08,PEGUA,1.5 - 2.5,si,358
2026-05-08,AD-PJUG,3.0 - 4.0,SI,325
2026-05-09,PC7,1,SI,43
2026-05-09,PE1,1.5 - 2.5,SI,28
2026-05-09,PE2,1.5 - 2.5,SI,18
2026-05-09,PE3,1.5 - 2.5,SI,2
2026-05-09,PE3,1.5 - 2.5,SI,2
2026-05-09,PE1,1.5 - 2.5,SI,36
2026-05-09,PE2,1.5 - 2.5,SI,19
2026-05-09,PE3,1.5 - 2.5,SI,7
2026-05-09,PE3,1.5 - 2.5,SI,6
2026-05-10,AD3,0.0 - 1.0,SI,511
2026-05-10,AD2,0.0 - 1.0,si,513
2026-05-10,AD1,0.0 - 1.0,SI,538
2026-05-10,AD2,0.0 - 1.0,SI,517
2026-05-10,AD3,0.0 - 1.0,SI,562
2026-05-10,AD2,0.0 - 1.0,SI,510
2026-05-10,AD1,0.0 - 1.0,si,539
2026-05-10,AD2,0.0 - 1.0,si,519
2026-05-10,AD3,0.0 - 1.0,SI,509
2026-05-10,ADGUA,1.5 - 2.5,SI,503
2026-05-10,ADGUA,1.5 - 2.5,SI,485
2026-05-10,AD1,0.0 - 1.0,SI,534
2026-05-10,AD2,0.0 - 1.0,SI,514
2026-05-10,AD3,0.0 - 1.0,SI,544
2026-05-10,AD2,0.0 - 1.0,SI,515
2026-05-10,ADGUA,1.5 - 2.5,si,516
2026-05-10,AD1,0.0 - 1.0,SI,534
2026-05-10,AD2,0.0 - 1.0,SI,494
2026-05-10,AD1,3.0 - 4.0,SI,531
2026-05-10,AD2,0.0 - 1.0,si,584
2026-05-10,AD2,3.0 - 4.0,SI,565
2026-05-10,AD3,0.0 - 1.0,si,581
2026-05-10,AD3,3.0 - 4.0,SI,517
2026-05-10,AD1,1.5 - 2.5,si,555
2026-05-10,PE1,3.0 - 4.0,SI,558
2026-05-10,PE2,3.0 - 4.0,SI,504
2026-05-10,PEGUA,1.5 - 2.5,SI,515
2026-05-10,PE1,3.0 - 4.0,SI,555
2026-05-10,PE1,3.0 - 4.0,SI,564
2026-05-10,PE1,1.5 - 2.5,SI,596
2026-05-10,PE2,3.0 - 4.0,SI,509
2026-05-10,PE3,3.0 - 4.0,SI,521
2026-05-10,AD2,1.5 - 2.5,SI,516
2026-05-10,PE1,0.0 - 1.0,SI,532
2026-05-10,AD2,0.0 - 1.0,SI,511
2026-05-10,PEBAB,1.5 - 2.5,SI,444
2026-05-10,AD3,0.0 - 1.0,SI,514
2026-05-10,AD3,0.0 - 1.0,SI,531
2026-05-10,AD2,0.0 - 1.0,SI,505
2026-05-10,AD1,0.0 - 1.0,si,526
2026-05-10,AD-PJUG,3.0 - 4.0,SI,419
2026-05-10,AD3,0.0 - 1.0,si,506
2026-05-10,AD2,0.0 - 1.0,SI,550
2026-05-10,PE1,3.0 - 4.0,SI,571
2026-05-10,AD-PJUG,3.0 - 4.0,SI,581
2026-05-10,ADGUA,1.5 - 2.5,si,514
2026-05-10,PIND,1.5 - 2.5,SI,470
2026-05-10,PE1,1.5 - 2.5,SI,570
2026-05-10,PE2,3.0 - 4.0,si,506
2026-05-10,PE1,3.0 - 4.0,SI,596
2026-05-10,PE3,1.5 - 2.5,SI,503
2026-05-10,PE1,3.0 - 4.0,SI,573
2026-05-10,PE1,1,SI,566
2026-05-10,PE3,3.0 - 4.0,SI,511
2026-05-10,PE2,3.0 - 4.0,SI,515
2026-05-10,PE1,3.0 - 4.0,SI,601
2026-05-10,PEBAB,1.5 - 2.5,SI,435
2026-05-10,PE1,3.0 - 4.0,SI,569
2026-05-10,PEGUA,1.5 - 2.5,si,512
2026-05-10,PE1,1.5 - 2.5,SI,574
2026-05-10,PJUG,3.0 - 4.0,SI,497
2026-05-10,PE2,3.0 - 4.0,si,516
2026-05-10,PE2,1.5,SI,406
2026-05-10,PE1,3.0 - 4.0,SI,566
2026-05-10,PE1,3.0 - 4.0,SI,609
2026-05-10,PEGUA,1.5 - 2.5,SI,517
2026-05-10,PEGUA,1.5 - 2.5,SI,469
2026-05-10,PE1,1.5 - 2.5,SI,580
2026-05-10,PE3,3.0 - 4.0,SI,554
2026-05-10,PE2,3.0 - 4.0,SI,517
2026-05-10,AD3,1.5 - 2.5,SI,317
2026-05-10,PE1,3.0 - 4.0,SI,571
2026-05-10,PIND,1.5 - 2.5,SI,209
2026-05-10,AD1,0.0 - 1.0,SI,158
2026-05-10,PEBAB,1.5 - 2.5,SI,438
2026-05-10,PE1,1,SI,567
2026-05-10,PE1,3.0 - 4.0,SI,557
2026-05-10,PE1,3.0 - 4.0,SI,594
2026-05-10,PEGUA,1.5 - 2.5,SI,520
2026-05-10,PE2,3.0 - 4.0,SI,515
2026-05-10,PE3,3.0 - 4.0,SI,544
2026-05-10,PE1,3.0 - 4.0,SI,597
2026-05-10,PE1,1.5 - 2.5,SI,578
2026-05-10,PE1,3.0 - 4.0,SI,561
2026-05-10,PE2,3.0 - 4.0,SI,519
2026-05-10,PEBAB,1.5 - 2.5,SI,430
2026-05-10,PE2,0.0 - 1.0,SI,408
2026-05-10,PE1,3.0 - 4.0,SI,601
2026-05-10,PE2,1.5,SI,463
2026-05-10,PE1,1,SI,465
2026-05-10,PE1,0,SI,548
2026-05-10,PE3,1.5 - 2.5,si,618
2026-05-10,PE1,0.0 - 1.0,si,470
2026-05-10,PE1,3.0 - 4.0,SI,289
2026-05-10,PE3,3.0 - 4.0,SI,557
2026-05-10,PE1,1.5 - 2.5,si,260
2026-05-10,PE1,3.0 - 4.0,SI,195
2026-05-10,PE2,1.5 - 2.5,SI,505
2026-05-10,PEGUA,1.5 - 2.5,si,366
2026-05-10,PIND,1.5 - 2.5,SI,522
2026-05-10,PE2,1.5,SI,384
2026-05-10,PJUG,3.0 - 4.0,SI,361
2026-05-10,PE2,3.0 - 4.0,si,503
2026-05-10,PEGUA,1.5 - 2.5,si,482
2026-05-10,PE3,0.0 - 1.0,SI,583
2026-05-10,PE2,3.0 - 4.0,SI,136
2026-05-10,ADBABY,1.5 - 2.5,SI,150
2026-05-10,PEBAB,1.5 - 2.5,SI,103
2026-05-10,AD2,0.0 - 1.0,SI,170
2026-05-10,PEGUA,1.5 - 2.5,si,142
2026-05-10,PJUG,3.0 - 4.0,SI,366
2026-05-10,PJUG,3.0 - 4.0,SI,193
2026-05-11,PE1,0.0 - 1.0,SI,23
2026-05-11,PE1,3.0 - 4.0,SI,586
2026-05-11,PE1,1,SI,568
2026-05-11,PE2,0.0 - 1.0,SI,516
2026-05-11,PE2,0.0 - 1.0,SI,510
2026-05-11,PEGUA,1.5 - 2.5,SI,458
2026-05-11,PEBAB,1.5 - 2.5,SI,13
2026-05-11,PE1,0.0 - 1.0,si,568
2026-05-11,PE1,1,SI,551
2026-05-11,PE2,0.0 - 1.0,si,491
2026-05-11,PE1,1,SI,546
2026-05-11,PE3,0.0 - 1.0,SI,491
2026-05-11,PE1,1.5 - 2.5,SI,563
2026-05-11,PE2,0.0 - 1.0,SI,525
2026-05-11,PE1,0.0 - 1.0,si,530
2026-05-11,PE3,0.0 - 1.0,SI,497
2026-05-11,PE1,1,SI,544
2026-05-11,PIND,1.5 - 2.5,SI,14
2026-05-11,PE2,0.0 - 1.0,si,517
2026-05-11,PEGUA,1.5 - 2.5,SI,468
2026-05-11,PE2,1.5,SI,409
2026-05-11,PE1,3.0 - 4.0,si,602
2026-05-11,PE2,3.0 - 4.0,SI,535
2026-05-11,PE3,0.0 - 1.0,SI,490
2026-05-11,PE2,3.0 - 4.0,SI,74
2026-05-11,PJUG,3.0 - 4.0,SI,143
2026-05-11,PE1,0.0 - 1.0,SI,545
2026-05-11,PE3,1.5 - 2.5,si,18
2026-05-11,PE1,3.0 - 4.0,si,154
2026-05-11,PE1,3.0 - 4.0,SI,583
2026-05-11,PEBAB,1.5 - 2.5,SI,423
2026-05-11,PE1,1.5 - 2.5,SI,550
2026-05-11,PE3,3.0 - 4.0,SI,487
2026-05-11,PEGUA,1.5 - 2.5,SI,506
2026-05-11,PIND,1.5 - 2.5,SI,453
2026-05-11,PE2,1.5 - 2.5,SI,13
2026-05-11,PE2,3.0 - 4.0,SI,519
2026-05-11,PEGUA,1.5 - 2.5,SI,459
2026-05-11,PE1,1.5 - 2.5,si,587
2026-05-11,PE1,3.0 - 4.0,si,589
2026-05-11,PE2,0.0 - 1.0,si,47
2026-05-11,PEGUA,1.5 - 2.5,SI,454
2026-05-11,PEBAB,1.5 - 2.5,SI,414
2026-05-11,PIND,1.5 - 2.5,SI,492
2026-05-11,PE3,3.0 - 4.0,SI,491
2026-05-11,PE1,3.0 - 4.0,SI,589
2026-05-11,PEGUA,1.5 - 2.5,SI,452
2026-05-11,PE1,1.5 - 2.5,si,51
2026-05-11,PE2,3.0 - 4.0,SI,529
2026-05-11,PE1,3.0 - 4.0,SI,570
2026-05-11,PE1,1.5 - 2.5,si,569
2026-05-11,PJUG,3.0 - 4.0,SI,496
2026-05-11,PE2,1.5,SI,418
2026-05-11,PEBAB,1.5 - 2.5,SI,401
2026-05-11,PEGUA,1.5 - 2.5,SI,504
2026-05-11,PE3,0.0 - 1.0,SI,497
2026-05-11,PE2,0.0 - 1.0,SI,517
2026-05-11,PEGUA,1.5 - 2.5,SI,452
2026-05-11,PE2,1.5,SI,408
2026-05-11,PE3,0.0 - 1.0,SI,495
2026-05-11,PE2,0.0 - 1.0,SI,514
2026-05-11,PE1,1.5 - 2.5,SI,536
2026-05-11,PE1,3.0 - 4.0,si,590
2026-05-11,PE2,0.0 - 1.0,si,523
2026-05-11,PIND,1.5 - 2.5,SI,470
2026-05-11,PE3,0.0 - 1.0,SI,498
2026-05-11,PE1,0.0 - 1.0,SI,551
2026-05-11,PE2,1.5 - 2.5,SI,503
2026-05-11,PE1,0.0 - 1.0,si,531
2026-05-11,PEBAB,1.5 - 2.5,SI,413
2026-05-11,PE1,1.5 - 2.5,SI,584
2026-05-11,PE2,3.0 - 4.0,SI,521
2026-05-11,PE3,3.0 - 4.0,SI,492
2026-05-11,PE1,0,SI,455
2026-05-11,PE1,3.0 - 4.0,SI,563
2026-05-11,PE1,3.0 - 4.0,SI,540
2026-05-11,PE1,0.0 - 1.0,si,534
2026-05-11,PEGUA,1.5 - 2.5,SI,450
2026-05-11,PE1,1.5 - 2.5,si,549
2026-05-11,PE2,0.0 - 1.0,si,521
2026-05-11,PE3,1.5 - 2.5,SI,496
2026-05-11,PE1,0.0 - 1.0,SI,570
2026-05-11,PE2,0.0 - 1.0,SI,518
2026-05-11,PEGUA,0.0 - 1.0,SI,464
2026-05-11,PE3,0.0 - 1.0,SI,501
2026-05-11,PE2,1.5,SI,413
2026-05-11,PE2,1.5,SI,155
2026-05-11,PE1,0.0 - 1.0,si,580
2026-05-11,PE2,0.0 - 1.0,SI,522
2026-05-11,PEGUA,1.5 - 2.5,SI,504
2026-05-11,PE1,0.0 - 1.0,si,536
2026-05-11,PIND,1.5 - 2.5,SI,482
2026-05-11,PEGUA,1.5 - 2.5,SI,459
2026-05-11,PE1,0.0 - 1.0,si,565
2026-05-11,PE2,0.0 - 1.0,SI,526
2026-05-11,PE3,0.0 - 1.0,SI,486
2026-05-11,PE2,0.0 - 1.0,SI,520
2026-05-11,PE1,0.0 - 1.0,si,541
2026-05-11,PE1,1.5 - 2.5,si,611
2026-05-11,PE1,0.0 - 1.0,SI,573
2026-05-11,PE2,2,si,221
2026-05-11,PE3,0.0 - 1.0,SI,504
2026-05-11,PE1,3.0 - 4.0,SI,536
2026-05-11,PEGUA,1.5 - 2.5,SI,511
2026-05-11,PJUG,3.0 - 4.0,SI,522
2026-05-11,PE3,0.0 - 1.0,SI,486
2026-05-11,PE1,3.0 - 4.0,SI,572
2026-05-11,PE2,0.0 - 1.0,SI,602
2026-05-11,PE3,0.0 - 1.0,SI,485
2026-05-11,PE2,1.5 - 2.5,SI,306
2026-05-11,PE3,3.0 - 4.0,SI,456
2026-05-11,PE3,1.5 - 2.5,SI,377
2026-05-11,PEBAB,1.5 - 2.5,SI,427
2026-05-11,AD1,1.5 - 2.5,si,517
2026-05-11,ADGUA,1.5 - 2.5,SI,300
2026-05-11,PEBAB,1.5 - 2.5,SI,59
2026-05-11,PEGUA,1.5 - 2.5,SI,96
2026-05-11,AD1,0.0 - 1.0,si,504
2026-05-11,AD-PJUG,3.0 - 4.0,SI,510
2026-05-11,AD1,3.0 - 4.0,SI,359
2026-05-11,AD-PJUG,3.0 - 4.0,SI,202
2026-05-11,AD-PJUG,3.0 - 4.0,si,213
2026-05-11,AD2,3.0 - 4.0,SI,511
2026-05-11,PIND,1.5 - 2.5,SI,329
2026-05-11,AD3,0.0 - 1.0,SI,363
2026-05-11,PEGUA,1.5 - 2.5,si,508
2026-05-11,PE2,1.5 - 2.5,SI,254
2026-05-11,AD3,3.0 - 4.0,SI,311
2026-05-11,PE2,3.0 - 4.0,SI,237
2026-05-11,PE2,2,si,383
2026-05-11,AD2,0.0 - 1.0,si,609
2026-05-11,PJUG,3.0 - 4.0,si,525
2026-05-11,AD2,1.5 - 2.5,SI,159
2026-05-11,AD3,1.5 - 2.5,SI,249
2026-05-12,PEBAB,1.5 - 2.5,SI,34
2026-05-12,PE1,3.0 - 4.0,SI,568
2026-05-12,PEGUA,1.5 - 2.5,SI,478
2026-05-12,PE1,3.0 - 4.0,si,539
2026-05-12,PE1,3.0 - 4.0,SI,582
2026-05-12,PE1,1.5 - 2.5,SI,587
2026-05-12,PEBAB,1.5 - 2.5,SI,427
2026-05-12,PE3,1.5 - 2.5,SI,19
2026-05-12,PEGUA,1.5 - 2.5,SI,125
2026-05-12,PE3,3.0 - 4.0,SI,16
2026-05-12,PEGUA,1.5 - 2.5,si,476
2026-05-12,PE2,3.0 - 4.0,SI,510
2026-05-12,PE2,0.0 - 1.0,SI,505
2026-05-12,PE2,3.0 - 4.0,si,508
2026-05-12,PE1,1,si,577
2026-05-12,PE1,3.0 - 4.0,SI,513
2026-05-12,PE1,0.0 - 1.0,SI,556
2026-05-12,PIND,1.5 - 2.5,SI,23
2026-05-12,PE2,0.0 - 1.0,SI,517
2026-05-12,PIND,1.5 - 2.5,SI,500
2026-05-12,PEBAB,1.5 - 2.5,SI,409
2026-05-12,PEGUA,1.5 - 2.5,SI,499
2026-05-12,PE1,1,SI,569
2026-05-12,PE3,0.0 - 1.0,SI,119
2026-05-12,PE2,3.0 - 4.0,SI,28
2026-05-12,PE1,3.0 - 4.0,SI,59
2026-05-12,AD1,0.0 - 1.0,si,557
2026-05-12,AD2,0.0 - 1.0,si,518
2026-05-12,AD1,0.0 - 1.0,SI,561
2026-05-12,PE1,0.0 - 1.0,SI,554
2026-05-12,PE1,1.5 - 2.5,SI,566
2026-05-12,PE2,0.0 - 1.0,si,514
2026-05-12,PE3,0.0 - 1.0,SI,491
2026-05-12,PEGUA,1.5 - 2.5,SI,440
2026-05-12,PEGUA,1.5 - 2.5,SI,496
2026-05-12,PE2,0.0 - 1.0,SI,509
2026-05-12,PE1,3.0 - 4.0,SI,539
2026-05-12,PE1,0.0 - 1.0,si,561
2026-05-12,PEBAB,1.5 - 2.5,SI,419
2026-05-12,PEGUA,1.5 - 2.5,SI,473
2026-05-12,PE1,1,SI,551
2026-05-12,PE2,0.0 - 1.0,si,503
2026-05-12,PE2,2,si,390
2026-05-12,PE2,0.0 - 1.0,si,520
2026-05-12,PE1,1,si,548
2026-05-12,PE3,1.5 - 2.5,SI,510
2026-05-12,PE3,0.0 - 1.0,SI,491
2026-05-12,PEGUA,1.5 - 2.5,SI,506
2026-05-12,PEBAB,1.5 - 2.5,si,412
2026-05-12,PE1,0.0 - 1.0,SI,541
2026-05-12,PE2,0.0 - 1.0,si,518
2026-05-12,PE1,3.0 - 4.0,SI,546
2026-05-12,PEGUA,1.5 - 2.5,SI,480
2026-05-12,PE1,1.5 - 2.5,SI,562
2026-05-12,PE3,0.0 - 1.0,SI,490
2026-05-12,PE1,3.0 - 4.0,SI,570
2026-05-12,PE3,0.0 - 1.0,SI,489
2026-05-12,PE2,0.0 - 1.0,si,513
2026-05-12,PE1,1,SI,559
2026-05-12,PEGUA,1.5 - 2.5,SI,523
2026-05-12,PE3,0.0 - 1.0,SI,495
2026-05-12,PE2,0.0 - 1.0,SI,516
2026-05-12,PEBAB,1.5 - 2.5,si,422
2026-05-12,PE1,0.0 - 1.0,SI,552
2026-05-12,PE1,0.0 - 1.0,SI,545
2026-05-12,PEGUA,1.5 - 2.5,SI,488
2026-05-12,PE2,2,si,396
2026-05-12,PIND,1.5 - 2.5,SI,478
2026-05-12,AD3,0.0 - 1.0,SI,487
2026-05-12,AD1,3.0 - 4.0,SI,543
2026-05-12,AD2,0.0 - 1.0,si,515
2026-05-12,PE1,1,SI,541
2026-05-12,AD1,0.0 - 1.0,si,545
2026-05-12,AD2,0.0 - 1.0,SI,517
2026-05-12,AD2,0.0 - 1.0,SI,506
2026-05-12,AD1,0.0 - 1.0,SI,542
2026-05-12,PEGUA,1.5 - 2.5,SI,497
2026-05-12,PEGUA,1.5 - 2.5,SI,506
2026-05-12,PE2,0.0 - 1.0,SI,522
2026-05-12,PE1,0.0 - 1.0,SI,528
2026-05-12,PE3,0.0 - 1.0,SI,479
2026-05-12,PEBAB,1.5 - 2.5,SI,430
2026-05-12,PE2,1.5 - 2.5,si,507
2026-05-12,PE2,2,si,197
2026-05-12,PE2,0.0 - 1.0,si,514
2026-05-12,PE3,0.0 - 1.0,SI,482
2026-05-12,PEGUA,1.5 - 2.5,SI,482
2026-05-12,PE2,3.0 - 4.0,si,509
2026-05-12,PE2,2,si,377
2026-05-12,PE1,0.0 - 1.0,SI,519
2026-05-12,PE2,0.0 - 1.0,si,509
2026-05-12,PE1,0,si,511
2026-05-12,PE3,0.0 - 1.0,si,485
2026-05-12,PEBAB,1.5 - 2.5,SI,428
2026-05-12,PEGUA,1.5 - 2.5,SI,484
2026-05-12,PE2,0.0 - 1.0,si,503
2026-05-12,PE1,0.0 - 1.0,SI,521
2026-05-12,PE2,1.5,SI,310
2026-05-12,PE1,0,SI,448
2026-05-12,PE2,1.5,SI,206
2026-05-12,PE1,3.0 - 4.0,SI,561
2026-05-12,AD2,0.0 - 1.0,si,198
2026-05-12,PE1,3.0 - 4.0,SI,373
2026-05-12,PE3,0.0 - 1.0,si,564
2026-05-12,AD1,0.0 - 1.0,SI,383
2026-05-12,AD3,3.0 - 4.0,SI,282
2026-05-12,AD1,0.0 - 1.0,si,326
2026-05-12,PEBAB,1.5 - 2.5,SI,195
2026-05-12,PEBAB,1.5 - 2.5,SI,439
2026-05-12,AD1,1.5 - 2.5,SI,516
2026-05-12,PE2,1.5 - 2.5,si,322
2026-05-12,AD1,1.5 - 2.5,si,223
2026-05-12,PJUG,3.0 - 4.0,SI,77
2026-05-12,PE2,0.0 - 1.0,si,390
2026-05-12,PIND,1.5 - 2.5,SI,176
2026-05-12,PE2,3.0 - 4.0,SI,178
2026-05-12,ADGUA,1.5 - 2.5,SI,116
2026-05-12,PJUG,3.0 - 4.0,SI,498
2026-05-12,AD2,1.5 - 2.5,SI,266
2026-05-12,PE1,3.0 - 4.0,SI,200
2026-05-12,PE3,1.5 - 2.5,SI,324
2026-05-12,PE2,3.0 - 4.0,SI,441
2026-05-12,PJUG,3.0 - 4.0,SI,473
2026-05-13,PE2,1.5,SI,408
2026-05-13,PE2,1.5,SI,398
2026-05-13,PE2,1.5,SI,372
2026-05-13,PE2,1.5,SI,408
2026-05-13,PE3,0.0 - 1.0,SI,413
2026-05-13,PE2,0.0 - 1.0,SI,508
2026-05-13,PE2,1.5,SI,408
2026-05-13,PE2,0.0 - 1.0,SI,291
2026-05-13,PE2,1.5 - 2.5,si,79
2026-05-13,PE2,0.0 - 1.0,si,24
2026-05-13,PE3,0.0 - 1.0,si,221
2026-05-13,PE2,1.5,si,385
2026-05-13,PE2,1.5,SI,48
2026-05-13,PE1,0.0 - 1.0,si,144
2026-05-13,PE3,1.5 - 2.5,si,66
2026-05-13,PE1,1.5 - 2.5,si,18
2026-05-13,PE2,1.5 - 2.5,si,10
2026-05-13,PE3,1.5 - 2.5,si,1
2026-05-13,PE3,1.5 - 2.5,si,2
2026-05-13,PE1,1.5 - 2.5,si,30
2026-05-13,PE2,1.5 - 2.5,si,19
2026-05-13,PE3,1.5 - 2.5,si,5
2026-05-13,PE3,1.5 - 2.5,si,2
2026-05-13,PE1,1.5 - 2.5,si,42
2026-05-13,PE2,1.5 - 2.5,si,24
2026-05-13,PE3,1.5 - 2.5,si,3
2026-05-13,PE3,1.5 - 2.5,si,2
2026-05-14,AL-PE1,1.5 - 2.5,SI,485
2026-05-14,PE2,0.0 - 1.0,si,516
2026-05-14,PE1,2,SI,541
2026-05-14,PE3,0.0 - 1.0,SI,507
2026-05-14,PEBAB,1.5 - 2.5,SI,423
2026-05-14,PEGUA,1.5 - 2.5,SI,468
2026-05-14,PE2,0.0 - 1.0,si,509
2026-05-14,PE1,0.0 - 1.0,SI,537
2026-05-14,PE1,2,SI,541
2026-05-14,PE3,0.0 - 1.0,SI,506
2026-05-14,PEGUA,1.5 - 2.5,SI,469
2026-05-14,PE2,0.0 - 1.0,si,514
2026-05-14,PEBAB,1.5 - 2.5,SI,417
2026-05-14,PE3,0.0 - 1.0,si,520
2026-05-14,PEGUA,1.5 - 2.5,si,483
2026-05-14,PE1,2,SI,536
2026-05-14,PE2,0.0 - 1.0,SI,486
2026-05-14,PE2,2,SI,395
2026-05-14,PEGUA,1.5 - 2.5,SI,477
2026-05-14,PE1,0.0 - 1.0,SI,541
2026-05-14,PE3,0.0 - 1.0,SI,518
2026-05-14,PIND,1.5 - 2.5,SI,491
2026-05-14,PE1,3.0 - 4.0,SI,569
2026-05-14,PEGUA,1.5 - 2.5,SI,448
2026-05-14,PE1,2,SI,530
2026-05-14,PE1,0.0 - 1.0,SI,510
2026-05-14,PE3,0.0 - 1.0,SI,517
2026-05-14,PE3,1.5 - 2.5,SI,504
2026-05-14,PEBAB,1.5 - 2.5,SI,399
2026-05-14,PEGUA,1.5 - 2.5,SI,482
2026-05-14,PE1,0.0 - 1.0,si,530
2026-05-14,PEGUA,1.5 - 2.5,SI,430
2026-05-14,PE1,0,si,514
2026-05-14,PEBAB,1.5 - 2.5,SI,428
2026-05-14,PE1,2,SI,531
2026-05-14,PEBAB,1.5 - 2.5,SI,403
2026-05-14,PE3,0.0 - 1.0,si,523
2026-05-14,PE2,0.0 - 1.0,si,126
2026-05-14,PE2,0.0 - 1.0,si,514
2026-05-14,PE1,0.0 - 1.0,SI,541
2026-05-14,PE1,0.0 - 1.0,si,5
2026-05-14,PE1,1.5 - 2.5,si,7
2026-05-14,PE2,0.0 - 1.0,si,515
2026-05-14,PE1,1.5 - 2.5,SI,563
2026-05-14,PE2,2,SI,417
2026-05-14,PE3,0.0 - 1.0,si,528
2026-05-14,PEGUA,1.5 - 2.5,SI,448
2026-05-14,PE2,0.0 - 1.0,si,485
2026-05-14,PE1,2,SI,531
2026-05-14,PEGUA,1.5 - 2.5,SI,442
2026-05-14,PE2,0.0 - 1.0,si,526
2026-05-14,PE1,0.0 - 1.0,si,138
2026-05-14,PIND,1.5 - 2.5,SI,496
2026-05-14,PE1,3.0 - 4.0,SI,576
2026-05-14,PE2,1.5 - 2.5,si,16
2026-05-14,PE3,0.0 - 1.0,SI,535
2026-05-14,PEBAB,1.5 - 2.5,SI,392
2026-05-14,PE2,1.5 - 2.5,si,20
2026-05-14,PEGUA,1.5 - 2.5,SI,495
2026-05-14,PE1,0.0 - 1.0,SI,567
2026-05-14,PE2,1.5 - 2.5,SI,498
2026-05-14,PE1,1,si,539
2026-05-14,PE1,0.0 - 1.0,SI,525
2026-05-14,PE2,0.0 - 1.0,si,523
2026-05-14,PE1,3.0 - 4.0,SI,582
2026-05-14,PE3,0.0 - 1.0,si,16
2026-05-14,PEGUA,1.5 - 2.5,SI,463
2026-05-14,PE1,0,SI,523
2026-05-14,PE1,1.5 - 2.5,SI,570
2026-05-14,PE3,0.0 - 1.0,SI,528
2026-05-14,PE1,1,SI,535
2026-05-14,PE2,0.0 - 1.0,SI,529
2026-05-14,PE1,0.0 - 1.0,SI,563
2026-05-14,PE2,2,SI,398
2026-05-14,PE3,0.0 - 1.0,SI,521
2026-05-14,PIND,1.5 - 2.5,SI,522
2026-05-14,PEGUA,1.5 - 2.5,SI,474
2026-05-14,PEBAB,1.5 - 2.5,SI,414
2026-05-14,PE2,0.0 - 1.0,SI,512
2026-05-14,PE2,0.0 - 1.0,SI,530
2026-05-14,PE1,1,si,531
2026-05-14,PE3,0.0 - 1.0,SI,502
2026-05-14,PE1,0.0 - 1.0,SI,547
2026-05-14,PE1,0.0 - 1.0,SI,540
2026-05-14,PE2,0.0 - 1.0,SI,503
2026-05-14,PE2,0.0 - 1.0,si,504
2026-05-14,PE3,0.0 - 1.0,SI,491
2026-05-14,PE1,0,si,420
2026-05-14,PE1,0.0 - 1.0,SI,553
2026-05-14,PE1,0.0 - 1.0,SI,540
2026-05-14,PE1,3.0 - 4.0,SI,583
2026-05-14,PE2,0.0 - 1.0,si,530
2026-05-14,PE2,2,SI,409
2026-05-14,PE1,1.5 - 2.5,SI,568
2026-05-14,PEGUA,1.5 - 2.5,SI,469
2026-05-14,PE1,1,si,583
2026-05-14,PE1,1.5 - 2.5,si,30
2026-05-14,PE3,1.5 - 2.5,SI,476
2026-05-14,PE1,3.0 - 4.0,SI,524
2026-05-14,PE2,2,SI,391
2026-05-14,PEGUA,1.5 - 2.5,si,493
2026-05-14,PE1,1,si,579
2026-05-14,PE1,0.0 - 1.0,SI,561
2026-05-14,PE1,2,SI,73
2026-05-14,PE2,1.5,si,407
2026-05-14,PE3,0.0 - 1.0,SI,510
2026-05-14,PEGUA,1.5 - 2.5,SI,472
2026-05-14,PE1,2,SI,50
2026-05-14,PEBAB,1.5 - 2.5,SI,417
2026-05-14,PE3,1.5 - 2.5,SI,464
2026-05-14,PE2,1.5,si,128
2026-05-14,PIND,1.5 - 2.5,SI,502
2026-05-14,PE1,1.5 - 2.5,SI,564
2026-05-14,PE1,1,si,577
2026-05-14,PE1,3.0 - 4.0,SI,536
2026-05-14,PE2,1.5,si,404
2026-05-14,PE2,1.5,si,493
2026-05-14,AD1,0.0 - 1.0,si,568
2026-05-14,PE2,1.5,si,165
2026-05-14,PEGUA,1.5 - 2.5,SI,570
2026-05-14,PEBAB,1.5 - 2.5,SI,379
2026-05-14,PE2,0.0 - 1.0,si,494
2026-05-14,PE2,0.0 - 1.0,si,538
2026-05-14,AD3,0.0 - 1.0,SI,504
2026-05-14,AD1,0.0 - 1.0,SI,557
2026-05-14,PE3,1.5 - 2.5,SI,501
2026-05-14,PE2,0.0 - 1.0,SI,303
2026-05-14,PE2,1.5 - 2.5,SI,382
2026-05-14,PE2,3.0 - 4.0,SI,462
2026-05-14,PE3,3.0 - 4.0,SI,538
2026-05-14,PE2,0.0 - 1.0,si,531
2026-05-14,AD1,3.0 - 4.0,SI,542
2026-05-14,PE2,1.5 - 2.5,SI,230
2026-05-14,AD1,0.0 - 1.0,si,548
2026-05-14,AD1,1.5 - 2.5,SI,490
2026-05-14,ADGUA,1.5 - 2.5,si,128
2026-05-14,AD2,3.0 - 4.0,SI,509
2026-05-14,AD3,3.0 - 4.0,SI,77
2026-05-14,AD2,0.0 - 1.0,si,262
2026-05-14,AD1,0.0 - 1.0,SI,580
2026-05-14,ADBABY,1.5 - 2.5,SI,146
2026-05-14,AD2,3.0 - 4.0,SI,104
2026-05-14,AD2,1.5 - 2.5,SI,458
2026-05-14,ADGUA,1.5 - 2.5,SI,412
2026-05-14,AD3,0.0 - 1.0,SI,485
2026-05-14,AD3,1.5 - 2.5,SI,308
2026-05-14,AD-PJUG,3.0 - 4.0,si,442
2026-05-14,ADGUA,1.5 - 2.5,SI,350
2026-05-14,AD1,1.5 - 2.5,SI,260
2026-05-14,AD3,0.0 - 1.0,SI,222
2026-05-14,AD2,0.0 - 1.0,si,224
2026-05-14,PIND,1.5 - 2.5,SI,158
2026-05-14,PE2,3.0 - 4.0,SI,307
2026-05-14,AD1,3.0 - 4.0,SI,523
2026-05-14,PJUG,3.0 - 4.0,SI,473
2026-05-14,AD-PJUG,3.0 - 4.0,SI,209
2026-05-15,PE1,0.0 - 1.0,SI,534
2026-05-15,PEGUA,1.5 - 2.5,si,423
2026-05-15,PEBAB,1.5 - 2.5,SI,409
2026-05-15,PE2,0.0 - 1.0,SI,512
2026-05-15,PE1,1,SI,555
2026-05-15,PE3,0.0 - 1.0,SI,478
2026-05-15,PEGUA,1.5 - 2.5,SI,424
2026-05-15,PE1,0.0 - 1.0,si,534
2026-05-15,PEBAB,1.5 - 2.5,si,400
2026-05-15,PE2,0.0 - 1.0,si,526
2026-05-15,PEGUA,1.5 - 2.5,si,495
2026-05-15,PIND,1.5 - 2.5,si,443
2026-05-15,PE1,1,SI,538
2026-05-15,PE2,1.5 - 2.5,SI,84
2026-05-15,PEGUA,1.5 - 2.5,SI,424
2026-05-15,PE2,0.0 - 1.0,si,512
2026-05-15,PE3,0.0 - 1.0,si,482
2026-05-15,PE3,0.0 - 1.0,SI,485
2026-05-15,PE1,3.0 - 4.0,SI,30
2026-05-15,PE1,3.0 - 4.0,SI,93
2026-05-15,PE2,1.5,si,406
2026-05-15,PEBAB,1.5 - 2.5,SI,408
2026-05-15,PE1,1.5 - 2.5,SI,57
2026-05-15,PEBAB,1.5 - 2.5,SI,411
2026-05-15,PE2,3.0 - 4.0,SI,213
2026-05-15,PEGUA,1.5 - 2.5,SI,489
2026-05-15,PE3,1.5 - 2.5,si,484
2026-05-15,PEGUA,1.5 - 2.5,si,431
2026-05-15,PE1,1,SI,546
2026-05-15,PEGUA,1.5 - 2.5,si,416
2026-05-15,PEGUA,1.5 - 2.5,SI,119
2026-05-15,PE2,0.0 - 1.0,SI,517
2026-05-15,PEGUA,1.5 - 2.5,si,499
2026-05-15,PIND,1.5 - 2.5,SI,432
2026-05-15,PE1,0.0 - 1.0,SI,533
2026-05-15,PE3,0.0 - 1.0,SI,482
2026-05-15,PEBAB,1.5 - 2.5,SI,407
2026-05-15,PEGUA,1.5 - 2.5,SI,436
2026-05-15,PEGUA,1.5 - 2.5,SI,418
2026-05-15,PEBAB,1.5 - 2.5,SI,418
2026-05-15,PEBAB,1.5 - 2.5,SI,2
2026-05-15,PE3,0.0 - 1.0,SI,9
2026-05-15,PEBAB,1.5 - 2.5,SI,400
2026-05-15,PEGUA,1.5 - 2.5,SI,490
2026-05-15,PE2,0.0 - 1.0,si,515
2026-05-15,PE2,1.5 - 2.5,SI,525
2026-05-15,PEBAB,1.5 - 2.5,SI,435
2026-05-15,PE1,1,SI,545
2026-05-15,PE1,1.5 - 2.5,si,556
2026-05-15,PE2,1.5,si,318
2026-05-15,PE3,0.0 - 1.0,SI,478
2026-05-15,PE3,0.0 - 1.0,si,481
2026-05-15,PE2,1.5 - 2.5,SI,508
2026-05-15,PEGUA,1.5 - 2.5,SI,483
2026-05-15,PEGUA,1.5 - 2.5,SI,499
2026-05-15,PIND,1.5 - 2.5,si,432
2026-05-15,PE3,1.5 - 2.5,si,483
2026-05-15,PE2,1.5,si,413
2026-05-15,ADGUA,1.5 - 2.5,SI,126
2026-05-15,PE2,0.0 - 1.0,si,502
2026-05-15,PEBAB,1.5 - 2.5,SI,405
2026-05-15,PE1,1,SI,541
2026-05-15,PE1,1.5 - 2.5,SI,536
2026-05-15,PEBAB,1.5 - 2.5,si,409
2026-05-15,PE1,3.0 - 4.0,si,577
2026-05-15,PE3,1.5 - 2.5,SI,204
2026-05-15,PE1,1.5 - 2.5,SI,553
2026-05-15,PEGUA,1.5 - 2.5,SI,437
2026-05-15,PEGUA,1.5 - 2.5,si,493
2026-05-15,PE2,0.0 - 1.0,si,505
2026-05-15,PE1,1,si,548
2026-05-15,AD2,3.0 - 4.0,si,189
2026-05-15,PE2,1.5,si,405
2026-05-15,PE3,0.0 - 1.0,SI,485
2026-05-15,PE1,0,SI,530
2026-05-15,PIND,1.5 - 2.5,si,428
2026-05-15,PE2,0.0 - 1.0,si,499
2026-05-15,PEBAB,1.5 - 2.5,si,400
2026-05-15,PE1,1,SI,539
2026-05-15,PEGUA,1.5 - 2.5,SI,425
2026-05-15,PE2,0.0 - 1.0,SI,523
2026-05-15,PEGUA,1.5 - 2.5,SI,439
2026-05-15,PE1,1.5 - 2.5,SI,545
2026-05-15,PE1,1,SI,548
2026-05-15,PE3,0.0 - 1.0,SI,484
2026-05-15,PE1,1.5,SI,407
2026-05-15,PEGUA,1.5 - 2.5,SI,498
2026-05-15,PE2,1.5 - 2.5,SI,504
2026-05-15,PE3,0.0 - 1.0,SI,490
2026-05-15,PE1,0.0 - 1.0,SI,362
2026-05-15,PE2,0.0 - 1.0,si,512
2026-05-15,PEGUA,1.5 - 2.5,SI,431
2026-05-15,PE1,1,SI,546
2026-05-15,PEBAB,1.5 - 2.5,si,402
2026-05-15,PEBAB,1.5 - 2.5,SI,398
2026-05-15,PIND,1.5 - 2.5,SI,431
2026-05-15,PE1,3.0 - 4.0,si,537
2026-05-15,PE3,1.5 - 2.5,si,479
2026-05-15,PEBAB,1.5 - 2.5,SI,411
2026-05-15,PE3,0.0 - 1.0,SI,484
2026-05-15,PEBAB,1.5 - 2.5,SI,383
2026-05-15,PEGUA,1.5 - 2.5,si,421
2026-05-15,PEGUA,1.5 - 2.5,SI,492
2026-05-15,PE1,1,si,545
2026-05-15,PE1,1.5,SI,397
2026-05-15,PE2,1.5 - 2.5,SI,504
2026-05-15,PE2,0.0 - 1.0,si,505
2026-05-15,PEGUA,1.5 - 2.5,si,436
2026-05-15,PEBAB,1.5 - 2.5,si,401
2026-05-15,PE1,1,SI,527
2026-05-15,PE3,0.0 - 1.0,SI,484
2026-05-15,PE1,1.5,SI,371
2026-05-15,AD1,0.0 - 1.0,SI,611
2026-05-15,PE1,1.5 - 2.5,si,626
2026-05-15,PE3,3.0 - 4.0,si,454
2026-05-15,PE1,3.0 - 4.0,si,524
2026-05-15,PJUG,3.0 - 4.0,SI,591
2026-05-15,PE3,1.5 - 2.5,SI,477
2026-05-15,PE1,1.5,SI,511
2026-05-15,PIND,1.5 - 2.5,si,430
2026-05-15,AD1,0.0 - 1.0,SI,546
2026-05-15,PE2,1.5 - 2.5,si,206
2026-05-15,AD2,0.0 - 1.0,si,520
2026-05-15,PEBAB,1.5 - 2.5,SI,480
2026-05-15,AD1,3.0 - 4.0,si,555
2026-05-15,PEGUA,1.5 - 2.5,SI,460
2026-05-15,AD1,0.0 - 1.0,si,562
2026-05-15,PE2,3.0 - 4.0,si,302
2026-05-15,AD2,0.0 - 1.0,SI,526
2026-05-15,PE3,0.0 - 1.0,SI,450
2026-05-15,PE1,1,SI,534
2026-05-15,AD2,0.0 - 1.0,SI,531
2026-05-15,AD2,1.5 - 2.5,si,67
2026-05-15,AD1,1.5 - 2.5,si,651
2026-05-15,AD3,1.5 - 2.5,si,18
2026-05-15,AD3,3.0 - 4.0,si,16
2026-05-15,AD-PJUG,3.0 - 4.0,SI,180
2026-05-15,ADBABY,1.5 - 2.5,SI,31
2026-05-15,PE1,0.0 - 1.0,si,573
2026-05-15,AD3,0.0 - 1.0,SI,325
2026-05-15,PE1,1.5 - 2.5,SI,405
2026-05-15,AD2,1.5 - 2.5,SI,212
2026-05-15,AD1,3.0 - 4.0,si,416
2026-05-15,PE2,0.0 - 1.0,SI,215
2026-05-15,ADGUA,1.5 - 2.5,SI,532
2026-05-15,AD-PJUG,3.0 - 4.0,SI,349
2026-05-15,PIND,1.5 - 2.5,si,110
2026-05-15,PJUG,3.0 - 4.0,si,249
2026-05-15,PE1,0.0 - 1.0,SI,517
2026-05-15,AD1,0.0 - 1.0,si,661
2026-05-15,PE1,1,SI,536
2026-05-15,PEGUA,1.5 - 2.5,SI,429
2026-05-16,PE1,1.5,SI,407
2026-05-16,PE1,1.5,SI,400
2026-05-16,AD1,0.0 - 1.0,SI,553
2026-05-16,AD2,0.0 - 1.0,SI,520
2026-05-16,AD3,0.0 - 1.0,SI,526
2026-05-16,AD1,0.0 - 1.0,SI,561
2026-05-16,AD1,1.5 - 2.5,si,572
2026-05-16,AD2,0.0 - 1.0,SI,611
2026-05-16,AD1,0.0 - 1.0,SI,561
2026-05-16,AD2,0.0 - 1.0,si,525
2026-05-16,AD1,1.5 - 2.5,SI,563
2026-05-16,AD1,0.0 - 1.0,SI,584
2026-05-16,AD1,0.0 - 1.0,SI,572
2026-05-16,AD2,3.0 - 4.0,si,519
2026-05-16,AD2,0.0 - 1.0,SI,513
2026-05-16,AD1,3.0 - 4.0,SI,597
2026-05-16,AD1,0.0 - 1.0,SI,583
2026-05-16,AD1,3.0 - 4.0,SI,585
2026-05-16,AD1,0.0 - 1.0,SI,583
2026-05-16,AD1,0.0 - 1.0,SI,536
2026-05-16,AD2,0.0 - 1.0,SI,525
2026-05-16,AD1,1.5 - 2.5,SI,593
2026-05-16,AD1,0.0 - 1.0,SI,593
2026-05-16,AD1,0.0 - 1.0,SI,597
2026-05-16,AD3,0.0 - 1.0,SI,521
2026-05-16,AD2,0.0 - 1.0,SI,520
2026-05-16,AD1,0.0 - 1.0,SI,581
2026-05-16,AD1,3.0 - 4.0,SI,594
2026-05-16,AD1,0.0 - 1.0,SI,532
2026-05-16,AD1,1.5 - 2.5,SI,599
2026-05-16,AD3,1.5 - 2.5,SI,510
2026-05-16,AD2,0.0 - 1.0,SI,513
2026-05-16,AD1,0.0 - 1.0,SI,575
2026-05-16,AD1,0.0 - 1.0,SI,586
2026-05-16,AD3,0.0 - 1.0,SI,484
2026-05-16,AD1,3.0 - 4.0,SI,594
2026-05-16,AD1,1.5 - 2.5,SI,605
2026-05-16,AD1,0.0 - 1.0,SI,582
2026-05-16,PIND,1.5 - 2.5,SI,440
2026-05-16,AD1,3.0 - 4.0,SI,577
2026-05-16,AD1,3.0 - 4.0,SI,594
2026-05-16,AD2,0.0 - 1.0,SI,513
2026-05-16,AD2,1.5 - 2.5,SI,527
2026-05-16,ADGUA,0.0 - 1.0,SI,493
2026-05-16,AD2,0.0 - 1.0,SI,523
2026-05-16,AD1,0.0 - 1.0,SI,567
2026-05-16,AD3,0.0 - 1.0,SI,523
2026-05-16,AD2,0.0 - 1.0,SI,508
2026-05-16,AD1,0.0 - 1.0,SI,532
2026-05-16,AD1,0.0 - 1.0,SI,598
2026-05-16,AD2,0.0 - 1.0,SI,521
2026-05-16,AD1,1.5 - 2.5,SI,590
2026-05-16,AD1,0.0 - 1.0,SI,590
2026-05-16,AD1,0.0 - 1.0,si,541
2026-05-16,AD2,0.0 - 1.0,SI,580
2026-05-16,AD2,3.0 - 4.0,SI,513
2026-05-16,AD3,0.0 - 1.0,SI,502
2026-05-16,ADGUA,1.5 - 2.5,SI,209
2026-05-16,AD1,3.0 - 4.0,si,597
2026-05-16,AD2,1.5 - 2.5,SI,348
2026-05-16,AD1,1.5 - 2.5,SI,605
2026-05-16,AD1,0.0 - 1.0,SI,312
2026-05-16,AD3,3.0 - 4.0,SI,306
2026-05-16,AD1,3.0 - 4.0,SI,593
2026-05-16,AD2,0.0 - 1.0,SI,321
2026-05-16,PE1,2,SI,524
2026-05-16,PE1,2,SI,520
2026-05-16,PEBAB,1.5 - 2.5,SI,137
2026-05-16,AD2,3.0 - 4.0,SI,246
2026-05-16,PE1,2,SI,542
2026-05-16,PE2,0.0 - 1.0,SI,492
2026-05-16,PE1,1.5 - 2.5,SI,34
2026-05-16,PE2,1.5 - 2.5,SI,6
2026-05-16,PE3,1.5 - 2.5,SI,1
2026-05-16,PE3,1.5 - 2.5,SI,2
2026-05-16,PE1,1.5 - 2.5,SI,12
2026-05-16,PE2,1.5 - 2.5,SI,25
2026-05-16,PE3,1.5 - 2.5,SI,5
2026-05-16,PE3,1.5 - 2.5,SI,2
2026-05-16,PE2,1.5 - 2.5,SI,32
2026-05-16,PE1,0,SI,550
2026-05-16,PE2,0.0 - 1.0,si,233
2026-05-16,PE1,2,SI,518
2026-05-16,PE3,1.5 - 2.5,SI,150
2026-05-16,AD1,3.0 - 4.0,SI,190
2026-05-16,PE2,0.0 - 1.0,SI,25
2026-05-16,PE2,1.5 - 2.5,si,43
2026-05-16,ADGUA,1.5 - 2.5,SI,525
2026-05-16,PE1,0.0 - 1.0,si,300
2026-05-16,PE1,0.0 - 1.0,SI,182
2026-05-16,PIND,1.5 - 2.5,SI,109
2026-05-16,PJUG,3.0 - 4.0,SI,261
2026-05-16,PJUG,3.0 - 4.0,SI,185
2026-05-16,AD-PJUG,3.0 - 4.0,SI,396
2026-05-16,AD-PJUG,3.0 - 4.0,SI,255
2026-05-18,PEGUA,1.5 - 2.5,SI,482
2026-05-18,PE1,3.0 - 4.0,SI,556
2026-05-18,PE1,1.5 - 2.5,SI,535
2026-05-18,PEBAB,1.5 - 2.5,SI,406
2026-05-18,PE2,1.5 - 2.5,SI,512
2026-05-18,PEGUA,1.5 - 2.5,SI,445
2026-05-18,PE3,3.0 - 4.0,SI,523
2026-05-18,PEBAB,1.5 - 2.5,SI,388
2026-05-18,PE2,3.0 - 4.0,SI,523
2026-05-18,PEBAB,1.5 - 2.5,SI,418
2026-05-18,PE3,1.5 - 2.5,SI,542
2026-05-18,PE2,1.5 - 2.5,SI,552
2026-05-18,PEGUA,1.5 - 2.5,SI,450
2026-05-18,PE1,1.5 - 2.5,SI,557
2026-05-18,PE1,3.0 - 4.0,SI,566
2026-05-18,PE1,1,SI,535
2026-05-18,PE2,0.0 - 1.0,SI,519
2026-05-18,PE1,1,si,523
2026-05-18,PE1,1,SI,538
2026-05-18,PE2,1.5,SI,404
2026-05-18,PE2,0.0 - 1.0,SI,529
2026-05-18,PEGUA,1.5 - 2.5,SI,478
2026-05-18,PE1,1,SI,538
2026-05-18,PE2,0.0 - 1.0,SI,532
2026-05-18,PE1,3.0 - 4.0,SI,555
2026-05-18,PE2,1.5,SI,406
2026-05-18,PEGUA,1.5 - 2.5,SI,439
2026-05-18,PEBAB,1.5 - 2.5,SI,401
2026-05-18,PIND,1.5 - 2.5,SI,441
2026-05-18,PE2,3.0 - 4.0,SI,514
2026-05-18,PE3,1.5 - 2.5,SI,647
2026-05-18,PE3,0.0 - 1.0,SI,568
2026-05-18,PEGUA,1.5 - 2.5,SI,441
2026-05-18,PEGUA,1.5 - 2.5,SI,489
2026-05-18,PE3,1.5 - 2.5,SI,560
2026-05-18,PEBAB,1.5 - 2.5,SI,400
2026-05-18,PEBAB,1.5 - 2.5,si,435
2026-05-18,PE3,3.0 - 4.0,SI,486
2026-05-18,PE2,1.5 - 2.5,SI,513
2026-05-18,PE1,1.5 - 2.5,SI,546
2026-05-18,PE1,3.0 - 4.0,SI,563
2026-05-18,PE1,1,si,526
2026-05-18,PE2,0.0 - 1.0,SI,521
2026-05-18,PE1,1,si,539
2026-05-18,PE2,1.5,SI,403
2026-05-18,PE2,0.0 - 1.0,SI,514
2026-05-18,PE2,1.5,SI,402
2026-05-18,PE1,0.0 - 1.0,SI,531
2026-05-18,PE2,1.5,SI,405
2026-05-18,PE1,0.0 - 1.0,SI,530
2026-05-18,PE1,0.0 - 1.0,SI,534
2026-05-18,PEBAB,1.5 - 2.5,SI,411
2026-05-18,PE1,1.5 - 2.5,SI,540
2026-05-18,PEGUA,1.5 - 2.5,SI,450
2026-05-18,PEGUA,1.5 - 2.5,SI,478
2026-05-18,PE3,0.0 - 1.0,SI,553
2026-05-18,PE1,0.0 - 1.0,si,300
2026-05-18,PEGUA,1.5 - 2.5,SI,463
2026-05-18,PE2,3.0 - 4.0,SI,515
2026-05-18,PE3,1.5 - 2.5,SI,555
2026-05-18,PE1,1.5 - 2.5,SI,535
2026-05-18,PEBAB,1.5 - 2.5,SI,388
2026-05-18,PEGUA,1.5 - 2.5,SI,480
2026-05-18,PEGUA,1.5 - 2.5,SI,426
2026-05-18,PE2,1.5 - 2.5,si,503
2026-05-18,PIND,1.5 - 2.5,SI,428
2026-05-18,PE1,1.5 - 2.5,SI,533
2026-05-18,PEBAB,1.5 - 2.5,SI,421
2026-05-18,PE1,3.0 - 4.0,SI,569
2026-05-18,PE2,1.5,SI,405
2026-05-18,PE3,3.0 - 4.0,SI,503
2026-05-18,PEGUA,1.5 - 2.5,SI,505
2026-05-18,PE1,1.5 - 2.5,SI,555
2026-05-18,PEBAB,1.5 - 2.5,SI,397
2026-05-18,PE1,0,SI,502
2026-05-18,PEGUA,1.5 - 2.5,SI,492
2026-05-18,PE2,0.0 - 1.0,SI,474
2026-05-18,PE1,1.5 - 2.5,SI,547
2026-05-18,PE1,1.5 - 2.5,SI,576
2026-05-18,PE2,1.5,SI,401
2026-05-18,PE2,0.0 - 1.0,SI,516
2026-05-18,PE1,0.0 - 1.0,SI,545
2026-05-18,PE2,0.0 - 1.0,SI,531
2026-05-18,PE1,0.0 - 1.0,SI,524
2026-05-18,PE2,0.0 - 1.0,SI,519
2026-05-18,PE3,0.0 - 1.0,SI,556
2026-05-18,PEGUA,1.5 - 2.5,SI,461
2026-05-18,PE3,1.5 - 2.5,SI,550
2026-05-18,AD2,0.0 - 1.0,SI,529
2026-05-18,PE3,0.0 - 1.0,SI,490
2026-05-18,AD1,0.0 - 1.0,si,533
2026-05-18,AD1,0.0 - 1.0,si,545
2026-05-18,PE1,3.0 - 4.0,SI,551
2026-05-18,PE1,0,si,496
2026-05-18,AD2,0.0 - 1.0,SI,507
2026-05-18,ADGUA,1.5 - 2.5,SI,484
2026-05-18,PE1,1,SI,83
2026-05-18,AD2,3.0 - 4.0,SI,518
2026-05-18,AD2,0.0 - 1.0,SI,520
2026-05-18,PE2,1.5 - 2.5,SI,505
2026-05-18,PE2,1.5,SI,404
2026-05-18,PE2,1.5,SI,409
2026-05-18,PE2,1.5 - 2.5,SI,511
2026-05-18,AD3,3.0 - 4.0,SI,501
2026-05-18,PE1,0.0 - 1.0,si,528
2026-05-18,AD2,0.0 - 1.0,SI,515
2026-05-18,AD2,3.0 - 4.0,si,304
2026-05-18,PE1,0,SI,446
2026-05-18,PE1,0.0 - 1.0,si,522
2026-05-18,PE2,0.0 - 1.0,SI,528
2026-05-18,PE1,0.0 - 1.0,SI,499
2026-05-18,PE1,0.0 - 1.0,SI,523
2026-05-18,PE2,0.0 - 1.0,SI,576
2026-05-18,PE1,0,si,56
2026-05-18,PE3,0.0 - 1.0,si,510
2026-05-18,PE2,1.5,SI,267
2026-05-18,PE2,1.5,SI,321
2026-05-18,PE3,0.0 - 1.0,SI,418
2026-05-18,PE2,1.5,SI,182
2026-05-18,PEGUA,1.5 - 2.5,SI,85
2026-05-18,PE1,1.5 - 2.5,SI,44
2026-05-18,PEGUA,1.5 - 2.5,SI,223
2026-05-18,PE2,1.5 - 2.5,SI,45
2026-05-18,PE2,1.5,SI,401
2026-05-18,PE2,0.0 - 1.0,SI,253
2026-05-18,PE1,0.0 - 1.0,SI,276
2026-05-18,PE2,3.0 - 4.0,SI,594
2026-05-18,PE1,1.5 - 2.5,SI,379
2026-05-18,PEBAB,1.5 - 2.5,SI,383
2026-05-18,PE1,0.0 - 1.0,SI,419
2026-05-18,PE2,0.0 - 1.0,SI,447
2026-05-18,PIND,1.5 - 2.5,SI,237
2026-05-18,PE3,3.0 - 4.0,SI,97
2026-05-18,PE2,1.5 - 2.5,SI,499
2026-05-18,PJUG,3.0 - 4.0,SI,249
2026-05-18,PEBAB,1.5 - 2.5,SI,212
2026-05-18,PE2,1.5 - 2.5,SI,351
2026-05-18,PEGUA,1.5 - 2.5,SI,528
2026-05-18,PE1,1.5 - 2.5,SI,520
2026-05-18,PJUG,3.0 - 4.0,SI,121
2026-05-18,PE1,3.0 - 4.0,SI,594
2026-05-18,PEBAB,1.5 - 2.5,SI,251
2026-05-18,PE2,1.5 - 2.5,SI,505
2026-05-18,PE2,1.5 - 2.5,SI,447
2026-05-18,PE2,1.5,SI,113
2026-05-19,PE1,0.0 - 1.0,SI,86
2026-05-19,PE1,3.0 - 4.0,SI,486
2026-05-19,PEBAB,1.5 - 2.5,SI,400
2026-05-19,PE1,1.5 - 2.5,SI,584
2026-05-19,PEGUA,1.5 - 2.5,SI,439
2026-05-19,PE1,3.0 - 4.0,SI,507
2026-05-19,PE2,1.5 - 2.5,SI,522
2026-05-19,PEGUA,1.5 - 2.5,SI,491
2026-05-19,PE2,3.0 - 4.0,SI,487
2026-05-19,PEBAB,1.5 - 2.5,SI,392
2026-05-19,PE1,3.0 - 4.0,SI,552
2026-05-19,PEGUA,1.5 - 2.5,SI,453
2026-05-19,PE3,3.0 - 4.0,SI,525
2026-05-19,PE1,3.0 - 4.0,SI,531
2026-05-19,PE2,3.0 - 4.0,SI,506
2026-05-19,PE3,1.5 - 2.5,SI,541
2026-05-19,PE1,3.0 - 4.0,SI,559
2026-05-19,PE1,1.5 - 2.5,SI,569
2026-05-19,PIND,1.5 - 2.5,SI,470
2026-05-19,PEBAB,1.5 - 2.5,SI,391
2026-05-19,PEGUA,1.5 - 2.5,si,465
2026-05-19,PE1,3.0 - 4.0,SI,584
2026-05-19,PE1,1.5,si,403
2026-05-19,PE1,1.5,si,410
2026-05-19,PEGUA,1.5 - 2.5,SI,502
2026-05-19,PE1,3.0 - 4.0,SI,529
2026-05-19,PE2,3.0 - 4.0,SI,502
2026-05-19,PE1,3.0 - 4.0,SI,568
2026-05-19,PEBAB,1.5 - 2.5,SI,420
2026-05-19,PE1,1.5 - 2.5,SI,558
2026-05-19,PE2,1.5 - 2.5,SI,68
2026-05-19,PEGUA,1.5 - 2.5,si,484
2026-05-19,PEBAB,1.5 - 2.5,si,397
2026-05-19,PE1,3.0 - 4.0,SI,567
2026-05-19,PE2,3.0 - 4.0,SI,496
2026-05-19,PEGUA,1.5 - 2.5,si,469
2026-05-19,PE3,3.0 - 4.0,SI,481
2026-05-19,PE1,1,SI,561
2026-05-19,PEGUA,1.5 - 2.5,SI,476
2026-05-19,PE2,1.5 - 2.5,SI,514
2026-05-19,PEBAB,1.5 - 2.5,SI,403
2026-05-19,PE1,3.0 - 4.0,SI,574
2026-05-19,PE2,3.0 - 4.0,SI,6
2026-05-19,PE3,1.5 - 2.5,SI,540
2026-05-19,PE2,3.0 - 4.0,SI,496
2026-05-19,PEGUA,1.5 - 2.5,si,465
2026-05-19,PEBAB,1.5 - 2.5,si,427
2026-05-19,PE1,3.0 - 4.0,SI,556
2026-05-19,PE1,1.5,si,402
2026-05-19,PE1,1.5 - 2.5,SI,550
2026-05-19,PEBAB,1.5 - 2.5,SI,402
2026-05-19,PE3,3.0 - 4.0,SI,306
2026-05-19,PE2,2,SI,400
2026-05-19,PE2,3.0 - 4.0,SI,502
2026-05-19,PEGUA,1.5 - 2.5,si,477
2026-05-19,PE2,2,SI,387
2026-05-19,PE1,3.0 - 4.0,SI,574
2026-05-19,PE1,3.0 - 4.0,SI,528
2026-05-19,PEGUA,1.5 - 2.5,SI,456
2026-05-19,PIND,1.5 - 2.5,SI,488
2026-05-19,PEBAB,1.5 - 2.5,si,420
2026-05-19,PE1,0.0 - 1.0,si,533
2026-05-19,PEBAB,1.5 - 2.5,SI,395
2026-05-19,PE1,3.0 - 4.0,SI,570
2026-05-19,PE1,1.5 - 2.5,si,574
2026-05-19,PE1,0,SI,536
2026-05-19,PEGUA,1.5 - 2.5,SI,464
2026-05-19,PEGUA,1.5 - 2.5,SI,473
2026-05-19,PE2,3.0 - 4.0,si,496
2026-05-19,PE3,1.5 - 2.5,SI,547
2026-05-19,PE1,3.0 - 4.0,SI,544
2026-05-19,PE3,3.0 - 4.0,SI,509
2026-05-19,PEBAB,1.5 - 2.5,si,386
2026-05-19,PE1,3.0 - 4.0,SI,524
2026-05-19,PE1,3.0 - 4.0,SI,573
2026-05-19,PEGUA,1.5 - 2.5,SI,462
2026-05-19,PEGUA,1.5 - 2.5,si,480
2026-05-19,PE1,1,si,558
2026-05-19,PE3,0.0 - 1.0,si,574
2026-05-19,PEBAB,1.5 - 2.5,SI,418
2026-05-19,PE1,1.5,si,195
2026-05-19,PE1,1.5 - 2.5,si,505
2026-05-19,PEBAB,1.5 - 2.5,si,415
2026-05-19,PE2,2,SI,399
2026-05-19,PE2,3.0 - 4.0,SI,497
2026-05-19,PE1,1.5 - 2.5,SI,560
2026-05-19,PE1,3.0 - 4.0,SI,555
2026-05-19,PEGUA,1.5 - 2.5,SI,466
2026-05-19,PEGUA,1.5 - 2.5,SI,492
2026-05-19,PE3,3.0 - 4.0,SI,519
2026-05-19,PE2,2,SI,410
2026-05-19,PE1,3.0 - 4.0,SI,555
2026-05-19,PJUG,3.0 - 4.0,SI,494
2026-05-19,PEGUA,1.5 - 2.5,SI,495
2026-05-19,PE2,1.5 - 2.5,SI,541
2026-05-19,PEGUA,1.5 - 2.5,SI,472
2026-05-19,AD1,0.0 - 1.0,si,557
2026-05-19,PE2,0.0 - 1.0,SI,522
2026-05-19,AD3,0.0 - 1.0,SI,329
2026-05-19,AD1,0.0 - 1.0,si,486
2026-05-19,ADGUA,1.5 - 2.5,si,85
2026-05-19,PEBAB,1.5 - 2.5,SI,390
2026-05-19,AD1,0.0 - 1.0,si,561
2026-05-19,PE2,0.0 - 1.0,SI,50
2026-05-19,AD2,0.0 - 1.0,SI,141
2026-05-19,ADGUA,1.5 - 2.5,SI,110
2026-05-19,AD1,3.0 - 4.0,SI,575
2026-05-19,AD-PJUG,3.0 - 4.0,SI,435
2026-05-19,AD2,0.0 - 1.0,SI,525
2026-05-19,AD2,3.0 - 4.0,SI,499
2026-05-19,AD3,0.0 - 1.0,SI,504
2026-05-19,AD1,0.0 - 1.0,si,563
2026-05-19,AD2,0.0 - 1.0,SI,523
2026-05-19,AD1,3.0 - 4.0,SI,383
2026-05-19,AD-PJUG,3.0 - 4.0,SI,531
2026-05-19,AD-PIND,1.5 - 2.5,SI,472
2026-05-19,AD1,1.5 - 2.5,SI,534
2026-05-19,PE1,0.0 - 1.0,si,543
2026-05-19,PE1,0.0 - 1.0,si,570
2026-05-19,PE1,0.0 - 1.0,si,556
2026-05-19,ADGUA,1.5 - 2.5,si,456
2026-05-19,AD-PJUG,3.0 - 4.0,SI,489
2026-05-19,PE1,0.0 - 1.0,si,554
2026-05-19,PE2,0.0 - 1.0,SI,524
2026-05-19,PE1,0.0 - 1.0,si,93
2026-05-19,PEGUA,1.5 - 2.5,si,72
2026-05-19,PE1,0,SI,535
2026-05-19,PE1,1,si,554
2026-05-19,PE1,0.0 - 1.0,si,553
2026-05-19,PEBAB,1.5 - 2.5,SI,196
2026-05-19,PE3,0.0 - 1.0,SI,503
2026-05-19,PE1,0.0 - 1.0,SI,200
2026-05-19,PE3,1.5 - 2.5,SI,537
2026-05-19,PEGUA,1.5 - 2.5,SI,493
2026-05-19,PEBAB,1.5 - 2.5,SI,233
2026-05-19,PE2,0.0 - 1.0,SI,494
2026-05-19,PE1,1,si,573
2026-05-19,PE3,3.0 - 4.0,SI,568
2026-05-19,PE1,0.0 - 1.0,si,542
2026-05-19,PE2,3.0 - 4.0,si,385
2026-05-19,PE1,1,SI,552
2026-05-19,PE2,2,SI,428
2026-05-19,PE3,1.5 - 2.5,SI,146
2026-05-19,PE2,0.0 - 1.0,SI,584
2026-05-19,PE3,0.0 - 1.0,SI,518
2026-05-19,PE2,0.0 - 1.0,SI,324
2026-05-19,PE2,0.0 - 1.0,si,528
2026-05-19,PE2,1.5 - 2.5,SI,215
2026-05-19,PE1,0.0 - 1.0,SI,480
2026-05-19,PEBAB,1.5 - 2.5,SI,83
2026-05-19,PE1,3.0 - 4.0,SI,480
2026-05-19,PE1,0.0 - 1.0,si,441
2026-05-19,PE1,1.5 - 2.5,si,620
2026-05-19,PE1,3.0 - 4.0,SI,198
2026-05-19,PE2,1.5 - 2.5,SI,301
2026-05-19,PE1,0.0 - 1.0,si,219
2026-05-19,PEGUA,1.5 - 2.5,SI,216
2026-05-19,PJUG,3.0 - 4.0,SI,76
2026-05-19,PIND,1.5 - 2.5,SI,125
2026-05-19,PEGUA,1.5 - 2.5,si,76
2026-05-19,PE1,1.5 - 2.5,SI,12
2026-05-19,PE2,1.5 - 2.5,SI,9
2026-05-19,PE3,1.5 - 2.5,SI,3
2026-05-19,PE3,1.5 - 2.5,SI,2
2026-05-19,PE1,1.5 - 2.5,SI,36
2026-05-19,PE2,1.5 - 2.5,SI,13
2026-05-19,PE3,1.5 - 2.5,SI,2
2026-05-19,PE3,1.5 - 2.5,SI,2
2026-05-20,PE1,1.5 - 2.5,si,259
2026-05-20,PE1,3.0 - 4.0,SI,558
2026-05-20,PEBAB,1.5 - 2.5,si,401
2026-05-20,PE2,3.0 - 4.0,SI,506
2026-05-20,PEGUA,1.5 - 2.5,si,472
2026-05-20,PE1,3.0 - 4.0,SI,559
2026-05-20,PEBAB,1.5 - 2.5,SI,396
2026-05-20,PE1,1.5 - 2.5,SI,556
2026-05-20,PEGUA,1.5 - 2.5,SI,479
2026-05-20,PE3,3.0 - 4.0,si,502
2026-05-20,PEGUA,1.5 - 2.5,SI,472
2026-05-20,PE1,1.5,SI,408
2026-05-20,PE1,3.0 - 4.0,SI,575
2026-05-20,PE3,1.5 - 2.5,si,504
2026-05-20,PEBAB,1.5 - 2.5,SI,447
2026-05-20,PEBAB,1.5 - 2.5,SI,400
2026-05-20,PEGUA,1.5 - 2.5,SI,497
2026-05-20,PE2,3.0 - 4.0,si,502
2026-05-20,AD1,0.0 - 1.0,si,557
2026-05-20,AD2,0.0 - 1.0,SI,520
2026-05-20,AD1,1.5 - 2.5,SI,592
2026-05-20,AD1,0.0 - 1.0,SI,566
2026-05-20,AD3,0.0 - 1.0,SI,491
2026-05-20,AD1,3.0 - 4.0,SI,550
2026-05-20,AD-PJUG,3.0 - 4.0,SI,529
2026-05-20,AD1,0.0 - 1.0,SI,551
2026-05-20,AD2,0.0 - 1.0,SI,577
2026-05-20,PE2,0.0 - 1.0,SI,38
2026-05-20,PEGUA,1.5 - 2.5,SI,504
2026-05-20,PEGUA,1.5 - 2.5,SI,482
2026-05-20,PE1,1.5 - 2.5,SI,28
2026-05-20,PE1,1,si,562
2026-05-20,PEBAB,1.5 - 2.5,si,404
2026-05-20,PEBAB,1.5 - 2.5,si,395
2026-05-20,PE1,3.0 - 4.0,si,26
2026-05-20,PEBAB,1.5 - 2.5,SI,431
2026-05-20,PEGUA,1.5 - 2.5,SI,461
2026-05-20,PE3,3.0 - 4.0,SI,19
2026-05-20,PE2,0.0 - 1.0,si,489
2026-05-20,PE3,0.0 - 1.0,SI,501
2026-05-20,PE1,1.5,SI,401
2026-05-20,AD1,0.0 - 1.0,si,550
2026-05-20,AD1,3.0 - 4.0,SI,568
2026-05-20,PE1,1.5 - 2.5,SI,573
2026-05-20,AD1,0.0 - 1.0,si,566
2026-05-20,AD2,0.0 - 1.0,SI,520
2026-05-20,AD3,0.0 - 1.0,SI,489
2026-05-20,ADGUA,1.5 - 2.5,SI,511
2026-05-20,ADGUA,1.5 - 2.5,SI,485
2026-05-20,AD1,0.0 - 1.0,si,548
2026-05-20,ADGUA,1.5 - 2.5,si,474
2026-05-20,AD2,3.0 - 4.0,SI,12
2026-05-20,AD-PIND,1.5 - 2.5,SI,524
2026-05-20,AD1,0.0 - 1.0,SI,543
2026-05-20,AD1,3.0 - 4.0,si,549
2026-05-20,ADBABY,1.5 - 2.5,SI,411
2026-05-20,PE2,1.5,SI,404
2026-05-20,ADBABY,1.5 - 2.5,SI,452
2026-05-20,PEGUA,1.5 - 2.5,SI,486
2026-05-20,PEGUA,1.5 - 2.5,SI,473
2026-05-20,PE2,0.0 - 1.0,si,500
2026-05-20,AD3,0.0 - 1.0,si,494
2026-05-20,PE3,0.0 - 1.0,SI,26
2026-05-20,PEGUA,1.5 - 2.5,SI,53
2026-05-20,PE3,1.5 - 2.5,SI,498
2026-05-20,PEBAB,1.5 - 2.5,si,148
2026-05-20,PE1,1,si,567
2026-05-20,PE2,0.0 - 1.0,si,15
2026-05-20,PE2,1.5,si,401
2026-05-20,PEGUA,1.5 - 2.5,SI,463
2026-05-20,AD2,0.0 - 1.0,si,482
2026-05-20,PEGUA,1.5 - 2.5,SI,453
2026-05-20,PE3,0.0 - 1.0,SI,479
2026-05-20,PE1,3.0 - 4.0,SI,575
2026-05-20,AD2,3.0 - 4.0,SI,510
2026-05-20,PEBAB,1.5 - 2.5,SI,404
2026-05-20,PEGUA,1.5 - 2.5,SI,453
2026-05-20,PEGUA,1.5 - 2.5,SI,22
2026-05-20,PE3,3.0 - 4.0,si,501
2026-05-20,AD2,0.0 - 1.0,SI,495
2026-05-20,PEBAB,1.5 - 2.5,SI,392
2026-05-20,PE1,3.0 - 4.0,SI,599
2026-05-20,AD2,0.0 - 1.0,SI,584
2026-05-20,PEBAB,1.5 - 2.5,si,447
2026-05-20,PEGUA,1.5 - 2.5,si,503
2026-05-20,PE1,1.5,SI,400
2026-05-20,PE1,1,si,560
2026-05-20,PEGUA,1.5 - 2.5,SI,457
2026-05-20,PEGUA,1.5 - 2.5,SI,188
2026-05-20,PEBAB,1.5 - 2.5,SI,402
2026-05-20,PE2,1.5,SI,405
2026-05-20,PE2,0.0 - 1.0,SI,489
2026-05-20,AD-PJUG,3.0 - 4.0,SI,496
2026-05-20,PIND,1.5 - 2.5,SI,535
2026-05-20,PE3,0.0 - 1.0,SI,487
2026-05-20,PE1,1,SI,551
2026-05-20,PE1,0.0 - 1.0,SI,515
2026-05-20,PE1,1,si,538
2026-05-20,PE1,0.0 - 1.0,SI,534
2026-05-20,PE1,1,si,543
2026-05-20,PE2,1.5,SI,403
2026-05-20,PE2,0.0 - 1.0,SI,403
2026-05-20,PE1,1,SI,538
2026-05-20,PEBAB,1.5 - 2.5,SI,417
2026-05-20,PE2,0.0 - 1.0,si,508
2026-05-20,PE3,1.5 - 2.5,si,488
2026-05-20,PE2,1.5,SI,401
2026-05-20,PE2,1.5,SI,400
2026-05-20,PE3,0.0 - 1.0,si,541
2026-05-20,PE2,1.5,SI,417
2026-05-20,PEGUA,1.5 - 2.5,si,497
2026-05-20,PE1,3.0 - 4.0,SI,545
2026-05-20,PE1,0.0 - 1.0,SI,560
2026-05-20,AD3,0.0 - 1.0,si,486
2026-05-20,AD2,0.0 - 1.0,SI,526
2026-05-20,AD-PJUG,3.0 - 4.0,SI,306
2026-05-20,PE2,0.0 - 1.0,si,353
2026-05-20,AD1,3.0 - 4.0,SI,585
2026-05-20,PEGUA,1.5 - 2.5,SI,454
2026-05-20,AD2,0.0 - 1.0,si,503
2026-05-20,AD-PJUG,3.0 - 4.0,SI,161
2026-05-20,PE2,3.0 - 4.0,si,116
2026-05-20,PE2,0.0 - 1.0,si,511
2026-05-20,PE2,1.5,SI,405
2026-05-20,PJUG,3.0 - 4.0,SI,153
2026-05-20,PE1,1.5 - 2.5,SI,187
2026-05-20,PE1,1,SI,524
2026-05-20,PEGUA,1.5 - 2.5,SI,127
2026-05-20,PE2,3.0 - 4.0,SI,475
2026-05-20,PE2,1.5 - 2.5,si,277
2026-05-20,PEBAB,1.5 - 2.5,SI,151
2026-05-20,PE2,0.0 - 1.0,si,464
2026-05-20,PE2,0.0 - 1.0,SI,379
2026-05-20,PE1,1,SI,516
2026-05-20,PE3,3.0 - 4.0,si,124
2026-05-20,PE2,1.5 - 2.5,si,495
2026-05-20,PE2,3.0 - 4.0,SI,344
2026-05-20,PE3,0.0 - 1.0,SI,466
2026-05-20,PE3,1.5 - 2.5,si,114
2026-05-20,PE2,1.5,SI,252
2026-05-20,PE1,1,SI,540
2026-05-20,PE2,1.5 - 2.5,si,301
2026-05-20,PEBAB,1.5 - 2.5,SI,204
2026-05-20,PE1,1.5,SI,468
2026-05-20,PJUG,3.0 - 4.0,SI,120
2026-05-20,PE2,1.5 - 2.5,si,314
2026-05-20,PE1,1.5 - 2.5,si,397
2026-05-20,PE1,0.0 - 1.0,si,427
2026-05-20,PIND,1.5 - 2.5,SI,165
2026-05-20,PE1,1.5 - 2.5,SI,533
2026-05-20,PE2,0.0 - 1.0,SI,527
2026-05-20,PE1,1.5 - 2.5,SI,166
2026-05-20,PE1,1.5 - 2.5,SI,20
2026-05-21,PE1,1.5 - 2.5,si,5
2026-05-21,PEGUA,1.5 - 2.5,SI,456
2026-05-21,PE2,0.0 - 1.0,SI,498
2026-05-21,PEBAB,1.5 - 2.5,si,415
2026-05-21,PE3,0.0 - 1.0,SI,488
2026-05-21,PEGUA,1.5 - 2.5,SI,495
2026-05-21,PEBAB,1.5 - 2.5,SI,420
2026-05-21,PE2,0.0 - 1.0,si,502
2026-05-21,PEBAB,1.5 - 2.5,si,414
2026-05-21,PE2,2,SI,380
2026-05-21,PEGUA,1.5 - 2.5,si,483
2026-05-21,PEGUA,1.5 - 2.5,si,454
2026-05-21,PE3,0.0 - 1.0,SI,482
2026-05-21,PE1,1,SI,535
2026-05-21,PE3,1.5 - 2.5,si,505
2026-05-21,PE2,0.0 - 1.0,SI,499
2026-05-21,PE2,1.5 - 2.5,SI,516
2026-05-21,PEBAB,1.5 - 2.5,si,421
2026-05-21,PEBAB,1.5 - 2.5,SI,398
2026-05-21,PE1,0.0 - 1.0,SI,534
2026-05-21,PE1,3.0 - 4.0,SI,547
2026-05-21,PE2,0.0 - 1.0,si,500
2026-05-21,PEGUA,1.5 - 2.5,SI,490
2026-05-21,PEGUA,1.5 - 2.5,si,444
2026-05-21,PIND,1.5 - 2.5,SI,490
2026-05-21,PE3,0.0 - 1.0,si,490
2026-05-21,PE2,2,si,379
2026-05-21,PE1,1.5 - 2.5,si,140
2026-05-21,PE1,1,SI,572
2026-05-21,PEGUA,1.5 - 2.5,SI,491
2026-05-21,PEBAB,1.5 - 2.5,SI,408
2026-05-21,PE2,0.0 - 1.0,si,504
2026-05-21,PEBAB,1.5 - 2.5,si,426
2026-05-21,PE2,2,SI,390
2026-05-21,PE3,0.0 - 1.0,SI,487
2026-05-21,PE1,0.0 - 1.0,SI,514
2026-05-21,PEGUA,1.5 - 2.5,SI,441
2026-05-21,PE2,0.0 - 1.0,SI,502
2026-05-21,PEGUA,1.5 - 2.5,si,484
2026-05-21,PE3,1.5 - 2.5,SI,497
2026-05-21,PEBAB,1.5 - 2.5,SI,407
2026-05-21,PE1,1.5 - 2.5,SI,542
2026-05-21,PEBAB,1.5 - 2.5,SI,433
2026-05-21,PE1,1,SI,535
2026-05-21,PE3,0.0 - 1.0,si,526
2026-05-21,PE2,2,SI,385
2026-05-21,PE2,1.5 - 2.5,SI,510
2026-05-21,PJUG,3.0 - 4.0,si,485
2026-05-21,PE1,0.0 - 1.0,SI,534
2026-05-21,PE2,0.0 - 1.0,SI,508
2026-05-21,PEGUA,1.5 - 2.5,SI,452
2026-05-21,PEGUA,1.5 - 2.5,SI,487
2026-05-21,PE3,0.0 - 1.0,si,490
2026-05-21,PEBAB,1.5 - 2.5,SI,433
2026-05-21,PE2,2,SI,394
2026-05-21,PEBAB,1.5 - 2.5,si,400
2026-05-21,PIND,1.5 - 2.5,SI,465
2026-05-21,PE2,0.0 - 1.0,si,496
2026-05-21,PEGUA,1.5 - 2.5,SI,488
2026-05-21,PEGUA,1.5 - 2.5,SI,454
2026-05-21,PE2,2,si,238
2026-05-21,PE2,0.0 - 1.0,si,498
2026-05-21,PE1,0.0 - 1.0,si,500
2026-05-21,PE3,1.5 - 2.5,SI,498
2026-05-21,PE3,0.0 - 1.0,si,500
2026-05-21,PE2,0.0 - 1.0,si,508
2026-05-21,PEBAB,1.5 - 2.5,SI,410
2026-05-21,PE1,1,si,539
2026-05-21,PEGUA,1.5 - 2.5,SI,491
2026-05-21,PEBAB,1.5 - 2.5,SI,437
2026-05-21,PE1,1,SI,528
2026-05-21,PEBAB,1.5 - 2.5,si,433
2026-05-21,PE1,1.5 - 2.5,si,553
2026-05-21,PEGUA,1.5 - 2.5,SI,487
2026-05-21,PEBAB,1.5 - 2.5,SI,401
2026-05-21,PEGUA,1.5 - 2.5,SI,429
2026-05-21,PE2,1.5 - 2.5,SI,524
2026-05-21,PE2,1.5 - 2.5,si,477
2026-05-21,PE1,0.0 - 1.0,SI,525
2026-05-21,PE1,0,SI,424
2026-05-21,PE3,0.0 - 1.0,SI,485
2026-05-21,PE3,1.5 - 2.5,SI,487
2026-05-21,PEGUA,1.5 - 2.5,SI,55
2026-05-21,PE1,3.0 - 4.0,SI,538
2026-05-21,PE2,0.0 - 1.0,SI,507
2026-05-21,PEGUA,1.5 - 2.5,SI,485
2026-05-21,PE2,0.0 - 1.0,SI,515
2026-05-21,PE1,1,SI,518
2026-05-21,PE2,1.5 - 2.5,SI,522
2026-05-21,PE1,1.5 - 2.5,SI,646
2026-05-21,PE2,1.5 - 2.5,SI,576
2026-05-21,PJUG,3.0 - 4.0,SI,500
2026-05-21,PE1,1,SI,178
2026-05-21,PE2,3.0 - 4.0,si,318
2026-05-21,PE1,0.0 - 1.0,SI,495
2026-05-21,PE1,0.0 - 1.0,SI,594
2026-05-21,PE2,0.0 - 1.0,SI,509
2026-05-21,AD1,0.0 - 1.0,SI,548
2026-05-21,AD1,0.0 - 1.0,SI,70
2026-05-21,AD1,1.5 - 2.5,SI,46
2026-05-21,AD3,3.0 - 4.0,si,15
2026-05-21,AD2,0.0 - 1.0,si,523
2026-05-21,AD3,0.0 - 1.0,SI,494
2026-05-21,AD1,0.0 - 1.0,SI,577
2026-05-21,AD1,0.0 - 1.0,SI,464
2026-05-21,AD1,3.0 - 4.0,si,563
2026-05-21,AD1,1.5 - 2.5,SI,590
2026-05-21,ADGUA,1.5 - 2.5,SI,466
2026-05-21,AD1,0.0 - 1.0,SI,568
2026-05-21,AD1,0.0 - 1.0,SI,599
2026-05-21,AD-PIND,1.5 - 2.5,SI,481
2026-05-21,AD2,0.0 - 1.0,SI,516
2026-05-21,AD1,0.0 - 1.0,si,465
2026-05-21,AD1,0.0 - 1.0,si,582
2026-05-21,AD1,3.0 - 4.0,si,515
2026-05-21,AD-PJUG,3.0 - 4.0,SI,509
2026-05-21,AD2,0.0 - 1.0,SI,528
2026-05-21,AD1,0.0 - 1.0,SI,466
2026-05-21,AD2,0.0 - 1.0,SI,517
2026-05-21,AD1,0.0 - 1.0,SI,595
2026-05-21,AD3,0.0 - 1.0,SI,516
2026-05-21,AD1,0.0 - 1.0,si,533
2026-05-21,AD1,0.0 - 1.0,si,479
2026-05-21,AD1,1.5 - 2.5,si,549
2026-05-21,AD2,0.0 - 1.0,SI,528
2026-05-21,AD1,0.0 - 1.0,SI,599
2026-05-21,AD1,0.0 - 1.0,si,519
2026-05-21,AD1,3.0 - 4.0,SI,439
2026-05-21,AD3,0.0 - 1.0,SI,581
2026-05-21,AD1,3.0 - 4.0,SI,46
2026-05-21,AD1,0.0 - 1.0,SI,497
2026-05-21,AD2,0.0 - 1.0,SI,643
2026-05-21,AD1,1.5 - 2.5,si,364
2026-05-21,AD2,1.5 - 2.5,SI,474
2026-05-21,AD-PJUG,3.0 - 4.0,SI,230
2026-05-21,AD3,1.5 - 2.5,SI,202
2026-05-21,AD-PJUG,3.0 - 4.0,SI,508
2026-05-21,AD3,3.0 - 4.0,si,355
2026-05-21,ADGUA,1.5 - 2.5,SI,244
2026-05-21,AD-PIND,1.5 - 2.5,si,191
2026-05-21,ADBABY,1.5 - 2.5,SI,383
2026-05-21,AD1,0.0 - 1.0,SI,525
2026-05-21,AD2,3.0 - 4.0,SI,235
2026-05-21,AD-PJUG,3.0 - 4.0,SI,348
2026-05-21,ADBABY,1.5 - 2.5,SI,422
2026-05-21,AD-PJUG,3.0 - 4.0,SI,497
2026-05-22,PE1,0.0 - 1.0,SI,18
2026-05-22,PEBAB,1.5 - 2.5,SI,421
2026-05-22,PEGUA,1.5 - 2.5,SI,481
2026-05-22,PE3,0.0 - 1.0,SI,525
2026-05-22,PE1,1.5,si,401
2026-05-22,PEBAB,1.5 - 2.5,SI,433
2026-05-22,PE2,0.0 - 1.0,SI,494
2026-05-22,PEGUA,1.5 - 2.5,SI,471
2026-05-22,PE2,1.5,SI,404
2026-05-22,PEBAB,1.5 - 2.5,si,415
2026-05-22,PEGUA,1.5 - 2.5,SI,483
2026-05-22,PE2,1.5,SI,408
2026-05-22,PE1,1.5,si,405
2026-05-22,PE3,0.0 - 1.0,si,531
2026-05-22,PE1,1,SI,522
2026-05-22,PEBAB,1.5 - 2.5,SI,438
2026-05-22,PEGUA,1.5 - 2.5,SI,477
2026-05-22,PEBAB,1.5 - 2.5,si,401
2026-05-22,PE2,0.0 - 1.0,si,505
2026-05-22,PIND,1.5 - 2.5,SI,438
2026-05-22,PEGUA,1.5 - 2.5,SI,484
2026-05-22,PE3,1.5 - 2.5,SI,556
2026-05-22,PE2,1.5,SI,403
2026-05-22,PEGUA,1.5 - 2.5,SI,478
2026-05-22,PEBAB,1.5 - 2.5,SI,412
2026-05-22,PE3,0.0 - 1.0,si,524
2026-05-22,PEBAB,1.5 - 2.5,si,446
2026-05-22,PE1,1,SI,522
2026-05-22,PE1,3.0 - 4.0,SI,8
2026-05-22,PE1,1.5,si,405
2026-05-22,PE2,1.5 - 2.5,si,507
2026-05-22,PEGUA,1.5 - 2.5,SI,478
2026-05-22,PEGUA,1.5 - 2.5,SI,485
2026-05-22,PEBAB,1.5 - 2.5,SI,415
2026-05-22,PE3,0.0 - 1.0,si,516
2026-05-22,PE1,0.0 - 1.0,SI,540
2026-05-22,PE3,1.5 - 2.5,si,544
2026-05-22,PEBAB,1.5 - 2.5,SI,436
2026-05-22,PE2,1.5,SI,402
2026-05-22,PE1,1.5 - 2.5,SI,519
2026-05-22,PE1,1,SI,521
2026-05-22,PE1,3.0 - 4.0,SI,548
2026-05-22,PE1,1.5,si,426
2026-05-22,PE1,0,SI,499
2026-05-22,PE2,1.5 - 2.5,SI,513
2026-05-22,PIND,1.5 - 2.5,SI,454
2026-05-22,PE2,1.5,SI,409
2026-05-22,PEGUA,1.5 - 2.5,SI,476
2026-05-22,PEBAB,1.5 - 2.5,SI,415
2026-05-22,PE1,1,SI,529
2026-05-22,PE2,1.5,SI,406
2026-05-22,PE2,0.0 - 1.0,SI,498
2026-05-22,PE2,1.5,SI,401
2026-05-22,PE2,1.5,SI,406
2026-05-22,PE2,1.5,SI,402
2026-05-22,PE3,0.0 - 1.0,SI,534
2026-05-22,PEGUA,1.5 - 2.5,SI,486
2026-05-22,PE3,1.5 - 2.5,si,556
2026-05-22,PE2,1.5,SI,416
2026-05-22,PE2,0.0 - 1.0,si,501
2026-05-22,PEGUA,1.5 - 2.5,SI,486
2026-05-22,PE2,1.5,SI,402
2026-05-22,PE1,3.0 - 4.0,SI,533
2026-05-22,PE1,0.0 - 1.0,SI,545
2026-05-22,PEBAB,1.5 - 2.5,SI,396
2026-05-22,PE2,1.5 - 2.5,SI,511
2026-05-22,PE2,1.5,si,398
2026-05-22,PE1,1,SI,546
2026-05-22,PE2,1.5,SI,494
2026-05-22,PE1,1,SI,532
2026-05-22,PE1,1,SI,561
2026-05-22,PE1,1.5 - 2.5,SI,551
2026-05-22,PE1,0,SI,551
2026-05-22,PEBAB,1.5 - 2.5,SI,413
2026-05-22,PE1,3.0 - 4.0,SI,548
2026-05-22,PE2,0.0 - 1.0,si,519
2026-05-22,PE1,1,SI,582
2026-05-22,PE3,1.5 - 2.5,SI,581
2026-05-22,PE3,0.0 - 1.0,si,564
2026-05-22,PEGUA,1.5 - 2.5,si,503
2026-05-22,PE2,1.5 - 2.5,si,505
2026-05-22,PIND,1.5 - 2.5,SI,465
2026-05-22,PE1,0.0 - 1.0,SI,568
2026-05-22,PE1,1.5 - 2.5,SI,550
2026-05-22,PE1,1.5 - 2.5,SI,517
2026-05-22,PE1,1.5 - 2.5,SI,591
2026-05-22,PE1,1,SI,555
2026-05-22,PEGUA,1.5 - 2.5,SI,514
2026-05-22,PE1,1.5 - 2.5,SI,595
2026-05-22,PEGUA,1.5 - 2.5,SI,612
2026-05-22,PE2,0.0 - 1.0,SI,588
2026-05-22,PE1,1.5 - 2.5,SI,672
2026-05-22,PEBAB,1.5 - 2.5,si,441
2026-05-22,PE1,1.5 - 2.5,SI,693
2026-05-22,PE1,3.0 - 4.0,SI,570
2026-05-22,PE3,1.5 - 2.5,SI,653
2026-05-22,PIND,1.5 - 2.5,SI,81
2026-05-22,PE2,1.5 - 2.5,SI,586
2026-05-22,PE2,0.0 - 1.0,SI,583
2026-05-22,PE2,1.5 - 2.5,SI,587
2026-05-22,PE3,0.0 - 1.0,si,644
2026-05-22,PE1,0.0 - 1.0,SI,566
2026-05-22,AD2,0.0 - 1.0,SI,594
2026-05-22,AD1,0.0 - 1.0,SI,663
2026-05-22,AD1,1.5 - 2.5,SI,598
2026-05-22,PEGUA,1.5 - 2.5,SI,597
2026-05-22,AD2,0.0 - 1.0,SI,611
2026-05-22,PEGUA,1.5 - 2.5,SI,586
2026-05-22,PEBAB,1.5 - 2.5,SI,379
2026-05-22,AD3,0.0 - 1.0,si,540
2026-05-22,AD2,0.0 - 1.0,SI,604
2026-05-22,PE1,1.5 - 2.5,SI,610
2026-05-22,AD1,1.5 - 2.5,SI,628
2026-05-22,AD-PJUG,3.0 - 4.0,SI,677
2026-05-22,AD2,0.0 - 1.0,si,610
2026-05-22,AD1,0.0 - 1.0,SI,540
2026-05-22,ADGUA,0.0 - 1.0,si,558
2026-05-22,AD3,1.5 - 2.5,si,24
2026-05-22,PE2,0.0 - 1.0,SI,598
2026-05-22,AD-PJUG,3.0 - 4.0,SI,586
2026-05-22,AD-PJUG,3.0 - 4.0,SI,677
2026-05-22,AD2,1.5 - 2.5,SI,611
2026-05-22,AD3,0.0 - 1.0,SI,639
2026-05-22,AD1,1.5 - 2.5,SI,597
2026-05-22,AD1,3.0 - 4.0,SI,551
2026-05-22,AD2,0.0 - 1.0,SI,609
2026-05-22,AD2,0.0 - 1.0,SI,595
2026-05-22,AD3,3.0 - 4.0,si,652
2026-05-22,AD2,3.0 - 4.0,SI,481
2026-05-22,AD-PIND,1.5 - 2.5,SI,475
2026-05-22,ADGUA,1.5 - 2.5,SI,577
2026-05-22,AD3,0.0 - 1.0,SI,535
2026-05-22,AD-PJUG,3.0 - 4.0,SI,584
2026-05-22,AD2,0.0 - 1.0,SI,601
2026-05-22,AD2,3.0 - 4.0,SI,433
2026-05-22,AD-PJUG,3.0 - 4.0,SI,482
2026-05-22,AD-PJUG,3.0 - 4.0,SI,146
2026-05-22,AD2,0.0 - 1.0,SI,457
2026-05-22,AD2,1.5 - 2.5,SI,364
2026-05-22,ADGUA,1.5 - 2.5,SI,480
2026-05-22,PE2,1.5 - 2.5,SI,511
2026-05-22,PE1,1.5 - 2.5,si,552
2026-05-22,PE1,1.5 - 2.5,si,430
2026-05-22,PE1,1.5 - 2.5,SI,529
2026-05-22,PE1,0.0 - 1.0,SI,541
2026-05-22,PE2,3.0 - 4.0,SI,41
2026-05-22,PE1,1.5 - 2.5,SI,529
2026-05-22,PE1,0.0 - 1.0,SI,36
2026-05-22,PE1,3.0 - 4.0,SI,106
2026-05-22,PE3,0.0 - 1.0,si,574
2026-05-22,PIND,1.5 - 2.5,SI,118
2026-05-22,PE3,1.5 - 2.5,SI,491
2026-05-22,PEGUA,1.5 - 2.5,SI,77
2026-05-22,PE3,3.0 - 4.0,SI,78
2026-05-22,PE2,1.5 - 2.5,SI,444
2026-05-22,PE2,0.0 - 1.0,SI,435
2026-05-22,PEBAB,1.5 - 2.5,SI,229
2026-05-22,PJUG,3.0 - 4.0,SI,402
2026-05-22,AD1,1.5 - 2.5,si,284
2026-05-22,AD1,0.0 - 1.0,si,1575
2026-05-22,AD1,0.0 - 1.0,SI,1336
2026-05-22,AD1,0.0 - 1.0,SI,1539
2026-05-22,AD1,0.0 - 1.0,SI,1360
2026-05-22,AD1,0.0 - 1.0,SI,1056
2026-05-22,AD1,0.0 - 1.0,si,1357
2026-05-23,AL-PEGUA,1.5 - 2.5,SI,77
2026-05-23,PEBAB,1.5 - 2.5,si,33
2026-05-23,PE2,0.0 - 1.0,si,8
2026-05-24,PEGUA,1.5 - 2.5,si,468
2026-05-24,PEBAB,1.5 - 2.5,si,413
2026-05-24,PEGUA,1.5 - 2.5,si,467
2026-05-24,PE3,1.5 - 2.5,si,510
2026-05-24,PE3,0.0 - 1.0,SI,506
2026-05-24,PEBAB,1.5 - 2.5,SI,413
2026-05-24,PE2,1.5,SI,414
2026-05-24,PE2,1.5,SI,405
2026-05-24,PEBAB,1.5 - 2.5,si,403
2026-05-24,PEGUA,1.5 - 2.5,SI,467
2026-05-24,PE2,1.5 - 2.5,si,519
2026-05-24,PE1,1.5 - 2.5,SI,34
2026-05-24,PE2,1.5 - 2.5,SI,14
2026-05-24,PE3,1.5 - 2.5,SI,7
2026-05-24,PE3,1.5 - 2.5,SI,3
2026-05-24,PEGUA,1.5 - 2.5,SI,465
2026-05-24,PE1,1.5 - 2.5,SI,16
2026-05-24,PE2,1.5 - 2.5,SI,24
2026-05-24,PE3,1.5 - 2.5,SI,3
2026-05-24,PE3,1.5 - 2.5,SI,2
2026-05-24,PE1,1.5 - 2.5,SI,550
2026-05-24,PEBAB,1.5 - 2.5,si,409
2026-05-24,PEBAB,1.5 - 2.5,si,404
2026-05-24,PE1,1.5 - 2.5,SI,28
2026-05-24,PE2,1.5 - 2.5,SI,18
2026-05-24,PE3,1.5 - 2.5,SI,2
2026-05-24,PE3,1.5 - 2.5,SI,2
2026-05-24,PE3,1.5 - 2.5,SI,503
2026-05-24,PE2,1.5,SI,401
2026-05-24,PE3,0.0 - 1.0,SI,501
2026-05-24,PIND,1.5 - 2.5,si,414
2026-05-24,PE2,3.0 - 4.0,si,512
2026-05-24,PE1,1.5 - 2.5,SI,558
2026-05-24,PE2,1.5,SI,402
2026-05-24,PEGUA,1.5 - 2.5,SI,475
2026-05-24,PE1,1,SI,538
2026-05-24,PE1,3.0 - 4.0,SI,544
2026-05-24,PEBAB,1.5 - 2.5,SI,423
2026-05-24,PEGUA,1.5 - 2.5,SI,475
2026-05-24,PE1,3.0 - 4.0,SI,549
2026-05-24,PE3,1.5 - 2.5,SI,495
2026-05-24,PE2,1.5,si,414
2026-05-24,PEGUA,1.5 - 2.5,SI,500
2026-05-24,PE1,0,SI,513
2026-05-24,PE2,1.5 - 2.5,SI,512
2026-05-24,PE1,1.5 - 2.5,si,544
2026-05-24,PE2,1.5,si,416
2026-05-24,PEGUA,1.5 - 2.5,si,492
2026-05-24,PE3,0.0 - 1.0,SI,485
2026-05-24,PEBAB,1.5 - 2.5,si,415
2026-05-24,PE1,1,SI,534
2026-05-24,PEBAB,1.5 - 2.5,si,419
2026-05-24,PE2,1.5,SI,399
2026-05-24,PE2,3.0 - 4.0,SI,502
2026-05-24,PE1,3.0 - 4.0,SI,534
2026-05-24,PE3,3.0 - 4.0,SI,503
2026-05-24,PEGUA,1.5 - 2.5,SI,486
2026-05-24,PE3,1.5 - 2.5,SI,518
2026-05-24,PE2,1.5,SI,409
2026-05-24,PE1,1.5 - 2.5,SI,553
2026-05-24,PE1,1,SI,546
2026-05-24,PE2,0.0 - 1.0,si,511
2026-05-24,PE1,3.0 - 4.0,SI,563
2026-05-24,PE2,1.5,si,420
2026-05-24,PE1,3.0 - 4.0,SI,530
2026-05-24,PE2,1.5 - 2.5,SI,512
2026-05-24,PE2,3.0 - 4.0,SI,507
2026-05-24,PE3,3.0 - 4.0,SI,503
2026-05-24,PEGUA,1.5 - 2.5,SI,500
2026-05-24,PE1,3.0 - 4.0,SI,533
2026-05-24,PE1,0,SI,507
2026-05-24,PE1,1.5 - 2.5,SI,552
2026-05-24,PIND,1.5 - 2.5,si,423
2026-05-24,PE2,3.0 - 4.0,SI,508
2026-05-24,PE3,1.5 - 2.5,SI,518
2026-05-24,PE1,3.0 - 4.0,SI,535
2026-05-24,PE1,1,SI,542
2026-05-24,PE2,1.5,SI,430
2026-05-24,PEBAB,1.5 - 2.5,si,428
2026-05-24,PEGUA,1.5 - 2.5,si,504
2026-05-24,PE2,1.5 - 2.5,SI,521
2026-05-24,PE1,3.0 - 4.0,SI,518
2026-05-24,PE1,1.5 - 2.5,si,550
2026-05-24,PE2,1.5,SI,400
2026-05-24,PE2,1.5,si,401
2026-05-24,PEGUA,1.5 - 2.5,SI,485
2026-05-24,PEBAB,1.5 - 2.5,SI,409
2026-05-24,PE1,1,SI,523
2026-05-24,PE3,1.5 - 2.5,SI,516
2026-05-24,PEGUA,1.5 - 2.5,SI,475
2026-05-24,PEBAB,1.5 - 2.5,SI,418
2026-05-24,PE2,1.5 - 2.5,si,520
2026-05-24,PEGUA,1.5 - 2.5,SI,485
2026-05-24,PE1,1.5 - 2.5,SI,533
2026-05-24,PE2,1.5 - 2.5,SI,486
2026-05-24,PE1,3.0 - 4.0,SI,537
2026-05-24,PEBAB,1.5 - 2.5,si,412
2026-05-24,PE1,0,SI,502
2026-05-24,PE1,0.0 - 1.0,si,548
2026-05-24,PE3,0.0 - 1.0,SI,526
2026-05-24,PE1,1,SI,524
2026-05-24,PE2,1.5 - 2.5,SI,518
2026-05-24,PEGUA,1.5 - 2.5,SI,483
2026-05-24,PE1,3.0 - 4.0,SI,512
2026-05-24,PE1,1.5 - 2.5,SI,538
2026-05-24,PE2,3.0 - 4.0,SI,501
2026-05-24,PE3,3.0 - 4.0,SI,511
2026-05-24,PE3,1.5 - 2.5,SI,521
2026-05-24,PE2,0.0 - 1.0,si,519
2026-05-24,PE3,3.0 - 4.0,SI,481
2026-05-24,PEGUA,1.5 - 2.5,si,501
2026-05-24,PE2,1.5 - 2.5,SI,534
2026-05-24,PIND,1.5 - 2.5,si,431
2026-05-24,PE1,1,SI,533
2026-05-24,PE1,1.5 - 2.5,SI,541
2026-05-24,PE1,3.0 - 4.0,SI,521
2026-05-24,PE1,0,SI,522
2026-05-24,PE2,3.0 - 4.0,si,514
2026-05-24,PE1,3.0 - 4.0,SI,521
2026-05-24,PE2,3.0 - 4.0,SI,502
2026-05-24,PEGUA,1.5 - 2.5,SI,514
2026-05-24,AD-PIND,1.5 - 2.5,SI,481
2026-05-24,AD-PIND,1.5 - 2.5,SI,436
2026-05-24,PE1,3.0 - 4.0,SI,511
2026-05-24,AD-PIND,1.5 - 2.5,SI,481
2026-05-24,AD-PIND,1.5 - 2.5,SI,474
2026-05-24,AD-PIND,1.5 - 2.5,SI,441
2026-05-24,AD-PIND,1.5 - 2.5,SI,419
2026-05-24,AD-PIND,1.5 - 2.5,SI,407
2026-05-24,AD-PIND,1.5 - 2.5,SI,282
2026-05-24,AD-PIND,1.5 - 2.5,SI,488
2026-05-24,AD-PIND,1.5 - 2.5,SI,514
2026-05-24,PE2,1.5 - 2.5,SI,522
2026-05-24,PE3,1.5 - 2.5,si,536
2026-05-24,PE1,1.5 - 2.5,SI,556
2026-05-24,PEBAB,1.5 - 2.5,si,420
2026-05-24,PE1,3.0 - 4.0,SI,522
2026-05-24,PE2,3.0 - 4.0,SI,495
2026-05-24,PE3,3.0 - 4.0,SI,488
2026-05-24,PEBAB,1.5 - 2.5,si,422
2026-05-24,PE2,3.0 - 4.0,SI,504
2026-05-24,PEGUA,1.5 - 2.5,SI,495
2026-05-24,PE2,1.5 - 2.5,SI,516
2026-05-24,PEBAB,1.5 - 2.5,si,403
2026-05-24,PE1,1,SI,528
2026-05-24,PE1,3.0 - 4.0,SI,518
2026-05-24,PE1,0,si,221
2026-05-24,PE2,3.0 - 4.0,si,507
2026-05-24,PEGUA,1.5 - 2.5,SI,488
2026-05-24,PEGUA,1.5 - 2.5,SI,498
2026-05-24,PE1,1.5 - 2.5,SI,549
2026-05-24,PE3,3.0 - 4.0,SI,480
2026-05-24,PE1,3.0 - 4.0,SI,509
2026-05-24,PE3,1.5 - 2.5,si,535
2026-05-24,PEGUA,1.5 - 2.5,SI,484
2026-05-24,PE2,1.5 - 2.5,SI,513
2026-05-24,PE1,1,SI,547
2026-05-24,PEBAB,1.5 - 2.5,SI,411
2026-05-24,PE2,3.0 - 4.0,si,506
2026-05-24,PE1,3.0 - 4.0,SI,528
2026-05-24,PE3,0.0 - 1.0,SI,511
2026-05-24,PE1,3.0 - 4.0,SI,597
2026-05-24,PE2,1.5 - 2.5,si,514
2026-05-24,PIND,1.5 - 2.5,si,432
2026-05-24,PE1,1.5 - 2.5,si,567
2026-05-24,PEBAB,1.5 - 2.5,si,412
2026-05-24,PEGUA,1.5 - 2.5,si,487
2026-05-24,PE3,1.5 - 2.5,SI,520
2026-05-24,PEGUA,1.5 - 2.5,SI,488
2026-05-24,PE2,0.0 - 1.0,si,516
2026-05-24,PE3,3.0 - 4.0,SI,558
2026-05-24,PE1,3.0 - 4.0,SI,603
2026-05-24,PJUG,3.0 - 4.0,si,51
2026-05-24,PEBAB,1.5 - 2.5,si,418
2026-05-24,PE2,3.0 - 4.0,SI,468
2026-05-24,PE1,1.5 - 2.5,SI,569
2026-05-24,PE1,0.0 - 1.0,SI,342
2026-05-24,PE2,1.5 - 2.5,SI,449
2026-05-24,PE1,1,SI,653
2026-05-24,PE3,0.0 - 1.0,SI,331
2026-05-24,PE1,1.5 - 2.5,SI,216
2026-05-24,PE3,1.5 - 2.5,SI,91
2026-05-24,PEBAB,1.5 - 2.5,si,243
2026-05-24,PEGUA,1.5 - 2.5,SI,306
2026-05-24,PJUG,3.0 - 4.0,SI,31
2026-05-24,PE3,3.0 - 4.0,SI,148
2026-05-24,PIND,1.5 - 2.5,si,169
2026-05-24,PE2,3.0 - 4.0,SI,257
2026-05-24,PE2,1.5 - 2.5,SI,399
2026-05-24,PE1,0.0 - 1.0,SI,185
2026-05-24,PE2,0.0 - 1.0,si,298
2026-05-25,PEBAB,1.5 - 2.5,SI,428
2026-05-25,PEGUA,1.5 - 2.5,SI,476
2026-05-25,PE2,3.0 - 4.0,SI,510
2026-05-25,PEGUA,1.5 - 2.5,SI,477
2026-05-25,PEBAB,1.5 - 2.5,SI,407
2026-05-25,PE1,3.0 - 4.0,SI,545
2026-05-25,PE3,3.0 - 4.0,SI,487
2026-05-25,PE1,1.5 - 2.5,SI,533
2026-05-25,PE2,1.5 - 2.5,SI,494
2026-05-25,PEGUA,1.5 - 2.5,SI,466
2026-05-25,PE3,1.5 - 2.5,SI,495
2026-05-25,PEGUA,1.5 - 2.5,SI,465
2026-05-25,PEBAB,1.5 - 2.5,si,396
2026-05-25,PEBAB,1.5 - 2.5,SI,423
2026-05-25,PE1,0.0 - 1.0,SI,7
2026-05-25,PE2,3.0 - 4.0,SI,508
2026-05-25,PE1,3.0 - 4.0,SI,542
2026-05-25,PEGUA,1.5 - 2.5,SI,471
2026-05-25,PE3,3.0 - 4.0,SI,480
2026-05-25,PEBAB,1.5 - 2.5,SI,399
2026-05-25,PE1,1.5 - 2.5,si,542
2026-05-25,PE2,0.0 - 1.0,si,247
2026-05-25,PE2,1.5 - 2.5,SI,492
2026-05-25,PE2,2,SI,409
2026-05-25,PE1,3.0 - 4.0,SI,539
2026-05-25,PIND,1.5 - 2.5,si,456
2026-05-25,PE1,1.5 - 2.5,si,89
2026-05-25,PEGUA,1.5 - 2.5,SI,480
2026-05-25,PE1,1.5 - 2.5,SI,558
2026-05-25,PE3,1.5 - 2.5,SI,481
2026-05-25,PE1,1,SI,561
2026-05-25,PE2,3.0 - 4.0,SI,502
2026-05-25,PE2,2,SI,407
2026-05-25,PE2,1.5 - 2.5,SI,491
2026-05-25,PEGUA,1.5 - 2.5,SI,469
2026-05-25,PEGUA,1.5 - 2.5,si,492
2026-05-25,PE1,3.0 - 4.0,SI,549
2026-05-25,PE1,3.0 - 4.0,SI,551
2026-05-25,PE2,0.0 - 1.0,SI,165
2026-05-25,PE3,3.0 - 4.0,SI,493
2026-05-25,PE1,1.5 - 2.5,SI,547
2026-05-25,PE1,3.0 - 4.0,SI,541
2026-05-25,PEBAB,1.5 - 2.5,SI,403
2026-05-25,PE2,2,SI,412
2026-05-25,PE2,3.0 - 4.0,SI,506
2026-05-25,PE1,1.5 - 2.5,si,573
2026-05-25,PE2,0.0 - 1.0,SI,47
2026-05-25,PE1,3.0 - 4.0,SI,545
2026-05-25,PEBAB,1.5 - 2.5,SI,419
2026-05-25,PEGUA,1.5 - 2.5,si,474
2026-05-25,PEBAB,1.5 - 2.5,SI,410
2026-05-25,PE3,1.5 - 2.5,SI,492
2026-05-25,PEGUA,1.5 - 2.5,si,508
2026-05-25,PE2,1.5 - 2.5,SI,508
2026-05-25,PIND,1.5 - 2.5,si,464
2026-05-25,PE3,3.0 - 4.0,SI,496
2026-05-25,PEBAB,1.5 - 2.5,SI,395
2026-05-25,PEGUA,1.5 - 2.5,SI,467
2026-05-25,PEBAB,1.5 - 2.5,SI,430
2026-05-25,PEGUA,1.5 - 2.5,SI,518
2026-05-25,PE2,3.0 - 4.0,SI,507
2026-05-25,PE1,3.0 - 4.0,SI,563
2026-05-25,PE1,3.0 - 4.0,si,541
2026-05-25,PEGUA,1.5 - 2.5,si,86
2026-05-25,PE1,1.5 - 2.5,SI,541
2026-05-25,PE1,1,si,579
2026-05-25,PE1,1.5 - 2.5,si,531
2026-05-25,PIND,1.5 - 2.5,si,467
2026-05-25,PE1,3.0 - 4.0,SI,503
2026-05-25,PE1,1.5 - 2.5,SI,533
2026-05-25,PE1,3.0 - 4.0,si,528
2026-05-25,PE2,3.0 - 4.0,SI,485
2026-05-25,PE2,1.5 - 2.5,SI,506
2026-05-25,PE2,1.5 - 2.5,SI,506
2026-05-25,PE3,3.0 - 4.0,SI,476
2026-05-25,PEBAB,1.5 - 2.5,SI,406
2026-05-25,PE2,3.0 - 4.0,SI,505
2026-05-25,PEGUA,1.5 - 2.5,SI,458
2026-05-25,PE3,1.5 - 2.5,SI,492
2026-05-25,PEGUA,1.5 - 2.5,SI,490
2026-05-25,PEGUA,1.5 - 2.5,SI,466
2026-05-25,PE2,2,SI,466
2026-05-25,PEBAB,1.5 - 2.5,SI,407
2026-05-25,PE1,3.0 - 4.0,SI,518
2026-05-25,PE1,1.5 - 2.5,SI,557
2026-05-25,PEBAB,1.5 - 2.5,SI,431
2026-05-25,PE1,1,SI,557
2026-05-25,PE2,2,SI,398
2026-05-25,PIND,1.5 - 2.5,si,479
2026-05-25,PEBAB,1.5 - 2.5,SI,413
2026-05-25,PE2,1.5 - 2.5,SI,510
2026-05-25,PE1,3.0 - 4.0,SI,532
2026-05-25,PE2,3.0 - 4.0,SI,498
2026-05-25,PE3,3.0 - 4.0,SI,494
2026-05-25,PE3,1.5 - 2.5,SI,493
2026-05-25,PE1,1.5 - 2.5,SI,532
2026-05-25,PE1,3.0 - 4.0,SI,527
2026-05-25,PEGUA,1.5 - 2.5,SI,505
2026-05-25,PEGUA,1.5 - 2.5,SI,466
2026-05-25,PEBAB,1.5 - 2.5,SI,408
2026-05-25,PEBAB,1.5 - 2.5,SI,446
2026-05-25,PEGUA,1.5 - 2.5,si,481
2026-05-25,PE2,1.5 - 2.5,SI,515
2026-05-25,PE1,3.0 - 4.0,SI,512
2026-05-25,PE1,1.5 - 2.5,si,539
2026-05-25,PE2,3.0 - 4.0,SI,529
2026-05-25,PE2,3.0 - 4.0,SI,517
2026-05-25,AD-PIND,1.5 - 2.5,SI,495
2026-05-25,AD-PIND,1.5 - 2.5,SI,512
2026-05-25,AD-PIND,1.5 - 2.5,SI,518
2026-05-25,PE3,0.0 - 1.0,SI,486
2026-05-25,AD-PIND,1.5 - 2.5,SI,497
2026-05-25,AD-PIND,1.5 - 2.5,si,489
2026-05-25,AD-PIND,1.5 - 2.5,SI,459
2026-05-25,AD-PIND,1.5 - 2.5,SI,500
2026-05-25,AD-PIND,1.5 - 2.5,SI,466
2026-05-25,AD-PIND,1.5 - 2.5,SI,470
2026-05-25,AD-PIND,1.5 - 2.5,SI,471
2026-05-25,AD-PIND,1.5 - 2.5,SI,477
2026-05-25,AD-PIND,1.5 - 2.5,si,135
2026-05-25,AD-PIND,1.5 - 2.5,SI,528
2026-05-25,AD-PIND,1.5 - 2.5,SI,546
2026-05-25,AD-PIND,1.5 - 2.5,SI,440
2026-05-25,AD-PIND,1.5 - 2.5,SI,506
2026-05-25,AD-PIND,1.5 - 2.5,SI,448
2026-05-25,PE1,1,si,556
2026-05-25,PE3,3.0 - 4.0,SI,484
2026-05-25,PE1,1.5 - 2.5,SI,550
2026-05-25,PE1,3.0 - 4.0,SI,541
2026-05-25,PE2,3.0 - 4.0,SI,517
2026-05-25,PE1,3.0 - 4.0,SI,548
2026-05-25,PEBAB,1.5 - 2.5,SI,406
2026-05-25,PEGUA,1.5 - 2.5,SI,507
2026-05-25,PE3,1.5 - 2.5,SI,492
2026-05-25,PIND,1.5 - 2.5,SI,456
2026-05-25,PE1,1.5 - 2.5,SI,553
2026-05-25,PE2,1.5 - 2.5,SI,515
2026-05-25,PE3,3.0 - 4.0,SI,483
2026-05-25,PEBAB,1.5 - 2.5,SI,424
2026-05-25,PE2,1.5 - 2.5,SI,520
2026-05-25,PEBAB,1.5 - 2.5,SI,410
2026-05-25,PE3,1.5 - 2.5,SI,513
2026-05-25,PEGUA,1.5 - 2.5,SI,516
2026-05-25,PE1,3.0 - 4.0,si,533
2026-05-25,PE2,3.0 - 4.0,SI,503
2026-05-25,PEBAB,1.5 - 2.5,SI,434
2026-05-25,PEGUA,1.5 - 2.5,SI,475
2026-05-25,PEGUA,1.5 - 2.5,SI,448
2026-05-25,PE3,1.5 - 2.5,SI,559
2026-05-25,PEBAB,1.5 - 2.5,si,403
2026-05-25,PE2,1.5 - 2.5,SI,513
2026-05-25,PE3,3.0 - 4.0,SI,491
2026-05-25,PE1,1.5 - 2.5,SI,532
2026-05-25,PEGUA,1.5 - 2.5,si,514
2026-05-25,PIND,1.5 - 2.5,SI,445
2026-05-25,PE1,3.0 - 4.0,SI,521
2026-05-25,PE1,1,si,540
2026-05-25,PEBAB,1.5 - 2.5,SI,395
2026-05-25,PEBAB,1.5 - 2.5,SI,444
2026-05-25,PEGUA,1.5 - 2.5,SI,454
2026-05-25,PE1,3.0 - 4.0,SI,240
2026-05-25,PE1,1.5 - 2.5,SI,364
2026-05-25,PE2,3.0 - 4.0,SI,462
2026-05-25,PIND,1.5 - 2.5,si,70
2026-05-25,PE2,1.5 - 2.5,SI,472
2026-05-25,PE1,3.0 - 4.0,SI,332
2026-05-25,PE2,3.0 - 4.0,SI,232
2026-05-25,PE1,1.5 - 2.5,si,342
2026-05-25,PE3,3.0 - 4.0,SI,164
2026-05-25,PE3,0.0 - 1.0,SI,379
2026-05-25,PEGUA,1.5 - 2.5,SI,162
2026-05-25,PE2,0.0 - 1.0,SI,153
2026-05-25,PE3,1.5 - 2.5,SI,508
2026-05-25,PEBAB,1.5 - 2.5,SI,388
2026-05-25,PE2,1.5 - 2.5,SI,263
2026-05-25,PJUG,3.0 - 4.0,si,548
2026-05-25,PJUG,3.0 - 4.0,si,61
2026-05-25,PE3,3.0 - 4.0,SI,502
2026-05-25,PE1,3.0 - 4.0,SI,464
2026-05-25,PE2,0.0 - 1.0,SI,452
2026-05-25,PE2,3.0 - 4.0,SI,290
2026-05-25,PE1,0.0 - 1.0,si,224
2026-05-25,PEBAB,1.5 - 2.5,SI,313
2026-05-25,PE1,1.5 - 2.5,SI,5
2026-05-26,PEBAB,1.5 - 2.5,SI,399
2026-05-26,PEBAB,1.5 - 2.5,SI,411
2026-05-26,PE1,3.0 - 4.0,SI,531
2026-05-26,PEGUA,1.5 - 2.5,SI,452
2026-05-26,PE2,1.5 - 2.5,si,492
2026-05-26,PE1,3.0 - 4.0,SI,536
2026-05-26,PE3,3.0 - 4.0,SI,499
2026-05-26,PEBAB,1.5 - 2.5,si,411
2026-05-26,PE3,1.5 - 2.5,si,493
2026-05-26,PE1,1.5 - 2.5,SI,527
2026-05-26,PEGUA,1.5 - 2.5,SI,485
2026-05-26,PEGUA,1.5 - 2.5,si,2
2026-05-26,PEBAB,1.5 - 2.5,SI,415
2026-05-26,PE1,3.0 - 4.0,SI,541
2026-05-26,PIND,1.5 - 2.5,SI,505
2026-05-26,PEBAB,1.5 - 2.5,SI,402
2026-05-26,PE2,1.5 - 2.5,SI,491
2026-05-26,PE1,3.0 - 4.0,SI,536
2026-05-26,PEGUA,1.5 - 2.5,SI,458
2026-05-26,PE2,1.5 - 2.5,si,502
2026-05-26,PE3,3.0 - 4.0,SI,522
2026-05-26,PEGUA,1.5 - 2.5,SI,490
2026-05-26,PE1,1.5 - 2.5,SI,540
2026-05-26,PEBAB,1.5 - 2.5,SI,404
2026-05-26,PE3,1.5 - 2.5,SI,521
2026-05-26,PE1,3.0 - 4.0,SI,543
2026-05-26,PEGUA,1.5 - 2.5,si,476
2026-05-26,PEBAB,1.5 - 2.5,SI,426
2026-05-26,PEGUA,1.5 - 2.5,SI,478
2026-05-26,PEBAB,1.5 - 2.5,si,404
2026-05-26,PIND,1.5 - 2.5,SI,494
2026-05-26,PE2,3.0 - 4.0,SI,498
2026-05-26,PE2,1.5,SI,402
2026-05-26,PEBAB,1.5 - 2.5,SI,429
2026-05-26,PE1,1,SI,535
2026-05-26,PE2,1.5 - 2.5,SI,503
2026-05-26,PE1,3.0 - 4.0,SI,539
2026-05-26,PE1,1.5 - 2.5,SI,532
2026-05-26,PE3,3.0 - 4.0,SI,538
2026-05-26,PE2,3.0 - 4.0,si,501
2026-05-26,PEGUA,1.5 - 2.5,SI,466
2026-05-26,PEBAB,1.5 - 2.5,SI,418
2026-05-26,PE1,3.0 - 4.0,SI,538
2026-05-26,PEBAB,1.5 - 2.5,SI,399
2026-05-26,PE3,1.5 - 2.5,SI,511
2026-05-26,PEGUA,1.5 - 2.5,SI,47
2026-05-26,PEBAB,1.5 - 2.5,si,8
2026-05-26,PIND,1.5 - 2.5,SI,491
2026-05-26,PE2,3.0 - 4.0,SI,500
2026-05-26,PE3,3.0 - 4.0,SI,511
2026-05-26,PE2,3.0 - 4.0,SI,501
2026-05-26,PE1,3.0 - 4.0,SI,541
2026-05-26,PEGUA,1.5 - 2.5,SI,461
2026-05-26,PEBAB,1.5 - 2.5,SI,393
2026-05-26,PE1,1.5 - 2.5,SI,538
2026-05-26,PEBAB,1.5 - 2.5,SI,412
2026-05-26,PEGUA,1.5 - 2.5,SI,101
2026-05-26,PEBAB,1.5 - 2.5,SI,424
2026-05-26,PE1,3.0 - 4.0,SI,545
2026-05-26,PEGUA,1.5 - 2.5,SI,496
2026-05-26,PEBAB,1.5 - 2.5,SI,395
2026-05-26,PEGUA,1.5 - 2.5,SI,460
2026-05-26,PE1,3.0 - 4.0,SI,543
2026-05-26,PE2,3.0 - 4.0,SI,493
2026-05-26,PE3,3.0 - 4.0,SI,549
2026-05-26,PEGUA,1.5 - 2.5,SI,465
2026-05-26,PIND,1.5 - 2.5,SI,496
2026-05-26,PE1,1.5 - 2.5,SI,538
2026-05-26,PE3,1.5 - 2.5,SI,533
2026-05-26,PE2,1.5 - 2.5,SI,516
2026-05-26,PEGUA,1.5 - 2.5,si,490
2026-05-26,PEBAB,1.5 - 2.5,SI,407
2026-05-26,PE3,0.0 - 1.0,si,511
2026-05-26,PE1,3.0 - 4.0,SI,541
2026-05-26,PEBAB,1.5 - 2.5,SI,393
2026-05-26,PEGUA,1.5 - 2.5,SI,464
2026-05-26,PEGUA,1.5 - 2.5,SI,478
2026-05-26,PE2,3.0 - 4.0,SI,488
2026-05-26,PE1,3.0 - 4.0,si,534
2026-05-26,PE3,3.0 - 4.0,SI,531
2026-05-26,PEBAB,1.5 - 2.5,si,408
2026-05-26,PE1,3.0 - 4.0,SI,541
2026-05-26,PEBAB,1.5 - 2.5,SI,395
2026-05-26,PE1,1.5 - 2.5,SI,556
2026-05-26,PIND,1.5 - 2.5,SI,482
2026-05-26,PEBAB,1.5 - 2.5,SI,414
2026-05-26,PEGUA,1.5 - 2.5,SI,472
2026-05-26,PE2,3.0 - 4.0,SI,502
2026-05-26,PEGUA,1.5 - 2.5,SI,458
2026-05-26,PE2,3.0 - 4.0,SI,487
2026-05-26,PE2,1.5,SI,398
2026-05-26,PE3,3.0 - 4.0,SI,60
2026-05-26,PE1,1,SI,531
2026-05-26,PE3,1.5 - 2.5,SI,529
2026-05-26,PE1,1,SI,551
2026-05-26,PE1,1,SI,549
2026-05-26,PE1,1,SI,536
2026-05-26,PE1,1,SI,552
2026-05-26,PE1,1,SI,550
2026-05-26,PE1,1,SI,545
2026-05-26,PE2,1.5,SI,411
2026-05-26,PE1,1,SI,544
2026-05-26,PE1,1,SI,537
2026-05-26,PE1,1,SI,538
2026-05-26,PE1,0.0 - 1.0,SI,523
2026-05-26,PE1,1,SI,555
2026-05-26,PE3,0.0 - 1.0,si,526
2026-05-26,PE1,1,SI,551
2026-05-26,PE1,1,SI,541
2026-05-26,PE2,3.0 - 4.0,SI,82
2026-05-26,PE1,2,SI,546
2026-05-26,PE2,1.5,SI,363
2026-05-26,PE1,2,SI,569
2026-05-26,PE3,1.5 - 2.5,SI,355
2026-05-26,PE1,0.0 - 1.0,SI,521
2026-05-26,PE3,3.0 - 4.0,SI,296
2026-05-26,PE2,0.0 - 1.0,SI,502
2026-05-26,PE1,3.0 - 4.0,SI,305
2026-05-26,PIND,1.5 - 2.5,SI,503
2026-05-26,PE2,1.5 - 2.5,si,326
2026-05-26,AD1,0.0 - 1.0,si,552
2026-05-26,PE2,1.5,SI,417
2026-05-26,PEGUA,1.5 - 2.5,SI,491
2026-05-26,PEBAB,1.5 - 2.5,SI,374
2026-05-26,AD3,0.0 - 1.0,si,542
2026-05-26,PEBAB,1.5 - 2.5,SI,161
2026-05-26,ADGUA,1.5 - 2.5,SI,498
2026-05-26,AD1,0.0 - 1.0,si,546
2026-05-26,AD2,1.5,SI,408
2026-05-26,AD3,0.0 - 1.0,si,531
2026-05-26,AD2,0.0 - 1.0,SI,494
2026-05-26,AD2,1.5 - 2.5,si,500
2026-05-26,AD-PIND,1.5 - 2.5,SI,496
2026-05-26,AD2,1.5,SI,301
2026-05-26,AD-PJUG,3.0 - 4.0,SI,521
2026-05-26,AD3,1.5 - 2.5,SI,77
2026-05-26,AD2,1.5,SI,352
2026-05-26,AD1,0,SI,303
2026-05-26,AD-PJUG,3.0 - 4.0,SI,470
2026-05-26,AD2,1.5 - 2.5,si,27
2026-05-26,AD2,3.0 - 4.0,SI,320
2026-05-26,AD3,0.0 - 1.0,si,553
2026-05-26,AD3,3.0 - 4.0,SI,172
2026-05-26,AD1,1.5 - 2.5,SI,464
2026-05-26,AD2,0.0 - 1.0,si,502
2026-05-26,AD1,0.0 - 1.0,SI,204
2026-05-26,AD2,0.0 - 1.0,SI,237
2026-05-26,ADBABY,1.5 - 2.5,SI,461
2026-05-26,AD1,2,SI,315
2026-05-26,AD-PIND,1.5 - 2.5,SI,150
2026-05-26,AD1,1.5 - 2.5,SI,381
2026-05-26,AD1,0.0 - 1.0,SI,645
2026-05-26,AD1,3.0 - 4.0,SI,328
2026-05-26,AD-PJUG,3.0 - 4.0,SI,58
2026-05-26,ADGUA,1.5 - 2.5,si,501
2026-05-26,AD2,1.5,SI,303
2026-05-26,AD-PJUG,3.0 - 4.0,SI,161
2026-05-26,ADGUA,1.5 - 2.5,SI,530
2026-05-26,AD1,3.0 - 4.0,SI,259
2026-05-26,PE1,1.5 - 2.5,SI,6
2026-05-26,PE2,1.5 - 2.5,SI,15
2026-05-26,PE3,1.5 - 2.5,SI,2
2026-05-26,PE1,1.5 - 2.5,SI,44
2026-05-26,PE2,1.5 - 2.5,SI,21
2026-05-26,PE3,1.5 - 2.5,SI,3
2026-05-26,PE3,1.5 - 2.5,SI,3
2026-05-27,PE3,0.0 - 1.0,SI,488
2026-05-27,PE2,0.0 - 1.0,SI,505
2026-05-27,PE2,0.0 - 1.0,SI,11
2026-05-27,PE2,0.0 - 1.0,SI,513
2026-05-27,PE3,0.0 - 1.0,SI,488
2026-05-27,PE1,2,SI,530
2026-05-27,PEGUA,1.5 - 2.5,si,473
2026-05-27,PE1,0.0 - 1.0,SI,523
2026-05-27,PE3,0.0 - 1.0,SI,491
2026-05-27,PE2,0.0 - 1.0,si,513
2026-05-27,PE1,0,SI,517
2026-05-27,PE3,0.0 - 1.0,SI,494
2026-05-27,PE2,0.0 - 1.0,SI,498
2026-05-27,PE2,0.0 - 1.0,SI,509
2026-05-27,PE1,0.0 - 1.0,SI,529
2026-05-27,PEGUA,1.5 - 2.5,SI,488
2026-05-27,PE1,2,SI,532
2026-05-27,PE1,0,SI,526
2026-05-27,PE1,0.0 - 1.0,SI,528
2026-05-27,PEGUA,1.5 - 2.5,si,493
2026-05-27,PE1,0.0 - 1.0,SI,555
2026-05-27,PE3,0.0 - 1.0,SI,490
2026-05-27,PE2,0.0 - 1.0,SI,521
2026-05-27,PE1,2,SI,549
2026-05-27,PE1,2,SI,105
2026-05-27,PEBAB,1.5 - 2.5,SI,482
2026-05-27,PE3,0.0 - 1.0,SI,487
2026-05-27,PIND,1.5 - 2.5,si,472
2026-05-27,PE1,0,SI,627
2026-05-27,PEBAB,1.5 - 2.5,SI,455
2026-05-27,PE2,0.0 - 1.0,SI,539
2026-05-27,PE1,1.5 - 2.5,SI,151
2026-05-27,PE1,0.0 - 1.0,si,543
2026-05-27,PE2,0.0 - 1.0,SI,506
2026-05-27,PE3,0.0 - 1.0,si,496
2026-05-27,PE2,0.0 - 1.0,SI,524
2026-05-27,PE1,0.0 - 1.0,SI,567
2026-05-27,PE1,0.0 - 1.0,SI,581
2026-05-27,PEGUA,1.5 - 2.5,SI,476
2026-05-27,PE2,1.5 - 2.5,SI,90
2026-05-27,PE1,0.0 - 1.0,SI,624
2026-05-27,PE1,0.0 - 1.0,SI,534
2026-05-27,PE1,0.0 - 1.0,SI,531
2026-05-27,PE3,0.0 - 1.0,si,488
2026-05-27,PE2,0.0 - 1.0,SI,517
2026-05-27,PE1,0.0 - 1.0,SI,632
2026-05-27,PE1,1.5 - 2.5,SI,552
2026-05-27,PEGUA,1.5 - 2.5,SI,474
2026-05-27,PEBAB,1.5 - 2.5,SI,437
2026-05-27,PEGUA,1.5 - 2.5,SI,481
2026-05-27,PE2,3.0 - 4.0,SI,500
2026-05-27,PE1,0.0 - 1.0,SI,565
2026-05-27,PIND,1.5 - 2.5,si,496
2026-05-27,PEBAB,1.5 - 2.5,SI,387
2026-05-27,PE1,3.0 - 4.0,SI,532
2026-05-27,PEBAB,1.5 - 2.5,SI,450
2026-05-27,PE1,0.0 - 1.0,SI,547
2026-05-27,PE2,0.0 - 1.0,SI,505
2026-05-27,PEGUA,1.5 - 2.5,SI,486
2026-05-27,PE1,3.0 - 4.0,SI,543
2026-05-27,PE2,1.5,SI,403
2026-05-27,PE3,3.0 - 4.0,SI,495
2026-05-27,PEBAB,1.5 - 2.5,SI,393
2026-05-27,PE3,0.0 - 1.0,SI,481
2026-05-27,PEBAB,1.5 - 2.5,SI,419
2026-05-27,PEGUA,1.5 - 2.5,si,476
2026-05-27,PEGUA,1.5 - 2.5,si,462
2026-05-27,PEBAB,1.5 - 2.5,SI,407
2026-05-27,PEGUA,1.5 - 2.5,SI,485
2026-05-27,PE2,3.0 - 4.0,SI,217
2026-05-27,PE2,0.0 - 1.0,SI,492
2026-05-27,PEGUA,1.5 - 2.5,SI,480
2026-05-27,PEBAB,1.5 - 2.5,SI,421
2026-05-27,PE2,3.0 - 4.0,SI,504
2026-05-27,PE1,0.0 - 1.0,si,532
2026-05-27,PE3,0.0 - 1.0,SI,499
2026-05-27,PEGUA,1.5 - 2.5,SI,498
2026-05-27,PEBAB,1.5 - 2.5,SI,402
2026-05-27,PE1,3.0 - 4.0,SI,539
2026-05-27,PE1,1.5 - 2.5,SI,534
2026-05-27,PE2,0.0 - 1.0,SI,520
2026-05-27,PIND,1.5 - 2.5,si,450
2026-05-27,PEGUA,1.5 - 2.5,SI,468
2026-05-27,PE2,0.0 - 1.0,SI,493
2026-05-27,PEBAB,1.5 - 2.5,SI,453
2026-05-27,PEGUA,1.5 - 2.5,SI,447
2026-05-27,PEBAB,1.5 - 2.5,SI,405
2026-05-27,PE3,0.0 - 1.0,SI,492
2026-05-27,PE2,0.0 - 1.0,SI,503
2026-05-27,PE3,1.5 - 2.5,SI,389
2026-05-27,PE1,0.0 - 1.0,SI,546
2026-05-27,PEGUA,1.5 - 2.5,SI,515
2026-05-27,PJUG,3.0 - 4.0,si,539
2026-05-27,PE1,0.0 - 1.0,SI,520
2026-05-27,PE3,0.0 - 1.0,si,484
2026-05-27,PE1,0.0 - 1.0,SI,560
2026-05-27,PE2,0.0 - 1.0,SI,499
2026-05-27,PE1,0.0 - 1.0,SI,565
2026-05-27,PE2,3.0 - 4.0,SI,583
2026-05-27,PE2,2,SI,262
2026-05-27,PE2,0.0 - 1.0,SI,517
2026-05-27,PE3,3.0 - 4.0,SI,622
2026-05-27,PEGUA,1.5 - 2.5,SI,482
2026-05-27,PEGUA,1.5 - 2.5,SI,456
2026-05-27,PE2,0.0 - 1.0,SI,332
2026-05-27,PE3,0.0 - 1.0,SI,488
2026-05-27,PIND,1.5 - 2.5,si,461
2026-05-27,AD1,0.0 - 1.0,SI,545
2026-05-27,PE2,2,SI,413
2026-05-27,PE2,3.0 - 4.0,SI,78
2026-05-27,PE1,0.0 - 1.0,SI,539
2026-05-27,AD2,0.0 - 1.0,SI,504
2026-05-27,PE1,1.5 - 2.5,SI,414
2026-05-27,PE2,0.0 - 1.0,SI,387
2026-05-27,PE1,3.0 - 4.0,SI,439
2026-05-27,PE3,1.5 - 2.5,SI,412
2026-05-27,PE2,1.5 - 2.5,SI,346
2026-05-27,AD1,0.0 - 1.0,SI,539
2026-05-27,AD1,0.0 - 1.0,si,569
2026-05-27,PE2,2,SI,320
2026-05-27,PE2,1.5 - 2.5,SI,271
2026-05-27,AD2,0.0 - 1.0,SI,507
2026-05-27,PEGUA,1.5 - 2.5,SI,440
2026-05-27,AD3,0.0 - 1.0,SI,269
2026-05-27,AD1,0.0 - 1.0,SI,552
2026-05-27,PEGUA,1.5 - 2.5,SI,364
2026-05-27,AD1,0.0 - 1.0,si,529
2026-05-27,AD1,0.0 - 1.0,SI,530
2026-05-27,PEBAB,1.5 - 2.5,SI,287
2026-05-27,AD3,0.0 - 1.0,SI,477
2026-05-27,AD2,0.0 - 1.0,SI,512
2026-05-27,AD2,0.0 - 1.0,SI,585
2026-05-27,ADBABY,1.5 - 2.5,SI,399
2026-05-27,AD3,0.0 - 1.0,SI,407
2026-05-27,AD3,3.0 - 4.0,SI,96
2026-05-27,AD1,0.0 - 1.0,SI,534
2026-05-27,AD-PJUG,3.0 - 4.0,si,351
2026-05-27,PEBAB,1.5 - 2.5,SI,429
2026-05-27,AD1,1.5 - 2.5,SI,531
2026-05-27,AD2,1.5 - 2.5,SI,471
2026-05-27,AD3,1.5 - 2.5,SI,60
2026-05-27,ADBABY,1.5 - 2.5,SI,21
2026-05-27,AD2,0.0 - 1.0,SI,404
2026-05-27,ADGUA,1.5 - 2.5,SI,477
2026-05-27,AD3,0.0 - 1.0,SI,409
2026-05-27,AD-PJUG,3.0 - 4.0,si,591
2026-05-27,AD1,3.0 - 4.0,SI,546
2026-05-27,ADGUA,1.5 - 2.5,SI,508
2026-05-27,AD-PIND,1.5 - 2.5,SI,173
2026-05-27,AD-PJUG,3.0 - 4.0,si,44
2026-05-27,PE1,1.5 - 2.5,si,239
2026-05-28,PEGUA,1.5 - 2.5,SI,468
2026-05-28,PE2,1.5 - 2.5,SI,30
2026-05-28,PEBAB,1.5 - 2.5,SI,386
2026-05-28,PE2,0.0 - 1.0,SI,496
2026-05-28,PE3,0.0 - 1.0,SI,484
2026-05-28,PE2,3.0 - 4.0,SI,25
2026-05-28,PEGUA,1.5 - 2.5,SI,457
2026-05-28,PE2,0.0 - 1.0,SI,497
2026-05-28,PE1,0.0 - 1.0,SI,541
2026-05-28,PE1,1,si,535
2026-05-28,PE3,0.0 - 1.0,SI,486
2026-05-28,PE2,0.0 - 1.0,SI,508
2026-05-28,PE2,0.0 - 1.0,SI,515
2026-05-28,PE1,0.0 - 1.0,SI,546
2026-05-28,PE1,1,si,535
2026-05-28,PE2,0.0 - 1.0,si,510
2026-05-28,PE3,0.0 - 1.0,SI,496
2026-05-28,PEGUA,1.5 - 2.5,si,544
2026-05-28,PEGUA,1.5 - 2.5,SI,486
2026-05-28,PEBAB,1.5 - 2.5,SI,437
2026-05-28,PIND,1.5 - 2.5,SI,486
2026-05-28,PEBAB,1.5 - 2.5,SI,399
2026-05-28,PEGUA,1.5 - 2.5,SI,470
2026-05-28,PE2,0.0 - 1.0,SI,506
2026-05-28,PE3,0.0 - 1.0,SI,493
2026-05-28,PEBAB,1.5 - 2.5,SI,392
2026-05-28,PEBAB,1.5 - 2.5,SI,424
2026-05-28,PEGUA,1.5 - 2.5,SI,464
2026-05-28,PE2,0.0 - 1.0,SI,515
2026-05-28,PE1,0.0 - 1.0,SI,545
2026-05-28,PE2,0.0 - 1.0,SI,506
2026-05-28,PE1,1,si,545
2026-05-28,PE3,0.0 - 1.0,si,488
2026-05-28,PE3,0.0 - 1.0,si,1
2026-05-28,PIND,1.5 - 2.5,SI,464
2026-05-28,PE2,0.0 - 1.0,SI,513
2026-05-28,PE1,0.0 - 1.0,SI,568
2026-05-28,PE2,2,SI,397
2026-05-28,PE1,1,SI,551
2026-05-28,PEGUA,1.5 - 2.5,SI,513
2026-05-28,PE1,0,SI,517
2026-05-28,PE3,0.0 - 1.0,si,22
2026-05-28,PE1,0.0 - 1.0,SI,547
2026-05-28,PEGUA,1.5 - 2.5,si,475
2026-05-28,PE2,0.0 - 1.0,SI,516
2026-05-28,PE3,0.0 - 1.0,si,494
2026-05-28,PEGUA,1.5 - 2.5,SI,471
2026-05-28,PEBAB,1.5 - 2.5,SI,401
2026-05-28,PEBAB,1.5 - 2.5,SI,421
2026-05-28,PEBAB,1.5 - 2.5,SI,435
2026-05-28,PEGUA,1.5 - 2.5,SI,459
2026-05-28,PE2,0.0 - 1.0,SI,506
2026-05-28,PE3,0.0 - 1.0,SI,488
2026-05-28,PE1,1,SI,540
2026-05-28,PEBAB,1.5 - 2.5,SI,439
2026-05-28,PE2,0.0 - 1.0,SI,517
2026-05-28,PEGUA,1.5 - 2.5,si,455
2026-05-28,PEBAB,1.5 - 2.5,SI,409
2026-05-28,PEGUA,1.5 - 2.5,SI,516
2026-05-28,PE3,0.0 - 1.0,SI,489
2026-05-28,PE2,0.0 - 1.0,si,508
2026-05-28,PE1,0.0 - 1.0,SI,543
2026-05-28,PEGUA,1.5 - 2.5,SI,461
2026-05-28,PEBAB,1.5 - 2.5,SI,402
2026-05-28,PIND,1.5 - 2.5,SI,464
2026-05-28,PEBAB,1.5 - 2.5,SI,441
2026-05-28,PEGUA,1.5 - 2.5,SI,458
2026-05-28,PE3,0.0 - 1.0,SI,488
2026-05-28,PEBAB,1.5 - 2.5,SI,417
2026-05-28,PEGUA,1.5 - 2.5,SI,442
2026-05-28,PIND,1.5 - 2.5,SI,28
2026-05-28,PE2,2,SI,393
2026-05-28,PE2,0.0 - 1.0,SI,483
2026-05-28,PE3,0.0 - 1.0,SI,479
2026-05-28,PE1,1,si,544
2026-05-28,PE2,2,SI,402
2026-05-28,PEBAB,1.5 - 2.5,si,415
2026-05-28,PE1,0.0 - 1.0,SI,573
2026-05-28,PE2,0.0 - 1.0,SI,505
2026-05-28,PE3,0.0 - 1.0,SI,498
2026-05-28,PEBAB,1.5 - 2.5,SI,430
2026-05-28,PEBAB,1.5 - 2.5,SI,465
2026-05-28,PEGUA,1.5 - 2.5,SI,511
2026-05-28,PE2,0.0 - 1.0,SI,517
2026-05-28,PEBAB,1.5 - 2.5,SI,410
2026-05-28,PEGUA,1.5 - 2.5,SI,470
2026-05-28,PE3,0.0 - 1.0,si,489
2026-05-28,PEBAB,1.5 - 2.5,SI,438
2026-05-28,PIND,1.5 - 2.5,SI,467
2026-05-28,PE2,2,SI,462
2026-05-28,PEBAB,1.5 - 2.5,si,431
2026-05-28,PE2,0.0 - 1.0,SI,501
2026-05-28,PEGUA,1.5 - 2.5,SI,457
2026-05-28,PEBAB,1.5 - 2.5,SI,401
2026-05-28,PE1,1,si,552
2026-05-28,PE1,0.0 - 1.0,SI,540
2026-05-28,PE3,0.0 - 1.0,SI,490
2026-05-28,PEGUA,1.5 - 2.5,SI,457
2026-05-28,PEBAB,1.5 - 2.5,SI,423
2026-05-28,PE2,0.0 - 1.0,SI,505
2026-05-28,PE2,2,SI,380
2026-05-28,PE1,0.0 - 1.0,SI,551
2026-05-28,PEBAB,1.5 - 2.5,SI,420
2026-05-28,PEGUA,1.5 - 2.5,SI,499
2026-05-28,PE3,0.0 - 1.0,SI,494
2026-05-28,PE1,1,SI,557
2026-05-28,PE2,0.0 - 1.0,SI,500
2026-05-28,PE1,0,SI,523
2026-05-28,PE3,0.0 - 1.0,si,539
2026-05-28,PE2,0.0 - 1.0,SI,515
2026-05-28,PEGUA,1.5 - 2.5,SI,510
2026-05-28,PE1,0.0 - 1.0,SI,543
2026-05-28,PE2,1.5 - 2.5,SI,620
2026-05-28,PEBAB,1.5 - 2.5,SI,427
2026-05-28,PE1,1.5 - 2.5,SI,655
2026-05-28,AD1,0.0 - 1.0,SI,524
2026-05-28,PE1,3.0 - 4.0,SI,683
2026-05-28,AD2,0.0 - 1.0,SI,511
2026-05-28,PE3,1.5 - 2.5,SI,506
2026-05-28,PE1,0.0 - 1.0,SI,437
2026-05-28,PE3,0.0 - 1.0,si,497
2026-05-28,AD3,0.0 - 1.0,si,502
2026-05-28,AD1,0.0 - 1.0,SI,531
2026-05-28,AD2,0.0 - 1.0,SI,518
2026-05-28,AD2,0.0 - 1.0,SI,515
2026-05-28,AD1,1.5 - 2.5,SI,552
2026-05-28,AD1,0.0 - 1.0,SI,548
2026-05-28,AD-PIND,1.5 - 2.5,SI,456
2026-05-28,ADGUA,1.5 - 2.5,SI,490
2026-05-28,PE2,3.0 - 4.0,SI,311
2026-05-28,AD3,0.0 - 1.0,si,496
2026-05-28,AD2,0.0 - 1.0,SI,520
2026-05-28,AD-PIND,1.5 - 2.5,SI,25
2026-05-28,AD2,0.0 - 1.0,SI,323
2026-05-28,PE1,1.5 - 2.5,SI,98
2026-05-28,AD1,3.0 - 4.0,SI,342
2026-05-28,AD2,1.5 - 2.5,SI,330
2026-05-28,AD1,0.0 - 1.0,SI,539
2026-05-28,AD1,1.5 - 2.5,SI,124
2026-05-28,AD3,0.0 - 1.0,SI,541
2026-05-28,ADGUA,1.5 - 2.5,SI,481
2026-05-28,AD2,3.0 - 4.0,SI,172
2026-05-28,AD3,1.5 - 2.5,si,198
2026-05-28,ADBABY,1.5 - 2.5,si,147
2026-05-28,AD3,3.0 - 4.0,SI,225
2026-05-28,PE2,0.0 - 1.0,SI,517
2026-05-28,AD-PJUG,3.0 - 4.0,SI,448
2026-05-28,AD-PJUG,3.0 - 4.0,SI,454
2026-05-28,AD-PJUG,3.0 - 4.0,SI,51
2026-05-28,PE1,1.5 - 2.5,SI,16
2026-05-28,PE2,1.5 - 2.5,SI,29
2026-05-28,PE3,1.5 - 2.5,SI,1
2026-05-28,PE3,1.5 - 2.5,SI,4
2026-05-28,PE1,1.5 - 2.5,SI,26
2026-05-28,PE2,1.5 - 2.5,SI,27
2026-05-28,PE3,1.5 - 2.5,SI,4
2026-05-28,PE3,1.5 - 2.5,SI,3
2026-05-28,PE1,1.5 - 2.5,SI,26
2026-05-28,PE2,1.5 - 2.5,SI,38
2026-05-28,PE3,1.5 - 2.5,SI,2
2026-05-29,AL-PEGUA,1.5 - 2.5,SI,135
2026-05-29,PE2,0.0 - 1.0,SI,17
2026-05-29,PE1,0.0 - 1.0,SI,567
2026-05-29,PE3,0.0 - 1.0,SI,496
2026-05-29,PE2,1.5,SI,406
2026-05-29,PE2,1.5,SI,401
2026-05-29,PE1,1.5,SI,406
2026-05-29,PE1,0.0 - 1.0,SI,559
2026-05-29,PE1,0.0 - 1.0,SI,525
2026-05-29,PE2,1.5,SI,412
2026-05-29,PE3,0.0 - 1.0,si,489
2026-05-29,PE2,1.5,SI,405
2026-05-29,PEBAB,1.5 - 2.5,si,433
2026-05-29,PEGUA,1.5 - 2.5,si,484
2026-05-29,PEGUA,1.5 - 2.5,SI,496
2026-05-29,PE2,2,SI,400
2026-05-29,PIND,1.5 - 2.5,SI,436
2026-05-29,PE3,0.0 - 1.0,si,539
2026-05-29,PEBAB,1.5 - 2.5,si,412
2026-05-29,PEGUA,1.5 - 2.5,si,447
2026-05-29,PE1,0.0 - 1.0,SI,549
2026-05-29,PEGUA,1.5 - 2.5,SI,486
2026-05-29,PEBAB,1.5 - 2.5,si,406
2026-05-29,PEGUA,1.5 - 2.5,SI,504
2026-05-29,PE3,0.0 - 1.0,si,541
2026-05-29,PE1,1.5,SI,409
2026-05-29,PE2,1.5,SI,403
2026-05-29,PEBAB,1.5 - 2.5,SI,422
2026-05-29,PEGUA,1.5 - 2.5,si,440
2026-05-29,PEGUA,1.5 - 2.5,SI,457
2026-05-29,PEBAB,1.5 - 2.5,si,409
2026-05-29,PEGUA,1.5 - 2.5,SI,436
2026-05-29,PE3,0.0 - 1.0,si,513
2026-05-29,PEGUA,1.5 - 2.5,si,516
2026-05-29,PEBAB,1.5 - 2.5,SI,421
2026-05-29,PIND,1.5 - 2.5,SI,439
2026-05-29,PEBAB,1.5 - 2.5,si,395
2026-05-29,PEBAB,1.5 - 2.5,SI,437
2026-05-29,PEGUA,1.5 - 2.5,SI,435
2026-05-29,PE3,1.5 - 2.5,SI,483
2026-05-29,PE2,1.5,SI,400
2026-05-29,PE1,0.0 - 1.0,SI,557
2026-05-29,PE3,0.0 - 1.0,si,527
2026-05-29,PEGUA,1.5 - 2.5,si,512
2026-05-29,PEBAB,1.5 - 2.5,si,413
2026-05-29,PE2,1.5,SI,402
2026-05-29,PEBAB,1.5 - 2.5,si,410
2026-05-29,PEGUA,1.5 - 2.5,si,440
2026-05-29,PE1,0.0 - 1.0,SI,529
2026-05-29,PE3,0.0 - 1.0,si,516
2026-05-29,PEGUA,1.5 - 2.5,SI,439
2026-05-29,PEGUA,1.5 - 2.5,si,526
2026-05-29,PEBAB,1.5 - 2.5,SI,419
2026-05-29,PE1,1.5 - 2.5,SI,36
2026-05-29,PE2,1.5 - 2.5,SI,14
2026-05-29,PE3,1.5 - 2.5,SI,12
2026-05-29,PE3,1.5 - 2.5,SI,3
2026-05-29,PIND,1.5 - 2.5,SI,446
2026-05-29,PE1,1.5,SI,409
2026-05-29,PE2,1.5,SI,402
2026-05-29,PE1,1.5,SI,420
2026-05-29,PE2,1.5,SI,420
2026-05-29,PE1,1.5,SI,417
2026-05-29,PE2,1.5,SI,408
2026-05-29,PE1,1.5,SI,425
2026-05-29,PE2,1.5,SI,403
2026-05-29,PE2,0.0 - 1.0,si,510
2026-05-29,PE2,1.5,SI,414
2026-05-29,PE2,1.5,SI,413
2026-05-29,PE3,0.0 - 1.0,SI,548
2026-05-29,PE3,0.0 - 1.0,si,472
2026-05-29,PE2,1.5,si,406
2026-05-29,PE1,0.0 - 1.0,SI,519
2026-05-29,PE2,1.5,SI,408
2026-05-29,PE2,1.5,SI,406
2026-05-29,PE2,1.5,SI,406
2026-05-29,PE2,1.5,SI,403
2026-05-29,PE2,1.5,SI,403
2026-05-29,PE2,1.5,SI,414
2026-05-29,PE3,0.0 - 1.0,si,571
2026-05-29,PE2,1.5,SI,403
2026-05-29,PE2,1.5,SI,401
2026-05-29,PE2,1.5,SI,404
2026-05-29,PE3,0.0 - 1.0,si,574
2026-05-29,PE2,1.5,SI,433
2026-05-29,PE2,2,SI,403
2026-05-29,PE2,2,SI,509
2026-05-29,PE2,2,SI,404
2026-05-29,PE2,2,SI,431
2026-05-29,PEBAB,1.5 - 2.5,si,415
2026-05-29,AD1,1.5 - 2.5,SI,544
2026-05-29,AD2,0.0 - 1.0,si,519
2026-05-29,AD1,0.0 - 1.0,SI,536
2026-05-29,AD1,0.0 - 1.0,SI,515
2026-05-29,AD2,0.0 - 1.0,si,508
2026-05-29,AD3,0.0 - 1.0,si,538
2026-05-29,PEGUA,1.5 - 2.5,si,545
2026-05-29,AD2,3.0 - 4.0,SI,156
2026-05-29,AD2,0.0 - 1.0,si,509
2026-05-29,AD1,0.0 - 1.0,SI,526
2026-05-29,AD2,0.0 - 1.0,si,416
2026-05-29,AD-PJUG,3.0 - 4.0,SI,79
2026-05-29,AD2,1.5 - 2.5,SI,173
2026-05-29,PE3,3.0 - 4.0,SI,147
2026-05-29,AD3,0.0 - 1.0,SI,668
2026-05-29,AD1,1.5 - 2.5,SI,262
2026-05-29,PE2,1.5 - 2.5,SI,589
2026-05-29,AD1,0.0 - 1.0,SI,286
2026-05-29,PE3,0.0 - 1.0,si,600
2026-05-29,AD-PJUG,3.0 - 4.0,SI,442
2026-05-29,AD-PIND,1.5 - 2.5,SI,354
2026-05-29,AD-PJUG,3.0 - 4.0,SI,290
2026-05-29,ADGUA,1.5 - 2.5,SI,181
2026-05-29,ADBABY,1.5 - 2.5,SI,265
2026-05-29,AD2,0.0 - 1.0,si,384
2026-05-29,PEGUA,1.5 - 2.5,SI,405
2026-05-29,PE2,1.5 - 2.5,SI,439
2026-05-29,ADGUA,1.5 - 2.5,si,373
2026-05-29,AD1,3.0 - 4.0,SI,384
2026-05-29,PE2,3.0 - 4.0,SI,204
2026-05-29,AD3,1.5 - 2.5,SI,426
2026-05-29,ADGUA,1.5 - 2.5,SI,281
2026-05-29,PE2,0.0 - 1.0,si,520
2026-05-29,PE2,0.0 - 1.0,si,505
2026-05-29,PE2,0.0 - 1.0,si,512
2026-05-29,PE2,0.0 - 1.0,si,509
2026-05-29,PE2,2,SI,421
2026-05-29,AD-PJUG,3.0 - 4.0,SI,33
2026-05-29,PE2,2,SI,461
2026-05-29,PE1,1.5 - 2.5,si,162
2026-05-29,PE2,2,SI,400
2026-05-31,PE3,0.0 - 1.0,si,530
2026-05-31,PE2,2,SI,408
2026-05-31,PE3,1.5 - 2.5,si,502
2026-05-31,PEGUA,1.5 - 2.5,si,462
2026-05-31,PEGUA,1.5 - 2.5,si,468
2026-05-31,PEGUA,1.5 - 2.5,SI,457
2026-05-31,PEBAB,1.5 - 2.5,si,418
2026-05-31,PE2,2,SI,381
2026-05-31,PIND,1.5 - 2.5,SI,449
2026-05-31,PE3,0.0 - 1.0,SI,495
2026-05-31,PEBAB,1.5 - 2.5,si,419
2026-05-31,PEBAB,1.5 - 2.5,si,415
2026-05-31,PEGUA,1.5 - 2.5,si,461
2026-05-31,PE3,1.5 - 2.5,si,491
2026-05-31,PEGUA,1.5 - 2.5,si,462
2026-05-31,PEBAB,1.5 - 2.5,si,414
2026-05-31,PEGUA,1.5 - 2.5,si,464
2026-05-31,PEGUA,1.5 - 2.5,SI,471
2026-05-31,PEBAB,1.5 - 2.5,SI,414
2026-05-31,PIND,1.5 - 2.5,SI,429
2026-05-31,PE3,0.0 - 1.0,SI,504
2026-05-31,PEBAB,1.5 - 2.5,si,422
2026-05-31,PE3,1.5 - 2.5,si,487
2026-05-31,PE1,0.0 - 1.0,SI,504
2026-05-31,PEGUA,1.5 - 2.5,SI,472
2026-05-31,PEGUA,1.5 - 2.5,SI,465
2026-05-31,PEGUA,1.5 - 2.5,SI,484
2026-05-31,PE1,1.5 - 2.5,si,498
2026-05-31,PEBAB,1.5 - 2.5,SI,429
2026-05-31,PE1,1.5 - 2.5,SI,551
2026-05-31,PIND,1.5 - 2.5,SI,438
2026-05-31,PE3,0.0 - 1.0,si,509
2026-05-31,PE3,1.5 - 2.5,si,490
2026-05-31,PE1,3.0 - 4.0,SI,431
2026-05-31,PEBAB,1.5 - 2.5,si,419
2026-05-31,PEGUA,1.5 - 2.5,SI,331
2026-05-31,PE1,1,si,545
2026-05-31,PEBAB,1.5 - 2.5,si,436
2026-05-31,PE2,1.5 - 2.5,SI,116
2026-05-31,PE3,1.5 - 2.5,si,142
2026-05-31,PE1,0.0 - 1.0,SI,315
2026-05-31,PEBAB,1.5 - 2.5,si,339
2026-05-31,PE2,3.0 - 4.0,SI,321
2026-05-31,PE3,3.0 - 4.0,SI,368
2026-05-31,PE1,1.5 - 2.5,si,187
2026-05-31,PE3,0.0 - 1.0,SI,271
2026-05-31,PEGUA,1.5 - 2.5,si,227
2026-05-31,PJUG,3.0 - 4.0,SI,162
2026-05-31,PEBAB,1.5 - 2.5,si,91
2026-05-31,PE2,2,SI,382
2026-05-31,AD3,0.0 - 1.0,si,482
2026-05-31,AD2,0.0 - 1.0,SI,496
2026-05-31,PE2,2,SI,370
2026-05-31,AD1,0.0 - 1.0,SI,526
2026-05-31,AD3,0.0 - 1.0,SI,483
2026-05-31,PE2,0.0 - 1.0,SI,490
2026-05-31,ADGUA,1.5 - 2.5,si,473
2026-05-31,AD2,0.0 - 1.0,SI,509
2026-05-31,AD1,0.0 - 1.0,SI,454
2026-05-31,AD1,0.0 - 1.0,SI,535
2026-05-31,AD1,3.0 - 4.0,SI,458
2026-05-31,AD1,1.5 - 2.5,SI,555
2026-05-31,AD3,0.0 - 1.0,SI,498
2026-05-31,AD2,0.0 - 1.0,SI,507
2026-05-31,AD1,0.0 - 1.0,si,547
2026-05-31,AD2,0.0 - 1.0,SI,501
2026-05-31,AD1,0.0 - 1.0,si,532
2026-05-31,AD2,0.0 - 1.0,SI,506
2026-05-31,AD3,0.0 - 1.0,si,494
2026-05-31,ADGUA,1.5 - 2.5,si,480
2026-05-31,PE2,1.5,si,239
2026-05-31,PE2,1.5 - 2.5,si,519
2026-05-31,PE2,1.5 - 2.5,si,227
2026-05-31,PE2,1.5,SI,257
2026-05-31,PE2,0.0 - 1.0,SI,202
2026-05-31,AD3,0.0 - 1.0,si,494
2026-05-31,AD1,0.0 - 1.0,SI,529
2026-05-31,AD2,0.0 - 1.0,SI,504
2026-05-31,AD2,0.0 - 1.0,SI,510
2026-05-31,AD1,3.0 - 4.0,SI,453
2026-05-31,ADGUA,1.5 - 2.5,si,438
2026-05-31,AD1,1.5 - 2.5,si,582
2026-05-31,AD2,1.5 - 2.5,si,580
2026-05-31,AD1,0.0 - 1.0,SI,524
2026-05-31,AD2,3.0 - 4.0,SI,503
2026-05-31,AD2,1.5 - 2.5,si,25
2026-05-31,AD-PJUG,3.0 - 4.0,SI,439
2026-05-31,AD3,0.0 - 1.0,SI,501
2026-05-31,AD1,3.0 - 4.0,SI,322
2026-05-31,AD1,1.5 - 2.5,SI,34
2026-05-31,AD2,3.0 - 4.0,SI,393
2026-05-31,AD1,0.0 - 1.0,SI,506
2026-05-31,AD3,0.0 - 1.0,SI,489
2026-05-31,ADGUA,1.5 - 2.5,SI,403
2026-05-31,AD-PJUG,3.0 - 4.0,si,20
2026-05-31,PJUG,3.0 - 4.0,SI,486
2026-05-31,AD-PIND,1.5 - 2.5,SI,370
2026-05-31,AD2,0.0 - 1.0,SI,358
2026-05-31,AD-PJUG,3.0 - 4.0,SI,342
2026-05-31,ADBABY,1.5 - 2.5,SI,128
2026-05-31,AD3,1.5 - 2.5,si,403
2026-05-31,AD2,0.0 - 1.0,SI,461
2026-05-31,PJUG,3.0 - 4.0,SI,135
2026-06-01,PE1,1.5 - 2.5,SI,6
2026-06-01,PE2,2,SI,415
2026-06-01,PE2,2,SI,404
2026-06-01,PE1,1,si,568
2026-06-01,PE2,2,SI,419
2026-06-01,PE2,2,SI,406
2026-06-01,PE2,2,SI,400
2026-06-01,PE1,1,SI,581
2026-06-01,PE2,2,SI,406
2026-06-01,PE1,1,SI,555
2026-06-01,PE2,2,SI,401
2026-06-01,PE1,1,SI,572
2026-06-01,PE2,2,SI,405
2026-06-01,PE1,0.0 - 1.0,SI,4
2026-06-01,PE3,0.0 - 1.0,SI,500
2026-06-01,PE2,2,si,393
2026-06-01,PE2,2,si,419
2026-06-01,PE2,0.0 - 1.0,SI,251
2026-06-01,PE2,2,si,400
2026-06-01,PE1,0.0 - 1.0,SI,501
2026-06-01,PE1,1,SI,553
2026-06-01,PE2,2,SI,408
2026-06-01,PE2,2,SI,407
2026-06-01,PE2,2,SI,412
2026-06-01,PEGUA,1.5 - 2.5,SI,447
2026-06-01,PE2,2,SI,406
2026-06-01,PEBAB,1.5 - 2.5,SI,408
2026-06-01,PE2,2,si,406
2026-06-01,PE1,1,si,536
2026-06-01,PE1,1.5 - 2.5,si,21
2026-06-01,PE2,2,SI,410
2026-06-01,PE3,0.0 - 1.0,SI,488
2026-06-01,PE2,2,si,410
2026-06-01,PE2,2,SI,396
2026-06-01,PIND,1.5 - 2.5,si,451
2026-06-01,PE2,2,SI,396
2026-06-01,PE2,1.5,SI,404
2026-06-01,PE2,1.5,SI,418
2026-06-01,PE2,1.5,SI,399
2026-06-01,PE2,1.5,SI,404
2026-06-01,PE1,1,SI,540
2026-06-01,PE2,1.5,SI,408
2026-06-01,PE2,1.5,SI,406
2026-06-01,PE2,1.5,SI,408
2026-06-01,PE2,1.5,SI,406
2026-06-01,PE2,1.5,SI,406
2026-06-01,PE1,1,SI,532
2026-06-01,PE2,1.5,si,401
2026-06-01,PE2,1.5,SI,407
2026-06-01,PEBAB,1.5 - 2.5,si,7
2026-06-01,PE2,1.5,SI,411
2026-06-01,PE2,1.5,SI,408
2026-06-01,PE3,0.0 - 1.0,SI,489
2026-06-01,PE1,1,si,540
2026-06-01,PE2,1.5,SI,390
2026-06-01,PE3,1.5 - 2.5,SI,30
2026-06-01,PEGUA,1.5 - 2.5,SI,437
2026-06-01,PE2,1.5,SI,408
2026-06-01,PE2,1.5,SI,408
2026-06-01,PE1,1.5 - 2.5,SI,523
2026-06-01,PE1,0.0 - 1.0,SI,490
2026-06-01,PE2,1.5,SI,405
2026-06-01,PE2,1.5,SI,405
2026-06-01,PE2,1.5,SI,414
2026-06-01,PE2,1.5,si,411
2026-06-01,PE1,0,si,510
2026-06-01,PE2,1.5,si,396
2026-06-01,PE3,0.0 - 1.0,SI,487
2026-06-01,PE2,1.5,si,407
2026-06-01,PE1,1.5,SI,410
2026-06-01,PE1,1.5,SI,525
2026-06-01,PE2,0.0 - 1.0,SI,509
2026-06-01,PE1,1.5,SI,406
2026-06-01,PE1,1,SI,536
2026-06-01,PE1,1,SI,292
2026-06-01,PE1,0,SI,493
2026-06-01,PEGUA,1.5 - 2.5,SI,475
2026-06-01,PE1,1.5,si,410
2026-06-01,PEBAB,1.5 - 2.5,SI,406
2026-06-01,PEGUA,1.5 - 2.5,SI,500
2026-06-01,PEGUA,1.5 - 2.5,si,434
2026-06-01,PE3,0.0 - 1.0,SI,499
2026-06-01,PE1,1,si,13
2026-06-01,PIND,1.5 - 2.5,SI,465
2026-06-01,PE1,0.0 - 1.0,SI,474
2026-06-01,PE2,0.0 - 1.0,SI,523
2026-06-01,PE3,1.5 - 2.5,SI,507
2026-06-01,PE1,0,SI,599
2026-06-01,PE1,1.5 - 2.5,SI,547
2026-06-01,PEGUA,1.5 - 2.5,si,58
2026-06-01,PE1,1.5 - 2.5,SI,533
2026-06-01,PE3,0.0 - 1.0,SI,507
2026-06-01,PE1,0.0 - 1.0,SI,500
2026-06-01,PE1,1.5 - 2.5,SI,583
2026-06-01,PEGUA,1.5 - 2.5,SI,425
2026-06-01,PE2,1.5 - 2.5,SI,506
2026-06-01,PEBAB,1.5 - 2.5,si,40
2026-06-01,PEBAB,1.5 - 2.5,SI,409
2026-06-01,PE1,0.0 - 1.0,SI,571
2026-06-01,PEGUA,1.5 - 2.5,si,471
2026-06-01,PE1,3.0 - 4.0,SI,605
2026-06-01,PE1,1.5 - 2.5,SI,569
2026-06-01,PE2,0.0 - 1.0,SI,512
2026-06-01,PE1,1.5 - 2.5,SI,572
2026-06-01,PE1,0.0 - 1.0,SI,523
2026-06-01,PE3,0.0 - 1.0,SI,534
2026-06-01,PE1,0.0 - 1.0,SI,489
2026-06-01,PE2,1.5,si,407
2026-06-01,PE2,1.5,si,407
2026-06-01,PIND,1.5 - 2.5,SI,445
2026-06-01,PE1,3.0 - 4.0,SI,598
2026-06-01,PE3,1.5 - 2.5,SI,482
2026-06-01,PEBAB,1.5 - 2.5,SI,420
2026-06-01,PE1,1.5 - 2.5,SI,557
2026-06-01,PE1,1.5 - 2.5,SI,582
2026-06-01,PE2,0.0 - 1.0,SI,523
2026-06-01,PE2,1.5 - 2.5,SI,517
2026-06-01,PE1,1.5 - 2.5,SI,578
2026-06-01,PE2,0.0 - 1.0,SI,527
2026-06-01,PE3,3.0 - 4.0,SI,508
2026-06-01,PEGUA,1.5 - 2.5,SI,453
2026-06-01,PEGUA,1.5 - 2.5,SI,414
2026-06-01,PE2,0.0 - 1.0,SI,520
2026-06-01,PE1,3.0 - 4.0,SI,587
2026-06-01,PE1,1.5 - 2.5,SI,595
2026-06-01,PEGUA,1.5 - 2.5,SI,489
2026-06-01,PE2,1.5,SI,72
2026-06-01,PE3,0.0 - 1.0,SI,530
2026-06-01,PE1,0.0 - 1.0,SI,516
2026-06-01,PE2,1.5 - 2.5,SI,514
2026-06-01,PE1,1.5 - 2.5,si,572
2026-06-01,PEGUA,1.5 - 2.5,SI,436
2026-06-01,PE1,3.0 - 4.0,si,593
2026-06-01,PEGUA,1.5 - 2.5,SI,482
2026-06-01,PE1,1.5 - 2.5,SI,569
2026-06-01,PE1,1.5 - 2.5,SI,588
2026-06-01,PE3,1.5 - 2.5,SI,488
2026-06-01,PE1,0.0 - 1.0,si,581
2026-06-01,PE2,0.0 - 1.0,si,511
2026-06-01,PIND,1.5 - 2.5,si,455
2026-06-01,PE3,0.0 - 1.0,SI,534
2026-06-01,PE2,3.0 - 4.0,SI,518
2026-06-01,PEBAB,1.5 - 2.5,si,419
2026-06-01,PEGUA,1.5 - 2.5,SI,449
2026-06-01,PE1,0.0 - 1.0,SI,511
2026-06-01,PE1,1.5 - 2.5,SI,738
2026-06-01,PE2,1.5 - 2.5,SI,304
2026-06-01,PE2,1.5 - 2.5,SI,516
2026-06-01,PE1,0.0 - 1.0,SI,399
2026-06-01,PE3,0.0 - 1.0,SI,503
2026-06-01,PEGUA,0.0 - 1.0,si,467
2026-06-01,PE1,3.0 - 4.0,SI,420
2026-06-01,PE3,3.0 - 4.0,SI,328
2026-06-01,PE2,0.0 - 1.0,SI,500
2026-06-01,PE1,3.0 - 4.0,SI,608
2026-06-01,PE3,0.0 - 1.0,SI,356
2026-06-01,PE2,0.0 - 1.0,si,509
2026-06-01,PE2,3.0 - 4.0,si,365
2026-06-01,PEBAB,1.5 - 2.5,si,427
2026-06-01,ADGUA,1.5 - 2.5,si,419
2026-06-01,AD3,0.0 - 1.0,SI,508
2026-06-01,ADGUA,1.5 - 2.5,SI,489
2026-06-01,AD2,0.0 - 1.0,SI,509
2026-06-01,AD1,0.0 - 1.0,si,522
2026-06-01,AD3,0.0 - 1.0,SI,512
2026-06-01,AD2,0.0 - 1.0,SI,510
2026-06-01,ADBABY,1.5 - 2.5,SI,416
2026-06-01,ADGUA,1.5 - 2.5,SI,445
2026-06-01,AD3,0.0 - 1.0,SI,505
2026-06-01,ADGUA,1.5 - 2.5,SI,493
2026-06-01,ADGUA,1.5 - 2.5,SI,463
2026-06-01,AD-PJUG,3.0 - 4.0,SI,218
2026-06-01,ADBABY,1.5 - 2.5,SI,454
2026-06-01,AD1,0.0 - 1.0,SI,348
2026-06-01,AD1,1.5 - 2.5,SI,142
2026-06-01,ADGUA,1.5 - 2.5,si,196
2026-06-01,AD-PJUG,3.0 - 4.0,SI,490
2026-06-01,AD2,0.0 - 1.0,SI,262
2026-06-01,AD-PIND,1.5 - 2.5,SI,346
2026-06-01,AD3,0.0 - 1.0,SI,585
2026-06-01,AD2,3.0 - 4.0,SI,285
2026-06-01,AD-PJUG,3.0 - 4.0,SI,184
2026-06-01,AD2,0.0 - 1.0,si,547
2026-06-01,AD3,1.5 - 2.5,SI,375
2026-06-01,AD3,3.0 - 4.0,SI,172
2026-06-01,ADBABY,1.5 - 2.5,SI,128
2026-06-01,AD2,0.0 - 1.0,SI,143
2026-06-01,AD-PJUG,3.0 - 4.0,si,201
2026-06-01,AD2,1.5 - 2.5,SI,338
2026-06-01,AD1,0.0 - 1.0,SI,23
2026-06-02,PEBAB,1.5 - 2.5,SI,402
2026-06-02,PE1,1,SI,554
2026-06-02,PE1,1,SI,557
2026-06-02,PE1,0.0 - 1.0,SI,528
2026-06-02,PE1,1,SI,551
2026-06-02,PE1,1,SI,559
2026-06-02,PE2,1.5,SI,396
2026-06-02,PE2,1.5,SI,409
2026-06-02,PE2,0.0 - 1.0,SI,500
2026-06-02,PE1,1,SI,535
2026-06-02,PE2,1.5,SI,409
2026-06-02,PE1,0.0 - 1.0,SI,512
2026-06-02,PE1,1,SI,526
2026-06-02,PE2,1.5,SI,411
2026-06-02,PEGUA,1.5 - 2.5,SI,325
2026-06-02,PE3,1.5 - 2.5,SI,16
2026-06-02,PEBAB,1.5 - 2.5,SI,419
2026-06-02,PE1,1.5 - 2.5,si,542
2026-06-02,PE2,1.5,SI,360
2026-06-02,PE2,1.5 - 2.5,SI,493
2026-06-02,PE2,0.0 - 1.0,SI,99
2026-06-02,PEGUA,1.5 - 2.5,SI,477
2026-06-02,PIND,1.5 - 2.5,SI,475
2026-06-02,PEBAB,1.5 - 2.5,SI,417
2026-06-02,PE3,1.5 - 2.5,SI,491
2026-06-02,PEGUA,1.5 - 2.5,SI,454
2026-06-02,PE2,0.0 - 1.0,SI,490
2026-06-02,PE2,1.5,SI,398
2026-06-02,PE1,1.5 - 2.5,SI,240
2026-06-02,PE2,1.5,SI,413
2026-06-02,PEBAB,1.5 - 2.5,SI,422
2026-06-02,PIND,1.5 - 2.5,SI,463
2026-06-02,PEGUA,1.5 - 2.5,SI,481
2026-06-02,PEGUA,1.5 - 2.5,SI,449
2026-06-02,PEBAB,1.5 - 2.5,SI,425
2026-06-02,PEGUA,1.5 - 2.5,SI,495
2026-06-02,PE1,1,SI,537
2026-06-02,PE1,1,SI,545
2026-06-02,PE3,3.0 - 4.0,SI,489
2026-06-02,PE1,1,SI,540
2026-06-02,PE1,0.0 - 1.0,SI,524
2026-06-02,PE1,1,SI,542
2026-06-02,PEBAB,1.5 - 2.5,SI,413
2026-06-02,PE1,1,SI,543
2026-06-02,PE1,0,SI,488
2026-06-02,PE1,0.0 - 1.0,SI,526
2026-06-02,PJUG,3.0 - 4.0,SI,160
2026-06-02,PE1,0,SI,529
2026-06-02,PE3,0.0 - 1.0,si,482
2026-06-02,PE1,1.5 - 2.5,SI,538
2026-06-02,PE2,1.5 - 2.5,SI,509
2026-06-02,PE1,1,SI,583
2026-06-02,PE1,1,SI,536
2026-06-02,PE1,1.5 - 2.5,SI,560
2026-06-02,PE2,1.5,SI,413
2026-06-02,PE2,3.0 - 4.0,SI,500
2026-06-02,PE3,0.0 - 1.0,SI,491
2026-06-02,PE3,1.5 - 2.5,SI,478
2026-06-02,PE1,0,SI,513
2026-06-02,PE1,3.0 - 4.0,SI,539
2026-06-02,PEGUA,1.5 - 2.5,SI,468
2026-06-02,PE1,3.0 - 4.0,SI,506
2026-06-02,PIND,1.5 - 2.5,SI,486
2026-06-02,PE1,1,SI,562
2026-06-02,PE1,0,SI,510
2026-06-02,PE3,0.0 - 1.0,si,518
2026-06-02,PE1,1,SI,609
2026-06-02,PE1,0.0 - 1.0,SI,527
2026-06-02,PE2,1.5,SI,403
2026-06-02,PE2,1.5,SI,417
2026-06-02,PE2,0.0 - 1.0,si,503
2026-06-02,PE2,0.0 - 1.0,SI,527
2026-06-02,PE1,1.5 - 2.5,SI,556
2026-06-02,PE2,1.5 - 2.5,SI,518
2026-06-02,PE1,3.0 - 4.0,SI,524
2026-06-02,PE2,1.5,SI,414
2026-06-02,PE1,0.0 - 1.0,SI,552
2026-06-02,PIND,1.5 - 2.5,SI,490
2026-06-02,PE1,2,SI,578
2026-06-02,AD3,0.0 - 1.0,SI,192
2026-06-02,PEBAB,1.5 - 2.5,SI,434
2026-06-02,PE3,0.0 - 1.0,SI,522
2026-06-02,PEGUA,1.5 - 2.5,SI,515
2026-06-02,AD-PJUG,3.0 - 4.0,SI,511
2026-06-02,PE2,1.5,SI,418
2026-06-02,PEBAB,1.5 - 2.5,si,424
2026-06-02,AD2,0.0 - 1.0,SI,281
2026-06-02,AD1,0.0 - 1.0,SI,626
2026-06-02,PE2,1.5 - 2.5,SI,513
2026-06-02,AD-PJUG,3.0 - 4.0,SI,188
2026-06-02,PEBAB,1.5 - 2.5,SI,429
2026-06-02,PE1,2,SI,571
2026-06-02,PEGUA,1.5 - 2.5,SI,464
2026-06-02,PEBAB,1.5 - 2.5,SI,410
2026-06-02,AD1,1.5 - 2.5,SI,272
2026-06-02,PEGUA,1.5 - 2.5,SI,482
2026-06-02,AD2,1.5 - 2.5,SI,69
2026-06-02,ADGUA,1.5 - 2.5,si,50
2026-06-02,AD3,1.5 - 2.5,si,20
2026-06-02,PE2,3.0 - 4.0,SI,513
2026-06-02,PEBAB,1.5 - 2.5,SI,432
2026-06-02,PEBAB,1.5 - 2.5,SI,402
2026-06-02,PEGUA,1.5 - 2.5,SI,460
2026-06-02,PE3,1.5 - 2.5,SI,471
2026-06-02,PEGUA,1.5 - 2.5,SI,452
2026-06-02,PE1,1.5 - 2.5,SI,549
2026-06-02,PE2,1.5 - 2.5,SI,501
2026-06-02,PIND,1.5 - 2.5,SI,464
2026-06-02,PEGUA,1.5 - 2.5,SI,482
2026-06-02,PEBAB,1.5 - 2.5,SI,430
2026-06-02,PEGUA,1.5 - 2.5,SI,453
2026-06-02,PEBAB,1.5 - 2.5,si,419
2026-06-02,PEBAB,1.5 - 2.5,SI,433
2026-06-02,PE3,0.0 - 1.0,SI,507
2026-06-02,PEGUA,1.5 - 2.5,si,459
2026-06-02,PE1,2,si,343
2026-06-02,PE1,0.0 - 1.0,SI,248
2026-06-02,PEBAB,1.5 - 2.5,SI,421
2026-06-02,PEGUA,1.5 - 2.5,si,306
2026-06-02,PEGUA,1.5 - 2.5,si,451
2026-06-02,PE2,3.0 - 4.0,SI,533
2026-06-02,PE1,3.0 - 4.0,SI,582
2026-06-02,PE3,1.5 - 2.5,SI,487
2026-06-02,PE1,3.0 - 4.0,SI,584
2026-06-02,PE2,1.5 - 2.5,SI,414
2026-06-02,PE3,3.0 - 4.0,SI,520
2026-06-02,AD1,0.0 - 1.0,SI,557
2026-06-02,PE3,3.0 - 4.0,SI,298
2026-06-02,PEGUA,1.5 - 2.5,SI,260
2026-06-02,PJUG,3.0 - 4.0,SI,542
2026-06-02,AD1,0.0 - 1.0,si,545
2026-06-02,AD-PJUG,3.0 - 4.0,SI,522
2026-06-02,AD1,0.0 - 1.0,SI,537
2026-06-02,AD3,0.0 - 1.0,si,493
2026-06-02,AD-PJUG,3.0 - 4.0,SI,577
2026-06-02,PJUG,3.0 - 4.0,si,96
2026-06-02,AD2,0.0 - 1.0,SI,522
2026-06-02,AD2,0.0 - 1.0,SI,516
2026-06-02,PIND,1.5 - 2.5,SI,494
2026-06-02,AD1,0.0 - 1.0,SI,405
2026-06-02,PE3,3.0 - 4.0,SI,94
2026-06-02,AD2,0.0 - 1.0,SI,188
2026-06-02,AD1,1.5 - 2.5,SI,534
2026-06-02,AD-PJUG,3.0 - 4.0,SI,350
2026-06-02,AD2,1.5 - 2.5,SI,148
2026-06-02,ADGUA,1.5 - 2.5,SI,235
2026-06-02,AD-PJUG,3.0 - 4.0,SI,318
2026-06-02,AD3,0.0 - 1.0,SI,163
2026-06-02,PE1,3.0 - 4.0,si,224
2026-06-02,AD3,1.5 - 2.5,SI,133
2026-06-02,ADBABY,1.5 - 2.5,SI,261
2026-06-02,AD2,0.0 - 1.0,SI,279
2026-06-02,PJUG,3.0 - 4.0,SI,175
2026-06-03,PEGUA,1.5 - 2.5,SI,473
2026-06-03,PEBAB,1.5 - 2.5,SI,405
2026-06-03,PEGUA,1.5 - 2.5,si,456
2026-06-03,PEBAB,1.5 - 2.5,SI,424
2026-06-03,PEBAB,1.5 - 2.5,SI,398
2026-06-03,PEBAB,1.5 - 2.5,SI,88
2026-06-03,PE3,0.0 - 1.0,SI,488
2026-06-03,PEGUA,1.5 - 2.5,SI,501
2026-06-03,PEBAB,1.5 - 2.5,si,389
2026-06-03,PEBAB,1.5 - 2.5,SI,409
2026-06-03,PEGUA,1.5 - 2.5,si,449
2026-06-03,PEGUA,1.5 - 2.5,si,477
2026-06-03,PEBAB,1.5 - 2.5,SI,386
2026-06-03,PEBAB,1.5 - 2.5,SI,403
2026-06-03,PEBAB,1.5 - 2.5,SI,400
2026-06-03,PEBAB,1.5 - 2.5,SI,400
2026-06-03,PEGUA,1.5 - 2.5,si,489
2026-06-03,PE2,0.0 - 1.0,SI,46
2026-06-03,PEGUA,1.5 - 2.5,SI,99
2026-06-03,PE3,0.0 - 1.0,SI,483
2026-06-03,PEGUA,1.5 - 2.5,si,452
2026-06-03,PE3,1.5 - 2.5,si,497
2026-06-03,PEBAB,1.5 - 2.5,SI,396
2026-06-03,PEBAB,1.5 - 2.5,SI,412
2026-06-03,PEGUA,1.5 - 2.5,si,496
2026-06-03,PEGUA,1.5 - 2.5,si,453
2026-06-03,PE3,0.0 - 1.0,SI,477
2026-06-03,PEBAB,1.5 - 2.5,si,394
2026-06-03,PEBAB,1.5 - 2.5,SI,404
2026-06-03,PEBAB,1.5 - 2.5,SI,406
2026-06-03,PEGUA,1.5 - 2.5,SI,485
2026-06-03,PEGUA,1.5 - 2.5,SI,481
2026-06-03,PE2,2,SI,381
2026-06-03,PE1,2,SI,553
2026-06-03,PE2,0.0 - 1.0,SI,525
2026-06-03,PEBAB,1.5 - 2.5,SI,412
2026-06-03,PE2,3.0 - 4.0,SI,193
2026-06-03,PE3,0.0 - 1.0,SI,482
2026-06-03,PEBAB,1.5 - 2.5,SI,389
2026-06-03,PEGUA,1.5 - 2.5,si,456
2026-06-03,PEGUA,1.5 - 2.5,SI,487
2026-06-03,PEBAB,1.5 - 2.5,SI,391
2026-06-03,PE3,0.0 - 1.0,si,485
2026-06-03,PEGUA,1.5 - 2.5,si,462
2026-06-03,PEBAB,1.5 - 2.5,SI,420
2026-06-03,PE3,1.5 - 2.5,si,489
2026-06-03,PEBAB,1.5 - 2.5,SI,402
2026-06-03,PEGUA,1.5 - 2.5,si,491
2026-06-03,PE2,2,SI,375
2026-06-03,PE1,2,SI,555
2026-06-03,PE2,1.5 - 2.5,SI,499
2026-06-03,PIND,1.5 - 2.5,SI,450
2026-06-03,PEGUA,1.5 - 2.5,si,483
2026-06-03,PE2,1.5 - 2.5,SI,43
2026-06-03,PE1,3.0 - 4.0,si,447
2026-06-03,PE2,0.0 - 1.0,SI,502
2026-06-03,PE1,0.0 - 1.0,SI,594
2026-06-03,PEBAB,1.5 - 2.5,SI,402
2026-06-03,PE3,3.0 - 4.0,SI,351
2026-06-03,PEBAB,1.5 - 2.5,SI,381
2026-06-03,PE1,2,SI,550
2026-06-03,PE1,2,SI,90
2026-06-03,AD-PJUG,3.0 - 4.0,si,369
2026-06-03,AD-PJUG,3.0 - 4.0,si,536
2026-06-03,PE3,0.0 - 1.0,SI,53
2026-06-03,AD1,3.0 - 4.0,SI,47
2026-06-03,AD-PJUG,3.0 - 4.0,si,519
2026-06-03,PE2,1.5,SI,302
2026-06-03,AD1,1.5 - 2.5,SI,555
2026-06-03,AD2,0.0 - 1.0,SI,525
2026-06-03,AD-PJUG,3.0 - 4.0,si,538
2026-06-03,AD-PJUG,3.0 - 4.0,si,600
2026-06-03,AD-PJUG,3.0 - 4.0,SI,528
2026-06-03,AD3,0.0 - 1.0,SI,478
2026-06-03,AD-PJUG,3.0 - 4.0,si,461
2026-06-03,AD-PJUG,3.0 - 4.0,si,562
2026-06-03,AD3,1.5 - 2.5,si,485
2026-06-03,AD-PJUG,3.0 - 4.0,SI,449
2026-06-03,AD1,0.0 - 1.0,SI,557
2026-06-03,AD2,0.0 - 1.0,SI,421
2026-06-03,AD-PJUG,3.0 - 4.0,si,516
2026-06-03,AD-PJUG,3.0 - 4.0,si,199
2026-06-03,AD1,0.0 - 1.0,SI,310
2026-06-03,AD1,1.5 - 2.5,SI,397
2026-06-03,AD3,0.0 - 1.0,SI,387
2026-06-03,ADGUA,1.5 - 2.5,SI,488
2026-06-03,AD2,1.5 - 2.5,si,329
2026-06-03,AD1,0.0 - 1.0,SI,400
2026-06-03,ADGUA,1.5 - 2.5,SI,431
2026-06-03,AD2,1.5 - 2.5,SI,623
2026-06-03,AD1,1.5 - 2.5,si,618
2026-06-03,PEBAB,1.5 - 2.5,SI,382
2026-06-03,PE1,0.0 - 1.0,SI,484
2026-06-03,PEBAB,1.5 - 2.5,si,405
2026-06-03,PE1,0.0 - 1.0,SI,511
2026-06-03,PE1,0.0 - 1.0,SI,138
2026-06-03,PEGUA,1.5 - 2.5,si,534
2026-06-03,PE2,2,SI,387
2026-06-03,PE3,1.5 - 2.5,SI,477
2026-06-03,PIND,1.5 - 2.5,SI,459
2026-06-03,PEBAB,1.5 - 2.5,SI,403
2026-06-03,PEBAB,1.5 - 2.5,si,428
2026-06-03,PEBAB,1.5 - 2.5,si,413
2026-06-03,PEGUA,1.5 - 2.5,si,442
2026-06-03,PEGUA,1.5 - 2.5,SI,467
2026-06-03,PEBAB,1.5 - 2.5,SI,388
2026-06-03,PE1,3.0 - 4.0,si,568
2026-06-03,PE3,0.0 - 1.0,SI,491
2026-06-03,PEBAB,1.5 - 2.5,SI,390
2026-06-03,PEGUA,1.5 - 2.5,SI,489
2026-06-03,PEBAB,1.5 - 2.5,SI,428
2026-06-03,PEGUA,1.5 - 2.5,si,467
2026-06-03,PE3,0.0 - 1.0,si,473
2026-06-03,PEGUA,1.5 - 2.5,si,483
2026-06-03,PEGUA,1.5 - 2.5,si,465
2026-06-03,PEBAB,1.5 - 2.5,SI,384
2026-06-03,PEBAB,1.5 - 2.5,si,429
2026-06-03,PEBAB,1.5 - 2.5,SI,407
2026-06-03,PE3,1.5 - 2.5,SI,476
2026-06-03,PE1,3.0 - 4.0,SI,8
2026-06-03,PE1,1.5 - 2.5,SI,8
2026-06-03,PE1,0.0 - 1.0,SI,9
2026-06-03,PE2,3.0 - 4.0,SI,8
2026-06-03,PE2,1.5 - 2.5,SI,8
2026-06-03,PE2,0.0 - 1.0,SI,9
2026-06-03,PE3,3.0 - 4.0,SI,8
2026-06-03,PE3,1.5 - 2.5,SI,9
2026-06-03,PE3,0.0 - 1.0,SI,9
2026-06-03,PEGUA,1.5 - 2.5,SI,8
2026-06-03,PEBAB,1.5 - 2.5,SI,8
2026-06-03,PIND,1.5 - 2.5,SI,8
2026-06-03,PEGUA,1.5 - 2.5,si,450
2026-06-03,PEGUA,1.5 - 2.5,si,457
2026-06-03,PEBAB,1.5 - 2.5,SI,417
2026-06-03,PE2,2,SI,433
2026-06-03,PEBAB,1.5 - 2.5,SI,393
2026-06-03,PE3,0.0 - 1.0,SI,473
2026-06-03,PE2,2,SI,374
2026-06-03,PE1,1.5 - 2.5,SI,569
2026-06-03,PE1,1.5 - 2.5,SI,566
2026-06-03,PE1,0.0 - 1.0,si,559
2026-06-03,PE1,3.0 - 4.0,SI,570
2026-06-03,PE2,1.5 - 2.5,SI,560
2026-06-03,PE2,0.0 - 1.0,SI,583
2026-06-03,PIND,1.5 - 2.5,SI,431
2026-06-03,PE1,1.5 - 2.5,SI,433
2026-06-03,PE3,3.0 - 4.0,SI,397
2026-06-03,PEBAB,1.5 - 2.5,SI,451
2026-06-03,PJUG,3.0 - 4.0,si,109
2026-06-03,PEGUA,1.5 - 2.5,si,485
2026-06-03,PE3,1.5 - 2.5,SI,188
2026-06-03,PE1,0.0 - 1.0,SI,398
2026-06-03,PE2,0.0 - 1.0,SI,422
2026-06-03,PJUG,3.0 - 4.0,si,477
2026-06-03,PEBAB,1.5 - 2.5,SI,382
2026-06-03,PE1,3.0 - 4.0,si,260
2026-06-03,PE2,3.0 - 4.0,si,621
2026-06-03,PEGUA,1.5 - 2.5,SI,207
2026-06-03,PE3,0.0 - 1.0,SI,169
2026-06-03,PE2,3.0 - 4.0,si,215
2026-06-03,AD1,1.5 - 2.5,SI,567
2026-06-03,PJUG,3.0 - 4.0,si,243
2026-06-04,PE1,1.5 - 2.5,SI,26
2026-06-04,PE2,1.5 - 2.5,SI,10
2026-06-04,PE3,1.5 - 2.5,SI,3
2026-06-04,PE1,1.5 - 2.5,SI,40
2026-06-04,PE2,1.5 - 2.5,SI,9
2026-06-04,PE3,1.5 - 2.5,SI,5
2026-06-04,PE3,1.5 - 2.5,SI,2
2026-06-04,PE1,1.5 - 2.5,SI,26
2026-06-04,PE2,1.5 - 2.5,SI,18
2026-06-04,PE3,1.5 - 2.5,SI,2
2026-06-04,PE1,1.5 - 2.5,SI,10
2026-06-04,PE1,0.0 - 1.0,SI,564
2026-06-04,PE3,0.0 - 1.0,SI,475
2026-06-04,PE2,1.5,SI,405
2026-06-04,PE1,0.0 - 1.0,SI,550
2026-06-04,PEGUA,1.5 - 2.5,SI,457
2026-06-04,PE2,1.5,SI,392
2026-06-04,PEGUA,1.5 - 2.5,SI,489
2026-06-04,PE1,0.0 - 1.0,SI,567
2026-06-04,PEBAB,1.5 - 2.5,si,426
2026-06-04,PE2,0.0 - 1.0,si,496
2026-06-04,PE3,0.0 - 1.0,SI,486
2026-06-04,PEGUA,1.5 - 2.5,SI,440
2026-06-04,PE2,1.5,SI,406
2026-06-04,PEBAB,1.5 - 2.5,SI,404
2026-06-04,PE1,0,SI,626
2026-06-04,PEBAB,1.5 - 2.5,SI,430
2026-06-04,PEGUA,1.5 - 2.5,SI,477
2026-06-04,PE2,1.5,si,412
2026-06-04,PE1,0.0 - 1.0,SI,512
2026-06-04,PEGUA,1.5 - 2.5,SI,485
2026-06-04,PE3,0.0 - 1.0,si,470
2026-06-04,PE2,1.5,SI,397
2026-06-04,PEGUA,1.5 - 2.5,si,436
2026-06-04,PE2,1.5,SI,395
2026-06-04,PE2,0.0 - 1.0,si,490
2026-06-04,PEBAB,1.5 - 2.5,SI,415
2026-06-04,PE1,3.0 - 4.0,SI,508
2026-06-04,PE3,1.5 - 2.5,SI,490
2026-06-04,PE3,0.0 - 1.0,SI,481
2026-06-04,PE1,0.0 - 1.0,SI,568
2026-06-04,PIND,1.5 - 2.5,SI,459
2026-06-04,PE1,1.5 - 2.5,si,538
2026-06-04,PEGUA,1.5 - 2.5,si,498
2026-06-04,PEBAB,1.5 - 2.5,SI,436
2026-06-04,PE2,1.5,SI,408
2026-06-04,PEBAB,1.5 - 2.5,SI,405
2026-06-04,PE1,3.0 - 4.0,SI,521
2026-06-04,PEGUA,1.5 - 2.5,SI,445
2026-06-04,PE2,1.5,SI,400
2026-06-04,PE3,0.0 - 1.0,SI,481
2026-06-04,PEGUA,1.5 - 2.5,SI,488
2026-06-04,PE1,0.0 - 1.0,SI,563
2026-06-04,PE1,0,SI,628
2026-06-04,PE2,0.0 - 1.0,SI,491
2026-06-04,PE1,0.0 - 1.0,SI,556
2026-06-04,PE2,1.5,SI,402
2026-06-04,PEBAB,1.5 - 2.5,SI,412
2026-06-04,PE1,3.0 - 4.0,SI,489
2026-06-04,PEGUA,1.5 - 2.5,SI,489
2026-06-04,PE1,0.0 - 1.0,SI,574
2026-06-04,PE3,1.5 - 2.5,SI,531
2026-06-04,PE3,0.0 - 1.0,SI,481
2026-06-04,PE2,1.5,SI,413
2026-06-04,PEGUA,1.5 - 2.5,si,466
2026-06-04,PEBAB,1.5 - 2.5,SI,413
2026-06-04,PE2,0.0 - 1.0,SI,515
2026-06-04,PE1,1.5 - 2.5,si,530
2026-06-04,PE2,2,SI,130
2026-06-04,PE1,0.0 - 1.0,SI,670
2026-06-04,PE2,1.5,si,420
2026-06-04,PE1,0.0 - 1.0,SI,550
2026-06-04,PE2,1.5 - 2.5,SI,496
2026-06-04,PE1,1,SI,571
2026-06-04,PE1,1,SI,550
2026-06-04,PE3,0.0 - 1.0,SI,479
2026-06-04,PEGUA,1.5 - 2.5,SI,494
2026-06-04,PE2,1.5,SI,399
2026-06-04,PEGUA,1.5 - 2.5,si,489
2026-06-04,PE1,1,SI,550
2026-06-04,PE1,1,si,558
2026-06-04,PE1,0.0 - 1.0,SI,527
2026-06-04,PE2,0.0 - 1.0,si,449
2026-06-04,PE2,0.0 - 1.0,si,75
2026-06-04,PEGUA,1.5 - 2.5,si,459
2026-06-04,PE1,1,si,568
2026-06-04,PE2,1.5 - 2.5,SI,511
2026-06-04,PE1,1,SI,559
2026-06-04,PE1,1,SI,555
2026-06-04,PE2,0.0 - 1.0,si,525
2026-06-04,PEBAB,1.5 - 2.5,SI,413
2026-06-04,PE3,0.0 - 1.0,si,479
2026-06-04,PE1,3.0 - 4.0,SI,524
2026-06-04,PE1,0.0 - 1.0,si,542
2026-06-04,PE1,1,SI,565
2026-06-04,PE1,1.5 - 2.5,SI,203
2026-06-04,PEBAB,1.5 - 2.5,SI,443
2026-06-04,PEGUA,1.5 - 2.5,SI,488
2026-06-04,PIND,1.5 - 2.5,si,462
2026-06-04,PEGUA,1.5 - 2.5,SI,488
2026-06-04,PE3,0.0 - 1.0,SI,471
2026-06-04,PE1,1,SI,565
2026-06-04,PE1,1.5 - 2.5,si,531
2026-06-04,PEBAB,1.5 - 2.5,SI,486
2026-06-04,PE3,1.5 - 2.5,si,590
2026-06-04,PE1,0.0 - 1.0,SI,281
2026-06-04,PE2,3.0 - 4.0,SI,554
2026-06-04,PEGUA,1.5 - 2.5,SI,459
2026-06-04,PE2,0.0 - 1.0,si,521
2026-06-04,PJUG,3.0 - 4.0,SI,450
2026-06-04,AD1,1.5 - 2.5,si,510
2026-06-04,AD-PJUG,3.0 - 4.0,SI,535
2026-06-04,AD1,0.0 - 1.0,SI,581
2026-06-04,AD1,1.5 - 2.5,si,533
2026-06-04,AD-PJUG,3.0 - 4.0,SI,489
2026-06-04,AD-PJUG,3.0 - 4.0,SI,528
2026-06-04,AD-PJUG,3.0 - 4.0,SI,450
2026-06-04,AD2,0.0 - 1.0,SI,522
2026-06-04,AD-PJUG,3.0 - 4.0,SI,483
2026-06-04,AD2,1.5 - 2.5,SI,518
2026-06-04,AD2,1.5 - 2.5,SI,86
2026-06-04,AD2,0.0 - 1.0,SI,91
2026-06-04,AD3,0.0 - 1.0,SI,363
2026-06-04,AD1,1.5 - 2.5,si,463
2026-06-04,AD-PJUG,3.0 - 4.0,SI,124
2026-06-04,AD-PJUG,3.0 - 4.0,SI,631
2026-06-04,AD1,0.0 - 1.0,SI,563
2026-06-04,AD-PJUG,3.0 - 4.0,SI,460
2026-06-04,PEBAB,1.5 - 2.5,SI,399
2026-06-04,ADGUA,1.5 - 2.5,SI,482
2026-06-04,AD1,1.5 - 2.5,si,543
2026-06-04,PEGUA,1.5 - 2.5,SI,466
2026-06-04,PE3,0.0 - 1.0,SI,481
2026-06-04,PE2,0.0 - 1.0,si,501
2026-06-04,PE1,1,si,548
2026-06-04,PEGUA,1.5 - 2.5,SI,468
2026-06-04,PE1,0.0 - 1.0,SI,537
2026-06-04,PEBAB,1.5 - 2.5,SI,390
2026-06-04,PE2,1.5 - 2.5,si,513
2026-06-04,PEGUA,1.5 - 2.5,SI,465
2026-06-04,PE3,0.0 - 1.0,SI,470
2026-06-04,PE2,0.0 - 1.0,si,503
2026-06-04,PEBAB,1.5 - 2.5,SI,429
2026-06-04,PE1,1,si,430
2026-06-04,PEBAB,1.5 - 2.5,SI,377
2026-06-04,PEGUA,1.5 - 2.5,SI,485
2026-06-04,PE2,1.5 - 2.5,si,254
2026-06-04,PE1,3.0 - 4.0,si,472
2026-06-04,PE3,0.0 - 1.0,SI,341
2026-06-04,PE1,1.5 - 2.5,si,447
2026-06-04,PEBAB,1.5 - 2.5,SI,428
2026-06-04,PE1,0.0 - 1.0,SI,220
2026-06-04,AD3,1.5 - 2.5,si,568
2026-06-04,PEGUA,1.5 - 2.5,SI,544
2026-06-04,PEBAB,1.5 - 2.5,SI,180
2026-06-04,PIND,1.5 - 2.5,SI,534
2026-06-04,PE2,0.0 - 1.0,SI,389
2026-06-04,PE1,3.0 - 4.0,SI,396
2026-06-04,PE3,1.5 - 2.5,SI,129
2026-06-04,PE3,3.0 - 4.0,SI,579
2026-06-04,AD-PJUG,3.0 - 4.0,SI,300
2026-06-04,PEGUA,1.5 - 2.5,SI,48
2026-06-04,PE1,3.0 - 4.0,SI,35
2026-06-04,PJUG,3.0 - 4.0,SI,434
2026-06-04,PJUG,3.0 - 4.0,si,426
2026-06-04,PE3,3.0 - 4.0,SI,179
2026-06-04,PE1,1.5 - 2.5,si,356
2026-06-05,AL-PE1,3.0 - 4.0,si,25
2026-06-05,AL-PEGUA,1.5 - 2.5,si,82
2026-06-05,PE1,1,SI,599
2026-06-05,PE1,1.5,SI,530
2026-06-05,PE2,2,SI,394
2026-06-05,PEGUA,1.5 - 2.5,si,451
2026-06-05,PEBAB,1.5 - 2.5,si,426
2026-06-05,PEGUA,1.5 - 2.5,SI,430
2026-06-05,PE2,2,SI,387
2026-06-05,PEBAB,1.5 - 2.5,SI,417
2026-06-05,PEGUA,1.5 - 2.5,SI,447
2026-06-05,PE1,1.5,SI,529
2026-06-05,PE3,1.5 - 2.5,SI,504
2026-06-05,PEBAB,1.5 - 2.5,si,405
2026-06-05,PEGUA,1.5 - 2.5,SI,456
2026-06-05,PE3,0.0 - 1.0,SI,482
2026-06-05,PEBAB,1.5 - 2.5,si,410
2026-06-05,PEBAB,1.5 - 2.5,si,423
2026-06-05,PEGUA,1.5 - 2.5,SI,452
2026-06-05,PEGUA,1.5 - 2.5,SI,478
2026-06-05,PEBAB,1.5 - 2.5,SI,406
2026-06-05,PEBAB,1.5 - 2.5,si,412
2026-06-05,PEGUA,1.5 - 2.5,SI,446
2026-06-05,PE1,3.0 - 4.0,SI,520
2026-06-05,PE1,1,si,577
2026-06-05,PE2,1.5 - 2.5,SI,491
2026-06-05,PE1,1,si,602
2026-06-05,PE1,3.0 - 4.0,SI,516
2026-06-05,PE3,0.0 - 1.0,SI,477
2026-06-05,PE2,2,si,389
2026-06-05,PE1,1.5,SI,658
2026-06-05,PE2,2,SI,386
2026-06-05,PIND,1.5 - 2.5,si,456
2026-06-05,PE1,1,SI,418
2026-06-05,PEGUA,1.5 - 2.5,SI,476
2026-06-05,PEBAB,1.5 - 2.5,si,412
2026-06-05,PEGUA,1.5 - 2.5,SI,476
2026-06-05,PE3,1.5 - 2.5,SI,507
2026-06-05,PEGUA,1.5 - 2.5,SI,549
2026-06-05,PEBAB,1.5 - 2.5,SI,423
2026-06-05,PEBAB,1.5 - 2.5,SI,408
2026-06-05,PEGUA,1.5 - 2.5,SI,467
2026-06-05,PEBAB,1.5 - 2.5,SI,415
2026-06-05,PJUG,3.0 - 4.0,SI,573
2026-06-05,PEBAB,1.5 - 2.5,SI,471
2026-06-05,PEGUA,1.5 - 2.5,SI,574
2026-06-05,PE1,3.0 - 4.0,SI,578
2026-06-05,PEGUA,1.5 - 2.5,SI,452
2026-06-05,PEBAB,1.5 - 2.5,SI,411
2026-06-05,PEBAB,1.5 - 2.5,si,479
2026-06-05,PEBAB,1.5 - 2.5,si,393
2026-06-05,PEGUA,1.5 - 2.5,si,445
2026-06-05,PE3,0.0 - 1.0,SI,579
2026-06-05,PE2,1.5 - 2.5,SI,593
2026-06-05,PE1,1.5,SI,698
2026-06-05,PE2,3.0 - 4.0,SI,606
2026-06-05,PEBAB,1.5 - 2.5,si,493
2026-06-05,PE2,2,SI,428
2026-06-05,PE2,0.0 - 1.0,SI,657
2026-06-05,PE2,0.0 - 1.0,SI,600
2026-06-05,PE2,0.0 - 1.0,SI,535
2026-06-05,PE2,0.0 - 1.0,SI,498
2026-06-05,PE3,3.0 - 4.0,SI,611
2026-06-05,PE1,1.5,SI,662
2026-06-05,PEBAB,1.5 - 2.5,SI,418
2026-06-05,PEGUA,1.5 - 2.5,si,575
2026-06-05,PEGUA,1.5 - 2.5,si,443
2026-06-05,PEBAB,1.5 - 2.5,si,481
2026-06-05,PE1,3.0 - 4.0,SI,628
2026-06-05,PE1,1.5,SI,638
2026-06-05,PE3,0.0 - 1.0,SI,581
2026-06-05,PEGUA,1.5 - 2.5,SI,465
2026-06-05,PEGUA,1.5 - 2.5,SI,560
2026-06-05,PE1,0.0 - 1.0,SI,565
2026-06-05,PE2,0.0 - 1.0,SI,608
2026-06-05,PE2,1.5 - 2.5,si,574
2026-06-05,PEBAB,1.5 - 2.5,si,432
2026-06-05,PE1,3.0 - 4.0,SI,564
2026-06-05,PEBAB,1.5 - 2.5,SI,493
2026-06-05,PEGUA,1.5 - 2.5,SI,465
2026-06-05,PE1,0.0 - 1.0,SI,689
2026-06-05,PE1,1.5 - 2.5,SI,503
2026-06-05,PE3,1.5 - 2.5,SI,570
2026-06-05,PEGUA,1.5 - 2.5,SI,563
2026-06-05,PEBAB,1.5 - 2.5,si,434
2026-06-05,PEBAB,1.5 - 2.5,si,406
2026-06-05,PEBAB,1.5 - 2.5,SI,462
2026-06-05,PEBAB,1.5 - 2.5,SI,411
2026-06-05,PEGUA,1.5 - 2.5,SI,453
2026-06-05,PEBAB,1.5 - 2.5,SI,477
2026-06-05,PIND,1.5 - 2.5,si,522
2026-06-05,PE3,0.0 - 1.0,SI,578
2026-06-05,PE2,1.5 - 2.5,SI,583
2026-06-05,PE1,1.5 - 2.5,SI,616
2026-06-05,PE1,3.0 - 4.0,SI,611
2026-06-05,PE1,1.5 - 2.5,SI,571
2026-06-05,PEGUA,1.5 - 2.5,SI,643
2026-06-05,PE1,0.0 - 1.0,SI,718
2026-06-05,PE1,3.0 - 4.0,SI,563
2026-06-05,PE2,1.5 - 2.5,si,125
2026-06-05,PEBAB,1.5 - 2.5,si,302
2026-06-05,PE3,0.0 - 1.0,si,520
2026-06-05,PE3,3.0 - 4.0,SI,517
2026-06-05,PE3,1.5 - 2.5,SI,650
2026-06-05,PE1,1.5 - 2.5,SI,468
2026-06-05,PEBAB,1.5 - 2.5,SI,208
2026-06-05,PE2,0.0 - 1.0,SI,569
2026-06-05,PEGUA,1.5 - 2.5,SI,272
2026-06-05,PEBAB,1.5 - 2.5,SI,306
2026-06-05,PE2,3.0 - 4.0,SI,522
2026-06-05,PE3,1.5 - 2.5,SI,692
2026-06-05,PE1,3.0 - 4.0,SI,240
2026-06-05,PE2,1.5 - 2.5,SI,504
2026-06-05,PE2,0.0 - 1.0,SI,608
2026-06-05,PE1,1.5 - 2.5,SI,329
2026-06-05,PE3,0.0 - 1.0,si,507
2026-06-05,PJUG,3.0 - 4.0,si,511
2026-06-05,AD1,1.5 - 2.5,SI,590
2026-06-05,PE1,1.5 - 2.5,SI,494
2026-06-05,PE2,3.0 - 4.0,SI,359
2026-06-05,AD2,0.0 - 1.0,SI,461
2026-06-05,AD1,1.5 - 2.5,SI,584
2026-06-05,PE1,1.5 - 2.5,SI,374
2026-06-05,PE1,1.5 - 2.5,SI,24
2026-06-05,PE2,1.5 - 2.5,SI,24
2026-06-05,PE3,1.5 - 2.5,SI,2
2026-06-05,PE3,1.5 - 2.5,SI,2
2026-06-05,AD2,1.5 - 2.5,SI,470
2026-06-05,AD3,0.0 - 1.0,SI,365
2026-06-05,AD2,1.5 - 2.5,SI,304
2026-06-05,AD2,3.0 - 4.0,SI,25
2026-06-05,AD3,3.0 - 4.0,SI,21
2026-06-05,AD2,0.0 - 1.0,SI,338
2026-06-05,AD1,1.5 - 2.5,SI,382
2026-06-05,ADGUA,1.5 - 2.5,si,233
2026-06-05,ADBABY,1.5 - 2.5,si,20
2026-06-05,PE3,1.5 - 2.5,SI,247
2026-06-05,PEBAB,1.5 - 2.5,SI,84
2026-06-05,PJUG,3.0 - 4.0,SI,387
2026-06-05,AD-PJUG,3.0 - 4.0,SI,107
2026-06-05,PE3,1.5 - 2.5,SI,33
2026-06-05,AD1,0.0 - 1.0,SI,589
2026-06-05,AD-PIND,1.5 - 2.5,SI,247
2026-06-05,PE1,3.0 - 4.0,SI,319
2026-06-05,AD1,1.5 - 2.5,SI,193
2026-06-05,PJUG,3.0 - 4.0,SI,356
2026-06-05,PEGUA,1.5 - 2.5,SI,1594
2026-06-05,AD-PJUG,3.0 - 4.0,SI,1523
2026-06-05,AD-PJUG,3.0 - 4.0,SI,1417
2026-06-05,AD-PJUG,3.0 - 4.0,si,1117
2026-06-05,AD1,0.0 - 1.0,SI,1692
2026-06-06,AD-PJUG,3.0 - 4.0,SI,550
2026-06-06,AD1,0.0 - 1.0,si,580
2026-06-06,AD-PJUG,3.0 - 4.0,SI,515
2026-06-06,AD-PJUG,3.0 - 4.0,SI,561
2026-06-06,AD1,1.5 - 2.5,SI,550
2026-06-06,AD1,0.0 - 1.0,SI,581
2026-06-06,AD-PJUG,3.0 - 4.0,SI,506
2026-06-06,AD-PJUG,3.0 - 4.0,SI,541
2026-06-06,AD2,0.0 - 1.0,SI,515
2026-06-06,AD1,0.0 - 1.0,si,594
2026-06-06,AD1,1.5 - 2.5,SI,532
2026-06-06,AD-PJUG,3.0 - 4.0,SI,511
2026-06-06,AD2,0.0 - 1.0,SI,536
2026-06-06,AD-PJUG,3.0 - 4.0,SI,547
2026-06-06,AD2,1.5 - 2.5,SI,526
2026-06-06,AD3,0.0 - 1.0,SI,507
2026-06-06,AD1,0.0 - 1.0,SI,593
2026-06-06,AD-PJUG,3.0 - 4.0,SI,549
2026-06-06,AD-PJUG,3.0 - 4.0,SI,509
2026-06-06,AD1,1.5 - 2.5,SI,539
2026-06-06,AD-PJUG,3.0 - 4.0,SI,558
2026-06-06,AD1,0.0 - 1.0,si,352
2026-06-06,ADBABY,1.5 - 2.5,SI,54
2026-06-06,AD-PJUG,3.0 - 4.0,SI,252
2026-06-06,AD1,1.5 - 2.5,SI,321
2026-06-06,AD-PJUG,3.0 - 4.0,SI,500
2026-06-06,AD-PJUG,3.0 - 4.0,SI,456
2026-06-06,ADGUA,1.5 - 2.5,SI,537
2026-06-06,AD1,1.5 - 2.5,SI,18
2026-06-06,AD2,0.0 - 1.0,SI,247
2026-06-06,AD-PIND,1.5 - 2.5,si,259
2026-06-06,AD3,0.0 - 1.0,SI,398
2026-06-06,PE1,1.5 - 2.5,SI,20
2026-06-06,PE2,1.5 - 2.5,SI,30
2026-06-06,PE3,1.5 - 2.5,SI,3
2026-06-06,PE3,1.5 - 2.5,SI,2
2026-06-06,PE1,1.5 - 2.5,SI,24
2026-06-06,PE2,1.5 - 2.5,SI,40
2026-06-06,PE3,1.5 - 2.5,SI,8
2026-06-06,PE3,1.5 - 2.5,SI,2
2026-06-06,AD2,1.5 - 2.5,SI,504
2026-06-06,AD-PJUG,3.0 - 4.0,SI,572
2026-06-06,AD-PJUG,3.0 - 4.0,SI,352
2026-06-06,AD2,0.0 - 1.0,SI,423
2026-06-06,AD2,1.5 - 2.5,SI,418
2026-06-06,AD1,0.0 - 1.0,SI,354
2026-06-06,AD-PJUG,3.0 - 4.0,SI,559
2026-06-06,PE1,1.5 - 2.5,SI,20
2026-06-06,PE2,1.5 - 2.5,SI,9
2026-06-06,PE3,1.5 - 2.5,SI,2
2026-06-06,PE3,1.5 - 2.5,SI,3
2026-06-07,PEBAB,1.5 - 2.5,SI,43
2026-06-08,PE3,0.0 - 1.0,si,492
2026-06-08,PE2,1.5,si,402
2026-06-08,PE2,0.0 - 1.0,SI,490
2026-06-08,PEGUA,1.5 - 2.5,SI,486
2026-06-08,PE3,0.0 - 1.0,SI,504
2026-06-08,PEGUA,1.5 - 2.5,SI,491
2026-06-08,PE1,1,SI,549
2026-06-08,PE1,1,SI,520
2026-06-08,PE2,0.0 - 1.0,si,502
2026-06-08,PE2,1.5,si,405
2026-06-08,PE3,0.0 - 1.0,SI,500
2026-06-08,PE3,1.5 - 2.5,SI,494
2026-06-08,PE1,0,si,517
2026-06-08,PE1,1,SI,554
2026-06-08,PEGUA,1.5 - 2.5,SI,501
2026-06-08,PE2,1.5 - 2.5,si,484
2026-06-08,PE1,3.0 - 4.0,si,580
2026-06-08,PE2,0.0 - 1.0,SI,29
2026-06-08,PE1,3.0 - 4.0,SI,582
2026-06-08,PEBAB,1.5 - 2.5,SI,435
2026-06-08,PE2,1.5,si,503
2026-06-08,PEGUA,1.5 - 2.5,si,480
2026-06-08,PEGUA,1.5 - 2.5,si,481
2026-06-08,PE3,0.0 - 1.0,si,495
2026-06-08,PEGUA,1.5 - 2.5,SI,483
2026-06-08,PEBAB,1.5 - 2.5,SI,417
2026-06-08,PIND,1.5 - 2.5,SI,403
2026-06-08,PE2,1.5,si,410
2026-06-08,PE1,0.0 - 1.0,si,550
2026-06-08,PE1,1,SI,564
2026-06-08,PEBAB,1.5 - 2.5,SI,434
2026-06-08,PE2,1.5,si,408
2026-06-08,PE2,0.0 - 1.0,si,514
2026-06-08,PE1,0,SI,520
2026-06-08,PE1,0.0 - 1.0,si,529
2026-06-08,PE1,0.0 - 1.0,SI,525
2026-06-08,PEGUA,1.5 - 2.5,SI,470
2026-06-08,PEGUA,1.5 - 2.5,SI,482
2026-06-08,PE3,0.0 - 1.0,si,500
2026-06-08,PEBAB,1.5 - 2.5,SI,417
2026-06-08,PE1,1,SI,547
2026-06-08,PE1,3.0 - 4.0,si,569
2026-06-08,PE1,1.5 - 2.5,SI,40
2026-06-08,PEBAB,1.5 - 2.5,SI,430
2026-06-08,PE2,1.5,si,403
2026-06-08,PE1,1,SI,556
2026-06-08,PE1,1.5 - 2.5,SI,14
2026-06-08,PE1,1.5,si,536
2026-06-08,PE1,0,si,464
2026-06-08,PE2,1.5,si,397
2026-06-08,PE1,1.5 - 2.5,SI,38
2026-06-08,PE2,0.0 - 1.0,si,505
2026-06-08,PE3,0.0 - 1.0,si,496
2026-06-08,PE2,0.0 - 1.0,SI,513
2026-06-08,PE2,1.5,si,461
2026-06-08,PE2,1.5,si,408
2026-06-08,PE1,1.5,SI,543
2026-06-08,PE1,1,SI,648
2026-06-08,PEGUA,1.5 - 2.5,si,478
2026-06-08,PE3,0.0 - 1.0,si,501
2026-06-08,PEGUA,1.5 - 2.5,SI,468
2026-06-08,PE1,1.5,SI,548
2026-06-08,PE2,0.0 - 1.0,si,520
2026-06-08,PE2,0.0 - 1.0,si,519
2026-06-08,PE2,1.5,si,410
2026-06-08,PEBAB,1.5 - 2.5,SI,432
2026-06-08,PEGUA,1.5 - 2.5,si,467
2026-06-08,PE3,0.0 - 1.0,si,496
2026-06-08,PE1,1.5,SI,537
2026-06-08,PE1,1.5,SI,539
2026-06-08,PE2,0.0 - 1.0,si,512
2026-06-08,PE1,1.5,SI,544
2026-06-08,PEGUA,1.5 - 2.5,si,490
2026-06-08,PE2,0.0 - 1.0,si,517
2026-06-08,PE2,1.5,SI,129
2026-06-08,PE1,1.5,SI,565
2026-06-08,PE3,0.0 - 1.0,SI,517
2026-06-08,PE1,1.5,si,558
2026-06-08,PE2,0.0 - 1.0,SI,510
2026-06-08,PE1,3.0 - 4.0,SI,587
2026-06-08,PIND,1.5 - 2.5,SI,416
2026-06-08,PE2,0.0 - 1.0,si,513
2026-06-08,PE1,1.5,SI,544
2026-06-08,PE1,1.5,SI,526
2026-06-08,PE2,0.0 - 1.0,si,517
2026-06-08,PE1,1.5,si,560
2026-06-08,PEGUA,1.5 - 2.5,si,507
2026-06-08,PEGUA,1.5 - 2.5,SI,484
2026-06-08,PE2,0.0 - 1.0,SI,529
2026-06-08,PEBAB,3.0 - 4.0,SI,53
2026-06-08,PEBAB,1.5 - 2.5,SI,439
2026-06-08,PE1,1.5,si,560
2026-06-08,PE1,1.5,si,530
2026-06-08,PE2,0.0 - 1.0,SI,505
2026-06-08,PE2,0.0 - 1.0,SI,516
2026-06-08,PE3,0.0 - 1.0,SI,497
2026-06-08,PE1,0.0 - 1.0,si,577
2026-06-08,PE1,3.0 - 4.0,SI,587
2026-06-08,PE2,0.0 - 1.0,SI,506
2026-06-08,PE1,1.5 - 2.5,SI,571
2026-06-08,PE3,0.0 - 1.0,si,492
2026-06-08,PE1,0.0 - 1.0,si,534
2026-06-08,PEGUA,1.5 - 2.5,si,490
2026-06-08,PE1,0.0 - 1.0,si,560
2026-06-08,PE2,3.0 - 4.0,SI,514
2026-06-08,PE3,3.0 - 4.0,si,493
2026-06-08,PEGUA,1.5 - 2.5,si,478
2026-06-08,PEBAB,1.5 - 2.5,SI,435
2026-06-08,PEBAB,1.5 - 2.5,SI,418
2026-06-08,PE3,1.5 - 2.5,SI,490
2026-06-08,PIND,1.5 - 2.5,SI,154
2026-06-08,PEBAB,1.5 - 2.5,SI,442
2026-06-08,PE2,0.0 - 1.0,si,482
2026-06-08,PE1,3.0 - 4.0,si,602
2026-06-08,PE3,0.0 - 1.0,si,356
2026-06-08,PE1,0.0 - 1.0,si,342
2026-06-08,PJUG,1.5 - 2.5,si,98
2026-06-08,PEGUA,1.5 - 2.5,SI,505
2026-06-08,PEBAB,1.5 - 2.5,si,465
2026-06-08,PE1,3.0 - 4.0,SI,214
2026-06-08,PEGUA,1.5 - 2.5,si,449
2026-06-08,PE1,1.5 - 2.5,SI,294
2026-06-08,PEGUA,1.5 - 2.5,SI,541
2026-06-08,PE2,0.0 - 1.0,si,302
2026-06-08,PE1,0.0 - 1.0,si,436
2026-06-08,PE2,1.5 - 2.5,si,391
2026-06-08,PIND,1.5 - 2.5,SI,202
2026-06-08,PJUG,1.5 - 2.5,si,134
2026-06-08,PEBAB,1.5 - 2.5,SI,113
2026-06-08,PE3,1.5 - 2.5,SI,170
2026-06-08,PJUG,1.5 - 2.5,si,165
2026-06-08,PE2,0.0 - 1.0,SI,203
2026-06-08,PE2,3.0 - 4.0,SI,229
2026-06-08,PE2,1.5 - 2.5,si,290
2026-06-08,PE3,0.0 - 1.0,si,569
2026-06-08,PE3,3.0 - 4.0,si,331
2026-06-08,PEBAB,1.5 - 2.5,SI,506
2026-06-08,PE3,0.0 - 1.0,si,492
2026-06-08,PE2,3.0 - 4.0,SI,523
2026-06-08,PEBAB,1.5 - 2.5,SI,421
2026-06-09,PEBAB,1.5 - 2.5,si,407
2026-06-09,PEBAB,1.5 - 2.5,SI,405
2026-06-09,PEGUA,1.5 - 2.5,si,491
2026-06-09,PEGUA,1.5 - 2.5,SI,426
2026-06-09,PE3,3.0 - 4.0,SI,485
2026-06-09,PEBAB,1.5 - 2.5,si,310
2026-06-09,PEGUA,1.5 - 2.5,si,477
2026-06-09,PEGUA,1.5 - 2.5,si,442
2026-06-09,PEBAB,1.5 - 2.5,SI,423
2026-06-09,PEBAB,1.5 - 2.5,SI,391
2026-06-09,PE3,0.0 - 1.0,SI,487
2026-06-09,PEBAB,1.5 - 2.5,si,403
2026-06-09,PEGUA,1.5 - 2.5,SI,495
2026-06-09,PEGUA,1.5 - 2.5,si,468
2026-06-09,PIND,1.5 - 2.5,si,438
2026-06-09,PE3,0.0 - 1.0,SI,485
2026-06-09,PE2,0.0 - 1.0,si,496
2026-06-09,PEBAB,1.5 - 2.5,SI,404
2026-06-09,PEGUA,1.5 - 2.5,SI,462
2026-06-09,PEGUA,1.5 - 2.5,si,490
2026-06-09,PEBAB,1.5 - 2.5,SI,416
2026-06-09,PEBAB,1.5 - 2.5,SI,414
2026-06-09,PEBAB,1.5 - 2.5,si,195
2026-06-09,PE3,1.5 - 2.5,SI,486
2026-06-09,PE2,3.0 - 4.0,SI,502
2026-06-09,PEGUA,1.5 - 2.5,si,476
2026-06-09,PEGUA,1.5 - 2.5,SI,449
2026-06-09,PEBAB,1.5 - 2.5,SI,412
2026-06-09,PEGUA,1.5 - 2.5,SI,479
2026-06-09,PEBAB,3.0 - 4.0,SI,411
2026-06-09,PEGUA,1.5 - 2.5,si,471
2026-06-09,PE3,3.0 - 4.0,SI,511
2026-06-09,PEBAB,1.5 - 2.5,SI,398
2026-06-09,PEBAB,1.5 - 2.5,SI,401
2026-06-09,PEGUA,1.5 - 2.5,si,451
2026-06-09,PEBAB,1.5 - 2.5,SI,417
2026-06-09,PEBAB,1.5 - 2.5,SI,409
2026-06-09,PEBAB,1.5 - 2.5,SI,404
2026-06-09,PE3,0.0 - 1.0,SI,481
2026-06-09,PE1,3.0 - 4.0,SI,541
2026-06-09,PEGUA,1.5 - 2.5,si,483
2026-06-09,PEGUA,1.5 - 2.5,SI,198
2026-06-09,PE3,1.5 - 2.5,SI,481
2026-06-09,PE2,3.0 - 4.0,SI,494
2026-06-09,PE3,3.0 - 4.0,SI,502
2026-06-09,PEGUA,1.5 - 2.5,si,470
2026-06-09,PEBAB,1.5 - 2.5,SI,405
2026-06-09,PEGUA,1.5 - 2.5,SI,474
2026-06-09,PEBAB,1.5 - 2.5,SI,403
2026-06-09,PEBAB,1.5 - 2.5,SI,417
2026-06-09,PEGUA,1.5 - 2.5,SI,456
2026-06-09,PE2,1.5,si,408
2026-06-09,PE2,1.5 - 2.5,si,499
2026-06-09,PEBAB,1.5 - 2.5,SI,402
2026-06-09,PE2,3.0 - 4.0,SI,495
2026-06-09,PE2,0.0 - 1.0,SI,5
2026-06-09,PEGUA,1.5 - 2.5,si,477
2026-06-09,PE3,0.0 - 1.0,SI,481
2026-06-09,PIND,1.5 - 2.5,SI,426
2026-06-09,PEBAB,1.5 - 2.5,SI,417
2026-06-09,PEBAB,1.5 - 2.5,SI,396
2026-06-09,PEGUA,1.5 - 2.5,si,461
2026-06-09,PEGUA,1.5 - 2.5,si,472
2026-06-09,PEBAB,1.5 - 2.5,SI,391
2026-06-09,PEGUA,1.5 - 2.5,si,475
2026-06-09,PE3,3.0 - 4.0,SI,501
2026-06-09,PJUG,3.0 - 4.0,SI,205
2026-06-09,PE2,1.5,SI,402
2026-06-09,PE3,0.0 - 1.0,SI,475
2026-06-09,PE1,3.0 - 4.0,SI,421
2026-06-09,PEGUA,1.5 - 2.5,SI,483
2026-06-09,PEBAB,1.5 - 2.5,SI,391
2026-06-09,PE3,1.5 - 2.5,SI,480
2026-06-09,PEBAB,1.5 - 2.5,SI,417
2026-06-09,PJUG,3.0 - 4.0,si,105
2026-06-09,PE1,1.5 - 2.5,SI,467
2026-06-09,PE3,1.5 - 2.5,SI,20
2026-06-09,PEGUA,1.5 - 2.5,si,463
2026-06-09,PE2,1.5,SI,448
2026-06-09,PEBAB,1.5 - 2.5,SI,393
2026-06-09,PEBAB,1.5 - 2.5,SI,400
2026-06-09,PE2,1.5 - 2.5,SI,15
2026-06-09,PEGUA,1.5 - 2.5,si,476
2026-06-09,PEGUA,1.5 - 2.5,SI,437
2026-06-09,PIND,1.5 - 2.5,SI,423
2026-06-09,PEGUA,1.5 - 2.5,SI,477
2026-06-09,PE1,1,si,479
2026-06-09,PEBAB,1.5 - 2.5,SI,374
2026-06-09,PE3,3.0 - 4.0,SI,546
2026-06-09,PE3,1.5 - 2.5,si,496
2026-06-09,PEBAB,1.5 - 2.5,SI,395
2026-06-09,PE2,1.5,si,262
2026-06-09,PEBAB,1.5 - 2.5,SI,407
2026-06-09,PEGUA,1.5 - 2.5,SI,475
2026-06-09,PE1,3.0 - 4.0,SI,480
2026-06-09,PE2,3.0 - 4.0,SI,521
2026-06-09,PEBAB,1.5 - 2.5,SI,408
2026-06-09,PE1,0.0 - 1.0,si,536
2026-06-09,PEBAB,1.5 - 2.5,SI,398
2026-06-09,PE2,1.5,SI,99
2026-06-09,PEGUA,1.5 - 2.5,SI,466
2026-06-09,PEBAB,1.5 - 2.5,SI,253
2026-06-09,PE2,0.0 - 1.0,si,390
2026-06-09,PEGUA,1.5 - 2.5,SI,292
2026-06-09,PE3,1.5 - 2.5,si,209
2026-06-09,PE2,0.0 - 1.0,SI,486
2026-06-09,PE3,3.0 - 4.0,SI,351
2026-06-09,PEBAB,1.5 - 2.5,SI,407
2026-06-09,PE2,3.0 - 4.0,SI,220
2026-06-09,PEGUA,3.0 - 4.0,si,462
2026-06-09,PE2,3.0 - 4.0,SI,382
2026-06-09,PJUG,1.5 - 2.5,SI,501
2026-06-09,PJUG,1.5 - 2.5,SI,488
2026-06-09,PE3,0.0 - 1.0,SI,230
2026-06-09,PE2,1.5 - 2.5,si,370
2026-06-09,AD1,0.0 - 1.0,SI,553
2026-06-09,AD-PJUG,3.0 - 4.0,si,466
2026-06-09,AD2,0.0 - 1.0,SI,517
2026-06-09,AD-PJUG,3.0 - 4.0,SI,527
2026-06-09,AD3,0.0 - 1.0,SI,480
2026-06-09,AD-PJUG,3.0 - 4.0,SI,434
2026-06-09,AD3,1.5 - 2.5,si,255
2026-06-09,AD1,0.0 - 1.0,SI,504
2026-06-09,AD2,0.0 - 1.0,SI,327
2026-06-09,AD3,0.0 - 1.0,SI,23
2026-06-09,AD-PIND,1.5 - 2.5,SI,160
2026-06-09,AD2,1.5 - 2.5,si,256
2026-06-09,AD-PJUG,3.0 - 4.0,SI,567
2026-06-09,ADBABY,1.5 - 2.5,si,98
2026-06-09,AD-PJUG,3.0 - 4.0,SI,277
2026-06-09,AD1,0.0 - 1.0,si,323
2026-06-09,ADGUA,1.5 - 2.5,SI,111
2026-06-09,AD1,1.5 - 2.5,si,550
2026-06-09,ADGUA,1.5 - 2.5,SI,299
2026-06-09,AD-PJUG,3.0 - 4.0,si,124
2026-06-09,AD-PJUG,3.0 - 4.0,SI,985
2026-06-09,AD-PJUG,3.0 - 4.0,si,442
2026-06-09,AD-PIND,1.5 - 2.5,SI,1116
2026-06-10,AL-PEGUA,1.5 - 2.5,SI,37
2026-06-10,PE2,1.5 - 2.5,SI,507
2026-06-10,PE2,1.5,si,400
2026-06-10,PE3,1.5 - 2.5,si,470
2026-06-10,PE1,1.5 - 2.5,SI,10
2026-06-10,PE1,1,SI,561
2026-06-10,PE2,1.5,si,457
2026-06-10,PEGUA,1.5 - 2.5,SI,484
2026-06-10,PEBAB,1.5 - 2.5,si,425
2026-06-10,PEGUA,1.5 - 2.5,SI,488
2026-06-10,PE1,1.5 - 2.5,SI,525
2026-06-10,PEGUA,1.5 - 2.5,SI,470
2026-06-10,PE3,0.0 - 1.0,si,483
2026-06-10,PEGUA,1.5 - 2.5,SI,475
2026-06-10,PEBAB,1.5 - 2.5,SI,414
2026-06-10,PEBAB,1.5 - 2.5,SI,407
2026-06-10,PE3,1.5 - 2.5,si,478
2026-06-10,PEGUA,1.5 - 2.5,SI,462
2026-06-10,PE2,1.5,si,405
2026-06-10,PEBAB,1.5 - 2.5,SI,388
2026-06-10,PIND,1.5 - 2.5,si,432
2026-06-10,PE2,1.5,si,405
2026-06-10,PE1,0.0 - 1.0,si,4
2026-06-10,PE2,1.5 - 2.5,SI,503
2026-06-10,PE2,1.5 - 2.5,SI,508
2026-06-10,PEGUA,1.5 - 2.5,SI,464
2026-06-10,PE3,1.5 - 2.5,si,474
2026-06-10,PEBAB,1.5 - 2.5,si,405
2026-06-10,PEGUA,1.5 - 2.5,si,463
2026-06-10,PE2,1.5,SI,397
2026-06-10,PEGUA,1.5 - 2.5,SI,458
2026-06-10,PE3,0.0 - 1.0,SI,472
2026-06-10,PEBAB,1.5 - 2.5,si,407
2026-06-10,PE2,1.5 - 2.5,si,301
2026-06-10,PE2,0.0 - 1.0,SI,498
2026-06-10,PE2,1.5,si,396
2026-06-10,PE2,1.5 - 2.5,si,4
2026-06-10,PEBAB,1.5 - 2.5,si,415
2026-06-10,PE1,1,SI,552
2026-06-10,PEGUA,1.5 - 2.5,SI,454
2026-06-10,PEBAB,1.5 - 2.5,si,398
2026-06-10,PEGUA,1.5 - 2.5,SI,454
2026-06-10,PE3,1.5 - 2.5,SI,474
2026-06-10,PE3,0.0 - 1.0,si,10
2026-06-10,PEGUA,1.5 - 2.5,SI,461
2026-06-10,PEBAB,1.5 - 2.5,si,407
2026-06-10,PE2,1.5,si,401
2026-06-10,PEGUA,1.5 - 2.5,si,465
2026-06-10,PEBAB,1.5 - 2.5,si,412
2026-06-10,PEBAB,1.5 - 2.5,si,2
2026-06-10,PE2,1.5 - 2.5,SI,504
2026-06-10,PE1,3.0 - 4.0,SI,523
2026-06-10,PE1,1.5 - 2.5,SI,540
2026-06-10,PIND,1.5 - 2.5,si,481
2026-06-10,PE3,0.0 - 1.0,si,219
2026-06-10,PE2,0.0 - 1.0,si,41
2026-06-10,PE1,1,SI,546
2026-06-10,PE3,1.5 - 2.5,SI,482
2026-06-10,PEGUA,1.5 - 2.5,SI,461
2026-06-10,PEGUA,1.5 - 2.5,SI,470
2026-06-10,PEBAB,1.5 - 2.5,si,404
2026-06-10,PE2,1.5,si,402
2026-06-10,PEGUA,1.5 - 2.5,SI,462
2026-06-10,PEBAB,1.5 - 2.5,si,67
2026-06-10,PEBAB,1.5 - 2.5,si,414
2026-06-10,PE2,0.0 - 1.0,SI,500
2026-06-10,PE2,1.5,si,407
2026-06-10,PEBAB,1.5 - 2.5,si,395
2026-06-10,PEGUA,1.5 - 2.5,SI,456
2026-06-10,PE3,0.0 - 1.0,SI,469
2026-06-10,PEGUA,1.5 - 2.5,SI,465
2026-06-10,PEBAB,1.5 - 2.5,SI,417
2026-06-10,PEGUA,1.5 - 2.5,SI,457
2026-06-10,PEBAB,1.5 - 2.5,SI,404
2026-06-10,PEBAB,1.5 - 2.5,si,395
2026-06-10,PE1,1.5 - 2.5,si,528
2026-06-10,PE2,2,si,404
2026-06-10,PE3,1.5 - 2.5,SI,475
2026-06-10,PEGUA,1.5 - 2.5,SI,463
2026-06-10,PE2,2,si,397
2026-06-10,PEGUA,1.5 - 2.5,SI,137
2026-06-10,PIND,1.5 - 2.5,si,432
2026-06-10,PE2,2,si,397
2026-06-10,PE3,0.0 - 1.0,SI,47
2026-06-10,PEGUA,1.5 - 2.5,SI,459
2026-06-10,PE3,0.0 - 1.0,SI,6
2026-06-10,PE2,2,si,489
2026-06-10,PEBAB,1.5 - 2.5,si,396
2026-06-10,PE3,1.5 - 2.5,SI,56
2026-06-10,PE3,0.0 - 1.0,si,480
2026-06-10,PEBAB,1.5 - 2.5,si,319
2026-06-10,PE2,0.0 - 1.0,si,492
2026-06-10,PE2,1.5 - 2.5,SI,579
2026-06-10,PEGUA,1.5 - 2.5,SI,383
2026-06-10,PE2,3.0 - 4.0,SI,467
2026-06-10,PE1,1,SI,298
2026-06-10,PE3,1.5 - 2.5,si,419
2026-06-10,PE1,3.0 - 4.0,si,329
2026-06-10,PE1,0.0 - 1.0,SI,387
2026-06-10,PE1,1.5 - 2.5,SI,259
2026-06-10,PEBAB,1.5 - 2.5,SI,438
2026-06-10,PEBAB,1.5 - 2.5,SI,412
2026-06-10,PE2,1.5 - 2.5,si,18
2026-06-10,AD-PJUG,3.0 - 4.0,SI,526
2026-06-10,AD-PJUG,3.0 - 4.0,SI,505
2026-06-10,PEGUA,1.5 - 2.5,SI,478
2026-06-10,AD-PJUG,3.0 - 4.0,SI,496
2026-06-10,PE3,3.0 - 4.0,SI,528
2026-06-10,AD-PJUG,3.0 - 4.0,SI,487
2026-06-10,AD-PJUG,3.0 - 4.0,si,504
2026-06-10,AD1,0.0 - 1.0,SI,561
2026-06-10,AD2,0.0 - 1.0,si,516
2026-06-10,AD-PJUG,3.0 - 4.0,SI,502
2026-06-10,AD1,1.5 - 2.5,SI,525
2026-06-10,AD-PJUG,3.0 - 4.0,SI,472
2026-06-10,AD-PJUG,3.0 - 4.0,SI,526
2026-06-10,AD1,0.0 - 1.0,SI,547
2026-06-10,AD-PJUG,3.0 - 4.0,SI,498
2026-06-10,AD-PJUG,3.0 - 4.0,si,570
2026-06-10,AD2,1.5 - 2.5,SI,580
2026-06-10,AD1,1.5 - 2.5,SI,545
2026-06-10,AD3,1.5 - 2.5,si,252
2026-06-10,AD3,0.0 - 1.0,si,497
2026-06-10,AD3,0.0 - 1.0,si,315
2026-06-10,ADGUA,1.5 - 2.5,SI,490
2026-06-10,PE1,1,si,537
2026-06-10,AD2,0.0 - 1.0,SI,513
2026-06-10,PE1,1,SI,542
2026-06-10,PE1,0,SI,491
2026-06-10,PE1,2,SI,523
2026-06-10,PE2,1.5 - 2.5,SI,198
2026-06-10,AD-PJUG,3.0 - 4.0,SI,622
2026-06-10,PE2,3.0 - 4.0,SI,16
2026-06-10,PE2,0.0 - 1.0,SI,568
2026-06-10,ADGUA,1.5 - 2.5,SI,48
2026-06-10,PE1,0.0 - 1.0,SI,597
2026-06-10,PE1,3.0 - 4.0,SI,59
2026-06-10,PE3,0.0 - 1.0,SI,307
2026-06-10,PIND,1.5 - 2.5,si,376
2026-06-10,AD1,1.5 - 2.5,SI,113
2026-06-10,PE1,0,SI,167
2026-06-10,PJUG,3.0 - 4.0,SI,282
2026-06-10,PEBAB,1.5 - 2.5,SI,447
2026-06-10,PE1,1.5 - 2.5,SI,515
2026-06-10,PE1,0.0 - 1.0,SI,386
2026-06-10,PE1,1,SI,91
2026-06-10,PE2,1.5 - 2.5,SI,281
2026-06-10,PEGUA,1.5 - 2.5,SI,191
2026-06-10,PIND,1.5 - 2.5,SI,865
2026-06-10,PIND,1.5 - 2.5,SI,914
2026-06-10,PJUG,1.5 - 2.5,SI,784
2026-06-10,PE1,1.5 - 2.5,SI,151
2026-06-10,PE1,1.5 - 2.5,si,538
2026-06-11,PE1,1.5 - 2.5,SI,11
2026-06-11,PEGUA,1.5 - 2.5,SI,469
2026-06-11,PEBAB,1.5 - 2.5,si,421
2026-06-11,PEGUA,1.5 - 2.5,si,453
2026-06-11,PE3,1.5 - 2.5,si,487
2026-06-11,PEBAB,1.5 - 2.5,SI,430
2026-06-11,PEGUA,1.5 - 2.5,si,462
2026-06-11,PEBAB,1.5 - 2.5,SI,428
2026-06-11,PE2,1.5,si,393
2026-06-11,PEGUA,1.5 - 2.5,SI,453
2026-06-11,PEGUA,1.5 - 2.5,SI,503
2026-06-11,PEGUA,1.5 - 2.5,SI,476
2026-06-11,PEBAB,1.5 - 2.5,SI,422
2026-06-11,PJUG,1.5 - 2.5,SI,423
2026-06-11,PEGUA,1.5 - 2.5,si,456
2026-06-11,PEBAB,1.5 - 2.5,SI,430
2026-06-11,PEBAB,1.5 - 2.5,SI,418
2026-06-11,PEGUA,1.5 - 2.5,SI,468
2026-06-11,PE2,1.5,SI,399
2026-06-11,PE3,1.5 - 2.5,si,512
2026-06-11,PE1,1.5 - 2.5,SI,479
2026-06-11,PEGUA,1.5 - 2.5,SI,464
2026-06-11,PEGUA,1.5 - 2.5,SI,477
2026-06-11,PEBAB,1.5 - 2.5,SI,415
2026-06-11,PEBAB,1.5 - 2.5,SI,433
2026-06-11,PE2,1.5,si,403
2026-06-11,PE2,1.5,SI,392
2026-06-11,PEGUA,1.5 - 2.5,SI,492
2026-06-11,PJUG,1.5 - 2.5,SI,475
2026-06-11,PE3,1.5 - 2.5,si,523
2026-06-11,PE3,3.0 - 4.0,SI,483
2026-06-11,PE1,3.0 - 4.0,SI,477
2026-06-11,PE3,0.0 - 1.0,si,508
2026-06-11,PEBAB,1.5 - 2.5,si,410
2026-06-11,PEGUA,1.5 - 2.5,SI,498
2026-06-11,PEBAB,1.5 - 2.5,si,448
2026-06-11,PE1,2,SI,534
2026-06-11,PEGUA,1.5 - 2.5,si,465
2026-06-11,PE2,1.5 - 2.5,SI,73
2026-06-11,PEGUA,1.5 - 2.5,SI,459
2026-06-11,PE3,1.5 - 2.5,SI,510
2026-06-11,PEBAB,1.5 - 2.5,si,427
2026-06-11,PEGUA,1.5 - 2.5,SI,478
2026-06-11,PE3,3.0 - 4.0,SI,260
2026-06-11,PE2,1.5 - 2.5,si,498
2026-06-11,PE1,2,SI,535
2026-06-11,PE3,1.5 - 2.5,SI,282
2026-06-11,PEBAB,1.5 - 2.5,si,416
2026-06-11,PE1,2,SI,533
2026-06-11,PE1,2,SI,543
2026-06-11,PE1,0,SI,501
2026-06-11,PEGUA,1.5 - 2.5,si,468
2026-06-11,PE3,0.0 - 1.0,SI,518
2026-06-11,PE2,1.5,SI,403
2026-06-11,PE1,0.0 - 1.0,SI,516
2026-06-11,PEBAB,1.5 - 2.5,si,436
2026-06-11,PE2,1.5,SI,398
2026-06-11,PEBAB,1.5 - 2.5,SI,435
2026-06-11,PE2,3.0 - 4.0,SI,506
2026-06-11,PE3,1.5 - 2.5,si,3
2026-06-11,PJUG,1.5 - 2.5,SI,483
2026-06-11,PEGUA,1.5 - 2.5,SI,487
2026-06-11,PE2,1.5 - 2.5,SI,518
2026-06-11,PE2,0.0 - 1.0,si,509
2026-06-11,PE3,1.5 - 2.5,si,519
2026-06-11,PEBAB,1.5 - 2.5,si,443
2026-06-11,PEBAB,1.5 - 2.5,SI,420
2026-06-11,PEGUA,1.5 - 2.5,SI,481
2026-06-11,PEGUA,1.5 - 2.5,si,451
2026-06-11,PE2,1.5 - 2.5,SI,503
2026-06-11,PE1,1.5 - 2.5,SI,511
2026-06-11,PE2,1.5,SI,428
2026-06-11,PE3,0.0 - 1.0,SI,500
2026-06-11,PE3,1.5 - 2.5,SI,525
2026-06-11,PEBAB,1.5 - 2.5,si,428
2026-06-11,PE1,0,SI,11
2026-06-11,PEGUA,1.5 - 2.5,SI,477
2026-06-11,PEGUA,1.5 - 2.5,si,483
2026-06-11,PEBAB,1.5 - 2.5,SI,415
2026-06-11,PE2,3.0 - 4.0,si,32
2026-06-11,PJUG,1.5 - 2.5,SI,481
2026-06-11,PE2,1.5,SI,403
2026-06-11,PJUG,3.0 - 4.0,SI,542
2026-06-11,PEGUA,1.5 - 2.5,SI,483
2026-06-11,PE3,1.5 - 2.5,si,528
2026-06-11,PEBAB,1.5 - 2.5,SI,429
2026-06-11,PEBAB,1.5 - 2.5,SI,430
2026-06-11,PEBAB,1.5 - 2.5,SI,433
2026-06-11,PEGUA,1.5 - 2.5,si,493
2026-06-11,PE3,1.5 - 2.5,SI,538
2026-06-11,PEGUA,1.5 - 2.5,SI,493
2026-06-11,PJUG,3.0 - 4.0,SI,433
2026-06-11,PE2,3.0 - 4.0,SI,536
2026-06-11,PE3,3.0 - 4.0,SI,478
2026-06-11,PE2,1.5 - 2.5,si,506
2026-06-11,PE1,3.0 - 4.0,SI,421
2026-06-11,PE2,1.5,SI,403
2026-06-11,PE3,3.0 - 4.0,SI,46
2026-06-11,PE1,1,SI,293
2026-06-11,PE1,1.5 - 2.5,SI,480
2026-06-11,PE1,0,SI,31
2026-06-11,PJUG,3.0 - 4.0,SI,478
2026-06-11,PEGUA,1.5 - 2.5,SI,198
2026-06-11,PEGUA,1.5 - 2.5,SI,389
2026-06-11,PE1,0.0 - 1.0,SI,295
2026-06-11,PE2,0.0 - 1.0,si,266
2026-06-11,PEBAB,1.5 - 2.5,SI,271
2026-06-11,PE2,3.0 - 4.0,SI,296
2026-06-11,AD1,0.0 - 1.0,SI,498
2026-06-11,PE3,1.5 - 2.5,SI,552
2026-06-11,AD-PJUG,3.0 - 4.0,SI,532
2026-06-11,AD2,0.0 - 1.0,si,503
2026-06-11,AD1,0.0 - 1.0,SI,471
2026-06-11,AD-PJUG,3.0 - 4.0,SI,470
2026-06-11,AD1,0.0 - 1.0,SI,280
2026-06-11,AD1,0.0 - 1.0,SI,536
2026-06-11,AD-PJUG,3.0 - 4.0,SI,492
2026-06-11,AD2,0.0 - 1.0,SI,543
2026-06-11,AD-PJUG,3.0 - 4.0,SI,302
2026-06-11,AD2,0.0 - 1.0,SI,51
2026-06-11,AD1,1.5 - 2.5,SI,574
2026-06-11,PEBAB,1.5 - 2.5,SI,243
2026-06-11,PE3,0.0 - 1.0,SI,218
2026-06-11,AD-PJUG,3.0 - 4.0,SI,441
2026-06-11,AD-PJUG,3.0 - 4.0,SI,541
2026-06-11,AD2,1.5 - 2.5,SI,308
2026-06-11,AD1,0.0 - 1.0,SI,488
2026-06-11,AD3,1.5 - 2.5,si,202
2026-06-11,AD-PJUG,3.0 - 4.0,SI,356
2026-06-11,AD3,0.0 - 1.0,SI,358
2026-06-11,AD1,0.0 - 1.0,SI,389
2026-06-11,ADBABY,1.5 - 2.5,SI,101
2026-06-11,AD1,1.5 - 2.5,SI,506
2026-06-11,AD2,1.5 - 2.5,SI,465
2026-06-11,AD-PJUG,1.5 - 2.5,SI,226
2026-06-11,ADGUA,1.5 - 2.5,SI,423
2026-06-11,PE1,0,SI,178
2026-06-11,AD-PJUG,3.0 - 4.0,SI,273
2026-06-11,PE1,1.5 - 2.5,SI,20
2026-06-11,PE2,1.5 - 2.5,SI,16
2026-06-11,PE3,1.5 - 2.5,SI,2
2026-06-11,PE1,1.5 - 2.5,SI,30
2026-06-11,PE2,1.5 - 2.5,SI,16
2026-06-11,PE3,1.5 - 2.5,SI,2
2026-06-11,PE1,1.5 - 2.5,SI,32
2026-06-11,PE2,1.5 - 2.5,SI,15
2026-06-11,PE3,1.5 - 2.5,SI,1
2026-06-11,PE3,1.5 - 2.5,SI,2
2026-06-11,PEBAB,1.5 - 2.5,SI,249
2026-06-12,PEBAB,1.5 - 2.5,si,417
2026-06-12,PEGUA,1.5 - 2.5,si,451
2026-06-12,PEBAB,1.5 - 2.5,si,400
2026-06-12,PE3,1.5 - 2.5,SI,480
2026-06-12,PEGUA,1.5 - 2.5,SI,472
2026-06-12,PE2,3.0 - 4.0,SI,28
2026-06-12,PEGUA,1.5 - 2.5,SI,453
2026-06-12,PEBAB,1.5 - 2.5,si,416
2026-06-12,PEGUA,1.5 - 2.5,SI,462
2026-06-12,PJUG,1.5 - 2.5,SI,434
2026-06-12,PEBAB,1.5 - 2.5,si,410
2026-06-12,PE2,1.5 - 2.5,SI,12
2026-06-12,PE2,1.5 - 2.5,SI,494
2026-06-12,PE3,0.0 - 1.0,SI,481
2026-06-12,PEGUA,1.5 - 2.5,SI,465
2026-06-12,PEBAB,1.5 - 2.5,si,407
2026-06-12,PE1,1.5 - 2.5,SI,17
2026-06-12,PEGUA,1.5 - 2.5,si,467
2026-06-12,PE3,1.5 - 2.5,si,476
2026-06-12,PEGUA,1.5 - 2.5,si,474
2026-06-12,PE3,3.0 - 4.0,si,489
2026-06-12,PEBAB,1.5 - 2.5,si,428
2026-06-12,PE1,1.5 - 2.5,si,18
2026-06-12,PJUG,1.5 - 2.5,si,529
2026-06-12,PEGUA,1.5 - 2.5,si,456
2026-06-12,PEBAB,1.5 - 2.5,SI,404
2026-06-12,PEGUA,1.5 - 2.5,SI,468
2026-06-12,PEBAB,1.5 - 2.5,si,416
2026-06-12,PE2,1.5 - 2.5,SI,491
2026-06-12,PEBAB,1.5 - 2.5,si,423
2026-06-12,PE2,1.5 - 2.5,SI,39
2026-06-12,PE3,1.5 - 2.5,SI,482
2026-06-12,PE2,3.0 - 4.0,si,494
2026-06-12,PE2,2,SI,397
2026-06-12,PEGUA,1.5 - 2.5,si,458
2026-06-12,PEBAB,1.5 - 2.5,SI,407
2026-06-12,PEGUA,1.5 - 2.5,si,484
2026-06-12,PE1,3.0 - 4.0,si,521
2026-06-12,PE3,1.5 - 2.5,si,14
2026-06-12,PE3,0.0 - 1.0,SI,478
2026-06-12,PEBAB,1.5 - 2.5,si,426
2026-06-12,PE2,1.5 - 2.5,SI,498
2026-06-12,PJUG,3.0 - 4.0,SI,463
2026-06-12,PJUG,1.5 - 2.5,SI,456
2026-06-12,PE3,1.5 - 2.5,SI,474
2026-06-12,PE1,3.0 - 4.0,SI,19
2026-06-12,PE2,3.0 - 4.0,si,510
2026-06-12,PE2,2,SI,397
2026-06-12,PEGUA,1.5 - 2.5,si,472
2026-06-12,PEGUA,1.5 - 2.5,si,479
2026-06-12,PJUG,3.0 - 4.0,si,421
2026-06-12,PE3,3.0 - 4.0,SI,5
2026-06-12,PEGUA,1.5 - 2.5,si,470
2026-06-12,PE1,1,SI,545
2026-06-12,PE1,3.0 - 4.0,si,530
2026-06-12,PEBAB,1.5 - 2.5,si,448
2026-06-12,PE3,1.5 - 2.5,SI,475
2026-06-12,PE2,3.0 - 4.0,si,515
2026-06-12,PE2,2,SI,393
2026-06-12,PE1,1.5 - 2.5,si,515
2026-06-12,PE3,3.0 - 4.0,si,480
2026-06-12,PEBAB,1.5 - 2.5,si,433
2026-06-12,PE2,1.5 - 2.5,SI,500
2026-06-12,PE2,1.5 - 2.5,SI,499
2026-06-12,PEGUA,1.5 - 2.5,SI,463
2026-06-12,PEBAB,1.5 - 2.5,si,392
2026-06-12,PEGUA,1.5 - 2.5,si,474
2026-06-12,PJUG,1.5 - 2.5,si,420
2026-06-12,PE3,1.5 - 2.5,SI,485
2026-06-12,PE3,3.0 - 4.0,si,473
2026-06-12,PEGUA,1.5 - 2.5,si,475
2026-06-12,PEBAB,1.5 - 2.5,si,435
2026-06-12,PE3,0.0 - 1.0,SI,475
2026-06-12,PE1,0.0 - 1.0,SI,20
2026-06-12,PEBAB,1.5 - 2.5,SI,434
2026-06-12,PE2,1.5 - 2.5,SI,512
2026-06-12,PE2,0.0 - 1.0,SI,375
2026-06-12,PE2,0.0 - 1.0,SI,67
2026-06-12,PE1,1,SI,545
2026-06-12,PEGUA,1.5 - 2.5,SI,468
2026-06-12,PE2,1.5 - 2.5,SI,52
2026-06-12,PJUG,1.5 - 2.5,SI,422
2026-06-12,PE2,2,SI,460
2026-06-12,PJUG,3.0 - 4.0,SI,47
2026-06-12,PE1,1.5 - 2.5,si,548
2026-06-12,PE2,3.0 - 4.0,si,506
2026-06-12,PJUG,3.0 - 4.0,si,453
2026-06-12,PE1,3.0 - 4.0,si,555
2026-06-12,PE1,3.0 - 4.0,si,578
2026-06-12,PE2,3.0 - 4.0,si,517
2026-06-12,PE1,1,SI,577
2026-06-12,PE2,3.0 - 4.0,si,501
2026-06-12,PEBAB,1.5 - 2.5,si,398
2026-06-12,PE3,1.5 - 2.5,SI,66
2026-06-12,PE1,1,SI,543
2026-06-12,PE3,0.0 - 1.0,SI,10
2026-06-12,PE2,0.0 - 1.0,SI,573
2026-06-12,PJUG,3.0 - 4.0,SI,432
2026-06-12,PE1,1,SI,529
2026-06-12,PE1,3.0 - 4.0,si,534
2026-06-12,PE3,3.0 - 4.0,si,489
2026-06-12,PE1,1,SI,556
2026-06-12,PE2,1.5 - 2.5,SI,510
2026-06-12,PE3,1.5 - 2.5,SI,475
2026-06-12,PE1,1,SI,542
2026-06-12,PEGUA,1.5 - 2.5,si,469
2026-06-12,PE1,1,SI,553
2026-06-12,PE2,3.0 - 4.0,si,510
2026-06-12,PEGUA,1.5 - 2.5,si,483
2026-06-12,PIND,1.5 - 2.5,SI,447
2026-06-12,PE1,1,SI,148
2026-06-12,PE2,3.0 - 4.0,si,623
2026-06-12,PEGUA,1.5 - 2.5,si,329
2026-06-12,PE1,0.0 - 1.0,SI,511
2026-06-12,PEBAB,1.5 - 2.5,si,258
2026-06-12,PJUG,3.0 - 4.0,si,294
2026-06-12,PE3,0.0 - 1.0,SI,428
2026-06-12,PE1,3.0 - 4.0,si,421
2026-06-12,PEBAB,1.5 - 2.5,si,427
2026-06-12,PE3,3.0 - 4.0,si,395
2026-06-12,PE1,1.5 - 2.5,si,503
2026-06-12,PE3,1.5 - 2.5,SI,497
2026-06-12,PE2,1.5 - 2.5,SI,492
2026-06-12,PJUG,3.0 - 4.0,SI,527
2026-06-12,AD2,0.0 - 1.0,SI,500
2026-06-12,AD1,0.0 - 1.0,SI,558
2026-06-12,PE1,0.0 - 1.0,SI,155
2026-06-12,PEGUA,1.5 - 2.5,si,470
2026-06-12,PJUG,3.0 - 4.0,SI,498
2026-06-12,PEBAB,1.5 - 2.5,si,330
2026-06-12,PE1,1,SI,181
2026-06-12,PJUG,3.0 - 4.0,SI,522
2026-06-12,AD3,0.0 - 1.0,SI,480
2026-06-12,AD1,0.0 - 1.0,SI,561
2026-06-12,PE1,1,SI,18
2026-06-12,AD2,0.0 - 1.0,si,512
2026-06-12,AD1,0.0 - 1.0,SI,446
2026-06-12,AD-PJUG,3.0 - 4.0,si,529
2026-06-12,AD2,1.5 - 2.5,SI,509
2026-06-12,AD2,0.0 - 1.0,si,518
2026-06-12,AD2,0.0 - 1.0,SI,511
2026-06-12,AD3,0.0 - 1.0,SI,463
2026-06-12,AD1,0.0 - 1.0,SI,555
2026-06-12,ADGUA,1.5 - 2.5,si,477
2026-06-12,AD1,1.5 - 2.5,si,527
2026-06-12,AD-PJUG,3.0 - 4.0,SI,487
2026-06-12,AD1,0.0 - 1.0,SI,505
2026-06-12,AD-PJUG,3.0 - 4.0,SI,145
2026-06-12,AD1,1.5 - 2.5,si,206
2026-06-12,ADGUA,1.5 - 2.5,si,451
2026-06-12,AD-PJUG,1.5 - 2.5,SI,318
2026-06-12,AD-PJUG,3.0 - 4.0,SI,484
2026-06-12,AD2,1.5 - 2.5,SI,297
2026-06-12,AD2,0.0 - 1.0,si,539
2026-06-12,AD-PJUG,3.0 - 4.0,SI,517
2026-06-12,AD-PJUG,3.0 - 4.0,si,210
2026-06-12,AD3,1.5 - 2.5,SI,249
2026-06-12,AD3,0.0 - 1.0,si,349
2026-06-12,AD2,0.0 - 1.0,SI,313
2026-06-12,AD-PJUG,3.0 - 4.0,SI,520
2026-06-12,ADBABY,1.5 - 2.5,SI,119
2026-06-12,AD-PJUG,3.0 - 4.0,si,329
2026-06-12,PE1,1.5 - 2.5,SI,168
2026-06-13,PE3,0.0 - 1.0,SI,19
2026-06-13,AD-PJUG,3.0 - 4.0,SI,564
2026-06-13,AD-PJUG,3.0 - 4.0,SI,111
2026-06-13,AD1,0.0 - 1.0,SI,575
2026-06-13,AD-PJUG,3.0 - 4.0,SI,456
2026-06-13,AD2,0.0 - 1.0,si,498
2026-06-13,AD1,0.0 - 1.0,si,425
2026-06-13,AD-PJUG,3.0 - 4.0,SI,463
2026-06-13,AD-PJUG,3.0 - 4.0,SI,506
2026-06-13,AD1,0.0 - 1.0,SI,536
2026-06-13,AD3,0.0 - 1.0,SI,489
2026-06-13,AD-PJUG,3.0 - 4.0,SI,554
2026-06-13,AD1,0.0 - 1.0,SI,558
2026-06-13,AD1,1.5 - 2.5,SI,550
2026-06-13,AD2,0.0 - 1.0,si,508
2026-06-13,AD2,0.0 - 1.0,SI,113
2026-06-13,AD-PJUG,3.0 - 4.0,SI,449
2026-06-13,AD3,1.5 - 2.5,SI,30
2026-06-13,AD1,0.0 - 1.0,SI,559
2026-06-13,ADGUA,1.5 - 2.5,SI,488
2026-06-13,AD-PJUG,3.0 - 4.0,SI,562
2026-06-13,AD2,0.0 - 1.0,SI,517
2026-06-13,AD-PJUG,3.0 - 4.0,SI,486
2026-06-13,AD3,0.0 - 1.0,SI,493
2026-06-13,AD-PJUG,3.0 - 4.0,SI,465
2026-06-13,AD1,0.0 - 1.0,SI,513
2026-06-13,AD2,1.5 - 2.5,SI,511
2026-06-13,AD-PJUG,1.5 - 2.5,SI,471
2026-06-13,ADGUA,1.5 - 2.5,SI,478
2026-06-13,AD1,1.5 - 2.5,SI,545
2026-06-13,AD2,0.0 - 1.0,si,528
2026-06-13,AD1,0.0 - 1.0,si,544
2026-06-13,AD1,0.0 - 1.0,SI,522
2026-06-13,AD3,0.0 - 1.0,SI,501
2026-06-13,AD-PJUG,3.0 - 4.0,SI,479
2026-06-13,AD-PJUG,3.0 - 4.0,SI,565
2026-06-13,AD1,0.0 - 1.0,SI,550
2026-06-13,AD2,0.0 - 1.0,SI,481
2026-06-13,AD-PJUG,3.0 - 4.0,SI,554
2026-06-13,AD2,0.0 - 1.0,SI,362
2026-06-13,ADGUA,1.5 - 2.5,si,396
2026-06-13,AD-PJUG,3.0 - 4.0,SI,489
2026-06-13,ADGUA,1.5 - 2.5,SI,489
2026-06-13,AD3,1.5 - 2.5,SI,367
2026-06-13,AD1,1.5 - 2.5,SI,382
2026-06-13,AD3,0.0 - 1.0,SI,317
2026-06-13,AD2,0.0 - 1.0,SI,339
2026-06-13,ADBABY,1.5 - 2.5,si,339
2026-06-13,AD1,0.0 - 1.0,SI,468
2026-06-13,AD2,1.5 - 2.5,SI,362
2026-06-13,AD-PJUG,1.5 - 2.5,SI,96
2026-06-15,PIND,1.5 - 2.5,SI,459
2026-06-15,PE1,1,SI,558
2026-06-15,PE1,0.0 - 1.0,si,528
2026-06-15,PE2,1.5,si,357
2026-06-15,PE1,1,si,567
2026-06-15,PEGUA,1.5 - 2.5,SI,481
2026-06-15,PEGUA,1.5 - 2.5,SI,441
2026-06-15,PIND,1.5 - 2.5,SI,477
2026-06-15,PE3,3.0 - 4.0,SI,507
2026-06-15,PE2,3.0 - 4.0,SI,503
2026-06-15,PEBAB,1.5 - 2.5,SI,423
2026-06-15,PEBAB,1.5 - 2.5,SI,417
2026-06-15,PEBAB,1.5 - 2.5,SI,429
2026-06-15,PEGUA,1.5 - 2.5,SI,484
2026-06-15,PE3,1.5 - 2.5,SI,537
2026-06-15,PEGUA,1.5 - 2.5,SI,398
2026-06-15,PE3,3.0 - 4.0,SI,509
2026-06-15,PEGUA,1.5 - 2.5,SI,493
2026-06-15,PE2,3.0 - 4.0,SI,505
2026-06-15,PIND,1.5 - 2.5,si,432
2026-06-15,PEGUA,1.5 - 2.5,SI,427
2026-06-15,PEGUA,1.5 - 2.5,SI,484
2026-06-15,PEBAB,1.5 - 2.5,SI,419
2026-06-15,PE1,3.0 - 4.0,SI,521
2026-06-15,PEBAB,1.5 - 2.5,SI,419
2026-06-15,PEBAB,1.5 - 2.5,SI,422
2026-06-15,PEGUA,1.5 - 2.5,SI,486
2026-06-15,PEBAB,1.5 - 2.5,SI,430
2026-06-15,PEBAB,1.5 - 2.5,SI,419
2026-06-15,PEGUA,1.5 - 2.5,SI,417
2026-06-15,PE3,1.5 - 2.5,si,532
2026-06-15,PE3,3.0 - 4.0,SI,502
2026-06-15,PEBAB,1.5 - 2.5,SI,425
2026-06-15,PIND,1.5 - 2.5,SI,449
2026-06-15,PE2,3.0 - 4.0,SI,500
2026-06-15,PEGUA,1.5 - 2.5,SI,507
2026-06-15,PEGUA,1.5 - 2.5,SI,430
2026-06-15,PEGUA,1.5 - 2.5,SI,472
2026-06-15,PE2,1.5,si,399
2026-06-15,PE1,0,SI,535
2026-06-15,PE1,1,si,545
2026-06-15,PE2,1.5,si,406
2026-06-15,PE3,0.0 - 1.0,SI,483
2026-06-15,PIND,1.5 - 2.5,SI,458
2026-06-15,PE2,1.5,si,410
2026-06-15,PEGUA,1.5 - 2.5,SI,447
2026-06-15,PE1,1,SI,543
2026-06-15,PE3,1.5 - 2.5,SI,515
2026-06-15,PE2,0.0 - 1.0,SI,500
2026-06-15,PE1,0,SI,320
2026-06-15,PE1,0.0 - 1.0,SI,538
2026-06-15,PIND,1.5 - 2.5,SI,456
2026-06-15,PE1,1,si,540
2026-06-15,PE3,0.0 - 1.0,SI,526
2026-06-15,PE2,1.5,si,407
2026-06-15,PE1,1,si,526
2026-06-15,PE1,1,SI,599
2026-06-15,PE2,1.5 - 2.5,SI,499
2026-06-15,PE1,1,SI,535
2026-06-15,PE3,3.0 - 4.0,SI,493
2026-06-15,PEBAB,1.5 - 2.5,SI,415
2026-06-15,PE1,0.0 - 1.0,SI,533
2026-06-15,PEGUA,1.5 - 2.5,SI,451
2026-06-15,PEGUA,1.5 - 2.5,SI,508
2026-06-15,PEBAB,1.5 - 2.5,SI,422
2026-06-15,PE2,3.0 - 4.0,SI,500
2026-06-15,PEGUA,1.5 - 2.5,si,484
2026-06-15,PEBAB,1.5 - 2.5,SI,434
2026-06-15,PE2,1.5,si,404
2026-06-15,PE1,1.5 - 2.5,SI,531
2026-06-15,PEBAB,1.5 - 2.5,SI,416
2026-06-15,PE3,3.0 - 4.0,SI,509
2026-06-15,PIND,1.5 - 2.5,SI,468
2026-06-15,PEGUA,1.5 - 2.5,SI,437
2026-06-15,PE3,0.0 - 1.0,si,487
2026-06-15,PE1,3.0 - 4.0,si,530
2026-06-15,PEBAB,1.5 - 2.5,SI,425
2026-06-15,PJUG,3.0 - 4.0,SI,503
2026-06-15,PEGUA,1.5 - 2.5,SI,480
2026-06-15,PE3,1.5 - 2.5,SI,531
2026-06-15,PE2,3.0 - 4.0,si,501
2026-06-15,PE2,1.5,si,463
2026-06-15,PIND,1.5 - 2.5,si,461
2026-06-15,PEGUA,1.5 - 2.5,SI,432
2026-06-15,PE2,3.0 - 4.0,SI,503
2026-06-15,PEBAB,1.5 - 2.5,SI,437
2026-06-15,PEBAB,1.5 - 2.5,SI,419
2026-06-15,PEBAB,1.5 - 2.5,SI,426
2026-06-15,PE3,3.0 - 4.0,si,529
2026-06-15,PE1,1,SI,552
2026-06-15,PEGUA,1.5 - 2.5,SI,493
2026-06-15,PE1,1,SI,655
2026-06-15,PE1,3.0 - 4.0,si,515
2026-06-15,PE2,3.0 - 4.0,si,325
2026-06-15,PE1,0.0 - 1.0,SI,506
2026-06-15,PE2,1.5,SI,241
2026-06-15,PE1,1.5 - 2.5,SI,245
2026-06-15,PEGUA,1.5 - 2.5,SI,501
2026-06-15,PE1,0.0 - 1.0,SI,605
2026-06-15,PEGUA,1.5 - 2.5,SI,114
2026-06-15,PEGUA,1.5 - 2.5,SI,55
2026-06-15,PIND,1.5 - 2.5,SI,296
2026-06-15,PE2,1.5,si,403
2026-06-15,PE1,0.0 - 1.0,SI,110
2026-06-15,PEBAB,1.5 - 2.5,SI,96
2026-06-15,PJUG,3.0 - 4.0,SI,287
2026-06-15,PE2,0.0 - 1.0,SI,187
2026-06-15,PE3,1.5 - 2.5,SI,180
2026-06-15,PEBAB,1.5 - 2.5,SI,389
2026-06-15,PE2,0.0 - 1.0,SI,498
2026-06-15,PE2,0.0 - 1.0,SI,494
2026-06-15,PE3,0.0 - 1.0,si,426
2026-06-15,PE2,1.5 - 2.5,SI,455
2026-06-15,PE1,0.0 - 1.0,SI,61
2026-06-15,PE3,1.5 - 2.5,si,179
2026-06-15,PE3,3.0 - 4.0,SI,166
2026-06-15,PJUG,3.0 - 4.0,SI,452
2026-06-16,PEBAB,1.5 - 2.5,si,399
2026-06-16,PEGUA,1.5 - 2.5,si,474
2026-06-16,PEBAB,1.5 - 2.5,SI,388
2026-06-16,PEBAB,1.5 - 2.5,SI,406
2026-06-16,PE3,3.0 - 4.0,si,483
2026-06-16,PEGUA,1.5 - 2.5,si,482
2026-06-16,PEBAB,1.5 - 2.5,SI,404
2026-06-16,PIND,1.5 - 2.5,SI,392
2026-06-16,PEBAB,1.5 - 2.5,si,404
2026-06-16,PEGUA,1.5 - 2.5,SI,453
2026-06-16,PEGUA,1.5 - 2.5,si,470
2026-06-16,PEBAB,1.5 - 2.5,si,408
2026-06-16,PEBAB,1.5 - 2.5,SI,398
2026-06-16,PEGUA,1.5 - 2.5,SI,449
2026-06-16,PEGUA,1.5 - 2.5,si,467
2026-06-16,PEBAB,1.5 - 2.5,SI,400
2026-06-16,PE2,3.0 - 4.0,si,493
2026-06-16,PEBAB,1.5 - 2.5,si,410
2026-06-16,PE3,3.0 - 4.0,SI,23
2026-06-16,PEGUA,1.5 - 2.5,SI,458
2026-06-16,PIND,1.5 - 2.5,si,388
2026-06-16,PE3,3.0 - 4.0,si,463
2026-06-16,PE3,1.5 - 2.5,SI,485
2026-06-16,PEBAB,1.5 - 2.5,si,397
2026-06-16,PEGUA,1.5 - 2.5,SI,464
2026-06-16,PEGUA,1.5 - 2.5,si,453
2026-06-16,PEBAB,1.5 - 2.5,si,410
2026-06-16,PE2,3.0 - 4.0,SI,36
2026-06-16,PEGUA,1.5 - 2.5,SI,481
2026-06-16,PIND,1.5 - 2.5,SI,447
2026-06-16,PE2,3.0 - 4.0,si,495
2026-06-16,PE3,1.5 - 2.5,SI,481
2026-06-16,PE2,1.5 - 2.5,si,268
2026-06-16,PE2,1.5,SI,403
2026-06-16,PEBAB,1.5 - 2.5,SI,406
2026-06-16,PE1,1.5,si,530
2026-06-16,PE2,1.5,SI,405
2026-06-16,PEGUA,1.5 - 2.5,SI,473
2026-06-16,PEBAB,1.5 - 2.5,si,416
2026-06-16,PE1,1.5,si,539
2026-06-16,PE2,1.5 - 2.5,SI,501
2026-06-16,PE3,3.0 - 4.0,si,481
2026-06-16,PE2,1.5,SI,407
2026-06-16,PEGUA,1.5 - 2.5,SI,477
2026-06-16,PE3,1.5 - 2.5,SI,486
2026-06-16,PEGUA,1.5 - 2.5,SI,475
2026-06-16,PE1,1.5,si,546
2026-06-16,PE2,1.5,SI,402
2026-06-16,PE3,0.0 - 1.0,SI,486
2026-06-16,PJUG,3.0 - 4.0,SI,489
2026-06-16,PE3,1.5 - 2.5,SI,484
2026-06-16,PE2,1.5,SI,405
2026-06-16,PEGUA,1.5 - 2.5,si,470
2026-06-16,PE2,3.0 - 4.0,SI,499
2026-06-16,PE2,1.5 - 2.5,SI,492
2026-06-16,PE1,1.5,si,545
2026-06-16,PEBAB,1.5 - 2.5,si,431
2026-06-16,PE2,0.0 - 1.0,si,499
2026-06-16,PIND,1.5 - 2.5,SI,407
2026-06-16,PEGUA,1.5 - 2.5,SI,467
2026-06-16,PE2,1.5,SI,411
2026-06-16,PEBAB,1.5 - 2.5,SI,412
2026-06-16,PIND,1.5 - 2.5,SI,484
2026-06-16,PE1,1.5,si,555
2026-06-16,PE2,1.5,si,404
2026-06-16,PE1,3.0 - 4.0,SI,538
2026-06-16,PEGUA,1.5 - 2.5,SI,469
2026-06-16,PE2,1.5,SI,455
2026-06-16,PE1,1.5,si,340
2026-06-16,PE3,3.0 - 4.0,SI,462
2026-06-16,PE3,1.5 - 2.5,SI,480
2026-06-16,PEGUA,1.5 - 2.5,SI,475
2026-06-16,PE1,1.5 - 2.5,SI,545
2026-06-16,PE1,1,si,520
2026-06-16,PE2,1.5 - 2.5,si,493
2026-06-16,PEBAB,1.5 - 2.5,si,408
2026-06-16,PEBAB,1.5 - 2.5,si,430
2026-06-16,PE3,0.0 - 1.0,SI,468
2026-06-16,PEGUA,1.5 - 2.5,si,468
2026-06-16,PE3,0.0 - 1.0,SI,476
2026-06-16,PIND,1.5 - 2.5,si,419
2026-06-16,PEBAB,1.5 - 2.5,SI,413
2026-06-16,PEBAB,1.5 - 2.5,SI,404
2026-06-16,PE2,0.0 - 1.0,si,499
2026-06-16,PEGUA,1.5 - 2.5,si,472
2026-06-16,PE3,1.5 - 2.5,SI,479
2026-06-16,PEBAB,1.5 - 2.5,SI,400
2026-06-16,PEGUA,1.5 - 2.5,SI,455
2026-06-16,PEBAB,1.5 - 2.5,SI,401
2026-06-16,PEGUA,1.5 - 2.5,si,474
2026-06-16,PE2,0.0 - 1.0,si,513
2026-06-16,PE3,0.0 - 1.0,SI,477
2026-06-16,PE1,0.0 - 1.0,SI,528
2026-06-16,PE3,0.0 - 1.0,SI,564
2026-06-16,PE1,1.5 - 2.5,SI,24
2026-06-16,PE2,1.5 - 2.5,SI,27
2026-06-16,PE3,1.5 - 2.5,SI,6
2026-06-16,PE3,1.5 - 2.5,SI,2
2026-06-16,PE2,1.5 - 2.5,si,502
2026-06-16,PE3,0.0 - 1.0,SI,563
2026-06-16,PE3,1.5 - 2.5,SI,474
2026-06-16,PJUG,3.0 - 4.0,SI,494
2026-06-16,PE1,1.5 - 2.5,SI,12
2026-06-16,PE2,1.5 - 2.5,SI,10
2026-06-16,PE3,1.5 - 2.5,SI,2
2026-06-16,PEGUA,1.5 - 2.5,si,469
2026-06-16,PEGUA,1.5 - 2.5,si,462
2026-06-16,PE1,1,si,523
2026-06-16,PEGUA,1.5 - 2.5,SI,468
2026-06-16,PE2,0.0 - 1.0,si,498
2026-06-16,PEGUA,1.5 - 2.5,SI,470
2026-06-16,PE2,1.5 - 2.5,SI,500
2026-06-16,PIND,1.5 - 2.5,si,415
2026-06-16,PE2,3.0 - 4.0,si,499
2026-06-16,PE1,3.0 - 4.0,SI,542
2026-06-16,PEBAB,1.5 - 2.5,SI,416
2026-06-16,PE3,0.0 - 1.0,SI,477
2026-06-16,PEBAB,1.5 - 2.5,SI,401
2026-06-16,PE2,0.0 - 1.0,SI,499
2026-06-16,PIND,1.5 - 2.5,SI,488
2026-06-16,PE3,1.5 - 2.5,SI,481
2026-06-16,PJUG,3.0 - 4.0,SI,487
2026-06-16,PE1,0,SI,517
2026-06-16,PJUG,3.0 - 4.0,si,543
2026-06-16,PJUG,3.0 - 4.0,SI,545
2026-06-16,PEGUA,1.5 - 2.5,SI,468
2026-06-16,PE1,1,SI,522
2026-06-16,PE2,0.0 - 1.0,SI,511
2026-06-16,PE2,1.5 - 2.5,SI,521
2026-06-16,PE1,1.5 - 2.5,SI,542
2026-06-16,PIND,1.5 - 2.5,SI,400
2026-06-16,PE2,1.5 - 2.5,SI,505
2026-06-16,PJUG,3.0 - 4.0,SI,482
2026-06-16,PE1,3.0 - 4.0,SI,553
2026-06-16,PE2,3.0 - 4.0,SI,467
2026-06-16,PE1,0,SI,102
2026-06-16,PE2,0.0 - 1.0,SI,627
2026-06-16,PJUG,3.0 - 4.0,SI,617
2026-06-16,PE3,0.0 - 1.0,si,265
2026-06-16,PJUG,3.0 - 4.0,SI,534
2026-06-16,PE3,0.0 - 1.0,SI,392
2026-06-16,PE2,1.5 - 2.5,si,165
2026-06-16,PE1,0.0 - 1.0,si,397
2026-06-16,PE3,3.0 - 4.0,SI,563
2026-06-16,PEBAB,1.5 - 2.5,SI,287
2026-06-16,PE2,3.0 - 4.0,si,473
2026-06-16,PE3,3.0 - 4.0,SI,243
2026-06-16,PE1,1.5 - 2.5,SI,602
2026-06-16,PEBAB,1.5 - 2.5,SI,399
2026-06-16,PJUG,3.0 - 4.0,SI,505
2026-06-16,AD-PJUG,3.0 - 4.0,SI,520
2026-06-16,PE1,1,si,209
2026-06-16,AD-PJUG,3.0 - 4.0,SI,486
2026-06-16,AD-PJUG,3.0 - 4.0,SI,565
2026-06-16,AD2,0.0 - 1.0,SI,513
2026-06-16,AD1,0.0 - 1.0,SI,557
2026-06-16,AD1,0.0 - 1.0,SI,567
2026-06-16,PEGUA,1.5 - 2.5,SI,284
2026-06-16,AD-PJUG,3.0 - 4.0,SI,470
2026-06-16,AD1,0.0 - 1.0,SI,561
2026-06-16,AD2,0.0 - 1.0,SI,523
2026-06-16,AD1,1.5 - 2.5,SI,570
2026-06-16,AD-PJUG,3.0 - 4.0,SI,547
2026-06-16,AD-PJUG,3.0 - 4.0,SI,490
2026-06-16,AD-PJUG,3.0 - 4.0,SI,532
2026-06-16,AD-PJUG,3.0 - 4.0,si,244
2026-06-16,AD1,3.0 - 4.0,SI,57
2026-06-16,PE1,1,SI,384
2026-06-16,AD1,0.0 - 1.0,SI,593
2026-06-16,AD2,1.5 - 2.5,SI,584
2026-06-16,AD-PIND,1.5 - 2.5,SI,386
2026-06-16,ADBABY,1.5 - 2.5,SI,39
2026-06-16,AD-PJUG,3.0 - 4.0,si,154
2026-06-16,AD-PJUG,3.0 - 4.0,SI,170
2026-06-16,AD3,1.5 - 2.5,si,182
2026-06-16,ADGUA,1.5 - 2.5,SI,521
2026-06-16,AD3,0.0 - 1.0,SI,475
2026-06-16,AD-PIND,1.5 - 2.5,SI,164
2026-06-16,AD2,0.0 - 1.0,SI,481
2026-06-16,AD-PJUG,3.0 - 4.0,SI,299
2026-06-16,AD-PJUG,3.0 - 4.0,SI,524
2026-06-16,PE1,1.5 - 2.5,SI,18
2026-06-16,PE2,1.5 - 2.5,SI,25
2026-06-16,PE3,1.5 - 2.5,SI,6
2026-06-16,PE3,1.5 - 2.5,SI,2
2026-06-16,PEGUA,1.5 - 2.5,SI,2
2026-06-17,PEBAB,1.5 - 2.5,SI,432
2026-06-17,PEGUA,1.5 - 2.5,si,452
2026-06-17,PEGUA,1.5 - 2.5,SI,501
2026-06-17,PE3,1.5 - 2.5,SI,509
2026-06-17,PEBAB,1.5 - 2.5,SI,232
2026-06-17,PEBAB,1.5 - 2.5,si,422
2026-06-17,PEBAB,1.5 - 2.5,SI,428
2026-06-17,PEGUA,1.5 - 2.5,SI,492
2026-06-17,PE2,2,SI,393
2026-06-17,PE3,0.0 - 1.0,SI,514
2026-06-17,PEBAB,1.5 - 2.5,SI,408
2026-06-17,PEGUA,1.5 - 2.5,SI,507
2026-06-17,PEGUA,1.5 - 2.5,si,450
2026-06-17,PE3,0.0 - 1.0,SI,497
2026-06-17,PEGUA,1.5 - 2.5,SI,440
2026-06-17,PEBAB,1.5 - 2.5,si,405
2026-06-17,PIND,1.5 - 2.5,SI,448
2026-06-17,PEBAB,1.5 - 2.5,SI,403
2026-06-17,PE3,1.5 - 2.5,SI,510
2026-06-17,PE2,1.5 - 2.5,si,491
2026-06-17,PE3,0.0 - 1.0,SI,485
2026-06-17,PEGUA,1.5 - 2.5,SI,480
2026-06-17,PEGUA,1.5 - 2.5,si,434
2026-06-17,PEBAB,1.5 - 2.5,SI,392
2026-06-17,PEGUA,1.5 - 2.5,si,502
2026-06-17,PEBAB,1.5 - 2.5,SI,406
2026-06-17,PE2,2,SI,399
2026-06-17,PEBAB,1.5 - 2.5,SI,418
2026-06-17,PE2,2,SI,388
2026-06-17,PE2,0.0 - 1.0,SI,487
2026-06-17,PEGUA,1.5 - 2.5,SI,462
2026-06-17,PE3,1.5 - 2.5,SI,475
2026-06-17,PEBAB,1.5 - 2.5,SI,433
2026-06-17,PEGUA,1.5 - 2.5,SI,486
2026-06-17,PE1,1.5 - 2.5,SI,537
2026-06-17,PEBAB,1.5 - 2.5,SI,419
2026-06-17,PE2,3.0 - 4.0,si,491
2026-06-17,PEGUA,1.5 - 2.5,SI,498
2026-06-17,PEGUA,1.5 - 2.5,SI,459
2026-06-17,PEBAB,1.5 - 2.5,SI,421
2026-06-17,PIND,1.5 - 2.5,SI,451
2026-06-17,PE3,0.0 - 1.0,SI,470
2026-06-17,PE3,1.5 - 2.5,SI,506
2026-06-17,PE1,1,si,526
2026-06-17,PE1,3.0 - 4.0,SI,529
2026-06-17,PE2,2,SI,402
2026-06-17,PEBAB,1.5 - 2.5,SI,419
2026-06-17,PE1,1.5 - 2.5,SI,529
2026-06-17,PEGUA,1.5 - 2.5,si,457
2026-06-17,PE3,3.0 - 4.0,si,484
2026-06-17,PE2,3.0 - 4.0,si,493
2026-06-17,PEGUA,1.5 - 2.5,si,485
2026-06-17,PEBAB,1.5 - 2.5,SI,429
2026-06-17,PJUG,3.0 - 4.0,SI,486
2026-06-17,PE2,2,SI,407
2026-06-17,PE2,1.5 - 2.5,SI,500
2026-06-17,PEBAB,1.5 - 2.5,SI,403
2026-06-17,PE3,1.5 - 2.5,SI,520
2026-06-17,PE1,1,si,500
2026-06-17,PIND,1.5 - 2.5,SI,438
2026-06-17,PE3,0.0 - 1.0,SI,550
2026-06-17,AD1,0.0 - 1.0,si,558
2026-06-17,AD2,0.0 - 1.0,SI,511
2026-06-17,AD1,0.0 - 1.0,SI,535
2026-06-17,AD3,0.0 - 1.0,SI,483
2026-06-17,AD2,0.0 - 1.0,si,513
2026-06-17,AD-PJUG,3.0 - 4.0,si,465
2026-06-17,AD2,0.0 - 1.0,si,79
2026-06-17,AD1,1.5,SI,561
2026-06-17,AD1,0.0 - 1.0,si,535
2026-06-17,ADGUA,1.5 - 2.5,SI,202
2026-06-17,AD1,0.0 - 1.0,SI,537
2026-06-17,AD-PJUG,3.0 - 4.0,si,483
2026-06-17,AD2,0.0 - 1.0,si,514
2026-06-17,AD2,0.0 - 1.0,SI,502
2026-06-17,AD1,0.0 - 1.0,SI,537
2026-06-17,AD1,1.5,SI,508
2026-06-17,AD3,0.0 - 1.0,SI,493
2026-06-17,AD1,0.0 - 1.0,SI,526
2026-06-17,AD-PJUG,3.0 - 4.0,SI,473
2026-06-17,PE2,3.0 - 4.0,si,497
2026-06-17,AD2,0.0 - 1.0,SI,511
2026-06-17,AD1,1.5 - 2.5,SI,548
2026-06-17,AD1,1.5,si,541
2026-06-17,AD1,1.5 - 2.5,SI,31
2026-06-17,AD-PIND,1.5 - 2.5,SI,464
2026-06-17,AD1,3.0 - 4.0,SI,441
2026-06-17,AD2,0.0 - 1.0,si,493
2026-06-17,ADGUA,1.5 - 2.5,SI,492
2026-06-17,AD3,0.0 - 1.0,SI,525
2026-06-17,AD1,1.5,SI,546
2026-06-17,AD2,0.0 - 1.0,SI,513
2026-06-17,AD1,1.5,SI,526
2026-06-17,AD1,1.5,si,549
2026-06-17,AD2,0.0 - 1.0,SI,520
2026-06-17,AD1,1.5,SI,549
2026-06-17,AD1,1.5,SI,533
2026-06-17,AD-PJUG,3.0 - 4.0,SI,442
2026-06-17,AD3,0.0 - 1.0,SI,510
2026-06-17,AD2,0.0 - 1.0,SI,496
2026-06-17,AD1,1.5,SI,519
2026-06-17,AD2,0.0 - 1.0,si,502
2026-06-17,AD2,1.5 - 2.5,SI,503
2026-06-17,AD-PJUG,3.0 - 4.0,SI,456
2026-06-17,PE1,1.5 - 2.5,SI,531
2026-06-17,AD1,1,si,552
2026-06-17,ADGUA,1.5 - 2.5,si,448
2026-06-17,AD1,0.0 - 1.0,si,546
2026-06-17,AD-PJUG,3.0 - 4.0,SI,458
2026-06-17,AD2,0.0 - 1.0,SI,492
2026-06-17,AD-PJUG,3.0 - 4.0,SI,491
2026-06-17,AD1,0.0 - 1.0,SI,527
2026-06-17,AD1,1,si,557
2026-06-17,AD-PJUG,3.0 - 4.0,SI,510
2026-06-17,AD-PIND,1.5 - 2.5,SI,473
2026-06-17,AD2,0.0 - 1.0,SI,503
2026-06-17,AD1,0.0 - 1.0,si,575
2026-06-17,AD2,0.0 - 1.0,si,502
2026-06-17,AD2,0.0 - 1.0,SI,497
2026-06-17,AD1,1,si,547
2026-06-17,AD1,0.0 - 1.0,si,519
2026-06-17,AD-PJUG,3.0 - 4.0,si,453
2026-06-17,AD1,0.0 - 1.0,si,524
2026-06-17,AD1,1,si,552
2026-06-17,AD2,0.0 - 1.0,SI,522
2026-06-17,AD3,0.0 - 1.0,SI,482
2026-06-17,AD1,0.0 - 1.0,si,454
2026-06-17,AD2,0.0 - 1.0,SI,490
2026-06-17,AD1,0.0 - 1.0,si,539
2026-06-17,AD2,1.5 - 2.5,SI,134
2026-06-17,AD2,0.0 - 1.0,si,526
2026-06-17,AD1,1.5 - 2.5,SI,469
2026-06-17,AD1,0.0 - 1.0,si,557
2026-06-17,AD1,0.0 - 1.0,si,480
2026-06-17,AD3,0.0 - 1.0,SI,505
2026-06-17,AD1,0.0 - 1.0,si,573
2026-06-17,AD2,0.0 - 1.0,SI,517
2026-06-17,AD-PIND,1.5 - 2.5,SI,459
2026-06-17,AD1,0.0 - 1.0,si,478
2026-06-17,AD1,0.0 - 1.0,si,522
2026-06-17,AD2,0.0 - 1.0,SI,514
2026-06-17,AD2,0.0 - 1.0,SI,505
2026-06-17,AD1,0.0 - 1.0,SI,568
2026-06-17,AD-PJUG,3.0 - 4.0,si,425
2026-06-17,AD-PJUG,3.0 - 4.0,SI,533
2026-06-17,AD1,0.0 - 1.0,si,523
2026-06-17,ADBABY,1.5 - 2.5,SI,140
2026-06-17,AD-PJUG,3.0 - 4.0,si,465
2026-06-17,AD1,1.5 - 2.5,SI,611
2026-06-17,AD2,1.5 - 2.5,si,471
2026-06-17,AD1,0.0 - 1.0,SI,248
2026-06-17,ADGUA,1.5 - 2.5,si,494
2026-06-17,AD1,3.0 - 4.0,si,344
2026-06-17,PE1,1,si,538
2026-06-17,AD1,1.5 - 2.5,SI,332
2026-06-17,PE1,3.0 - 4.0,SI,486
2026-06-17,PEBAB,1.5 - 2.5,SI,415
2026-06-17,PE2,3.0 - 4.0,si,508
2026-06-17,PE2,3.0 - 4.0,si,490
2026-06-17,PE1,3.0 - 4.0,si,504
2026-06-17,PE1,0,SI,300
2026-06-17,PE1,1.5 - 2.5,SI,507
2026-06-17,PE1,1.5 - 2.5,SI,502
2026-06-17,PE1,0.0 - 1.0,si,49
2026-06-17,PE1,1,si,348
2026-06-17,PE1,3.0 - 4.0,SI,211
2026-06-17,PEBAB,1.5 - 2.5,SI,332
2026-06-17,PEGUA,1.5 - 2.5,si,426
2026-06-17,PEGUA,1.5 - 2.5,si,466
2026-06-17,PE2,1.5 - 2.5,si,195
2026-06-17,PIND,1.5 - 2.5,SI,415
2026-06-17,PE2,0.0 - 1.0,SI,146
2026-06-17,AD-PJUG,3.0 - 4.0,SI,280
2026-06-17,AD1,1.5 - 2.5,si,336
2026-06-17,PJUG,3.0 - 4.0,si,574
2026-06-17,PE1,0.0 - 1.0,si,492
2026-06-17,PE3,1.5 - 2.5,si,283
2026-06-17,PE2,3.0 - 4.0,SI,612
2026-06-17,PE2,1.5 - 2.5,SI,589
2026-06-17,PE3,0.0 - 1.0,SI,170
2026-06-17,PE3,1.5 - 2.5,SI,456
2026-06-17,PE2,0.0 - 1.0,SI,402
2026-06-17,PE3,0.0 - 1.0,SI,388
2026-06-17,PE3,1.5 - 2.5,SI,335
2026-06-17,PE3,3.0 - 4.0,si,349
2026-06-17,PE2,2,SI,229
2026-06-17,PJUG,3.0 - 4.0,SI,380
2026-06-17,PEGUA,1.5 - 2.5,si,210
2026-06-17,PE1,3.0 - 4.0,SI,210
2026-06-17,PE1,0.0 - 1.0,SI,55
2026-06-17,PEBAB,1.5 - 2.5,si,45
2026-06-17,PE1,1.5 - 2.5,si,180
2026-06-18,AL-PEGUA,1.5 - 2.5,si,21
2026-06-18,PE3,0.0 - 1.0,si,8
2026-06-18,PE2,1.5 - 2.5,SI,506
2026-06-18,PEBAB,1.5 - 2.5,si,400
2026-06-18,PEGUA,1.5 - 2.5,si,456
2026-06-18,PEBAB,1.5 - 2.5,si,419
2026-06-18,PE3,1.5 - 2.5,SI,478
2026-06-18,PEGUA,1.5 - 2.5,si,478
2026-06-18,PEBAB,1.5 - 2.5,SI,55
2026-06-18,PEBAB,1.5 - 2.5,SI,397
2026-06-18,PIND,1.5 - 2.5,SI,453
2026-06-18,PE2,1.5 - 2.5,SI,504
2026-06-18,PEBAB,1.5 - 2.5,SI,431
2026-06-18,PE1,2,SI,553
2026-06-18,PE1,1.5 - 2.5,SI,500
2026-06-18,PE2,1.5 - 2.5,si,511
2026-06-18,PE3,1.5 - 2.5,SI,478
2026-06-18,PEGUA,1.5 - 2.5,SI,451
2026-06-18,PE3,1.5 - 2.5,si,471
2026-06-18,PEGUA,1.5 - 2.5,SI,484
2026-06-18,PJUG,3.0 - 4.0,si,550
2026-06-18,PE1,3.0 - 4.0,SI,539
2026-06-18,PE1,1.5 - 2.5,SI,5
2026-06-18,PEBAB,1.5 - 2.5,SI,410
2026-06-18,PE2,1.5 - 2.5,SI,501
2026-06-18,PEGUA,1.5 - 2.5,si,474
2026-06-18,PE1,3.0 - 4.0,si,554
2026-06-18,PEBAB,1.5 - 2.5,si,437
2026-06-18,PEGUA,1.5 - 2.5,SI,447
2026-06-18,PEBAB,1.5 - 2.5,SI,398
2026-06-18,PE3,1.5 - 2.5,SI,475
2026-06-18,PIND,1.5 - 2.5,SI,438
2026-06-18,PEGUA,1.5 - 2.5,si,475
2026-06-18,PE2,1.5 - 2.5,si,503
2026-06-18,PE2,3.0 - 4.0,SI,494
2026-06-18,PE3,1.5 - 2.5,SI,314
2026-06-18,PEBAB,1.5 - 2.5,SI,495
2026-06-18,PE3,3.0 - 4.0,si,418
2026-06-18,PE3,1.5 - 2.5,SI,390
2026-06-18,PE3,0.0 - 1.0,SI,421
2026-06-18,PE2,1.5 - 2.5,SI,504
2026-06-18,AD2,0.0 - 1.0,si,511
2026-06-18,AD1,1.5 - 2.5,SI,31
2026-06-18,AD3,0.0 - 1.0,SI,23
2026-06-18,AD2,0.0 - 1.0,SI,510
2026-06-18,AD3,0.0 - 1.0,si,481
2026-06-18,AD1,0.0 - 1.0,si,541
2026-06-18,AD2,0.0 - 1.0,SI,522
2026-06-18,AD2,0.0 - 1.0,SI,492
2026-06-18,AD2,0.0 - 1.0,SI,526
2026-06-18,AD1,0.0 - 1.0,SI,534
2026-06-18,AD1,0.0 - 1.0,SI,1450
2026-06-18,AD1,0.0 - 1.0,si,1264
2026-06-18,AD1,0.0 - 1.0,SI,1308
2026-06-18,AD3,0.0 - 1.0,SI,491
2026-06-18,AD-PJUG,3.0 - 4.0,si,514
2026-06-18,AD2,0.0 - 1.0,SI,527
2026-06-18,AD-PIND,1.5 - 2.5,SI,472
2026-06-18,AD1,1.5 - 2.5,SI,545
2026-06-18,AD1,0.0 - 1.0,SI,534
2026-06-18,AD2,0.0 - 1.0,SI,534
2026-06-18,AD2,0.0 - 1.0,SI,498
2026-06-18,AD3,0.0 - 1.0,SI,484
2026-06-18,AD2,0.0 - 1.0,SI,540
2026-06-18,AD1,0.0 - 1.0,SI,557
2026-06-18,AD1,0.0 - 1.0,si,1284
2026-06-18,AD1,0.0 - 1.0,SI,1538
2026-06-18,ADGUA,1.5 - 2.5,si,489
2026-06-18,AD2,0.0 - 1.0,SI,528
2026-06-18,AD3,0.0 - 1.0,SI,490
2026-06-18,AD1,1.5 - 2.5,si,536
2026-06-18,AD1,1.5 - 2.5,SI,544
2026-06-18,AD2,0.0 - 1.0,SI,533
2026-06-18,ADGUA,1.5 - 2.5,SI,488
2026-06-18,AD-PIND,1.5 - 2.5,SI,472
2026-06-18,AD1,2,si,534
2026-06-18,AD3,3.0 - 4.0,si,63
2026-06-18,AD1,0.0 - 1.0,si,535
2026-06-18,AD2,0.0 - 1.0,SI,493
2026-06-18,AD2,0.0 - 1.0,SI,520
2026-06-18,AD2,1.5 - 2.5,SI,511
2026-06-18,AD1,0.0 - 1.0,SI,539
2026-06-18,AD1,0.0 - 1.0,SI,1562
2026-06-18,AD3,0.0 - 1.0,SI,491
2026-06-18,AD2,0.0 - 1.0,SI,529
2026-06-18,AD1,2,SI,558
2026-06-18,AD2,0.0 - 1.0,SI,493
2026-06-18,AD1,0.0 - 1.0,SI,571
2026-06-18,AD1,0,SI,521
2026-06-18,AD2,0.0 - 1.0,SI,524
2026-06-18,AD-PJUG,3.0 - 4.0,si,552
2026-06-18,AD1,1.5 - 2.5,si,530
2026-06-18,ADBABY,1.5 - 2.5,si,452
2026-06-18,ADGUA,1.5 - 2.5,si,498
2026-06-18,AD1,2,si,555
2026-06-18,AD2,0.0 - 1.0,SI,490
2026-06-18,AD3,0.0 - 1.0,SI,491
2026-06-18,AD2,0.0 - 1.0,SI,525
2026-06-18,ADGUA,1.5 - 2.5,SI,170
2026-06-18,AD1,0.0 - 1.0,SI,549
2026-06-18,AD1,0.0 - 1.0,SI,518
2026-06-18,AD-PIND,1.5 - 2.5,si,483
2026-06-18,AD2,0.0 - 1.0,SI,514
2026-06-18,AD1,0.0 - 1.0,SI,521
2026-06-18,AD1,0.0 - 1.0,SI,531
2026-06-18,AD3,1.5 - 2.5,SI,50
2026-06-18,AD1,0.0 - 1.0,si,557
2026-06-18,AD3,0.0 - 1.0,SI,490
2026-06-18,AD1,2,SI,557
2026-06-18,AD1,1.5 - 2.5,si,547
2026-06-18,AD2,1.5 - 2.5,si,507
2026-06-18,AD-PJUG,3.0 - 4.0,si,455
2026-06-18,AD2,0.0 - 1.0,SI,506
2026-06-18,AD1,2,SI,519
2026-06-18,AD2,0.0 - 1.0,SI,615
2026-06-18,AD1,0.0 - 1.0,SI,528
2026-06-18,AD3,0.0 - 1.0,SI,473
2026-06-18,AD1,0.0 - 1.0,si,543
2026-06-18,AD-PJUG,3.0 - 4.0,SI,526
2026-06-18,AD3,1.5 - 2.5,SI,483
2026-06-18,AD1,0,SI,222
2026-06-18,AD2,1.5 - 2.5,si,219
2026-06-18,AD1,3.0 - 4.0,si,583
2026-06-18,AD1,2,si,288
2026-06-18,AD1,1.5 - 2.5,si,400
2026-06-18,AD2,1.5 - 2.5,si,255
2026-06-18,AD-PJUG,3.0 - 4.0,si,270
2026-06-18,AD2,3.0 - 4.0,SI,442
2026-06-18,PEBAB,1.5 - 2.5,SI,433
2026-06-18,AD3,3.0 - 4.0,si,266
2026-06-18,PIND,1.5 - 2.5,si,465
2026-06-18,PEGUA,1.5 - 2.5,SI,460
2026-06-18,PJUG,1.5 - 2.5,SI,424
2026-06-18,PE2,1.5 - 2.5,si,502
2026-06-18,PE1,1.5 - 2.5,si,511
2026-06-18,PEBAB,1.5 - 2.5,SI,424
2026-06-18,PJUG,3.0 - 4.0,si,518
2026-06-18,PEBAB,1.5 - 2.5,SI,435
2026-06-18,PE3,1.5 - 2.5,si,493
2026-06-18,PEGUA,1.5 - 2.5,si,486
2026-06-18,PEGUA,1.5 - 2.5,si,443
2026-06-18,PEBAB,1.5 - 2.5,si,413
2026-06-18,ADGUA,1.5 - 2.5,si,300
2026-06-18,PE2,1.5 - 2.5,SI,507
2026-06-18,PE1,0.0 - 1.0,si,11
2026-06-18,PEBAB,1.5 - 2.5,SI,427
2026-06-18,PE1,1,SI,544
2026-06-18,PE1,0,SI,22
2026-06-18,PE2,0.0 - 1.0,SI,506
2026-06-18,PEBAB,1.5 - 2.5,SI,461
2026-06-18,PE1,0.0 - 1.0,SI,36
2026-06-18,PE1,3.0 - 4.0,si,434
2026-06-18,PE3,1.5 - 2.5,SI,601
2026-06-18,PE2,1.5 - 2.5,SI,226
2026-06-18,PE2,3.0 - 4.0,SI,120
2026-06-18,PE2,0.0 - 1.0,SI,301
2026-06-18,PJUG,3.0 - 4.0,SI,41
2026-06-18,PEGUA,1.5 - 2.5,si,520
2026-06-18,PE3,0.0 - 1.0,si,484
2026-06-18,PE3,0.0 - 1.0,SI,327
2026-06-18,PE3,3.0 - 4.0,si,119
2026-06-18,PEGUA,1.5 - 2.5,SI,485
2026-06-18,PE2,0.0 - 1.0,SI,399
2026-06-18,PEBAB,1.5 - 2.5,SI,146
2026-06-18,PE2,3.0 - 4.0,si,303
2026-06-18,PIND,1.5 - 2.5,si,480
2026-06-18,PEGUA,1.5 - 2.5,si,382
2026-06-18,PE3,1.5 - 2.5,si,279
2026-06-18,PE1,1.5 - 2.5,SI,185
2026-06-18,PJUG,3.0 - 4.0,si,171
2026-06-18,PEGUA,1.5 - 2.5,SI,145
2026-06-18,PJUG,3.0 - 4.0,SI,215
2026-06-18,PE1,1.5 - 2.5,SI,12
2026-06-18,PE2,1.5 - 2.5,SI,7
2026-06-18,PE3,1.5 - 2.5,SI,5
2026-06-18,PE3,1.5 - 2.5,SI,2
2026-06-18,PEGUA,1.5 - 2.5,SI,8
2026-06-18,PE1,1.5 - 2.5,SI,4
2026-06-18,PE2,1.5 - 2.5,SI,12
2026-06-18,PE3,1.5 - 2.5,SI,11
2026-06-18,PE3,1.5 - 2.5,SI,2
2026-06-18,PEGUA,1.5 - 2.5,SI,7
2026-06-19,AL-PEGUA,1.5 - 2.5,SI,122
2026-06-19,AL-PE2,0.0 - 1.0,SI,28
2026-06-19,AD1,1,SI,515
2026-06-19,PE3,0.0 - 1.0,si,487
2026-06-19,AD2,1.5,si,398
2026-06-19,AD2,1.5,SI,403
2026-06-19,PE2,0.0 - 1.0,si,508
2026-06-19,AD-PIND,1.5 - 2.5,SI,507
2026-06-19,PE1,1,si,536
2026-06-19,PEGUA,1.5 - 2.5,SI,482
2026-06-19,AD-PJUG,3.0 - 4.0,si,469
2026-06-19,AD3,0.0 - 1.0,SI,482
2026-06-19,AD1,0,SI,503
2026-06-19,AD-PJUG,3.0 - 4.0,si,468
2026-06-19,AD2,1.5,SI,402
2026-06-19,AD1,1,SI,523
2026-06-19,AD2,1.5,SI,399
2026-06-19,ADGUA,1.5 - 2.5,SI,475
2026-06-19,AD2,0.0 - 1.0,si,521
2026-06-19,AD1,0.0 - 1.0,si,553
2026-06-19,AD-PIND,1.5 - 2.5,SI,516
2026-06-19,AD1,1.5 - 2.5,SI,552
2026-06-19,AD3,1.5 - 2.5,SI,489
2026-06-19,AD2,1.5 - 2.5,SI,515
2026-06-19,ADGUA,1.5 - 2.5,SI,480
2026-06-19,AD-PJUG,3.0 - 4.0,si,453
2026-06-19,AD3,0.0 - 1.0,SI,475
2026-06-19,AD1,3.0 - 4.0,SI,526
2026-06-19,AD2,1.5,si,403
2026-06-19,AD1,1,SI,538
2026-06-19,AD1,0.0 - 1.0,si,575
2026-06-19,AD2,1.5,si,403
2026-06-19,AD-PJUG,3.0 - 4.0,si,459
2026-06-19,PEBAB,1.5 - 2.5,si,444
2026-06-19,AD-PIND,1.5 - 2.5,si,521
2026-06-19,AD1,3.0 - 4.0,si,26
2026-06-19,AD2,0.0 - 1.0,si,509
2026-06-19,AD3,0.0 - 1.0,SI,479
2026-06-19,ADGUA,1.5 - 2.5,SI,483
2026-06-19,AD3,3.0 - 4.0,si,10
2026-06-19,AD-PJUG,3.0 - 4.0,si,431
2026-06-19,AD1,1,SI,522
2026-06-19,AD-PJUG,3.0 - 4.0,si,444
2026-06-19,ADGUA,1.5 - 2.5,SI,473
2026-06-19,AD2,1.5,SI,403
2026-06-19,AD2,1.5,SI,402
2026-06-19,AD1,0,SI,500
2026-06-19,AD1,1.5 - 2.5,SI,462
2026-06-19,AD2,0.0 - 1.0,si,510
2026-06-19,AD1,1,SI,532
2026-06-19,PEGUA,1.5 - 2.5,SI,469
2026-06-19,ADGUA,1.5 - 2.5,SI,493
2026-06-19,AD3,0.0 - 1.0,SI,485
2026-06-19,AD2,0.0 - 1.0,si,238
2026-06-19,AD2,2,SI,405
2026-06-19,AD1,1,SI,584
2026-06-19,AD2,0.0 - 1.0,si,394
2026-06-19,AD1,0.0 - 1.0,si,533
2026-06-19,AD-PIND,1.5 - 2.5,SI,64
2026-06-19,AD2,1.5 - 2.5,si,367
2026-06-19,AD-PJUG,3.0 - 4.0,si,546
2026-06-19,AD3,1.5 - 2.5,si,437
2026-06-19,AD-PJUG,3.0 - 4.0,SI,417
2026-06-19,AD2,3.0 - 4.0,si,420
2026-06-19,PEGUA,1.5 - 2.5,SI,357
2026-06-19,AD3,0.0 - 1.0,SI,265
2026-06-19,AD1,1,SI,547
2026-06-19,PIND,1.5 - 2.5,SI,479
2026-06-19,PE2,2,SI,401
2026-06-19,PEBAB,1.5 - 2.5,SI,416
2026-06-19,PEGUA,1.5 - 2.5,SI,471
2026-06-19,AD-PJUG,3.0 - 4.0,si,161
2026-06-19,PE3,0.0 - 1.0,SI,482
2026-06-19,PEBAB,1.5 - 2.5,SI,414
2026-06-19,AD-PJUG,3.0 - 4.0,SI,428
2026-06-19,PEBAB,1.5 - 2.5,SI,435
2026-06-19,PE3,3.0 - 4.0,SI,336
2026-06-19,PE2,2,SI,404
2026-06-19,PEBAB,1.5 - 2.5,SI,423
2026-06-19,PEGUA,1.5 - 2.5,SI,459
2026-06-19,AD2,1.5 - 2.5,si,95
2026-06-19,PE2,2,SI,392
2026-06-19,PE3,1.5 - 2.5,si,474
2026-06-19,PEGUA,1.5 - 2.5,SI,478
2026-06-19,PEBAB,1.5 - 2.5,si,411
2026-06-19,PEGUA,1.5 - 2.5,si,463
2026-06-19,PEGUA,1.5 - 2.5,SI,452
2026-06-19,PIND,1.5 - 2.5,SI,473
2026-06-19,PE1,1,SI,522
2026-06-19,PEBAB,1.5 - 2.5,SI,425
2026-06-19,PE3,0.0 - 1.0,SI,476
2026-06-19,PE2,2,SI,402
2026-06-19,PE2,3.0 - 4.0,SI,503
2026-06-19,PEBAB,1.5 - 2.5,SI,425
2026-06-19,PE1,1.5 - 2.5,SI,539
2026-06-19,PE1,3.0 - 4.0,SI,522
2026-06-19,PE3,1.5 - 2.5,SI,475
2026-06-19,PE2,1.5 - 2.5,si,500
2026-06-19,PEGUA,1.5 - 2.5,SI,487
2026-06-19,PE2,1.5,SI,397
2026-06-19,PEGUA,1.5 - 2.5,SI,452
2026-06-19,PE3,1.5 - 2.5,si,193
2026-06-19,PE3,3.0 - 4.0,SI,480
2026-06-19,PIND,1.5 - 2.5,SI,507
2026-06-19,PE2,3.0 - 4.0,SI,507
2026-06-19,PEGUA,1.5 - 2.5,SI,486
2026-06-19,PEBAB,1.5 - 2.5,SI,441
2026-06-19,PEGUA,1.5 - 2.5,SI,463
2026-06-19,AD3,3.0 - 4.0,SI,92
2026-06-19,PE1,1.5,SI,410
2026-06-19,PE1,3.0 - 4.0,SI,512
2026-06-19,PE2,3.0 - 4.0,SI,488
2026-06-19,PJUG,3.0 - 4.0,si,451
2026-06-19,PE2,1.5,SI,399
2026-06-19,PEGUA,1.5 - 2.5,SI,487
2026-06-19,PE1,1.5,SI,402
2026-06-19,PE3,1.5 - 2.5,SI,481
2026-06-19,PE3,3.0 - 4.0,SI,483
2026-06-19,PEBAB,1.5 - 2.5,SI,464
2026-06-19,PE2,1.5 - 2.5,SI,549
2026-06-19,PE1,1.5 - 2.5,SI,383
2026-06-19,PE2,3.0 - 4.0,si,335
2026-06-19,PE1,3.0 - 4.0,SI,538
2026-06-19,PE3,0.0 - 1.0,SI,382
2026-06-19,PIND,1.5 - 2.5,SI,485
2026-06-19,PEBAB,1.5 - 2.5,SI,485
2026-06-19,PE1,3.0 - 4.0,SI,171
2026-06-19,PE2,0.0 - 1.0,SI,430
2026-06-19,PEGUA,1.5 - 2.5,SI,178
2026-06-19,PE2,3.0 - 4.0,SI,548
2026-06-19,PE1,1.5,SI,403
2026-06-19,PE3,1.5 - 2.5,SI,232
2026-06-19,PE3,3.0 - 4.0,SI,371
2026-06-19,AD1,1,si,549
2026-06-19,PJUG,3.0 - 4.0,si,201
2026-06-19,PJUG,1.5 - 2.5,si,165
2026-06-19,PE1,1.5,SI,407
2026-06-19,PE1,0.0 - 1.0,SI,536
2026-06-19,AD1,0.0 - 1.0,si,385
2026-06-19,PE1,1.5 - 2.5,SI,208
2026-06-19,PEGUA,1.5 - 2.5,SI,29
2026-06-19,PEGUA,1.5 - 2.5,SI,413
2026-06-22,PEBAB,1.5 - 2.5,SI,397
2026-06-22,PE3,3.0 - 4.0,si,482
2026-06-22,PE2,3.0 - 4.0,si,518
2026-06-22,PEGUA,1.5 - 2.5,si,460
2026-06-22,PE1,3.0 - 4.0,si,544
2026-06-22,PEBAB,1.5 - 2.5,SI,406
2026-06-22,PE3,3.0 - 4.0,si,489
2026-06-22,PE2,3.0 - 4.0,si,508
2026-06-22,PE1,3.0 - 4.0,SI,448
2026-06-22,PEBAB,1.5 - 2.5,si,401
2026-06-22,PEGUA,1.5 - 2.5,SI,483
2026-06-22,PEGUA,1.5 - 2.5,SI,453
2026-06-22,PEBAB,1.5 - 2.5,SI,411
2026-06-22,PE3,3.0 - 4.0,SI,486
2026-06-22,PE2,3.0 - 4.0,si,513
2026-06-22,PE1,3.0 - 4.0,SI,538
2026-06-22,PEBAB,1.5 - 2.5,SI,314
2026-06-22,PE3,3.0 - 4.0,SI,481
2026-06-22,PE2,3.0 - 4.0,SI,512
2026-06-22,PEGUA,1.5 - 2.5,SI,471
2026-06-22,PE2,3.0 - 4.0,si,510
2026-06-22,PEGUA,1.5 - 2.5,SI,448
2026-06-22,PE1,3.0 - 4.0,SI,550
2026-06-22,PE2,2,SI,419
2026-06-22,PE1,2,SI,556
2026-06-22,PIND,1.5 - 2.5,SI,491
2026-06-22,PE3,0.0 - 1.0,SI,501
2026-06-22,PE2,0.0 - 1.0,SI,490
2026-06-22,PE2,2,SI,413
2026-06-22,PE2,3.0 - 4.0,si,522
2026-06-22,PE3,1.5 - 2.5,SI,463
2026-06-22,PE3,3.0 - 4.0,SI,480
2026-06-22,PEGUA,1.5 - 2.5,SI,464
2026-06-22,PE1,3.0 - 4.0,SI,544
2026-06-22,PEBAB,1.5 - 2.5,SI,413
2026-06-22,PEBAB,1.5 - 2.5,SI,427
2026-06-22,PE2,3.0 - 4.0,si,508
2026-06-22,PE1,1,SI,558
2026-06-22,PE1,2,SI,525
2026-06-22,PEGUA,1.5 - 2.5,si,489
2026-06-22,PE1,2,SI,556
2026-06-22,PE1,2,SI,566
2026-06-22,PE2,2,si,415
2026-06-22,PE3,3.0 - 4.0,SI,489
2026-06-22,PE1,0.0 - 1.0,SI,472
2026-06-22,PE3,0.0 - 1.0,SI,483
2026-06-22,PE1,2,SI,566
2026-06-22,PE1,2,SI,577
2026-06-22,PE2,1.5,si,403
2026-06-22,PE1,1,SI,526
2026-06-22,PE2,1.5,SI,411
2026-06-22,PE1,3.0 - 4.0,SI,546
2026-06-22,PEBAB,1.5 - 2.5,SI,399
2026-06-22,PIND,1.5 - 2.5,SI,504
2026-06-22,PEGUA,1.5 - 2.5,SI,451
2026-06-22,PEBAB,1.5 - 2.5,SI,412
2026-06-22,PEGUA,1.5 - 2.5,SI,489
2026-06-22,PEGUA,1.5 - 2.5,SI,478
2026-06-22,PE1,3.0 - 4.0,SI,387
2026-06-22,PE2,3.0 - 4.0,si,504
2026-06-22,PE3,1.5 - 2.5,SI,454
2026-06-22,PJUG,3.0 - 4.0,SI,490
2026-06-22,AD2,1.5,SI,413
2026-06-22,AD1,2,si,190
2026-06-22,PE2,1.5 - 2.5,SI,499
2026-06-22,AD-PIND,1.5 - 2.5,SI,483
2026-06-22,PE1,1,SI,547
2026-06-22,AD3,3.0 - 4.0,SI,481
2026-06-22,PEGUA,1.5 - 2.5,SI,479
2026-06-22,PE1,0.0 - 1.0,si,541
2026-06-22,PE1,1,si,564
2026-06-22,PEBAB,1.5 - 2.5,si,400
2026-06-22,PE1,3.0 - 4.0,SI,550
2026-06-22,PEGUA,1.5 - 2.5,SI,451
2026-06-22,PE2,3.0 - 4.0,si,501
2026-06-22,PE2,3.0 - 4.0,si,513
2026-06-22,PE3,1.5 - 2.5,SI,470
2026-06-22,PE3,3.0 - 4.0,SI,480
2026-06-22,PJUG,3.0 - 4.0,si,497
2026-06-22,PE2,1.5,si,399
2026-06-22,PEGUA,1.5 - 2.5,SI,467
2026-06-22,PE3,0.0 - 1.0,SI,483
2026-06-22,PEBAB,1.5 - 2.5,si,424
2026-06-22,PEBAB,1.5 - 2.5,si,428
2026-06-22,PEGUA,1.5 - 2.5,SI,480
2026-06-22,PEGUA,1.5 - 2.5,SI,490
2026-06-22,PJUG,3.0 - 4.0,SI,500
2026-06-22,PE2,3.0 - 4.0,si,505
2026-06-22,PEGUA,1.5 - 2.5,SI,452
2026-06-22,PE1,3.0 - 4.0,SI,534
2026-06-22,PE1,0,si,505
2026-06-22,PEBAB,1.5 - 2.5,SI,433
2026-06-22,PEBAB,1.5 - 2.5,SI,431
2026-06-22,PE3,1.5 - 2.5,SI,463
2026-06-22,PE3,3.0 - 4.0,SI,488
2026-06-22,PIND,1.5 - 2.5,SI,500
2026-06-22,PE2,1.5,SI,408
2026-06-22,PE1,1,SI,539
2026-06-22,PEBAB,1.5 - 2.5,SI,402
2026-06-22,PE1,0.0 - 1.0,SI,529
2026-06-22,PE2,1.5,SI,406
2026-06-22,PE1,0,SI,215
2026-06-22,PE1,1,SI,530
2026-06-22,PE1,1,SI,554
2026-06-22,PJUG,3.0 - 4.0,SI,478
2026-06-22,PE3,0.0 - 1.0,SI,475
2026-06-22,PEGUA,1.5 - 2.5,SI,459
2026-06-22,PE2,1.5,SI,415
2026-06-22,PE2,1.5,SI,401
2026-06-22,PEGUA,1.5 - 2.5,SI,482
2026-06-22,PIND,1.5 - 2.5,SI,525
2026-06-22,PE1,0.0 - 1.0,si,383
2026-06-22,PE1,1.5 - 2.5,SI,20
2026-06-22,PEBAB,1.5 - 2.5,si,430
2026-06-22,PE1,1,SI,553
2026-06-22,PE1,0,SI,498
2026-06-22,PE2,0.0 - 1.0,SI,518
2026-06-22,PE1,3.0 - 4.0,SI,495
2026-06-22,PE1,1.5 - 2.5,SI,545
2026-06-22,PE2,3.0 - 4.0,SI,94
2026-06-22,PE1,0.0 - 1.0,si,387
2026-06-22,PE1,0,si,593
2026-06-22,PE2,1.5 - 2.5,SI,15
2026-06-22,PE1,1,SI,532
2026-06-22,PE3,3.0 - 4.0,SI,301
2026-06-22,PE2,3.0 - 4.0,si,334
2026-06-22,PE2,0.0 - 1.0,SI,482
2026-06-22,PEGUA,1.5 - 2.5,SI,489
2026-06-22,PE3,0.0 - 1.0,SI,483
2026-06-22,PEGUA,1.5 - 2.5,SI,474
2026-06-22,PIND,1.5 - 2.5,SI,500
2026-06-22,PEBAB,1.5 - 2.5,si,253
2026-06-22,PE3,0.0 - 1.0,SI,393
2026-06-22,PJUG,3.0 - 4.0,SI,443
2026-06-22,AD2,1.5 - 2.5,SI,513
2026-06-22,AD3,1.5 - 2.5,SI,467
2026-06-22,AD3,0.0 - 1.0,SI,483
2026-06-22,ADGUA,1.5 - 2.5,SI,488
2026-06-22,AD-PJUG,3.0 - 4.0,SI,507
2026-06-22,ADGUA,1.5 - 2.5,SI,449
2026-06-22,AD2,2,si,423
2026-06-22,AD1,3.0 - 4.0,si,469
2026-06-22,AD2,2,SI,389
2026-06-22,ADGUA,1.5 - 2.5,SI,551
2026-06-22,AD2,0.0 - 1.0,SI,265
2026-06-22,AD2,1.5 - 2.5,SI,92
2026-06-22,AD1,0.0 - 1.0,si,129
2026-06-22,AD1,1.5 - 2.5,SI,210
2026-06-22,AD3,1.5 - 2.5,SI,333
2026-06-22,AD3,0.0 - 1.0,SI,271
2026-06-22,AD-PIND,1.5 - 2.5,si,322
2026-06-22,ADBABY,1.5 - 2.5,SI,208
2026-06-22,PE2,1.5 - 2.5,SI,486
2026-06-22,AD2,0.0 - 1.0,SI,189
2026-06-22,AD-PJUG,3.0 - 4.0,SI,246
2026-06-22,AD2,2,SI,350
2026-06-22,PE1,1,SI,578
2026-06-22,AD-PJUG,3.0 - 4.0,SI,142
2026-06-22,AD1,0.0 - 1.0,si,304
2026-06-22,AD-PJUG,3.0 - 4.0,si,1590
2026-06-22,AD-PJUG,3.0 - 4.0,SI,1521
2026-06-22,PE1,1.5 - 2.5,SI,10
2026-06-23,PE3,1.5 - 2.5,SI,27
2026-06-23,PEBAB,1.5 - 2.5,si,408
2026-06-23,PE2,3.0 - 4.0,SI,495
2026-06-23,PEGUA,1.5 - 2.5,SI,465
2026-06-23,PE3,3.0 - 4.0,SI,474
2026-06-23,PEBAB,1.5 - 2.5,si,403
2026-06-23,PE1,3.0 - 4.0,SI,492
2026-06-23,PEBAB,1.5 - 2.5,si,401
2026-06-23,PE2,3.0 - 4.0,si,514
2026-06-23,PE3,3.0 - 4.0,si,471
2026-06-23,PE1,3.0 - 4.0,SI,531
2026-06-23,PE2,3.0 - 4.0,SI,510
2026-06-23,PEGUA,1.5 - 2.5,SI,461
2026-06-23,PEBAB,1.5 - 2.5,si,414
2026-06-23,PE3,3.0 - 4.0,SI,503
2026-06-23,PIND,1.5 - 2.5,si,398
2026-06-23,PE1,3.0 - 4.0,SI,525
2026-06-23,PEGUA,1.5 - 2.5,SI,477
2026-06-23,PEBAB,1.5 - 2.5,SI,411
2026-06-23,PE2,3.0 - 4.0,si,514
2026-06-23,PEGUA,1.5 - 2.5,SI,482
2026-06-23,PEBAB,1.5 - 2.5,SI,27
2026-06-23,PEBAB,1.5 - 2.5,SI,397
2026-06-23,PE3,1.5 - 2.5,SI,485
2026-06-23,PEGUA,1.5 - 2.5,si,462
2026-06-23,PEBAB,1.5 - 2.5,SI,409
2026-06-23,PE3,3.0 - 4.0,SI,484
2026-06-23,PEBAB,1.5 - 2.5,SI,400
2026-06-23,PEGUA,1.5 - 2.5,si,480
2026-06-23,PIND,1.5 - 2.5,SI,423
2026-06-23,PE3,1.5 - 2.5,SI,499
2026-06-23,PE1,1,SI,528
2026-06-23,PE3,0.0 - 1.0,SI,463
2026-06-23,PE2,0.0 - 1.0,SI,507
2026-06-23,PEGUA,1.5 - 2.5,si,465
2026-06-23,PE2,2,SI,408
2026-06-23,PJUG,3.0 - 4.0,SI,476
2026-06-23,PE2,3.0 - 4.0,SI,463
2026-06-23,PE3,0.0 - 1.0,si,462
2026-06-23,PE1,3.0 - 4.0,SI,480
2026-06-23,PE1,0.0 - 1.0,si,526
2026-06-23,PEGUA,1.5 - 2.5,SI,483
2026-06-23,PE3,3.0 - 4.0,si,29
2026-06-23,PE3,1.5 - 2.5,SI,467
2026-06-23,PIND,1.5 - 2.5,SI,427
2026-06-23,PEGUA,1.5 - 2.5,SI,500
2026-06-23,PEBAB,1.5 - 2.5,si,420
2026-06-23,PE2,3.0 - 4.0,si,519
2026-06-23,PEGUA,1.5 - 2.5,SI,476
2026-06-23,PEBAB,1.5 - 2.5,SI,423
2026-06-23,PE3,3.0 - 4.0,SI,477
2026-06-23,PE2,1.5 - 2.5,si,509
2026-06-23,PE1,3.0 - 4.0,SI,529
2026-06-23,PE2,2,SI,412
2026-06-23,PEBAB,1.5 - 2.5,si,414
2026-06-23,PEGUA,1.5 - 2.5,si,487
2026-06-23,PE2,3.0 - 4.0,si,47
2026-06-23,PE1,1,si,535
2026-06-23,PE3,0.0 - 1.0,si,468
2026-06-23,PE1,3.0 - 4.0,si,17
2026-06-23,PE1,0,SI,497
2026-06-23,PE1,1,si,573
2026-06-23,PIND,1.5 - 2.5,SI,440
2026-06-23,PE2,2,SI,408
2026-06-23,PE2,0.0 - 1.0,SI,512
2026-06-23,PEBAB,1.5 - 2.5,SI,394
2026-06-23,PE1,1,SI,540
2026-06-23,PE2,3.0 - 4.0,SI,523
2026-06-23,PEBAB,1.5 - 2.5,SI,411
2026-06-23,PE1,1.5 - 2.5,SI,517
2026-06-23,PE1,0,SI,531
2026-06-23,PIND,1.5 - 2.5,SI,432
2026-06-23,PE3,1.5 - 2.5,SI,467
2026-06-23,PEGUA,1.5 - 2.5,SI,482
2026-06-23,PEBAB,1.5 - 2.5,SI,401
2026-06-23,PJUG,3.0 - 4.0,SI,495
2026-06-23,PEBAB,1.5 - 2.5,si,404
2026-06-23,PEBAB,1.5 - 2.5,SI,430
2026-06-23,PE1,1,si,527
2026-06-23,PE3,0.0 - 1.0,SI,461
2026-06-23,PEGUA,1.5 - 2.5,SI,485
2026-06-23,PE3,1.5 - 2.5,si,57
2026-06-23,PEBAB,1.5 - 2.5,si,401
2026-06-23,PE1,3.0 - 4.0,si,535
2026-06-23,PEGUA,1.5 - 2.5,si,473
2026-06-23,PE2,3.0 - 4.0,SI,508
2026-06-23,PEGUA,1.5 - 2.5,si,471
2026-06-23,PE1,1,si,568
2026-06-23,PE2,2,SI,409
2026-06-23,PE2,1.5 - 2.5,si,511
2026-06-23,PIND,1.5 - 2.5,SI,454
2026-06-23,PEGUA,1.5 - 2.5,si,459
2026-06-23,PE1,0.0 - 1.0,si,545
2026-06-23,PE1,1,si,578
2026-06-23,PE1,1,SI,553
2026-06-23,PEGUA,1.5 - 2.5,si,492
2026-06-23,PE3,3.0 - 4.0,si,473
2026-06-23,PEBAB,1.5 - 2.5,si,416
2026-06-23,PEGUA,1.5 - 2.5,SI,467
2026-06-23,PE2,3.0 - 4.0,si,513
2026-06-23,PEBAB,1.5 - 2.5,si,399
2026-06-23,PE3,3.0 - 4.0,si,530
2026-06-23,PEBAB,1.5 - 2.5,si,428
2026-06-23,PE3,1.5 - 2.5,si,465
2026-06-23,PIND,1.5 - 2.5,SI,430
2026-06-23,PEBAB,1.5 - 2.5,si,413
2026-06-23,PEGUA,1.5 - 2.5,si,478
2026-06-23,PE2,3.0 - 4.0,si,507
2026-06-23,PE1,3.0 - 4.0,si,530
2026-06-23,PEGUA,1.5 - 2.5,si,456
2026-06-23,PEBAB,1.5 - 2.5,si,410
2026-06-23,PEGUA,1.5 - 2.5,si,490
2026-06-23,PE3,3.0 - 4.0,SI,478
2026-06-23,PEGUA,1.5 - 2.5,SI,473
2026-06-23,PEGUA,1.5 - 2.5,SI,457
2026-06-23,PE1,1,SI,679
2026-06-23,PJUG,3.0 - 4.0,SI,502
2026-06-23,PE2,2,SI,395
2026-06-23,PE3,0.0 - 1.0,SI,552
2026-06-23,PE1,3.0 - 4.0,SI,491
2026-06-23,PJUG,3.0 - 4.0,SI,594
2026-06-23,PE3,1.5 - 2.5,SI,536
2026-06-23,PE1,0.0 - 1.0,si,565
2026-06-23,PIND,1.5 - 2.5,SI,414
2026-06-23,PE2,1.5 - 2.5,SI,334
2026-06-23,PEGUA,1.5 - 2.5,SI,516
2026-06-23,PE2,0.0 - 1.0,si,472
2026-06-23,PE3,3.0 - 4.0,si,423
2026-06-23,PEBAB,1.5 - 2.5,SI,403
2026-06-23,PE2,3.0 - 4.0,SI,307
2026-06-23,PE2,3.0 - 4.0,SI,360
2026-06-23,PE1,1.5 - 2.5,si,356
2026-06-23,PE3,3.0 - 4.0,si,270
2026-06-23,PE2,1.5,si,385
2026-06-23,PEBAB,1.5 - 2.5,si,433
2026-06-23,AD-PJUG,3.0 - 4.0,SI,562
2026-06-23,PEBAB,1.5 - 2.5,si,244
2026-06-23,AD-PJUG,3.0 - 4.0,si,453
2026-06-23,PE2,0.0 - 1.0,si,269
2026-06-23,AD-PJUG,3.0 - 4.0,si,494
2026-06-23,AD-PJUG,3.0 - 4.0,SI,475
2026-06-23,AD3,0.0 - 1.0,si,476
2026-06-23,AD-PJUG,3.0 - 4.0,SI,506
2026-06-23,AD2,0.0 - 1.0,si,243
2026-06-23,AD1,0.0 - 1.0,si,572
2026-06-23,AD2,0.0 - 1.0,si,523
2026-06-23,AD1,1.5 - 2.5,si,579
2026-06-23,AD-PJUG,3.0 - 4.0,si,550
2026-06-23,AD2,1.5 - 2.5,SI,525
2026-06-23,AD-PJUG,3.0 - 4.0,si,482
2026-06-23,AD-PJUG,3.0 - 4.0,SI,442
2026-06-23,AD3,0.0 - 1.0,si,462
2026-06-23,AD2,1.5 - 2.5,si,134
2026-06-23,AD2,1.5 - 2.5,si,27
2026-06-23,AD1,0.0 - 1.0,si,501
2026-06-23,AD2,0.0 - 1.0,si,525
2026-06-23,AD-PJUG,3.0 - 4.0,SI,545
2026-06-23,AD-PJUG,3.0 - 4.0,SI,460
2026-06-23,ADGUA,1.5 - 2.5,si,508
2026-06-23,AD1,0.0 - 1.0,si,35
2026-06-23,AD2,0.0 - 1.0,si,368
2026-06-23,AD1,1.5 - 2.5,SI,439
2026-06-23,ADGUA,1.5 - 2.5,SI,401
2026-06-23,AD-PJUG,3.0 - 4.0,SI,350
2026-06-23,AD-PIND,1.5 - 2.5,SI,452
2026-06-23,AD3,1.5 - 2.5,SI,172
2026-06-23,AD-PIND,1.5 - 2.5,SI,186
2026-06-23,AD-PJUG,3.0 - 4.0,si,199
2026-06-23,AD3,0.0 - 1.0,SI,258
2026-06-23,ADBABY,1.5 - 2.5,SI,317
2026-06-23,AD3,1.5 - 2.5,SI,139
2026-06-24,PIND,1.5 - 2.5,si,43
2026-06-24,PE2,1.5 - 2.5,si,501
2026-06-24,PIND,1.5 - 2.5,SI,444
2026-06-24,PEBAB,1.5 - 2.5,SI,411
2026-06-24,PEGUA,1.5 - 2.5,SI,470
2026-06-24,PEGUA,1.5 - 2.5,si,481
2026-06-24,PEGUA,1.5 - 2.5,si,479
2026-06-24,PEGUA,1.5 - 2.5,SI,451
2026-06-24,PE3,0.0 - 1.0,SI,486
2026-06-24,PE1,3.0 - 4.0,si,507
2026-06-24,PE3,3.0 - 4.0,si,481
2026-06-24,PEBAB,1.5 - 2.5,si,391
2026-06-24,PEBAB,1.5 - 2.5,SI,416
2026-06-24,PEBAB,1.5 - 2.5,SI,435
2026-06-24,PEBAB,1.5 - 2.5,SI,417
2026-06-24,PEGUA,1.5 - 2.5,si,447
2026-06-24,PEBAB,1.5 - 2.5,SI,390
2026-06-24,PEBAB,1.5 - 2.5,si,400
2026-06-24,PIND,1.5 - 2.5,si,476
2026-06-24,PEBAB,1.5 - 2.5,SI,396
2026-06-24,PE3,3.0 - 4.0,SI,476
2026-06-24,PE1,3.0 - 4.0,SI,520
2026-06-24,PEBAB,1.5 - 2.5,SI,410
2026-06-24,PE3,1.5 - 2.5,si,485
2026-06-24,PEGUA,1.5 - 2.5,si,482
2026-06-24,PEGUA,1.5 - 2.5,si,487
2026-06-24,PE2,3.0 - 4.0,si,497
2026-06-24,PIND,1.5 - 2.5,SI,392
2026-06-24,PE1,1,si,553
2026-06-24,PE1,1,SI,563
2026-06-24,PE1,0,si,526
2026-06-24,PE1,1,si,584
2026-06-24,PE2,1.5,si,414
2026-06-24,PE2,1.5 - 2.5,si,491
2026-06-24,PEGUA,1.5 - 2.5,si,460
2026-06-24,PIND,1.5 - 2.5,SI,486
2026-06-24,PEBAB,1.5 - 2.5,SI,391
2026-06-24,PEBAB,1.5 - 2.5,SI,419
2026-06-24,PEGUA,1.5 - 2.5,si,489
2026-06-24,PEBAB,1.5 - 2.5,SI,424
2026-06-24,PE2,3.0 - 4.0,SI,498
2026-06-24,PJUG,3.0 - 4.0,SI,478
2026-06-24,PEBAB,1.5 - 2.5,SI,407
2026-06-24,PEBAB,1.5 - 2.5,SI,393
2026-06-24,PE2,1.5 - 2.5,SI,479
2026-06-24,PEBAB,1.5 - 2.5,SI,415
2026-06-24,PEGUA,1.5 - 2.5,SI,475
2026-06-24,PE3,3.0 - 4.0,SI,479
2026-06-24,PE1,3.0 - 4.0,SI,573
2026-06-24,PEGUA,1.5 - 2.5,SI,487
2026-06-24,PEBAB,1.5 - 2.5,si,395
2026-06-24,PEBAB,1.5 - 2.5,SI,408
2026-06-24,PE3,1.5 - 2.5,si,479
2026-06-24,PEBAB,0.0 - 1.0,si,400
2026-06-24,PIND,1.5 - 2.5,SI,439
2026-06-24,PJUG,3.0 - 4.0,si,482
2026-06-24,PEBAB,1.5 - 2.5,si,423
2026-06-24,PEGUA,1.5 - 2.5,si,479
2026-06-24,PE3,3.0 - 4.0,SI,500
2026-06-24,PEGUA,1.5 - 2.5,si,499
2026-06-24,PEGUA,1.5 - 2.5,si,450
2026-06-24,PIND,1.5 - 2.5,si,476
2026-06-24,PEGUA,1.5 - 2.5,SI,482
2026-06-24,PE3,1.5 - 2.5,SI,465
2026-06-24,PJUG,3.0 - 4.0,SI,557
2026-06-24,PE1,3.0 - 4.0,SI,405
2026-06-24,PEBAB,1.5 - 2.5,SI,422
2026-06-24,PEBAB,1.5 - 2.5,si,399
2026-06-24,PE2,3.0 - 4.0,si,483
2026-06-24,PE1,1.5 - 2.5,SI,621
2026-06-24,PE3,0.0 - 1.0,SI,402
2026-06-24,PE1,0.0 - 1.0,SI,258
2026-06-24,PE3,3.0 - 4.0,SI,433
2026-06-24,PE1,1.5 - 2.5,SI,61
2026-06-24,AD-PJUG,3.0 - 4.0,SI,483
2026-06-24,AD-PJUG,3.0 - 4.0,SI,458
2026-06-24,AD-PIND,1.5 - 2.5,si,449
2026-06-24,AD2,0.0 - 1.0,si,544
2026-06-24,AD1,0.0 - 1.0,si,551
2026-06-24,AD-PJUG,3.0 - 4.0,SI,503
2026-06-24,AD-PJUG,3.0 - 4.0,SI,512
2026-06-24,PE2,3.0 - 4.0,si,447
2026-06-24,AD1,1.5 - 2.5,si,561
2026-06-24,AD-PJUG,3.0 - 4.0,si,492
2026-06-24,AD1,0.0 - 1.0,SI,553
2026-06-24,AD1,0.0 - 1.0,SI,522
2026-06-24,ADGUA,1.5 - 2.5,SI,475
2026-06-24,AD1,0.0 - 1.0,SI,561
2026-06-24,AD-PJUG,3.0 - 4.0,si,508
2026-06-24,AD-PIND,1.5 - 2.5,SI,458
2026-06-24,AD2,0.0 - 1.0,SI,500
2026-06-24,AD-PJUG,3.0 - 4.0,SI,503
2026-06-24,AD3,0.0 - 1.0,SI,551
2026-06-24,AD-PJUG,3.0 - 4.0,SI,551
2026-06-24,AD2,1.5 - 2.5,SI,514
2026-06-24,AD1,1.5 - 2.5,SI,347
2026-06-24,AD-PIND,1.5 - 2.5,SI,407
2026-06-24,AD2,0.0 - 1.0,SI,357
2026-06-24,PE1,1,SI,550
2026-06-24,AD3,1.5 - 2.5,si,148
2026-06-24,PE1,1,SI,559
2026-06-24,PE1,1.5 - 2.5,si,564
2026-06-24,AD1,0.0 - 1.0,si,464
2026-06-24,PE1,1,SI,582
2026-06-24,PE1,1,SI,561
2026-06-24,PE2,1.5,SI,425
2026-06-24,PE1,1,SI,600
2026-06-24,PE2,1.5,SI,400
2026-06-24,PEBAB,1.5 - 2.5,SI,96
2026-06-24,PE1,2,SI,579
2026-06-24,PE1,0.0 - 1.0,SI,19
2026-06-24,PE2,1.5,SI,440
2026-06-24,PE1,2,SI,554
2026-06-24,PIND,1.5 - 2.5,SI,479
2026-06-24,PE1,2,SI,570
2026-06-24,PE1,1.5 - 2.5,SI,557
2026-06-24,PJUG,3.0 - 4.0,si,472
2026-06-24,PE1,2,SI,552
2026-06-24,PE2,1.5,SI,416
2026-06-24,PE1,2,si,475
2026-06-24,PE2,3.0 - 4.0,si,551
2026-06-24,PEBAB,1.5 - 2.5,SI,423
2026-06-24,PEBAB,1.5 - 2.5,SI,417
2026-06-24,PEGUA,1.5 - 2.5,SI,498
2026-06-24,PEGUA,1.5 - 2.5,SI,452
2026-06-24,PE3,3.0 - 4.0,si,491
2026-06-24,PE2,3.0 - 4.0,si,513
2026-06-24,PEGUA,1.5 - 2.5,si,461
2026-06-24,PEBAB,1.5 - 2.5,si,421
2026-06-24,PEBAB,1.5 - 2.5,si,408
2026-06-24,PE1,1.5 - 2.5,si,562
2026-06-24,PEGUA,1.5 - 2.5,si,456
2026-06-24,PEBAB,1.5 - 2.5,si,408
2026-06-24,PJUG,3.0 - 4.0,SI,462
2026-06-24,PEBAB,1.5 - 2.5,SI,482
2026-06-24,PE2,3.0 - 4.0,SI,391
2026-06-24,PJUG,3.0 - 4.0,SI,396
2026-06-24,PIND,1.5 - 2.5,SI,259
2026-06-24,PE2,1.5,SI,417
2026-06-24,PEBAB,1.5 - 2.5,SI,406
2026-06-24,PEGUA,1.5 - 2.5,SI,514
2026-06-24,PE3,1.5 - 2.5,SI,487
2026-06-24,PIND,1.5 - 2.5,SI,260
2026-06-24,PE3,1.5 - 2.5,SI,123
2026-06-24,PE1,3.0 - 4.0,SI,265
2026-06-24,PE3,3.0 - 4.0,SI,488
2026-06-24,PIND,1.5 - 2.5,SI,400
2026-06-24,PE3,0.0 - 1.0,SI,368
2026-06-24,PE1,1.5 - 2.5,SI,300
2026-06-24,AD2,0.0 - 1.0,si,328
2026-06-24,AD1,0.0 - 1.0,SI,447
2026-06-24,AD2,1.5,si,415
2026-06-24,ADGUA,1.5 - 2.5,si,520
2026-06-24,ADGUA,1.5 - 2.5,SI,106
2026-06-24,AD2,1.5 - 2.5,SI,482
2026-06-24,AD-PJUG,3.0 - 4.0,SI,274
2026-06-24,AD-PJUG,3.0 - 4.0,SI,537
2026-06-24,AD2,1.5 - 2.5,SI,114
2026-06-24,PE2,1.5 - 2.5,SI,42
2026-06-24,PE2,1.5,SI,285
2026-06-24,PE2,0.0 - 1.0,SI,90
2026-06-24,PE2,1.5,SI,47
2026-06-24,PE1,1.5 - 2.5,SI,60
2026-06-24,PE2,1.5 - 2.5,SI,16
2026-06-24,PE3,1.5 - 2.5,SI,10
2026-06-24,PE1,1.5 - 2.5,SI,2
2026-06-24,PEGUA,1.5 - 2.5,SI,1
2026-06-24,PE1,1.5 - 2.5,SI,44
2026-06-24,PE2,1.5 - 2.5,SI,18
2026-06-24,PE3,1.5 - 2.5,SI,2
2026-06-24,PE1,1.5 - 2.5,SI,40
2026-06-24,PE2,1.5 - 2.5,SI,7
2026-06-24,PE3,1.5 - 2.5,SI,2
2026-06-24,PE1,1.5 - 2.5,SI,2
2026-06-24,PEGUA,1.5 - 2.5,SI,3
2026-06-24,PE1,1.5 - 2.5,si,204
2026-06-25,PE2,1.5 - 2.5,SI,505
2026-06-25,PIND,1.5 - 2.5,si,463
2026-06-25,PE1,3.0 - 4.0,si,563
2026-06-25,PEGUA,1.5 - 2.5,SI,489
2026-06-25,PJUG,3.0 - 4.0,si,516
2026-06-25,PEBAB,1.5 - 2.5,si,406
2026-06-25,PE3,3.0 - 4.0,SI,464
2026-06-25,PEGUA,1.5 - 2.5,si,460
2026-06-25,PE2,2,SI,406
2026-06-25,PIND,1.5 - 2.5,SI,415
2026-06-25,PE1,1.5 - 2.5,SI,561
2026-06-25,PE2,1.5 - 2.5,SI,504
2026-06-25,PE2,2,SI,418
2026-06-25,PE2,3.0 - 4.0,si,500
2026-06-25,PE1,3.0 - 4.0,SI,539
2026-06-25,PEGUA,1.5 - 2.5,SI,480
2026-06-25,PE3,1.5 - 2.5,SI,461
2026-06-25,PIND,1.5 - 2.5,SI,484
2026-06-25,PE2,1.5 - 2.5,SI,508
2026-06-25,PEBAB,1.5 - 2.5,SI,412
2026-06-25,PEBAB,1.5 - 2.5,SI,409
2026-06-25,PEGUA,1.5 - 2.5,SI,459
2026-06-25,PE3,3.0 - 4.0,SI,489
2026-06-25,PE3,3.0 - 4.0,si,487
2026-06-25,PJUG,3.0 - 4.0,SI,515
2026-06-25,PIND,1.5 - 2.5,si,420
2026-06-25,PEGUA,1.5 - 2.5,SI,475
2026-06-25,PEBAB,1.5 - 2.5,SI,403
2026-06-25,PEGUA,1.5 - 2.5,SI,450
2026-06-25,PJUG,3.0 - 4.0,SI,501
2026-06-25,PE1,3.0 - 4.0,SI,526
2026-06-25,PJUG,3.0 - 4.0,SI,512
2026-06-25,PEGUA,1.5 - 2.5,SI,483
2026-06-25,PJUG,3.0 - 4.0,SI,510
2026-06-25,PE1,1.5 - 2.5,SI,554
2026-06-25,PE3,3.0 - 4.0,SI,467
2026-06-25,PEGUA,1.5 - 2.5,SI,460
2026-06-25,PEBAB,1.5 - 2.5,SI,396
2026-06-25,PE1,1.5,SI,546
2026-06-25,PE2,2,SI,388
2026-06-25,PEBAB,1.5 - 2.5,SI,395
2026-06-25,PE3,1.5 - 2.5,SI,434
2026-06-25,PIND,1.5 - 2.5,SI,423
2026-06-25,PE2,2,SI,366
2026-06-25,PE2,3.0 - 4.0,SI,45
2026-06-25,PE2,3.0 - 4.0,SI,509
2026-06-25,PE1,1.5,SI,544
2026-06-25,PE2,2,SI,387
2026-06-25,PEBAB,1.5 - 2.5,SI,442
2026-06-25,PJUG,3.0 - 4.0,SI,463
2026-06-25,PEBAB,1.5 - 2.5,si,396
2026-06-25,PJUG,3.0 - 4.0,si,505
2026-06-25,PEGUA,1.5 - 2.5,SI,474
2026-06-25,PIND,1.5 - 2.5,si,425
2026-06-25,PE1,3.0 - 4.0,SI,379
2026-06-25,PJUG,3.0 - 4.0,si,467
2026-06-25,PEGUA,1.5 - 2.5,SI,473
2026-06-25,PJUG,3.0 - 4.0,si,499
2026-06-25,PEGUA,1.5 - 2.5,si,486
2026-06-25,PEGUA,1.5 - 2.5,SI,477
2026-06-25,PE2,0.0 - 1.0,SI,455
2026-06-25,PEGUA,1.5 - 2.5,SI,468
2026-06-25,PEBAB,1.5 - 2.5,si,399
2026-06-25,PE3,1.5 - 2.5,si,484
2026-06-25,PEBAB,1.5 - 2.5,SI,397
2026-06-25,PIND,1.5 - 2.5,SI,460
2026-06-25,PEBAB,1.5 - 2.5,SI,423
2026-06-25,PIND,1.5 - 2.5,si,437
2026-06-25,PE2,3.0 - 4.0,si,507
2026-06-25,PE2,2,SI,374
2026-06-25,PEBAB,1.5 - 2.5,SI,398
2026-06-25,PJUG,3.0 - 4.0,SI,520
2026-06-25,PE2,2,SI,365
2026-06-25,PE2,1.5 - 2.5,si,425
2026-06-25,PE1,1.5 - 2.5,SI,529
2026-06-25,PE3,3.0 - 4.0,SI,499
2026-06-25,PEBAB,1.5 - 2.5,SI,454
2026-06-25,PE3,1.5 - 2.5,SI,490
2026-06-25,PEGUA,1.5 - 2.5,SI,258
2026-06-25,PE3,1.5 - 2.5,SI,341
2026-06-25,PEGUA,1.5 - 2.5,SI,468
2026-06-25,PE3,1.5 - 2.5,SI,25
2026-06-25,PJUG,3.0 - 4.0,SI,359
2026-06-25,PJUG,3.0 - 4.0,SI,544
2026-06-25,PEGUA,1.5 - 2.5,SI,477
2026-06-25,PE1,3.0 - 4.0,SI,593
2026-06-25,PE3,0.0 - 1.0,SI,503
2026-06-25,PEBAB,1.5 - 2.5,SI,431
2026-06-25,AD1,1.5,SI,567
2026-06-25,PE2,1.5 - 2.5,SI,511
2026-06-25,PE3,3.0 - 4.0,SI,98
2026-06-25,PE3,0.0 - 1.0,SI,225
2026-06-25,PE1,1.5,SI,552
2026-06-25,AD2,0.0 - 1.0,SI,525
2026-06-25,PE2,2,SI,387
2026-06-25,AD-PIND,1.5 - 2.5,si,450
2026-06-25,AD1,1.5,SI,555
2026-06-25,AD1,1.5 - 2.5,SI,562
2026-06-25,AD2,3.0 - 4.0,SI,94
2026-06-25,PE3,1.5 - 2.5,SI,6
2026-06-25,AD1,0,si,546
2026-06-25,AD-PJUG,3.0 - 4.0,SI,437
2026-06-25,AD-PJUG,3.0 - 4.0,SI,549
2026-06-25,AD2,1.5 - 2.5,SI,67
2026-06-25,AD1,1.5,SI,532
2026-06-25,AD2,0.0 - 1.0,si,524
2026-06-25,AD1,1.5,SI,567
2026-06-25,AD1,0.0 - 1.0,si,548
2026-06-25,AD3,0.0 - 1.0,SI,483
2026-06-25,AD2,1.5 - 2.5,si,31
2026-06-25,AD-PJUG,3.0 - 4.0,SI,495
2026-06-25,AD-PIND,1.5 - 2.5,si,471
2026-06-25,AD1,1.5 - 2.5,si,579
2026-06-25,AD2,1.5,SI,414
2026-06-25,AD3,3.0 - 4.0,si,11
2026-06-25,AD1,1.5,si,550
2026-06-25,AD2,0.0 - 1.0,si,506
2026-06-25,AD1,0,si,563
2026-06-25,AD3,0.0 - 1.0,si,18
2026-06-25,AD3,0.0 - 1.0,si,489
2026-06-25,AD1,1.5 - 2.5,si,521
2026-06-25,AD1,1.5,si,322
2026-06-25,AD1,0.0 - 1.0,SI,543
2026-06-25,AD-PJUG,3.0 - 4.0,si,512
2026-06-25,AD2,0.0 - 1.0,SI,508
2026-06-25,AD2,0.0 - 1.0,SI,522
2026-06-25,AD1,1,SI,555
2026-06-25,AD2,1.5,SI,410
2026-06-25,AD-PJUG,0.0 - 1.0,SI,493
2026-06-25,AD1,1.5 - 2.5,si,255
2026-06-25,AD3,0.0 - 1.0,SI,463
2026-06-25,AD-PJUG,3.0 - 4.0,SI,540
2026-06-25,AD3,0.0 - 1.0,si,9
2026-06-25,AD-PIND,1.5 - 2.5,SI,495
2026-06-25,AD2,1.5 - 2.5,si,104
2026-06-25,AD2,1.5 - 2.5,SI,522
2026-06-25,AD1,1,SI,560
2026-06-25,AD2,0.0 - 1.0,SI,504
2026-06-25,AD-PJUG,3.0 - 4.0,SI,480
2026-06-25,AD1,0.0 - 1.0,SI,529
2026-06-25,AD1,0,SI,539
2026-06-25,AD-PJUG,3.0 - 4.0,SI,519
2026-06-25,AD1,1,SI,566
2026-06-25,AD2,0.0 - 1.0,SI,515
2026-06-25,AD-PIND,1.5 - 2.5,SI,502
2026-06-25,AD1,1.5 - 2.5,SI,565
2026-06-25,PE2,1.5,SI,416
2026-06-25,PJUG,1.5 - 2.5,SI,581
2026-06-25,ADGUA,1.5 - 2.5,SI,431
2026-06-25,AD1,0.0 - 1.0,si,557
2026-06-25,AD-PJUG,3.0 - 4.0,SI,518
2026-06-25,AD1,0.0 - 1.0,SI,311
2026-06-25,ADGUA,1.5 - 2.5,SI,590
2026-06-25,AD1,1.5 - 2.5,SI,323
2026-06-25,AD-PJUG,3.0 - 4.0,SI,306
2026-06-25,AD-PJUG,3.0 - 4.0,si,381
2026-06-25,PE1,0,SI,322
2026-06-25,AD2,0.0 - 1.0,SI,176
2026-06-25,AD3,0.0 - 1.0,SI,520
2026-06-25,AD1,1,si,340
2026-06-25,AD2,1.5 - 2.5,SI,515
2026-06-25,AD2,0.0 - 1.0,SI,508
2026-06-25,AD3,1.5 - 2.5,si,434
2026-06-25,PEBAB,1.5 - 2.5,si,416
2026-06-25,PEGUA,1.5 - 2.5,SI,481
2026-06-25,PE1,0,si,40
2026-06-25,ADGUA,1.5 - 2.5,si,493
2026-06-25,AD-PJUG,3.0 - 4.0,si,433
2026-06-25,PEBAB,1.5 - 2.5,si,473
2026-06-25,AD1,0.0 - 1.0,si,23
2026-06-25,PJUG,3.0 - 4.0,si,101
2026-06-25,PE2,1.5 - 2.5,SI,486
2026-06-25,PE2,0.0 - 1.0,si,24
2026-06-25,PE2,1.5,SI,168
2026-06-25,PE2,3.0 - 4.0,si,254
2026-06-25,PE3,0.0 - 1.0,SI,49
2026-06-25,PE3,3.0 - 4.0,SI,428
2026-06-25,PE3,1.5 - 2.5,si,352
2026-06-25,PEBAB,1.5 - 2.5,SI,484
2026-06-25,PJUG,3.0 - 4.0,si,214
2026-06-25,PE1,1,SI,136
2026-06-25,PEGUA,1.5 - 2.5,si,337
2026-06-25,PE1,3.0 - 4.0,si,179
2026-06-25,PIND,1.5 - 2.5,si,318
2026-06-25,PEGUA,1.5 - 2.5,SI,339
2026-06-25,PIND,1.5 - 2.5,si,415
2026-06-25,PE1,1.5 - 2.5,si,196
2026-06-25,PJUG,3.0 - 4.0,SI,405
2026-06-25,PE1,1.5 - 2.5,SI,48
2026-06-25,PE2,1.5 - 2.5,SI,18
2026-06-25,PE3,1.5 - 2.5,SI,5
2026-06-25,PE1,1.5 - 2.5,SI,2
2026-06-25,PEGUA,1.5 - 2.5,SI,1
2026-06-25,PE1,1.5 - 2.5,SI,44
2026-06-25,PE2,1.5 - 2.5,SI,17
2026-06-25,PE1,1.5 - 2.5,SI,3
2026-06-26,PE2,3.0 - 4.0,SI,508
2026-06-26,PE1,3.0 - 4.0,SI,529
2026-06-26,PE3,1.5 - 2.5,si,487
2026-06-26,PEBAB,1.5 - 2.5,SI,422
2026-06-26,PEGUA,1.5 - 2.5,SI,496
2026-06-26,PJUG,3.0 - 4.0,SI,518
2026-06-26,PE2,1.5,SI,407
2026-06-26,PE3,3.0 - 4.0,SI,484
2026-06-26,PE1,1,SI,516
2026-06-26,PE1,2,si,2
2026-06-26,PE3,1.5 - 2.5,SI,483
2026-06-26,PEGUA,1.5 - 2.5,SI,460
2026-06-26,PEBAB,1.5 - 2.5,SI,384
2026-06-26,PE1,3.0 - 4.0,si,1
2026-06-26,PEGUA,1.5 - 2.5,SI,489
2026-06-26,PE2,3.0 - 4.0,SI,502
2026-06-26,PE2,1.5,si,408
2026-06-26,PIND,1.5 - 2.5,SI,426
2026-06-26,PEGUA,1.5 - 2.5,SI,452
2026-06-26,PE2,3.0 - 4.0,si,13
2026-06-26,PE1,3.0 - 4.0,si,495
2026-06-26,PE2,1.5 - 2.5,si,515
2026-06-26,PE1,1.5 - 2.5,SI,521
2026-06-26,PE3,1.5 - 2.5,SI,482
2026-06-26,PJUG,3.0 - 4.0,SI,519
2026-06-26,PEGUA,1.5 - 2.5,si,480
2026-06-26,PEGUA,1.5 - 2.5,SI,454
2026-06-26,PEBAB,1.5 - 2.5,SI,388
2026-06-26,PE3,3.0 - 4.0,si,476
2026-06-26,PE2,3.0 - 4.0,SI,510
2026-06-26,PE1,1,si,520
2026-06-26,PEBAB,1.5 - 2.5,SI,422
2026-06-26,PEBAB,1.5 - 2.5,SI,382
2026-06-26,PE2,1.5,si,403
2026-06-26,PEBAB,1.5 - 2.5,SI,438
2026-06-26,PE1,3.0 - 4.0,si,528
2026-06-26,PE3,1.5 - 2.5,si,492
2026-06-26,PIND,1.5 - 2.5,si,418
2026-06-26,PEGUA,1.5 - 2.5,SI,486
2026-06-26,PJUG,3.0 - 4.0,SI,478
2026-06-26,PEGUA,1.5 - 2.5,SI,465
2026-06-26,PE2,1.5,SI,404
2026-06-26,PE3,3.0 - 4.0,si,489
2026-06-26,PEBAB,1.5 - 2.5,SI,413
2026-06-26,PEGUA,1.5 - 2.5,si,481
2026-06-26,PE3,1.5 - 2.5,SI,496
2026-06-26,PEBAB,1.5 - 2.5,SI,427
2026-06-26,PEGUA,1.5 - 2.5,SI,452
2026-06-26,PE2,1.5,SI,411
2026-06-26,PEGUA,1.5 - 2.5,SI,464
2026-06-26,PE2,3.0 - 4.0,SI,509
2026-06-26,PE1,3.0 - 4.0,SI,533
2026-06-26,PIND,1.5 - 2.5,SI,415
2026-06-26,PEBAB,1.5 - 2.5,si,390
2026-06-26,PEGUA,1.5 - 2.5,SI,472
2026-06-26,PE1,1,si,511
2026-06-26,PEGUA,1.5 - 2.5,si,450
2026-06-26,PJUG,3.0 - 4.0,SI,478
2026-06-26,PE3,1.5 - 2.5,si,490
2026-06-26,PEBAB,1.5 - 2.5,si,430
2026-06-26,PE3,3.0 - 4.0,SI,490
2026-06-26,PEBAB,1.5 - 2.5,SI,414
2026-06-26,PEBAB,1.5 - 2.5,SI,389
2026-06-26,PE2,1.5,si,404
2026-06-26,PEGUA,1.5 - 2.5,SI,453
2026-06-26,PE1,1.5,SI,406
2026-06-26,PE1,3.0 - 4.0,si,538
2026-06-26,PE1,1.5 - 2.5,SI,525
2026-06-26,PE1,1,si,534
2026-06-26,PIND,1.5 - 2.5,si,416
2026-06-26,PE2,1.5 - 2.5,si,505
2026-06-26,PE2,1.5 - 2.5,si,499
2026-06-26,PEBAB,1.5 - 2.5,SI,383
2026-06-26,PJUG,3.0 - 4.0,SI,477
2026-06-26,PE2,3.0 - 4.0,SI,505
2026-06-26,PEGUA,1.5 - 2.5,si,480
2026-06-26,PE1,1,si,535
2026-06-26,PE1,1.5 - 2.5,si,499
2026-06-26,PE2,1.5 - 2.5,si,510
2026-06-26,PIND,1.5 - 2.5,si,436
2026-06-26,PE2,0.0 - 1.0,SI,14
2026-06-26,PE1,3.0 - 4.0,SI,546
2026-06-26,PEGUA,1.5 - 2.5,SI,464
2026-06-26,PE3,1.5 - 2.5,si,491
2026-06-26,PEGUA,1.5 - 2.5,si,496
2026-06-26,PE1,1,si,528
2026-06-26,PE1,3.0 - 4.0,SI,580
2026-06-26,PJUG,3.0 - 4.0,si,461
2026-06-26,PE1,1.5 - 2.5,SI,440
2026-06-26,PE1,1.5,SI,451
2026-06-26,PE2,3.0 - 4.0,SI,473
2026-06-26,PE1,1.5,SI,407
2026-06-26,PE2,1.5 - 2.5,si,493
2026-06-26,PE3,1.5 - 2.5,SI,163
2026-06-26,PE3,3.0 - 4.0,SI,427
2026-06-26,PEBAB,1.5 - 2.5,SI,316
2026-06-26,PE3,0.0 - 1.0,si,519
2026-06-26,PE1,1,si,438
2026-06-26,PE2,3.0 - 4.0,SI,499
2026-06-26,PEBAB,1.5 - 2.5,SI,501
2026-06-26,PEBAB,1.5 - 2.5,SI,398
2026-06-26,PIND,1.5 - 2.5,si,351
2026-06-26,PE3,3.0 - 4.0,si,368
2026-06-26,PEGUA,1.5 - 2.5,SI,292
2026-06-26,PE1,1.5,SI,404
2026-06-26,PE1,1,si,563
2026-06-26,AD3,0.0 - 1.0,si,473
2026-06-26,AD2,0.0 - 1.0,SI,498
2026-06-26,AD1,0.0 - 1.0,si,537
2026-06-26,AD1,1,si,530
2026-06-26,ADGUA,1.5 - 2.5,SI,479
2026-06-26,AD1,1,si,562
2026-06-26,AD-PJUG,3.0 - 4.0,SI,500
2026-06-26,AD1,0.0 - 1.0,si,532
2026-06-26,AD1,0.0 - 1.0,SI,574
2026-06-26,AD-PJUG,3.0 - 4.0,si,502
2026-06-26,AD-PIND,1.5 - 2.5,si,460
2026-06-26,AD2,0.0 - 1.0,SI,497
2026-06-26,AD1,0.0 - 1.0,si,515
2026-06-26,AD-PJUG,3.0 - 4.0,SI,520
2026-06-26,AD1,0.0 - 1.0,SI,567
2026-06-26,AD2,0.0 - 1.0,SI,525
2026-06-26,AD1,1.5 - 2.5,SI,524
2026-06-26,AD1,0.0 - 1.0,SI,549
2026-06-26,AD1,1.5 - 2.5,SI,543
2026-06-26,AD1,0.0 - 1.0,si,578
2026-06-26,AD2,0.0 - 1.0,si,515
2026-06-26,AD1,0.0 - 1.0,si,575
2026-06-26,AD-PIND,1.5 - 2.5,SI,431
2026-06-26,AD1,0.0 - 1.0,si,546
2026-06-26,AD-PJUG,3.0 - 4.0,SI,514
2026-06-26,AD3,0.0 - 1.0,SI,510
2026-06-26,AD1,0.0 - 1.0,SI,558
2026-06-26,AD2,0.0 - 1.0,si,516
2026-06-26,AD1,0.0 - 1.0,SI,537
2026-06-26,AD1,0.0 - 1.0,si,573
2026-06-26,AD1,1.5 - 2.5,SI,533
2026-06-26,AD3,0.0 - 1.0,si,309
2026-06-26,AD2,0.0 - 1.0,SI,518
2026-06-26,AD2,1.5 - 2.5,SI,510
2026-06-26,AD1,0.0 - 1.0,si,533
2026-06-26,AD1,0.0 - 1.0,si,537
2026-06-26,AD-PJUG,3.0 - 4.0,si,498
2026-06-26,AD1,0.0 - 1.0,SI,569
2026-06-26,AD2,0.0 - 1.0,SI,517
2026-06-26,AD1,0.0 - 1.0,SI,511
2026-06-26,AD-PJUG,3.0 - 4.0,SI,503
2026-06-26,AD1,0.0 - 1.0,si,528
2026-06-26,PIND,1.5 - 2.5,SI,427
2026-06-26,AD2,0.0 - 1.0,SI,531
2026-06-26,AD1,0.0 - 1.0,SI,520
2026-06-26,AD3,0.0 - 1.0,si,493
2026-06-26,AD1,0.0 - 1.0,si,559
2026-06-26,AD2,0.0 - 1.0,SI,518
2026-06-26,ADGUA,1.5 - 2.5,si,490
2026-06-26,AD1,0.0 - 1.0,si,503
2026-06-26,AD1,0.0 - 1.0,si,495
2026-06-26,ADBABY,1.5 - 2.5,SI,433
2026-06-26,AD2,0.0 - 1.0,SI,515
2026-06-26,AD1,0.0 - 1.0,si,579
2026-06-26,AD3,1.5 - 2.5,si,367
2026-06-26,AD1,1.5 - 2.5,si,508
2026-06-26,AD3,0.0 - 1.0,SI,438
2026-06-26,AD2,0.0 - 1.0,si,353
2026-06-26,AD1,0.0 - 1.0,SI,585
2026-06-26,AD-PJUG,3.0 - 4.0,SI,506
2026-06-26,AD2,0.0 - 1.0,SI,292
2026-06-26,AD3,1.5 - 2.5,SI,341
2026-06-26,AD1,1.5 - 2.5,SI,619
2026-06-26,AD-PJUG,3.0 - 4.0,SI,472
2026-06-26,AD1,0.0 - 1.0,SI,313
2026-06-26,AD3,0.0 - 1.0,SI,311
2026-06-26,AD-PJUG,3.0 - 4.0,SI,375
2026-06-26,AD2,1.5 - 2.5,SI,456
2026-06-26,AD-PIND,1.5 - 2.5,SI,289
2026-06-26,AD1,0.0 - 1.0,SI,502
2026-06-26,AD-PIND,1.5 - 2.5,SI,445
2026-06-26,ADGUA,1.5 - 2.5,si,534
2026-06-26,AD-PJUG,3.0 - 4.0,SI,193
2026-06-26,AD-PJUG,3.0 - 4.0,SI,452
2026-06-26,PEBAB,1.5 - 2.5,SI,106
2026-06-26,PE1,1.5 - 2.5,SI,213
2026-06-27,AL-PEGUA,1.5 - 2.5,si,18
2026-06-27,AL-PE1,0.0 - 1.0,SI,44
2026-06-27,PE1,1.5 - 2.5,SI,24
2026-06-27,PE2,1.5 - 2.5,SI,18
2026-06-27,PE3,1.5 - 2.5,SI,10
2026-06-27,PE1,1.5 - 2.5,SI,2
2026-06-27,PEGUA,1.5 - 2.5,SI,3
2026-06-27,PE1,1.5 - 2.5,SI,16
2026-06-27,PE2,1.5 - 2.5,SI,4
2026-06-27,PE3,1.5 - 2.5,SI,1
2026-06-27,PE1,1.5 - 2.5,SI,2
2026-06-27,PEGUA,1.5 - 2.5,SI,11
2026-06-28,AD1,1,si,576
2026-06-28,AD1,1.5,si,582
2026-06-28,AD1,1.5 - 2.5,SI,594
2026-06-28,AD1,1.5,si,565
2026-06-28,AD1,1.5,si,572
2026-06-28,AD-PJUG,1.5 - 2.5,SI,533
2026-06-28,AD-PJUG,3.0 - 4.0,si,503
2026-06-28,AD-PJUG,3.0 - 4.0,si,503
2026-06-28,AD2,0.0 - 1.0,SI,511
2026-06-28,AD2,1.5,SI,405
2026-06-28,AD1,1,si,551
2026-06-28,AD3,0.0 - 1.0,si,482
2026-06-28,AD1,1.5 - 2.5,SI,566
2026-06-28,AD-PIND,1.5 - 2.5,si,424
2026-06-28,AD1,0.0 - 1.0,SI,519
2026-06-28,AD-PJUG,3.0 - 4.0,SI,479
2026-06-28,AD1,1,SI,562
2026-06-28,AD1,1.5,SI,573
2026-06-28,AD1,0.0 - 1.0,SI,562
2026-06-28,AD2,0.0 - 1.0,SI,530
2026-06-28,AD1,3.0 - 4.0,SI,565
2026-06-28,AD-PIND,1.5 - 2.5,si,536
2026-06-28,AD2,1.5,SI,411
2026-06-28,AD3,0.0 - 1.0,SI,471
2026-06-28,AD2,1.5,SI,406
2026-06-28,AD1,1,SI,577
2026-06-28,AD1,1.5,SI,578
2026-06-28,AD2,0.0 - 1.0,si,519
2026-06-28,AD1,1.5 - 2.5,si,540
2026-06-28,AD1,1,SI,563
2026-06-28,AD1,1.5,SI,580
2026-06-28,AD-PJUG,3.0 - 4.0,SI,485
2026-06-28,AD1,1.5,si,546
2026-06-28,AD1,0,SI,520
2026-06-28,AD1,1,SI,368
2026-06-28,AD2,1.5,SI,411
2026-06-28,AD1,0.0 - 1.0,SI,402
2026-06-28,AD2,3.0 - 4.0,SI,71
2026-06-28,AD-PJUG,3.0 - 4.0,SI,449
2026-06-28,AD1,0,SI,213
2026-06-28,AD1,1.5 - 2.5,SI,587
2026-06-28,AD-PJUG,3.0 - 4.0,si,338
2026-06-28,AD2,1.5,SI,265
2026-06-28,AD-PIND,1.5 - 2.5,si,447
2026-06-28,AD1,0.0 - 1.0,si,477
2026-06-28,AD-PIND,1.5 - 2.5,si,192
2026-06-28,ADGUA,1.5 - 2.5,si,243
2026-06-28,AD2,0.0 - 1.0,SI,479
2026-06-28,ADGUA,1.5 - 2.5,si,429
2026-06-28,AD2,1.5 - 2.5,si,506
2026-06-28,AD3,0.0 - 1.0,si,353
2026-06-28,AD-PJUG,3.0 - 4.0,SI,270
2026-06-28,AD3,1.5 - 2.5,SI,294
2026-06-28,AD2,1.5 - 2.5,SI,186
2026-06-28,PJUG,3.0 - 4.0,SI,1091
2026-06-28,PJUG,3.0 - 4.0,SI,1133
2026-06-28,PE2,3.0 - 4.0,SI,534
2026-06-28,PJUG,3.0 - 4.0,si,491
2026-06-28,PE1,1,SI,561
2026-06-28,PE1,3.0 - 4.0,SI,541
2026-06-28,PE3,3.0 - 4.0,SI,496
2026-06-28,PIND,1.5 - 2.5,si,468
2026-06-28,PE2,3.0 - 4.0,SI,516
2026-06-28,PE3,1.5 - 2.5,si,471
2026-06-28,PEGUA,1.5 - 2.5,SI,488
2026-06-28,PE2,3.0 - 4.0,SI,533
2026-06-28,PE2,1.5,SI,414
2026-06-28,PE2,3.0 - 4.0,SI,513
2026-06-28,PE3,3.0 - 4.0,si,500
2026-06-28,PE2,1.5 - 2.5,SI,513
2026-06-28,PE1,3.0 - 4.0,si,518
2026-06-28,PE1,1.5 - 2.5,SI,522
2026-06-28,PEBAB,1.5 - 2.5,SI,458
2026-06-28,PE3,1.5 - 2.5,SI,472
2026-06-28,PEGUA,1.5 - 2.5,SI,484
2026-06-28,PE2,1.5,SI,407
2026-06-28,PE2,1.5,SI,412
2026-06-28,PJUG,3.0 - 4.0,si,487
2026-06-28,PE3,3.0 - 4.0,SI,507
2026-06-28,PE2,3.0 - 4.0,SI,523
2026-06-28,PEBAB,1.5 - 2.5,SI,420
2026-06-28,PE1,1,SI,520
2026-06-28,PE3,1.5 - 2.5,si,481
2026-06-28,PEBAB,1.5 - 2.5,SI,382
2026-06-28,PEGUA,1.5 - 2.5,si,473
2026-06-28,PIND,1.5 - 2.5,si,432
2026-06-28,PEGUA,1.5 - 2.5,SI,493
2026-06-28,PE2,3.0 - 4.0,SI,514
2026-06-28,PEGUA,1.5 - 2.5,si,482
2026-06-28,PEBAB,1.5 - 2.5,SI,395
2026-06-28,PE1,3.0 - 4.0,si,522
2026-06-28,PE2,1.5 - 2.5,SI,514
2026-06-28,PIND,1.5 - 2.5,si,414
2026-06-28,PE2,1.5,SI,409
2026-06-28,PEGUA,1.5 - 2.5,SI,472
2026-06-28,PE1,1,si,525
2026-06-28,PE3,3.0 - 4.0,SI,491
2026-06-28,PEBAB,1.5 - 2.5,si,429
2026-06-28,PEBAB,1.5 - 2.5,SI,390
2026-06-28,PE3,1.5 - 2.5,si,475
2026-06-28,PE2,1.5,SI,406
2026-06-28,PEGUA,1.5 - 2.5,si,486
2026-06-28,PEBAB,1.5 - 2.5,SI,380
2026-06-28,PEGUA,1.5 - 2.5,SI,461
2026-06-28,PE2,1.5,SI,401
2026-06-28,PEGUA,1.5 - 2.5,SI,477
2026-06-28,PEGUA,1.5 - 2.5,SI,496
2026-06-28,PIND,1.5 - 2.5,si,394
2026-06-28,PEBAB,1.5 - 2.5,SI,416
2026-06-28,PE1,1.5 - 2.5,si,527
2026-06-28,PE1,0.0 - 1.0,SI,560
2026-06-28,PE2,3.0 - 4.0,SI,503
2026-06-28,PJUG,3.0 - 4.0,si,479
2026-06-28,PE3,3.0 - 4.0,si,502
2026-06-28,PE1,1,si,554
2026-06-28,PE1,3.0 - 4.0,si,529
2026-06-28,PEGUA,1.5 - 2.5,si,487
2026-06-28,PE3,1.5 - 2.5,SI,472
2026-06-28,PE2,3.0 - 4.0,si,518
2026-06-28,PE2,3.0 - 4.0,SI,530
2026-06-28,PJUG,3.0 - 4.0,SI,461
2026-06-28,PE2,1.5 - 2.5,SI,521
2026-06-28,PEGUA,1.5 - 2.5,si,493
2026-06-28,PEBAB,1.5 - 2.5,SI,431
2026-06-28,PE3,3.0 - 4.0,si,504
2026-06-28,PE1,0,SI,429
2026-06-28,PE2,1.5 - 2.5,SI,504
2026-06-28,PEGUA,1.5 - 2.5,si,499
2026-06-28,PIND,1.5 - 2.5,si,445
2026-06-28,PE3,0.0 - 1.0,si,472
2026-06-28,PEBAB,1.5 - 2.5,si,438
2026-06-28,PEGUA,1.5 - 2.5,SI,472
2026-06-28,PEBAB,1.5 - 2.5,si,444
2026-06-28,PE2,3.0 - 4.0,SI,501
2026-06-28,PE3,3.0 - 4.0,si,489
2026-06-28,PEGUA,1.5 - 2.5,si,463
2026-06-28,PJUG,3.0 - 4.0,SI,475
2026-06-28,PJUG,3.0 - 4.0,si,440
2026-06-28,PEBAB,1.5 - 2.5,SI,428
2026-06-28,PE1,3.0 - 4.0,SI,518
2026-06-28,PEGUA,1.5 - 2.5,SI,478
2026-06-28,PE2,0.0 - 1.0,SI,517
2026-06-28,PEGUA,1.5 - 2.5,SI,492
2026-06-28,PE3,1.5 - 2.5,SI,474
2026-06-28,PIND,1.5 - 2.5,si,457
2026-06-28,PEBAB,1.5 - 2.5,SI,375
2026-06-28,PE2,3.0 - 4.0,SI,521
2026-06-28,PEBAB,1.5 - 2.5,SI,427
2026-06-28,PE3,3.0 - 4.0,SI,571
2026-06-28,PE3,1.5 - 2.5,SI,503
2026-06-28,PE2,3.0 - 4.0,SI,571
2026-06-28,PIND,1.5 - 2.5,si,399
2026-06-28,PEBAB,1.5 - 2.5,SI,419
2026-06-28,PJUG,3.0 - 4.0,SI,469
2026-06-28,PEBAB,1.5 - 2.5,SI,441
2026-06-28,PE2,2,SI,352
2026-06-28,PE3,0.0 - 1.0,SI,537
2026-06-28,PE2,1.5 - 2.5,SI,456
2026-06-28,PE1,1.5 - 2.5,SI,377
2026-06-28,PEBAB,1.5 - 2.5,SI,471
2026-06-28,PJUG,3.0 - 4.0,si,489
2026-06-28,PEGUA,1.5 - 2.5,SI,560
2026-06-28,PE2,3.0 - 4.0,SI,588
2026-06-28,PE1,1.5 - 2.5,SI,460
2026-06-28,PE1,3.0 - 4.0,si,453
2026-06-28,PE3,3.0 - 4.0,SI,588
2026-06-28,PIND,1.5 - 2.5,SI,235
2026-06-28,PE1,3.0 - 4.0,SI,439
2026-06-28,PEGUA,1.5 - 2.5,SI,438
2026-06-28,PE3,1.5 - 2.5,SI,265
2026-06-28,PEGUA,1.5 - 2.5,si,338
2026-06-28,PE3,0.0 - 1.0,SI,103
2026-06-28,PEBAB,1.5 - 2.5,SI,423
2026-06-28,PEGUA,1.5 - 2.5,SI,566
2026-06-28,PE1,0.0 - 1.0,si,204
2026-06-28,PE2,3.0 - 4.0,SI,309
2026-06-28,PE2,0.0 - 1.0,SI,490
2026-06-28,PE3,3.0 - 4.0,SI,499
2026-06-28,PEBAB,1.5 - 2.5,si,411
2026-06-28,PJUG,3.0 - 4.0,SI,253
2026-06-28,PJUG,3.0 - 4.0,SI,358
2026-06-29,PEBAB,1.5 - 2.5,si,434
2026-06-29,PEGUA,1.5 - 2.5,si,467
2026-06-29,PIND,1.5 - 2.5,SI,399
2026-06-29,PEGUA,1.5 - 2.5,SI,455
2026-06-29,PEBAB,1.5 - 2.5,si,439
2026-06-29,PEGUA,1.5 - 2.5,SI,477
2026-06-29,PE3,1.5 - 2.5,SI,483
2026-06-29,PEBAB,1.5 - 2.5,SI,416
2026-06-29,PEGUA,1.5 - 2.5,SI,461
2026-06-29,PE1,3.0 - 4.0,SI,551
2026-06-29,PE2,3.0 - 4.0,SI,504
2026-06-29,PE3,3.0 - 4.0,SI,485
2026-06-29,PEBAB,1.5 - 2.5,SI,415
2026-06-29,PEGUA,1.5 - 2.5,SI,467
2026-06-29,PJUG,3.0 - 4.0,si,514
2026-06-29,PEGUA,1.5 - 2.5,SI,453
2026-06-29,PEBAB,1.5 - 2.5,SI,435
2026-06-29,PEGUA,1.5 - 2.5,SI,482
2026-06-29,PE3,3.0 - 4.0,SI,489
2026-06-29,PEBAB,1.5 - 2.5,SI,418
2026-06-29,PIND,1.5 - 2.5,SI,400
2026-06-29,PE2,3.0 - 4.0,SI,510
2026-06-29,PEGUA,1.5 - 2.5,si,466
2026-06-29,PE3,1.5 - 2.5,SI,484
2026-06-29,PEBAB,1.5 - 2.5,SI,411
2026-06-29,PE2,1.5,SI,403
2026-06-29,PJUG,3.0 - 4.0,SI,467
2026-06-29,PEBAB,1.5 - 2.5,si,449
2026-06-29,PEGUA,1.5 - 2.5,SI,457
2026-06-29,PE1,3.0 - 4.0,SI,523
2026-06-29,PE1,1,SI,534
2026-06-29,PE1,3.0 - 4.0,SI,531
2026-06-29,PE3,3.0 - 4.0,SI,480
2026-06-29,PEGUA,1.5 - 2.5,si,477
2026-06-29,PEBAB,1.5 - 2.5,si,429
2026-06-29,PEBAB,1.5 - 2.5,SI,426
2026-06-29,PIND,1.5 - 2.5,SI,399
2026-06-29,PE3,1.5 - 2.5,SI,484
2026-06-29,PE3,3.0 - 4.0,SI,557
2026-06-29,PEGUA,1.5 - 2.5,SI,454
2026-06-29,PE2,3.0 - 4.0,SI,491
2026-06-29,PEBAB,1.5 - 2.5,SI,413
2026-06-29,PEBAB,1.5 - 2.5,SI,416
2026-06-29,PEGUA,1.5 - 2.5,si,445
2026-06-29,PE3,1.5 - 2.5,SI,492
2026-06-29,PEGUA,1.5 - 2.5,si,463
2026-06-29,PJUG,3.0 - 4.0,si,534
2026-06-29,PE3,3.0 - 4.0,si,484
2026-06-29,PE1,3.0 - 4.0,si,530
2026-06-29,PE2,3.0 - 4.0,SI,496
2026-06-29,PEGUA,1.5 - 2.5,si,476
2026-06-29,PEBAB,1.5 - 2.5,SI,436
2026-06-29,PIND,1.5 - 2.5,SI,394
2026-06-29,PEBAB,1.5 - 2.5,si,418
2026-06-29,PE3,3.0 - 4.0,si,481
2026-06-29,PEBAB,1.5 - 2.5,si,445
2026-06-29,PEGUA,1.5 - 2.5,SI,454
2026-06-29,PEGUA,1.5 - 2.5,SI,438
2026-06-29,PE1,3.0 - 4.0,SI,560
2026-06-29,PJUG,3.0 - 4.0,si,523
2026-06-29,PE2,3.0 - 4.0,SI,501
2026-06-29,PJUG,3.0 - 4.0,SI,470
2026-06-29,PE3,3.0 - 4.0,SI,480
2026-06-29,PIND,1.5 - 2.5,SI,410
2026-06-29,PE2,3.0 - 4.0,SI,501
2026-06-29,PE2,1.5,SI,461
2026-06-29,PJUG,3.0 - 4.0,SI,464
2026-06-29,PEBAB,1.5 - 2.5,SI,414
2026-06-29,PEGUA,1.5 - 2.5,SI,485
2026-06-29,PEGUA,1.5 - 2.5,si,480
2026-06-29,PE3,3.0 - 4.0,SI,503
2026-06-29,PE3,3.0 - 4.0,SI,482
2026-06-29,PE2,1.5,SI,416
2026-06-29,PEBAB,1.5 - 2.5,si,406
2026-06-29,PEGUA,1.5 - 2.5,si,457
2026-06-29,PEBAB,1.5 - 2.5,SI,457
2026-06-29,PE2,3.0 - 4.0,SI,506
2026-06-29,PEGUA,1.5 - 2.5,SI,469
2026-06-29,PEBAB,1.5 - 2.5,SI,453
2026-06-29,PEGUA,1.5 - 2.5,SI,476
2026-06-29,PE3,3.0 - 4.0,SI,480
2026-06-29,PJUG,3.0 - 4.0,SI,464
2026-06-29,PEBAB,1.5 - 2.5,SI,469
2026-06-29,PEGUA,1.5 - 2.5,SI,472
2026-06-29,PE2,3.0 - 4.0,SI,494
2026-06-29,PE3,1.5 - 2.5,SI,494
2026-06-29,PE1,1,SI,527
2026-06-29,PE2,3.0 - 4.0,SI,508
2026-06-29,PIND,1.5 - 2.5,SI,409
2026-06-29,PE2,1.5,SI,418
2026-06-29,PEGUA,1.5 - 2.5,si,485
2026-06-29,PE2,3.0 - 4.0,SI,513
2026-06-29,PE1,3.0 - 4.0,si,525
2026-06-29,PE3,3.0 - 4.0,SI,517
2026-06-29,PJUG,3.0 - 4.0,SI,551
2026-06-29,PEGUA,1.5 - 2.5,si,484
2026-06-29,PE2,3.0 - 4.0,SI,491
2026-06-29,PE3,3.0 - 4.0,si,490
2026-06-29,PJUG,3.0 - 4.0,SI,466
2026-06-29,PE2,1.5,si,411
2026-06-29,PE1,3.0 - 4.0,SI,508
2026-06-29,PE2,3.0 - 4.0,si,509
2026-06-29,PEBAB,1.5 - 2.5,si,459
2026-06-29,PJUG,3.0 - 4.0,SI,468
2026-06-29,PE2,2,si,446
2026-06-29,PEGUA,1.5 - 2.5,SI,490
2026-06-29,PEGUA,1.5 - 2.5,si,474
2026-06-29,PIND,1.5 - 2.5,SI,416
2026-06-29,PE3,3.0 - 4.0,SI,510
2026-06-29,PJUG,3.0 - 4.0,SI,506
2026-06-29,PE3,3.0 - 4.0,SI,464
2026-06-29,PJUG,3.0 - 4.0,SI,487
2026-06-29,PEGUA,1.5 - 2.5,SI,483
2026-06-29,PEBAB,1.5 - 2.5,si,468
2026-06-29,PEGUA,1.5 - 2.5,si,463
2026-06-29,PEGUA,1.5 - 2.5,SI,486
2026-06-29,PEBAB,1.5 - 2.5,SI,442
2026-06-29,PJUG,3.0 - 4.0,SI,457
2026-06-29,PE3,3.0 - 4.0,SI,484
2026-06-29,PE2,1.5 - 2.5,SI,490
2026-06-29,PE2,3.0 - 4.0,SI,510
2026-06-29,PEGUA,1.5 - 2.5,si,476
2026-06-29,PJUG,3.0 - 4.0,SI,477
2026-06-29,PJUG,3.0 - 4.0,si,446
2026-06-29,PEBAB,1.5 - 2.5,si,456
2026-06-29,PEGUA,1.5 - 2.5,SI,466
2026-06-29,PEGUA,1.5 - 2.5,si,460
2026-06-29,PE1,3.0 - 4.0,si,626
2026-06-29,PEGUA,1.5 - 2.5,si,466
2026-06-29,PJUG,3.0 - 4.0,SI,422
2026-06-29,PEGUA,1.5 - 2.5,SI,410
2026-06-29,PE2,0.0 - 1.0,si,33
2026-06-29,PIND,1.5 - 2.5,SI,195
2026-06-29,PE1,0.0 - 1.0,SI,33
2026-06-29,PE3,1.5 - 2.5,SI,586
2026-06-29,PE1,1,SI,526
2026-06-29,PE2,0.0 - 1.0,si,32
2026-06-29,PE2,1.5 - 2.5,SI,346
2026-06-29,PE1,1,SI,143
2026-06-29,PEBAB,1.5 - 2.5,si,519
2026-06-29,PJUG,3.0 - 4.0,si,237
2026-06-29,PE2,3.0 - 4.0,si,334
2026-06-29,PE3,0.0 - 1.0,si,241
2026-06-29,PE2,1.5 - 2.5,si,371
2026-06-29,PE2,3.0 - 4.0,SI,194
2026-06-29,PJUG,3.0 - 4.0,SI,535
2026-06-29,PE3,3.0 - 4.0,si,184
2026-06-29,PJUG,3.0 - 4.0,SI,464
2026-06-29,PE3,3.0 - 4.0,SI,296
2026-06-29,PEBAB,1.5 - 2.5,si,453
2026-06-29,PE1,3.0 - 4.0,si,251
2026-06-29,PE1,1.5 - 2.5,SI,277
2026-06-29,PEGUA,1.5 - 2.5,si,135
2026-06-29,PJUG,3.0 - 4.0,SI,61
2026-06-29,PE1,1.5 - 2.5,SI,340
2026-06-30,PEGUA,1.5 - 2.5,si,466
2026-06-30,PE3,3.0 - 4.0,SI,503
2026-06-30,PEBAB,1.5 - 2.5,SI,425
2026-06-30,PEBAB,1.5 - 2.5,SI,408
2026-06-30,PE2,3.0 - 4.0,SI,502
2026-06-30,PEBAB,1.5 - 2.5,SI,178
2026-06-30,PEGUA,1.5 - 2.5,si,464
2026-06-30,PE3,1.5 - 2.5,si,484
2026-06-30,PEBAB,1.5 - 2.5,SI,393
2026-06-30,PE3,0.0 - 1.0,SI,33
2026-06-30,PE3,3.0 - 4.0,SI,489
2026-06-30,PE1,3.0 - 4.0,SI,525
2026-06-30,PEGUA,1.5 - 2.5,si,476
2026-06-30,PEGUA,1.5 - 2.5,SI,457
2026-06-30,PEBAB,1.5 - 2.5,SI,399
2026-06-30,PE2,3.0 - 4.0,SI,478
2026-06-30,PIND,1.5 - 2.5,si,447
2026-06-30,PEGUA,1.5 - 2.5,SI,463
2026-06-30,PEBAB,1.5 - 2.5,SI,403
2026-06-30,PE3,3.0 - 4.0,SI,473
2026-06-30,PEBAB,1.5 - 2.5,SI,423
2026-06-30,PE1,1.5 - 2.5,si,515
2026-06-30,PE3,1.5 - 2.5,si,502
2026-06-30,PE1,3.0 - 4.0,si,512
2026-06-30,PEGUA,1.5 - 2.5,si,458
2026-06-30,PEGUA,1.5 - 2.5,SI,465
2026-06-30,PE3,1.5 - 2.5,si,68
2026-06-30,AD2,0.0 - 1.0,si,523
2026-06-30,PE2,3.0 - 4.0,SI,494
2026-06-30,PEGUA,1.5 - 2.5,SI,483
2026-06-30,PE3,3.0 - 4.0,si,481
2026-06-30,PEBAB,1.5 - 2.5,SI,380
2026-06-30,PEGUA,1.5 - 2.5,SI,461
2026-06-30,PE2,1.5,si,402
2026-06-30,PEBAB,1.5 - 2.5,SI,402
2026-06-30,PEBAB,1.5 - 2.5,SI,426
2026-06-30,PEBAB,1.5 - 2.5,SI,437
2026-06-30,PEGUA,1.5 - 2.5,SI,483
2026-06-30,PE3,3.0 - 4.0,SI,482
2026-06-30,PEGUA,1.5 - 2.5,SI,476
2026-06-30,PE3,1.5 - 2.5,SI,495
2026-06-30,PEBAB,1.5 - 2.5,SI,386
2026-06-30,PE2,3.0 - 4.0,SI,497
2026-06-30,PIND,1.5 - 2.5,si,454
2026-06-30,PE2,1.5 - 2.5,si,504
2026-06-30,PE1,3.0 - 4.0,SI,527
2026-06-30,PEGUA,1.5 - 2.5,SI,473
2026-06-30,PE2,1.5,si,399
2026-06-30,PE1,1.5 - 2.5,SI,527
2026-06-30,PJUG,3.0 - 4.0,si,466
2026-06-30,PEBAB,1.5 - 2.5,SI,430
2026-06-30,PE3,3.0 - 4.0,si,487
2026-06-30,PEBAB,1.5 - 2.5,SI,384
2026-06-30,PEGUA,1.5 - 2.5,si,463
2026-06-30,PE2,3.0 - 4.0,SI,499
2026-06-30,PEGUA,1.5 - 2.5,si,454
2026-06-30,PEGUA,1.5 - 2.5,si,483
2026-06-30,PE3,1.5 - 2.5,si,488
2026-06-30,PEGUA,1.5 - 2.5,si,473
2026-06-30,PEBAB,1.5 - 2.5,SI,425
2026-06-30,PEBAB,1.5 - 2.5,SI,380
2026-06-30,PE3,3.0 - 4.0,SI,488
2026-06-30,PE1,3.0 - 4.0,si,535
2026-06-30,PEBAB,1.5 - 2.5,SI,389
2026-06-30,PIND,1.5 - 2.5,si,446
2026-06-30,PEGUA,1.5 - 2.5,si,471
2026-06-30,PE3,1.5 - 2.5,si,501
2026-06-30,PE2,3.0 - 4.0,SI,511
2026-06-30,PJUG,3.0 - 4.0,si,477
2026-06-30,PE2,3.0 - 4.0,SI,502
2026-06-30,PEBAB,1.5 - 2.5,SI,431
2026-06-30,PE3,3.0 - 4.0,SI,484
2026-06-30,PEGUA,1.5 - 2.5,si,466
2026-06-30,PEBAB,1.5 - 2.5,SI,425
2026-06-30,PEGUA,1.5 - 2.5,si,485
2026-06-30,PEBAB,1.5 - 2.5,SI,390
2026-06-30,PE3,3.0 - 4.0,SI,504
2026-06-30,PEBAB,1.5 - 2.5,SI,401
2026-06-30,PE1,1.5 - 2.5,SI,537
2026-06-30,PEBAB,1.5 - 2.5,SI,399
2026-06-30,PE1,3.0 - 4.0,si,522
2026-06-30,PEGUA,1.5 - 2.5,si,553
2026-06-30,PE2,3.0 - 4.0,SI,502
2026-06-30,PE3,3.0 - 4.0,si,480
2026-06-30,PE2,1.5 - 2.5,si,500
2026-06-30,PIND,1.5 - 2.5,SI,427
2026-06-30,PE1,3.0 - 4.0,si,561
2026-06-30,PE3,3.0 - 4.0,SI,477
2026-06-30,PEBAB,1.5 - 2.5,SI,420
2026-06-30,PE2,1.5,SI,413
2026-06-30,PE3,1.5 - 2.5,SI,495
2026-06-30,PIND,1.5 - 2.5,SI,472
2026-06-30,PE3,3.0 - 4.0,si,486
2026-06-30,PEGUA,3.0 - 4.0,SI,565
2026-06-30,PEBAB,1.5 - 2.5,SI,405
2026-06-30,PE2,1.5 - 2.5,si,507
2026-06-30,PE1,3.0 - 4.0,si,522
2026-06-30,PE2,3.0 - 4.0,SI,501
2026-06-30,PEGUA,1.5 - 2.5,si,458
2026-06-30,PE1,3.0 - 4.0,SI,428
2026-06-30,PEGUA,1.5 - 2.5,si,482
2026-06-30,PEBAB,1.5 - 2.5,si,391
2026-06-30,PE1,1.5 - 2.5,si,532
2026-06-30,PEGUA,1.5 - 2.5,SI,555
2026-06-30,AD1,0.0 - 1.0,SI,546
2026-06-30,PE1,1.5 - 2.5,SI,506
2026-06-30,PE1,3.0 - 4.0,si,544
2026-06-30,AD2,1,si,514
2026-06-30,PE2,3.0 - 4.0,SI,517
2026-06-30,PE2,1.5,si,321
2026-06-30,PE1,3.0 - 4.0,si,546
2026-06-30,PE3,3.0 - 4.0,SI,483
2026-06-30,PE1,1.5 - 2.5,si,552
2026-06-30,PE3,3.0 - 4.0,si,493
2026-06-30,PEBAB,1.5 - 2.5,SI,428
2026-06-30,PE3,1.5 - 2.5,SI,491
2026-06-30,PEBAB,1.5 - 2.5,SI,392
2026-06-30,PEBAB,1.5 - 2.5,SI,424
2026-06-30,PE1,3.0 - 4.0,si,577
2026-06-30,PE2,3.0 - 4.0,SI,539
2026-06-30,PE1,1.5 - 2.5,SI,364
2026-06-30,PE3,3.0 - 4.0,SI,426
2026-06-30,PE3,1.5 - 2.5,si,51
2026-06-30,PE1,3.0 - 4.0,SI,276
2026-06-30,PE3,3.0 - 4.0,SI,145
2026-06-30,PE1,1.5 - 2.5,SI,549
2026-06-30,PEBAB,1.5 - 2.5,si,301
2026-06-30,PEGUA,1.5 - 2.5,si,485
2026-06-30,PIND,1.5 - 2.5,SI,401
2026-06-30,PE2,3.0 - 4.0,SI,131
2026-06-30,PE1,1.5,SI,445
2026-06-30,PE2,1.5 - 2.5,si,230
2026-06-30,PJUG,3.0 - 4.0,SI,468
2026-06-30,PE1,3.0 - 4.0,si,370
2026-06-30,PE2,0.0 - 1.0,SI,160
2026-06-30,PIND,1.5 - 2.5,SI,303
2026-06-30,PE1,1.5 - 2.5,si,127
2026-06-30,PE3,3.0 - 4.0,SI,298
2026-06-30,PE1,1.5,SI,537
2026-06-30,PE2,3.0 - 4.0,SI,252
2026-06-30,PE2,1.5 - 2.5,SI,500
2026-06-30,PE2,3.0 - 4.0,SI,489
2026-06-30,PEGUA,1.5 - 2.5,si,441
2026-06-30,PE3,0.0 - 1.0,si,300
2026-06-30,AD1,1.5,SI,525
2026-06-30,AD2,1,si,515
2026-06-30,AD1,1.5,SI,553
2026-06-30,AD1,1.5,SI,521
2026-06-30,AD-PJUG,3.0 - 4.0,si,530
2026-06-30,AD1,1.5 - 2.5,SI,503
2026-06-30,AD1,1.5,SI,551
2026-06-30,AD1,1.5,SI,545
2026-06-30,AD1,1.5,SI,555
2026-06-30,AD2,1.5,SI,407
2026-06-30,AD-PJUG,3.0 - 4.0,SI,512
2026-06-30,AD2,0.0 - 1.0,si,503
2026-06-30,AD1,1.5,SI,505
2026-06-30,AD3,0.0 - 1.0,si,486
2026-06-30,AD1,1.5,SI,556
2026-06-30,AD2,1.5,SI,406
2026-06-30,AD1,1.5,SI,554
2026-06-30,AD1,0.0 - 1.0,si,467
2026-06-30,AD1,0.0 - 1.0,SI,552
2026-06-30,AD2,0.0 - 1.0,si,499
2026-06-30,AD1,1.5 - 2.5,si,495
2026-06-30,AD3,0.0 - 1.0,si,487
2026-06-30,ADGUA,1.5 - 2.5,si,494
2026-06-30,AD-PJUG,3.0 - 4.0,SI,518
2026-06-30,AD1,0.0 - 1.0,SI,547
2026-06-30,AD-PJUG,3.0 - 4.0,si,298
2026-06-30,AD1,0.0 - 1.0,SI,455
2026-06-30,AD2,0.0 - 1.0,SI,513
2026-06-30,AD1,0.0 - 1.0,SI,549
2026-06-30,AD1,0.0 - 1.0,SI,465
2026-06-30,AD-PIND,1.5 - 2.5,SI,493
2026-06-30,AD3,0.0 - 1.0,si,481
2026-06-30,AD1,0.0 - 1.0,SI,550
2026-06-30,AD2,0.0 - 1.0,si,511
2026-06-30,PE1,3.0 - 4.0,SI,551
2026-06-30,AD1,0.0 - 1.0,SI,469
2026-06-30,PE2,3.0 - 4.0,SI,505
2026-06-30,AD1,0.0 - 1.0,SI,548
2026-06-30,PEBAB,1.5 - 2.5,SI,350
2026-06-30,AD2,0.0 - 1.0,SI,505
2026-06-30,PE1,3.0 - 4.0,si,240
2026-06-30,AD2,1.5,si,440
2026-06-30,AD-PIND,1.5 - 2.5,SI,462
2026-06-30,AD1,0.0 - 1.0,SI,523
2026-06-30,ADGUA,1.5 - 2.5,si,362
2026-06-30,AD-PJUG,3.0 - 4.0,si,266
2026-06-30,AD3,0.0 - 1.0,SI,452
2026-06-30,PE3,3.0 - 4.0,si,313
2026-06-30,AD2,0.0 - 1.0,SI,225
2026-06-30,AD2,1.5 - 2.5,si,562
2026-06-30,AD2,1.5 - 2.5,SI,219
2026-06-30,AD1,1.5 - 2.5,SI,461
2026-06-30,AD1,0.0 - 1.0,SI,397
2026-06-30,PJUG,3.0 - 4.0,SI,173
2026-06-30,AD-PIND,1.5 - 2.5,SI,503
2026-06-30,PE1,3.0 - 4.0,SI,528
2026-06-30,PE2,3.0 - 4.0,SI,96
2026-06-30,PE1,1.5 - 2.5,SI,464
2026-06-30,PE3,0.0 - 1.0,si,122
2026-06-30,PE3,3.0 - 4.0,si,61
2026-06-30,PE1,3.0 - 4.0,si,53
2026-06-30,PE2,3.0 - 4.0,SI,189
2026-06-30,PE2,3.0 - 4.0,SI,97
2026-06-30,PE1,0.0 - 1.0,SI,351
2026-06-30,PEBAB,1.5 - 2.5,SI,59
2026-06-30,PE3,3.0 - 4.0,si,26
2026-06-30,AD-PJUG,3.0 - 4.0,SI,415
2026-06-30,PE2,1.5 - 2.5,SI,30
2026-06-30,PE2,1.5 - 2.5,SI,288
2026-06-30,PIND,1.5 - 2.5,SI,386
2026-06-30,PE3,1.5 - 2.5,SI,239
2026-06-30,PEBAB,1.5 - 2.5,SI,16
2026-06-30,AD1,1.5 - 2.5,si,337
2026-06-30,PE2,0.0 - 1.0,SI,173
2026-06-30,PE1,0.0 - 1.0,SI,18
2026-06-30,PEGUA,1.5 - 2.5,si,159
2026-06-30,PE2,1.5 - 2.5,si,9
2026-06-30,PE2,0.0 - 1.0,SI,46
2026-06-30,PJUG,3.0 - 4.0,SI,454
2026-07-01,PEBAB,1.5 - 2.5,SI,404
2026-07-01,PEGUA,1.5 - 2.5,SI,459
2026-07-01,PE1,3.0 - 4.0,SI,552
2026-07-01,PE2,3.0 - 4.0,SI,511
2026-07-01,PIND,1.5 - 2.5,SI,418
2026-07-01,PE3,3.0 - 4.0,SI,484
2026-07-01,PEGUA,1.5 - 2.5,SI,477
2026-07-01,PEBAB,1.5 - 2.5,SI,399
2026-07-01,PEGUA,1.5 - 2.5,SI,464
2026-07-01,PE2,0.0 - 1.0,SI,63
2026-07-01,PE3,1.5 - 2.5,SI,71
2026-07-01,PE3,0.0 - 1.0,SI,30
2026-07-01,PEBAB,1.5 - 2.5,SI,403
2026-07-01,PEBAB,1.5 - 2.5,SI,438
2026-07-01,PIND,1.5 - 2.5,si,407
2026-07-01,PE1,3.0 - 4.0,SI,536
2026-07-01,PE2,3.0 - 4.0,SI,515
2026-07-01,PE1,1,si,549
2026-07-01,PEGUA,1.5 - 2.5,SI,477
2026-07-01,PE1,3.0 - 4.0,SI,538
2026-07-01,PE3,3.0 - 4.0,SI,502
2026-07-01,PEGUA,1.5 - 2.5,si,474
2026-07-01,PEBAB,1.5 - 2.5,SI,406
2026-07-01,PEGUA,1.5 - 2.5,SI,476
2026-07-01,PE2,3.0 - 4.0,si,509
2026-07-01,PE3,1.5 - 2.5,si,508
2026-07-01,PE1,3.0 - 4.0,SI,547
2026-07-01,PE3,3.0 - 4.0,si,494
2026-07-01,PIND,1.5 - 2.5,si,424
2026-07-01,PE1,3.0 - 4.0,SI,537
2026-07-01,PE2,1.5 - 2.5,si,11
2026-07-01,PE2,1.5 - 2.5,si,8
2026-07-01,PEGUA,1.5 - 2.5,SI,468
2026-07-01,PE2,3.0 - 4.0,si,509
2026-07-01,PE3,3.0 - 4.0,SI,493
2026-07-01,PE2,2,si,76
2026-07-01,PE2,3.0 - 4.0,si,510
2026-07-01,PEBAB,1.5 - 2.5,SI,420
2026-07-01,PEGUA,1.5 - 2.5,si,458
2026-07-01,PE2,1.5 - 2.5,SI,501
2026-07-01,PEBAB,1.5 - 2.5,SI,390
2026-07-01,PEGUA,1.5 - 2.5,SI,472
2026-07-01,PEBAB,1.5 - 2.5,SI,427
2026-07-01,PEBAB,1.5 - 2.5,SI,408
2026-07-01,PE1,3.0 - 4.0,SI,541
2026-07-01,PEGUA,1.5 - 2.5,SI,483
2026-07-01,PE2,3.0 - 4.0,si,506
2026-07-01,PIND,1.5 - 2.5,SI,430
2026-07-01,PE3,3.0 - 4.0,si,495
2026-07-01,PE1,3.0 - 4.0,SI,493
2026-07-01,PEGUA,1.5 - 2.5,SI,467
2026-07-01,PEBAB,1.5 - 2.5,SI,389
2026-07-01,PE2,1.5,SI,399
2026-07-01,PEBAB,1.5 - 2.5,SI,410
2026-07-01,PE2,3.0 - 4.0,SI,502
2026-07-01,PEGUA,1.5 - 2.5,SI,477
2026-07-01,PE3,3.0 - 4.0,SI,487
2026-07-01,PE1,3.0 - 4.0,SI,545
2026-07-01,PIND,1.5 - 2.5,si,443
2026-07-01,PE3,1.5 - 2.5,si,486
2026-07-01,PEBAB,1.5 - 2.5,SI,431
2026-07-01,PEGUA,1.5 - 2.5,SI,473
2026-07-01,PE1,1.5 - 2.5,SI,519
2026-07-01,PE3,3.0 - 4.0,si,137
2026-07-01,PE3,0.0 - 1.0,si,500
2026-07-01,PEBAB,1.5 - 2.5,si,447
2026-07-01,PJUG,3.0 - 4.0,SI,529
2026-07-01,PE1,1.5 - 2.5,si,120
2026-07-01,PE2,1.5,SI,397
2026-07-01,PE1,3.0 - 4.0,si,536
2026-07-01,PIND,1.5 - 2.5,si,474
2026-07-01,PE1,0,si,501
2026-07-01,PE3,0.0 - 1.0,SI,491
2026-07-01,PE1,1,si,544
2026-07-01,PE2,1.5,SI,395
2026-07-01,PEGUA,1.5 - 2.5,SI,474
2026-07-01,PE1,3.0 - 4.0,SI,554
2026-07-01,PE2,3.0 - 4.0,SI,520
2026-07-01,PE1,1.5 - 2.5,SI,524
2026-07-01,PIND,1.5 - 2.5,SI,459
2026-07-01,PE2,1.5,SI,406
2026-07-01,PE2,1.5 - 2.5,SI,498
2026-07-01,PE1,1,SI,563
2026-07-01,PEGUA,1.5 - 2.5,SI,481
2026-07-01,PEGUA,1.5 - 2.5,si,511
2026-07-01,PE1,1,SI,606
2026-07-01,PE2,1.5,SI,408
2026-07-01,PE3,1.5 - 2.5,si,493
2026-07-01,PE1,3.0 - 4.0,SI,572
2026-07-01,PE1,1,si,92
2026-07-01,PEGUA,1.5 - 2.5,SI,482
2026-07-01,PE1,0.0 - 1.0,SI,539
2026-07-01,PE1,1.5 - 2.5,SI,533
2026-07-01,PIND,1.5 - 2.5,SI,452
2026-07-01,PE2,1.5,SI,405
2026-07-01,PE2,0.0 - 1.0,SI,381
2026-07-01,PE3,0.0 - 1.0,SI,504
2026-07-01,PE1,3.0 - 4.0,SI,571
2026-07-01,PE3,0.0 - 1.0,SI,115
2026-07-01,PE1,0.0 - 1.0,SI,548
2026-07-01,PEGUA,1.5 - 2.5,SI,498
2026-07-01,PE2,3.0 - 4.0,SI,513
2026-07-01,PE1,3.0 - 4.0,si,554
2026-07-01,PEBAB,1.5 - 2.5,SI,403
2026-07-01,PEBAB,1.5 - 2.5,SI,441
2026-07-01,PE1,1.5 - 2.5,SI,538
2026-07-01,PE2,1.5,SI,358
2026-07-01,PE1,3.0 - 4.0,SI,580
2026-07-01,PE2,1.5,si,399
2026-07-01,PE2,0.0 - 1.0,SI,475
2026-07-01,PEGUA,1.5 - 2.5,SI,463
2026-07-01,PJUG,3.0 - 4.0,SI,286
2026-07-01,PE1,1.5 - 2.5,si,500
2026-07-01,PE1,0.0 - 1.0,SI,584
2026-07-01,PE3,3.0 - 4.0,SI,403
2026-07-01,PE1,0.0 - 1.0,SI,356
2026-07-01,PE1,1.5 - 2.5,si,388
2026-07-01,PE1,3.0 - 4.0,SI,298
2026-07-01,PE2,3.0 - 4.0,SI,391
2026-07-01,PE1,3.0 - 4.0,SI,242
2026-07-01,PE3,0.0 - 1.0,SI,538
2026-07-01,PE2,3.0 - 4.0,SI,501
2026-07-01,PE1,3.0 - 4.0,SI,487
2026-07-01,AD2,0.0 - 1.0,si,513
2026-07-01,PE3,3.0 - 4.0,SI,449
2026-07-01,PE1,3.0 - 4.0,SI,544
2026-07-01,AD1,0.0 - 1.0,SI,558
2026-07-01,AD2,0.0 - 1.0,si,510
2026-07-01,AD3,0.0 - 1.0,SI,499
2026-07-01,AD1,0.0 - 1.0,SI,563
2026-07-01,AD2,0.0 - 1.0,si,516
2026-07-01,PE2,3.0 - 4.0,si,493
2026-07-01,PE2,1.5 - 2.5,SI,495
2026-07-01,PEGUA,1.5 - 2.5,si,205
2026-07-01,ADGUA,1.5 - 2.5,SI,507
2026-07-01,AD1,0.0 - 1.0,SI,578
2026-07-01,AD2,0.0 - 1.0,SI,521
2026-07-01,AD1,0.0 - 1.0,SI,568
2026-07-01,AD1,0.0 - 1.0,SI,543
2026-07-01,AD3,0.0 - 1.0,si,507
2026-07-01,AD2,0.0 - 1.0,SI,513
2026-07-01,AD-PIND,1.5 - 2.5,SI,463
2026-07-01,AD1,0.0 - 1.0,SI,584
2026-07-01,PEBAB,1.5 - 2.5,SI,429
2026-07-01,ADGUA,1.5 - 2.5,SI,248
2026-07-01,AD3,1.5 - 2.5,si,504
2026-07-01,AD2,0.0 - 1.0,SI,513
2026-07-01,AD1,0.0 - 1.0,si,580
2026-07-01,AD1,0.0 - 1.0,si,552
2026-07-01,AD-PJUG,3.0 - 4.0,si,568
2026-07-01,AD1,0.0 - 1.0,si,542
2026-07-01,AD-PIND,1.5 - 2.5,SI,449
2026-07-01,AD1,0.0 - 1.0,si,579
2026-07-01,AD1,0.0 - 1.0,SI,588
2026-07-01,AD2,0.0 - 1.0,SI,510
2026-07-01,AD1,0.0 - 1.0,si,578
2026-07-01,AD1,1.5 - 2.5,SI,534
2026-07-01,AD1,0.0 - 1.0,SI,530
2026-07-01,AD1,0.0 - 1.0,SI,563
2026-07-01,AD-PJUG,3.0 - 4.0,SI,469
2026-07-01,AD1,0.0 - 1.0,si,542
2026-07-01,AD-PJUG,3.0 - 4.0,SI,554
2026-07-01,AD2,0.0 - 1.0,si,511
2026-07-01,AD1,0.0 - 1.0,SI,576
2026-07-01,AD3,0.0 - 1.0,SI,495
2026-07-01,AD1,0.0 - 1.0,SI,523
2026-07-01,AD1,0.0 - 1.0,SI,585
2026-07-01,AD1,0.0 - 1.0,SI,574
2026-07-01,AD1,1.5 - 2.5,SI,505
2026-07-01,AD2,0.0 - 1.0,SI,516
2026-07-01,AD1,0.0 - 1.0,SI,584
2026-07-01,AD-PIND,1.5 - 2.5,SI,468
2026-07-01,AD1,0.0 - 1.0,SI,487
2026-07-01,AD2,1.5 - 2.5,SI,527
2026-07-01,AD-PJUG,3.0 - 4.0,SI,576
2026-07-01,AD-PJUG,3.0 - 4.0,SI,452
2026-07-01,AD1,0.0 - 1.0,SI,523
2026-07-01,AD3,0.0 - 1.0,SI,483
2026-07-01,PE1,0.0 - 1.0,SI,485
2026-07-01,AD2,0.0 - 1.0,SI,493
2026-07-01,AD-PIND,1.5 - 2.5,SI,565
2026-07-01,AD1,1.5 - 2.5,si,314
2026-07-01,PEGUA,1.5 - 2.5,SI,480
2026-07-01,PE2,1.5 - 2.5,SI,506
2026-07-01,PEGUA,1.5 - 2.5,SI,481
2026-07-01,PE1,1.5 - 2.5,SI,566
2026-07-01,PE3,0.0 - 1.0,SI,498
2026-07-01,PE1,3.0 - 4.0,SI,497
2026-07-01,PE2,1.5 - 2.5,SI,509
2026-07-01,PE1,3.0 - 4.0,SI,581
2026-07-01,PEGUA,1.5 - 2.5,SI,482
2026-07-01,ADGUA,1.5 - 2.5,SI,483
2026-07-01,PIND,1.5 - 2.5,SI,452
2026-07-01,PEGUA,1.5 - 2.5,si,469
2026-07-01,PE1,1.5 - 2.5,SI,564
2026-07-01,PE2,3.0 - 4.0,SI,512
2026-07-01,PJUG,3.0 - 4.0,SI,534
2026-07-01,PEGUA,1.5 - 2.5,SI,123
2026-07-01,PE1,3.0 - 4.0,si,359
2026-07-01,PE1,1.5 - 2.5,SI,18
2026-07-01,PE2,1.5 - 2.5,SI,33
2026-07-01,PE3,1.5 - 2.5,SI,5
2026-07-01,PE1,1.5 - 2.5,SI,2
2026-07-01,PEGUA,1.5 - 2.5,SI,3
2026-07-01,PE1,1.5 - 2.5,SI,20
2026-07-01,PE2,1.5 - 2.5,SI,20
2026-07-01,PE3,1.5 - 2.5,SI,3
2026-07-01,PE3,1.5 - 2.5,SI,2
2026-07-01,PEGUA,1.5 - 2.5,SI,1
2026-07-01,PEGUA,1.5 - 2.5,SI,1
2026-07-01,PEBAB,1.5 - 2.5,SI,454
2026-07-01,PE1,3.0 - 4.0,SI,461
2026-07-01,PE3,1.5 - 2.5,si,74
2026-07-01,PEGUA,1.5 - 2.5,SI,473
2026-07-01,PE2,3.0 - 4.0,SI,71
2026-07-01,PE1,1.5 - 2.5,SI,661
2026-07-01,AD2,0.0 - 1.0,SI,405
2026-07-01,PE1,0.0 - 1.0,si,256
2026-07-01,PE3,3.0 - 4.0,SI,385
2026-07-01,PE3,1.5 - 2.5,SI,569
2026-07-01,PIND,1.5 - 2.5,si,258
2026-07-01,PE2,1.5 - 2.5,SI,147
2026-07-01,PE3,0.0 - 1.0,si,462
2026-07-01,PEBAB,1.5 - 2.5,SI,436
2026-07-01,PE2,3.0 - 4.0,si,540
2026-07-01,PE2,3.0 - 4.0,SI,139
2026-07-01,PE3,3.0 - 4.0,si,253
2026-07-01,PE1,1.5 - 2.5,SI,214
2026-07-01,PJUG,3.0 - 4.0,si,413
2026-07-02,AL-PEGUA,1.5 - 2.5,si,100
2026-07-02,PE2,3.0 - 4.0,SI,499
2026-07-02,PE3,3.0 - 4.0,SI,480
2026-07-02,PEGUA,3.0 - 4.0,SI,468
2026-07-02,PE2,3.0 - 4.0,SI,504
2026-07-02,PEBAB,3.0 - 4.0,SI,407
2026-07-02,PE3,3.0 - 4.0,SI,482
2026-07-02,PEBAB,3.0 - 4.0,SI,403
2026-07-02,PIND,1.5 - 2.5,SI,441
2026-07-02,PE2,3.0 - 4.0,si,502
2026-07-02,PE1,3.0 - 4.0,si,509
2026-07-02,PEGUA,3.0 - 4.0,SI,463
2026-07-02,PE3,3.0 - 4.0,SI,479
2026-07-02,PEBAB,3.0 - 4.0,SI,409
2026-07-02,PE2,3.0 - 4.0,si,500
2026-07-02,PEBAB,3.0 - 4.0,SI,401
2026-07-02,PE1,3.0 - 4.0,si,502
2026-07-02,PEGUA,3.0 - 4.0,SI,479
2026-07-02,PIND,1.5 - 2.5,SI,439
2026-07-02,PE3,1.5 - 2.5,si,464
2026-07-02,PE1,3.0 - 4.0,SI,533
2026-07-02,PEBAB,3.0 - 4.0,SI,399
2026-07-02,PE1,1.5 - 2.5,si,67
2026-07-02,PE3,3.0 - 4.0,SI,485
2026-07-02,PJUG,3.0 - 4.0,SI,539
2026-07-02,PE1,1,SI,529
2026-07-02,PIND,1.5 - 2.5,si,54
2026-07-02,PE1,3.0 - 4.0,si,517
2026-07-02,PE3,1.5 - 2.5,SI,456
2026-07-02,PE2,3.0 - 4.0,si,507
2026-07-02,PE2,1.5,si,405
2026-07-02,PE1,1.5 - 2.5,si,546
2026-07-02,PE1,3.0 - 4.0,SI,531
2026-07-02,PE2,1.5 - 2.5,SI,506
2026-07-02,PE1,3.0 - 4.0,si,557
2026-07-02,PE2,1.5 - 2.5,si,507
2026-07-02,PIND,1.5 - 2.5,SI,460
2026-07-02,PE1,1,SI,509
2026-07-02,PE1,1.5 - 2.5,si,523
2026-07-02,PEGUA,1.5 - 2.5,SI,483
2026-07-02,PJUG,3.0 - 4.0,SI,521
2026-07-02,PEBAB,1.5 - 2.5,SI,420
2026-07-02,PE3,1.5 - 2.5,si,464
2026-07-02,PEBAB,1.5 - 2.5,SI,24
2026-07-02,PE2,3.0 - 4.0,SI,513
2026-07-02,PE2,1.5,SI,409
2026-07-02,PEGUA,3.0 - 4.0,SI,474
2026-07-02,PEGUA,1.5 - 2.5,SI,501
2026-07-02,PE2,1.5 - 2.5,SI,500
2026-07-02,PE3,1.5 - 2.5,SI,463
2026-07-02,PE1,3.0 - 4.0,SI,564
2026-07-02,PE2,3.0 - 4.0,SI,513
2026-07-02,PE1,3.0 - 4.0,SI,545
2026-07-02,PE1,1.5 - 2.5,si,542
2026-07-02,PE1,1,SI,522
2026-07-02,PE1,1.5 - 2.5,si,542
2026-07-02,PE2,1.5 - 2.5,si,502
2026-07-02,PE3,1.5 - 2.5,si,458
2026-07-02,PIND,1.5 - 2.5,SI,459
2026-07-02,PE3,3.0 - 4.0,si,473
2026-07-02,PE1,1.5 - 2.5,si,554
2026-07-02,PE2,1.5,SI,404
2026-07-02,PEBAB,1.5 - 2.5,si,435
2026-07-02,PE1,3.0 - 4.0,si,554
2026-07-02,PEGUA,1.5 - 2.5,si,475
2026-07-02,PE2,1.5,SI,406
2026-07-02,PEGUA,1.5 - 2.5,si,495
2026-07-02,PEBAB,1.5 - 2.5,SI,447
2026-07-02,PIND,1.5 - 2.5,SI,456
2026-07-02,PEBAB,0.0 - 1.0,SI,430
2026-07-02,PE2,1.5 - 2.5,si,512
2026-07-02,PJUG,3.0 - 4.0,SI,552
2026-07-02,PE1,1,SI,519
2026-07-02,PE1,1.5 - 2.5,SI,541
2026-07-02,PE1,3.0 - 4.0,si,577
2026-07-02,PE3,1.5 - 2.5,SI,468
2026-07-02,PEGUA,3.0 - 4.0,si,466
2026-07-02,PEGUA,0.0 - 1.0,SI,483
2026-07-02,PE1,1.5 - 2.5,SI,543
2026-07-02,PE2,3.0 - 4.0,SI,516
2026-07-02,PE2,1.5,SI,400
2026-07-02,PE3,1.5 - 2.5,si,475
2026-07-02,PJUG,3.0 - 4.0,SI,491
2026-07-02,PE2,1.5 - 2.5,si,502
2026-07-02,PEBAB,1.5 - 2.5,SI,435
2026-07-02,PE1,1.5 - 2.5,SI,564
2026-07-02,PE1,1,SI,524
2026-07-02,PIND,1.5 - 2.5,SI,477
2026-07-02,PE2,1.5 - 2.5,si,527
2026-07-02,PE1,3.0 - 4.0,SI,551
2026-07-02,PJUG,3.0 - 4.0,SI,485
2026-07-02,PE2,1.5 - 2.5,si,499
2026-07-02,PE3,3.0 - 4.0,SI,455
2026-07-02,PE1,0.0 - 1.0,si,576
2026-07-02,PE3,1.5 - 2.5,SI,465
2026-07-02,PE2,0.0 - 1.0,SI,392
2026-07-02,PE1,1.5 - 2.5,si,538
2026-07-02,PEGUA,3.0 - 4.0,si,435
2026-07-02,PE1,0.0 - 1.0,SI,555
2026-07-02,PE3,0.0 - 1.0,SI,542
2026-07-02,PE1,1.5 - 2.5,SI,547
2026-07-02,PE2,3.0 - 4.0,SI,522
2026-07-02,PIND,1.5 - 2.5,SI,287
2026-07-02,PE3,3.0 - 4.0,SI,302
2026-07-02,PEGUA,1.5 - 2.5,si,539
2026-07-02,PE1,1,SI,415
2026-07-02,PE1,3.0 - 4.0,si,269
2026-07-02,PEGUA,0.0 - 1.0,si,328
2026-07-02,PEGUA,3.0 - 4.0,si,216
2026-07-02,PE2,1.5,SI,360
2026-07-02,PEBAB,0.0 - 1.0,si,417
2026-07-02,PEGUA,1.5 - 2.5,si,337
2026-07-02,PEBAB,3.0 - 4.0,si,118
2026-07-02,PE2,3.0 - 4.0,SI,299
2026-07-02,PEBAB,1.5 - 2.5,si,347
2026-07-02,PIND,1.5 - 2.5,SI,506
2026-07-02,PJUG,3.0 - 4.0,SI,472
2026-07-02,AD1,0.0 - 1.0,SI,540
2026-07-02,AD-PJUG,3.0 - 4.0,SI,493
2026-07-02,AD1,1.5 - 2.5,SI,556
2026-07-02,PEBAB,3.0 - 4.0,SI,125
2026-07-02,AD1,0.0 - 1.0,SI,550
2026-07-02,AD-PJUG,3.0 - 4.0,SI,492
2026-07-02,AD2,1.5,SI,408
2026-07-02,AD2,0.0 - 1.0,SI,516
2026-07-02,AD1,1.5 - 2.5,SI,556
2026-07-02,AD-PJUG,3.0 - 4.0,SI,502
2026-07-02,AD3,0.0 - 1.0,SI,467
2026-07-02,AD1,0.0 - 1.0,SI,552
2026-07-02,AD1,1,si,538
2026-07-02,PE2,1.5,SI,209
2026-07-02,AD1,1.5 - 2.5,si,554
2026-07-02,AD2,1.5 - 2.5,SI,521
2026-07-02,AD-PJUG,3.0 - 4.0,SI,517
2026-07-02,AD1,1.5 - 2.5,si,571
2026-07-02,ADBABY,1.5 - 2.5,SI,165
2026-07-02,AD1,0.0 - 1.0,SI,562
2026-07-02,AD-PJUG,3.0 - 4.0,SI,514
2026-07-02,AD2,0.0 - 1.0,SI,526
2026-07-02,AD2,0.0 - 1.0,SI,524
2026-07-02,AD-PIND,1.5 - 2.5,SI,469
2026-07-02,AD-PIND,1.5 - 2.5,SI,476
2026-07-02,AD1,0.0 - 1.0,SI,553
2026-07-02,AD-PJUG,3.0 - 4.0,SI,507
2026-07-02,AD-PJUG,3.0 - 4.0,SI,531
2026-07-02,AD3,0.0 - 1.0,SI,467
2026-07-02,AD1,0.0 - 1.0,SI,559
2026-07-02,AD1,1,SI,540
2026-07-02,AD2,0.0 - 1.0,si,518
2026-07-02,AD-PJUG,3.0 - 4.0,SI,486
2026-07-02,AD1,1.5 - 2.5,SI,560
2026-07-02,AD2,0.0 - 1.0,SI,527
2026-07-02,AD1,0.0 - 1.0,si,548
2026-07-02,AD3,0.0 - 1.0,SI,487
2026-07-02,AD1,1.5 - 2.5,si,557
2026-07-02,AD2,0.0 - 1.0,SI,538
2026-07-02,AD-PJUG,3.0 - 4.0,SI,491
2026-07-02,AD2,1.5 - 2.5,si,518
2026-07-02,AD1,0.0 - 1.0,SI,545
2026-07-02,AD-PJUG,3.0 - 4.0,SI,471
2026-07-02,AD1,1.5 - 2.5,SI,560
2026-07-02,AD2,0.0 - 1.0,SI,515
2026-07-02,AD1,1,SI,538
2026-07-02,AD-PJUG,3.0 - 4.0,SI,501
2026-07-02,AD1,0.0 - 1.0,SI,560
2026-07-02,AD1,0.0 - 1.0,SI,543
2026-07-02,AD2,0.0 - 1.0,SI,530
2026-07-02,AD1,0.0 - 1.0,SI,515
2026-07-02,AD3,0.0 - 1.0,SI,459
2026-07-02,AD1,1.5 - 2.5,si,566
2026-07-02,ADGUA,1.5 - 2.5,SI,497
2026-07-02,AD1,0.0 - 1.0,SI,557
2026-07-02,AD2,0.0 - 1.0,SI,523
2026-07-02,AD-PIND,1.5 - 2.5,SI,477
2026-07-02,AD2,0.0 - 1.0,SI,527
2026-07-02,AD3,0.0 - 1.0,SI,493
2026-07-02,AD-PJUG,3.0 - 4.0,SI,473
2026-07-02,AD1,1,SI,375
2026-07-02,ADBABY,1.5 - 2.5,SI,308
2026-07-02,AD1,1.5 - 2.5,SI,579
2026-07-02,ADBABY,0.0 - 1.0,SI,108
2026-07-02,AD-PJUG,3.0 - 4.0,SI,582
2026-07-02,AD2,0.0 - 1.0,SI,598
2026-07-02,AD2,1.5 - 2.5,SI,313
2026-07-02,PIND,1.5 - 2.5,SI,313
2026-07-02,AD-PJUG,3.0 - 4.0,SI,75
2026-07-02,AD3,0.0 - 1.0,si,501
2026-07-02,AD3,1.5 - 2.5,SI,63
2026-07-02,AD1,0.0 - 1.0,si,537
2026-07-02,AD-PJUG,3.0 - 4.0,SI,322
2026-07-02,AD1,1.5 - 2.5,SI,468
2026-07-02,AD2,1.5 - 2.5,si,311
2026-07-02,ADGUA,1.5 - 2.5,SI,338
2026-07-02,PE1,1.5 - 2.5,SI,20
2026-07-02,PE2,1.5 - 2.5,SI,1
2026-07-02,PE3,1.5 - 2.5,SI,3
2026-07-02,PE1,1.5 - 2.5,SI,1
2026-07-02,PEGUA,1.5 - 2.5,SI,1
2026-07-02,ADGUA,1.5 - 2.5,SI,421
2026-07-02,AD-PJUG,3.0 - 4.0,SI,227
2026-07-02,ADGUA,1.5 - 2.5,SI,334
2026-07-02,AD3,1.5 - 2.5,SI,455
2026-07-02,AD-PIND,1.5 - 2.5,SI,456
2026-07-02,PE1,1.5 - 2.5,SI,42
2026-07-02,PE2,1.5 - 2.5,SI,6
2026-07-02,PE3,1.5 - 2.5,SI,9
2026-07-02,PE1,1.5 - 2.5,SI,2
2026-07-02,AD-PJUG,3.0 - 4.0,SI,374
2026-07-03,PE2,1.5 - 2.5,SI,18
2026-07-03,PE1,1.5 - 2.5,SI,566
2026-07-03,PE2,1.5,si,412
2026-07-03,PEGUA,1.5 - 2.5,SI,147
2026-07-03,PE2,0.0 - 1.0,SI,24
2026-07-03,PE1,3.0 - 4.0,SI,552
2026-07-03,PE1,1.5 - 2.5,SI,538
2026-07-03,PE1,1,SI,525
2026-07-03,PEGUA,1.5 - 2.5,SI,90
2026-07-03,PIND,1.5 - 2.5,SI,520
2026-07-03,PE2,3.0 - 4.0,si,506
2026-07-03,PE2,1.5,si,405
2026-07-03,PE1,3.0 - 4.0,SI,524
2026-07-03,PE2,1.5 - 2.5,si,493
2026-07-03,PE1,0,SI,502
2026-07-03,PJUG,3.0 - 4.0,SI,544
2026-07-03,PE1,3.0 - 4.0,SI,562
2026-07-03,PE3,1.5 - 2.5,SI,62
2026-07-03,PEGUA,1.5 - 2.5,SI,495
2026-07-03,PIND,1.5 - 2.5,SI,488
2026-07-03,PE1,1.5 - 2.5,SI,529
2026-07-03,PE1,3.0 - 4.0,SI,550
2026-07-03,PE1,1,si,524
2026-07-03,PE2,1.5,si,407
2026-07-03,PE2,1.5,si,410
2026-07-03,PE3,0.0 - 1.0,SI,42
2026-07-03,PIND,1.5 - 2.5,SI,519
2026-07-03,PE3,1.5 - 2.5,SI,494
2026-07-03,PEGUA,1.5 - 2.5,SI,473
2026-07-03,PJUG,3.0 - 4.0,SI,533
2026-07-03,PEBAB,1.5 - 2.5,SI,395
2026-07-03,PEGUA,1.5 - 2.5,SI,483
2026-07-03,PEBAB,1.5 - 2.5,SI,409
2026-07-03,PE1,3.0 - 4.0,SI,543
2026-07-03,PEBAB,1.5 - 2.5,SI,396
2026-07-03,PEBAB,1.5 - 2.5,SI,439
2026-07-03,PE3,3.0 - 4.0,SI,493
2026-07-03,PJUG,3.0 - 4.0,SI,491
2026-07-03,AD1,0.0 - 1.0,si,518
2026-07-03,PE2,1.5 - 2.5,si,33
2026-07-03,PE2,1.5,si,387
2026-07-03,PEBAB,1.5 - 2.5,si,435
2026-07-03,AD1,1.5 - 2.5,SI,525
2026-07-03,PE3,0.0 - 1.0,si,481
2026-07-03,PEGUA,1.5 - 2.5,SI,481
2026-07-03,PEBAB,1.5 - 2.5,SI,390
2026-07-03,PEBAB,1.5 - 2.5,SI,397
2026-07-03,PEGUA,1.5 - 2.5,SI,19
2026-07-03,PEGUA,1.5 - 2.5,SI,467
2026-07-03,PEBAB,1.5 - 2.5,SI,431
2026-07-03,PEBAB,1.5 - 2.5,SI,381
2026-07-03,PEBAB,1.5 - 2.5,SI,394
2026-07-03,PEGUA,1.5 - 2.5,SI,462
2026-07-03,PEGUA,1.5 - 2.5,SI,462
2026-07-03,PE3,0.0 - 1.0,si,142
2026-07-03,PEBAB,1.5 - 2.5,SI,384
2026-07-03,PE2,0.0 - 1.0,SI,501
2026-07-03,PEBAB,1.5 - 2.5,si,388
2026-07-03,PE2,3.0 - 4.0,SI,501
2026-07-03,PEGUA,1.5 - 2.5,SI,450
2026-07-03,PEBAB,1.5 - 2.5,SI,389
2026-07-03,PE3,1.5 - 2.5,si,488
2026-07-03,PEBAB,1.5 - 2.5,SI,393
2026-07-03,PE2,1.5,si,408
2026-07-03,PJUG,3.0 - 4.0,si,494
2026-07-03,PEBAB,1.5 - 2.5,SI,399
2026-07-03,PEGUA,1.5 - 2.5,SI,444
2026-07-03,PE3,3.0 - 4.0,SI,492
2026-07-03,PEGUA,1.5 - 2.5,SI,467
2026-07-03,PEBAB,1.5 - 2.5,SI,394
2026-07-03,PEGUA,1.5 - 2.5,SI,460
2026-07-03,PEBAB,1.5 - 2.5,SI,392
2026-07-03,PIND,1.5 - 2.5,SI,450
2026-07-03,PE2,1.5,si,413
2026-07-03,PJUG,3.0 - 4.0,SI,498
2026-07-03,PE2,3.0 - 4.0,SI,497
2026-07-03,PE1,1,SI,420
2026-07-03,PJUG,3.0 - 4.0,SI,459
2026-07-03,PE1,1.5 - 2.5,SI,546
2026-07-03,PE1,0.0 - 1.0,SI,505
2026-07-03,PE1,1.5 - 2.5,si,514
2026-07-03,PEGUA,1.5 - 2.5,SI,447
2026-07-03,PEBAB,1.5 - 2.5,SI,404
2026-07-03,PE1,1.5 - 2.5,SI,554
2026-07-03,PE2,1.5 - 2.5,SI,487
2026-07-03,PE2,1.5,si,389
2026-07-03,PJUG,3.0 - 4.0,SI,512
2026-07-03,PE1,1,SI,543
2026-07-03,PE2,1.5,si,404
2026-07-03,PJUG,3.0 - 4.0,SI,509
2026-07-03,PE1,3.0 - 4.0,SI,524
2026-07-03,PEBAB,1.5 - 2.5,SI,420
2026-07-03,PEGUA,1.5 - 2.5,SI,479
2026-07-03,PEBAB,1.5 - 2.5,si,399
2026-07-03,PE1,0.0 - 1.0,SI,541
2026-07-03,PIND,1.5 - 2.5,SI,518
2026-07-03,AD1,1.5 - 2.5,si,551
2026-07-03,PE3,0.0 - 1.0,SI,489
2026-07-03,PEBAB,1.5 - 2.5,SI,415
2026-07-03,AD1,0.0 - 1.0,SI,582
2026-07-03,PE1,0,SI,498
2026-07-03,AD2,0.0 - 1.0,SI,521
2026-07-03,AD1,0.0 - 1.0,SI,543
2026-07-03,AD2,0.0 - 1.0,SI,526
2026-07-03,AD1,0.0 - 1.0,SI,537
2026-07-03,AD1,1.5 - 2.5,SI,567
2026-07-03,AD1,0.0 - 1.0,si,541
2026-07-03,AD-PJUG,3.0 - 4.0,SI,504
2026-07-03,AD-PJUG,3.0 - 4.0,SI,491
2026-07-03,AD2,0.0 - 1.0,SI,521
2026-07-03,PE3,1.5 - 2.5,si,478
2026-07-03,ADGUA,1.5 - 2.5,SI,466
2026-07-03,AD1,0.0 - 1.0,SI,542
2026-07-03,AD1,0.0 - 1.0,SI,536
2026-07-03,AD1,1.5 - 2.5,SI,554
2026-07-03,AD-PJUG,3.0 - 4.0,SI,516
2026-07-03,AD3,0.0 - 1.0,SI,497
2026-07-03,AD1,0.0 - 1.0,SI,552
2026-07-03,AD2,0.0 - 1.0,SI,525
2026-07-03,AD-PIND,1.5 - 2.5,si,508
2026-07-03,AD-PJUG,3.0 - 4.0,SI,494
2026-07-03,AD-PJUG,3.0 - 4.0,SI,507
2026-07-03,AD1,0.0 - 1.0,SI,534
2026-07-03,AD1,0.0 - 1.0,si,522
2026-07-03,AD1,1.5 - 2.5,SI,568
2026-07-03,AD1,0.0 - 1.0,SI,563
2026-07-03,AD2,1.5 - 2.5,SI,487
2026-07-03,AD-PIND,1.5 - 2.5,si,471
2026-07-03,AD1,0.0 - 1.0,SI,561
2026-07-03,AD2,0.0 - 1.0,SI,523
2026-07-03,AD-PJUG,3.0 - 4.0,si,526
2026-07-03,AD-PJUG,3.0 - 4.0,SI,506
2026-07-03,AD1,1.5 - 2.5,si,579
2026-07-03,AD1,0.0 - 1.0,SI,536
2026-07-03,AD1,0.0 - 1.0,SI,542
2026-07-03,AD1,0.0 - 1.0,SI,568
2026-07-03,AD2,1.5 - 2.5,SI,499
2026-07-03,AD2,0.0 - 1.0,si,496
2026-07-03,AD1,0.0 - 1.0,SI,538
2026-07-03,AD1,0.0 - 1.0,SI,576
2026-07-03,AD1,0.0 - 1.0,SI,559
2026-07-03,AD1,1.5 - 2.5,SI,564
2026-07-03,AD1,0.0 - 1.0,SI,571
2026-07-03,AD-PJUG,3.0 - 4.0,si,500
2026-07-03,AD2,0.0 - 1.0,si,522
2026-07-03,AD2,0.0 - 1.0,si,517
2026-07-03,AD-PJUG,3.0 - 4.0,SI,515
2026-07-03,AD1,0.0 - 1.0,SI,545
2026-07-03,AD3,0.0 - 1.0,SI,500
2026-07-03,AD1,1.5 - 2.5,si,541
2026-07-03,AD1,0.0 - 1.0,SI,506
2026-07-03,AD1,0.0 - 1.0,SI,549
2026-07-03,AD2,0.0 - 1.0,SI,515
2026-07-03,AD1,1.5 - 2.5,si,535
2026-07-03,AD2,0.0 - 1.0,si,513
2026-07-03,AD1,0.0 - 1.0,SI,558
2026-07-03,AD-PJUG,3.0 - 4.0,SI,499
2026-07-03,AD1,0.0 - 1.0,SI,302
2026-07-03,AD-PJUG,3.0 - 4.0,si,488
2026-07-03,AD-PIND,1.5 - 2.5,SI,519
2026-07-03,ADGUA,1.5 - 2.5,SI,488
2026-07-03,PE1,3.0 - 4.0,SI,530
2026-07-03,AD3,0.0 - 1.0,si,493
2026-07-03,AD-PJUG,3.0 - 4.0,SI,518
2026-07-03,PE2,1.5,si,404
2026-07-03,AD2,1.5 - 2.5,SI,490
2026-07-03,PE3,3.0 - 4.0,SI,487
2026-07-03,AD1,0.0 - 1.0,SI,545
2026-07-03,AD-PIND,1.5 - 2.5,si,463
2026-07-03,PE1,1.5 - 2.5,SI,536
2026-07-03,PE2,1.5,si,406
2026-07-03,PE2,3.0 - 4.0,SI,482
2026-07-03,PE1,3.0 - 4.0,SI,549
2026-07-03,PE1,1,SI,541
2026-07-03,PIND,1.5 - 2.5,SI,499
2026-07-03,PE1,1.5 - 2.5,SI,552
2026-07-03,PE1,3.0 - 4.0,SI,515
2026-07-03,PE1,1.5 - 2.5,SI,546
2026-07-03,PE1,0.0 - 1.0,si,540
2026-07-03,PIND,1.5 - 2.5,SI,514
2026-07-03,PE1,1,SI,550
2026-07-03,PE1,3.0 - 4.0,si,515
2026-07-03,PE2,1.5,si,403
2026-07-03,PE3,1.5 - 2.5,si,492
2026-07-03,PE1,1.5 - 2.5,si,560
2026-07-03,PE2,3.0 - 4.0,si,513
2026-07-03,PE2,1.5 - 2.5,SI,468
2026-07-03,PE1,1,SI,228
2026-07-03,PE2,1.5,si,452
2026-07-03,PJUG,3.0 - 4.0,SI,527
2026-07-03,PE2,1.5,SI,318
2026-07-03,PEBAB,1.5 - 2.5,si,380
2026-07-03,PE2,0.0 - 1.0,SI,558
2026-07-03,PEBAB,1.5 - 2.5,SI,418
2026-07-03,PEGUA,1.5 - 2.5,SI,481
2026-07-03,AD3,0.0 - 1.0,si,284
2026-07-03,PE1,0.0 - 1.0,si,500
2026-07-03,PIND,1.5 - 2.5,si,503
2026-07-03,PEBAB,1.5 - 2.5,SI,384
2026-07-03,PEGUA,1.5 - 2.5,SI,464
2026-07-03,PE1,3.0 - 4.0,SI,467
2026-07-03,PEBAB,1.5 - 2.5,SI,399
2026-07-03,PEGUA,1.5 - 2.5,SI,484
2026-07-03,PEBAB,1.5 - 2.5,SI,438
2026-07-03,PJUG,3.0 - 4.0,SI,271
2026-07-03,PE2,1.5 - 2.5,SI,46
2026-07-03,PE3,0.0 - 1.0,SI,380
2026-07-03,PEBAB,1.5 - 2.5,SI,332
2026-07-03,PE1,0.0 - 1.0,si,517
2026-07-03,PE3,3.0 - 4.0,SI,398
2026-07-03,PEBAB,1.5 - 2.5,si,29
2026-07-03,PEGUA,1.5 - 2.5,SI,344
2026-07-03,PE3,1.5 - 2.5,SI,271
2026-07-03,PJUG,3.0 - 4.0,SI,321
2026-07-03,PE2,3.0 - 4.0,SI,485
2026-07-03,PE1,3.0 - 4.0,SI,92
2026-07-03,PJUG,3.0 - 4.0,SI,274
2026-07-03,PE1,1.5 - 2.5,SI,289
2026-07-03,PE1,0.0 - 1.0,si,198
2026-07-03,PE1,3.0 - 4.0,SI,53
2026-07-03,PEGUA,1.5 - 2.5,SI,106
2026-07-03,PEBAB,1.5 - 2.5,si,232
2026-07-03,PEGUA,1.5 - 2.5,SI,444
2026-07-03,PIND,1.5 - 2.5,SI,201
2026-07-03,PE1,1.5 - 2.5,SI,72
2026-07-03,PE2,1.5 - 2.5,SI,7
2026-07-03,PE3,1.5 - 2.5,SI,4
2026-07-03,PE1,1.5 - 2.5,SI,2
2026-07-03,PE1,1.5 - 2.5,SI,246
2026-07-03,AD-PJUG,3.0 - 4.0,SI,938
2026-07-05,AD-PJUG,1.5 - 2.5,SI,452
2026-07-05,AD2,0.0 - 1.0,si,507
2026-07-05,AD1,0.0 - 1.0,si,570
2026-07-05,AD1,1.5 - 2.5,si,541
2026-07-05,AD-PJUG,3.0 - 4.0,si,490
2026-07-05,AD-PJUG,3.0 - 4.0,si,535
2026-07-05,AD1,0.0 - 1.0,SI,549
2026-07-05,AD1,0.0 - 1.0,SI,560
2026-07-05,AD-PIND,3.0 - 4.0,si,504
2026-07-05,AD3,0.0 - 1.0,SI,471
2026-07-05,AD-PJUG,3.0 - 4.0,si,525
2026-07-05,AD2,0.0 - 1.0,si,511
2026-07-05,AD1,0.0 - 1.0,SI,556
2026-07-05,AD-PJUG,3.0 - 4.0,SI,442
2026-07-05,AD2,1.5 - 2.5,SI,507
2026-07-05,AD-PJUG,3.0 - 4.0,si,498
2026-07-05,AD2,0.0 - 1.0,SI,505
2026-07-05,AD1,1.5 - 2.5,SI,535
2026-07-05,AD1,0.0 - 1.0,SI,538
2026-07-05,AD-PJUG,3.0 - 4.0,SI,529
2026-07-05,AD-PJUG,3.0 - 4.0,SI,479
2026-07-05,AD1,0.0 - 1.0,SI,542
2026-07-05,AD1,0.0 - 1.0,SI,551
2026-07-05,AD2,0.0 - 1.0,SI,532
2026-07-05,AD-PJUG,3.0 - 4.0,SI,329
2026-07-05,AD1,1.5 - 2.5,SI,225
2026-07-05,AD2,1.5 - 2.5,SI,371
2026-07-05,AD2,1.5 - 2.5,SI,492
2026-07-05,AD2,0.0 - 1.0,si,454
2026-07-05,AD1,1.5 - 2.5,SI,548
2026-07-05,AD3,0.0 - 1.0,si,389
2026-07-05,AD-PJUG,3.0 - 4.0,si,326
2026-07-05,AD3,1.5 - 2.5,SI,333
2026-07-05,AD-PIND,1.5 - 2.5,si,359
2026-07-05,ADGUA,1.5 - 2.5,SI,493
2026-07-05,AD-PJUG,3.0 - 4.0,si,214
2026-07-05,AD-PJUG,3.0 - 4.0,si,263
2026-07-05,AD-PIND,1.5 - 2.5,si,491
2026-07-05,PE1,1.5 - 2.5,SI,555
2026-07-05,PE1,0.0 - 1.0,SI,541
2026-07-05,PE1,3.0 - 4.0,SI,540
2026-07-05,PJUG,3.0 - 4.0,si,532
2026-07-05,PEGUA,1.5 - 2.5,SI,517
2026-07-05,PE2,1.5 - 2.5,SI,483
2026-07-05,PE1,1.5,SI,388
2026-07-05,PE1,1.5 - 2.5,SI,571
2026-07-05,PE1,2,SI,571
2026-07-05,PJUG,3.0 - 4.0,SI,553
2026-07-05,PE1,1.5,SI,402
2026-07-05,PE1,3.0 - 4.0,SI,536
2026-07-05,PE2,3.0 - 4.0,SI,520
2026-07-05,PEGUA,1.5 - 2.5,SI,493
2026-07-05,PE1,0.0 - 1.0,si,574
2026-07-05,PE1,1.5 - 2.5,SI,549
2026-07-05,PJUG,3.0 - 4.0,SI,454
2026-07-05,PE1,1.5,SI,400
2026-07-05,PE1,3.0 - 4.0,si,548
2026-07-05,PE2,1.5 - 2.5,si,483
2026-07-05,PEBAB,1.5 - 2.5,si,459
2026-07-05,PE3,1.5 - 2.5,SI,492
2026-07-05,AD1,0.0 - 1.0,si,281
2026-07-05,PE1,1.5,SI,420
2026-07-05,PE3,0.0 - 1.0,SI,498
2026-07-05,PE1,1.5,SI,395
2026-07-05,PE1,1.5,SI,405
2026-07-05,PIND,1.5 - 2.5,si,464
2026-07-05,PE1,0.0 - 1.0,SI,548
2026-07-05,PE2,1.5,SI,412
2026-07-05,PE1,1.5 - 2.5,SI,545
2026-07-05,PEGUA,1.5 - 2.5,SI,505
2026-07-05,PE1,1.5,SI,426
2026-07-05,PE1,2,SI,546
2026-07-05,PEGUA,1.5 - 2.5,SI,490
2026-07-05,PJUG,3.0 - 4.0,SI,558
2026-07-05,PE1,3.0 - 4.0,si,558
2026-07-05,PE2,0.0 - 1.0,SI,509
2026-07-05,PE2,3.0 - 4.0,SI,467
2026-07-05,PE1,1.5 - 2.5,SI,539
2026-07-05,PE2,1.5,si,405
2026-07-05,PE1,1.5 - 2.5,SI,556
2026-07-05,PE1,3.0 - 4.0,SI,548
2026-07-05,PE1,0.0 - 1.0,SI,582
2026-07-05,PE3,3.0 - 4.0,SI,495
2026-07-05,PIND,1.5 - 2.5,si,483
2026-07-05,PE2,1.5 - 2.5,SI,516
2026-07-05,PE2,3.0 - 4.0,si,489
2026-07-05,PE1,1.5 - 2.5,si,540
2026-07-05,PJUG,3.0 - 4.0,si,576
2026-07-05,PE1,3.0 - 4.0,SI,546
2026-07-05,PE1,3.0 - 4.0,SI,524
2026-07-05,PE2,3.0 - 4.0,SI,533
2026-07-05,PEGUA,1.5 - 2.5,SI,510
2026-07-05,PE3,1.5 - 2.5,SI,498
2026-07-05,PE1,1.5 - 2.5,SI,556
2026-07-05,PE2,1.5,SI,422
2026-07-05,PE1,2,SI,543
2026-07-05,PE1,3.0 - 4.0,SI,548
2026-07-05,PE2,1.5,SI,405
2026-07-05,PJUG,3.0 - 4.0,SI,546
2026-07-05,PE3,0.0 - 1.0,SI,493
2026-07-05,PEBAB,1.5 - 2.5,SI,458
2026-07-05,PE2,3.0 - 4.0,SI,493
2026-07-05,PE1,3.0 - 4.0,SI,561
2026-07-05,PJUG,3.0 - 4.0,si,457
2026-07-05,PE1,3.0 - 4.0,SI,542
2026-07-05,PEBAB,1.5 - 2.5,SI,419
2026-07-05,PEGUA,1.5 - 2.5,SI,486
2026-07-05,PEGUA,1.5 - 2.5,SI,479
2026-07-05,PE3,3.0 - 4.0,SI,494
2026-07-05,PEBAB,1.5 - 2.5,SI,395
2026-07-05,PE2,3.0 - 4.0,SI,486
2026-07-05,PEBAB,1.5 - 2.5,si,426
2026-07-05,PE1,0,SI,516
2026-07-05,PEGUA,1.5 - 2.5,SI,466
2026-07-05,PEGUA,1.5 - 2.5,SI,454
2026-07-05,PEBAB,1.5 - 2.5,si,424
2026-07-05,PEBAB,1.5 - 2.5,SI,398
2026-07-05,PIND,1.5 - 2.5,SI,502
2026-07-05,PE1,1.5 - 2.5,SI,542
2026-07-05,PIND,1.5 - 2.5,si,427
2026-07-05,PEGUA,1.5 - 2.5,SI,477
2026-07-05,PEBAB,1.5 - 2.5,SI,418
2026-07-05,PE3,3.0 - 4.0,SI,464
2026-07-05,PEBAB,1.5 - 2.5,si,390
2026-07-05,PEBAB,1.5 - 2.5,SI,418
2026-07-05,PE3,1.5 - 2.5,SI,492
2026-07-05,PEGUA,1.5 - 2.5,SI,450
2026-07-05,PEBAB,1.5 - 2.5,si,384
2026-07-05,PEBAB,1.5 - 2.5,SI,432
2026-07-05,PEGUA,1.5 - 2.5,SI,468
2026-07-05,PJUG,3.0 - 4.0,si,460
2026-07-05,PEBAB,1.5 - 2.5,SI,414
2026-07-05,PE2,3.0 - 4.0,SI,480
2026-07-05,PEGUA,1.5 - 2.5,SI,432
2026-07-05,PEBAB,1.5 - 2.5,SI,395
2026-07-05,PEGUA,1.5 - 2.5,SI,462
2026-07-05,PEBAB,1.5 - 2.5,si,432
2026-07-05,PE3,3.0 - 4.0,SI,467
2026-07-05,PEBAB,1.5 - 2.5,SI,383
2026-07-05,PEGUA,1.5 - 2.5,SI,486
2026-07-05,PJUG,3.0 - 4.0,si,463
2026-07-05,PEBAB,1.5 - 2.5,SI,381
2026-07-05,PEGUA,1.5 - 2.5,SI,427
2026-07-05,PEGUA,1.5 - 2.5,SI,453
2026-07-05,PEBAB,1.5 - 2.5,SI,425
2026-07-05,PEBAB,1.5 - 2.5,SI,409
2026-07-05,PEGUA,1.5 - 2.5,SI,465
2026-07-05,PEBAB,1.5 - 2.5,si,382
2026-07-05,PEGUA,1.5 - 2.5,SI,456
2026-07-05,PE3,3.0 - 4.0,SI,456
2026-07-05,PJUG,3.0 - 4.0,si,542
2026-07-05,PEBAB,1.5 - 2.5,SI,410
2026-07-05,PEBAB,1.5 - 2.5,SI,381
2026-07-05,PJUG,3.0 - 4.0,si,487
2026-07-05,PJUG,3.0 - 4.0,si,450
2026-07-05,PE2,3.0 - 4.0,SI,511
2026-07-05,PE1,3.0 - 4.0,SI,527
2026-07-05,PEBAB,1.5 - 2.5,SI,410
2026-07-05,PE2,1.5,SI,405
2026-07-05,PEGUA,1.5 - 2.5,SI,437
2026-07-05,PEBAB,1.5 - 2.5,SI,410
2026-07-05,PEGUA,1.5 - 2.5,si,461
2026-07-05,PEBAB,1.5 - 2.5,SI,381
2026-07-05,PEBAB,1.5 - 2.5,SI,442
2026-07-05,PEGUA,1.5 - 2.5,SI,476
2026-07-05,PEGUA,1.5 - 2.5,SI,459
2026-07-05,PEGUA,1.5 - 2.5,SI,452
2026-07-05,PJUG,3.0 - 4.0,SI,452
2026-07-05,PE1,2,SI,541
2026-07-05,PEBAB,1.5 - 2.5,si,410
2026-07-05,PEBAB,1.5 - 2.5,SI,480
2026-07-05,PIND,1.5 - 2.5,si,416
2026-07-05,PE3,1.5 - 2.5,si,484
2026-07-05,PEBAB,1.5 - 2.5,SI,451
2026-07-05,PE2,1.5,SI,388
2026-07-05,PE1,2,SI,545
2026-07-05,PE1,3.0 - 4.0,SI,563
2026-07-05,PJUG,3.0 - 4.0,si,526
2026-07-05,PEGUA,1.5 - 2.5,SI,482
2026-07-05,PE2,1.5,SI,465
2026-07-05,PE2,1.5,SI,47
2026-07-05,PE1,1,SI,198
2026-07-05,PE2,1.5,SI,451
2026-07-05,PE1,1.5 - 2.5,SI,437
2026-07-05,PE2,3.0 - 4.0,SI,334
2026-07-05,PE1,3.0 - 4.0,SI,509
2026-07-05,PE2,1.5 - 2.5,SI,538
2026-07-05,PE1,1.5 - 2.5,SI,521
2026-07-05,PE3,3.0 - 4.0,SI,431
2026-07-05,PE1,3.0 - 4.0,SI,231
2026-07-05,PJUG,3.0 - 4.0,si,214
2026-07-05,PEBAB,1.5 - 2.5,SI,414
2026-07-05,PEGUA,1.5 - 2.5,SI,377
2026-07-05,PE3,1.5 - 2.5,SI,251
2026-07-05,PE1,0,SI,231
2026-07-05,PE2,0.0 - 1.0,SI,168
2026-07-05,PE2,1.5 - 2.5,SI,325
2026-07-05,PIND,1.5 - 2.5,SI,387
2026-07-05,PE3,3.0 - 4.0,SI,199
2026-07-05,PE1,3.0 - 4.0,SI,311
2026-07-05,PEBAB,1.5 - 2.5,SI,401
2026-07-05,PE1,1.5 - 2.5,SI,554
2026-07-05,PE3,0.0 - 1.0,SI,428
2026-07-05,PE1,0.0 - 1.0,SI,447
2026-07-05,PJUG,3.0 - 4.0,SI,574
2026-07-05,PE2,0.0 - 1.0,SI,391
2026-07-05,PE2,3.0 - 4.0,SI,333
2026-07-05,PJUG,3.0 - 4.0,SI,790
2026-07-06,PE2,1.5,SI,403
2026-07-06,PE1,3.0 - 4.0,SI,36
2026-07-06,PE1,1,SI,564
2026-07-06,PE1,0.0 - 1.0,SI,533
2026-07-06,PE1,1.5 - 2.5,SI,496
2026-07-06,PE3,0.0 - 1.0,SI,499
2026-07-06,PE1,1,SI,531
2026-07-06,PE2,0.0 - 1.0,SI,500
2026-07-06,PIND,1.5 - 2.5,SI,469
2026-07-06,PE1,1,SI,572
2026-07-06,PE2,1.5,SI,406
2026-07-06,PE1,1,SI,538
2026-07-06,PEGUA,1.5 - 2.5,si,481
2026-07-06,PE2,0.0 - 1.0,si,506
2026-07-06,PE3,0.0 - 1.0,SI,501
2026-07-06,PE1,0,SI,541
2026-07-06,PE1,1,SI,571
2026-07-06,PE1,0.0 - 1.0,SI,522
2026-07-06,PE1,3.0 - 4.0,SI,545
2026-07-06,PIND,1.5 - 2.5,SI,459
2026-07-06,PEBAB,1.5 - 2.5,si,418
2026-07-06,PEGUA,1.5 - 2.5,si,487
2026-07-06,PEGUA,1.5 - 2.5,si,475
2026-07-06,PEBAB,1.5 - 2.5,SI,394
2026-07-06,PEBAB,1.5 - 2.5,si,428
2026-07-06,PE3,3.0 - 4.0,SI,459
2026-07-06,PEBAB,1.5 - 2.5,SI,407
2026-07-06,PEGUA,1.5 - 2.5,SI,481
2026-07-06,PEGUA,1.5 - 2.5,si,471
2026-07-06,PEBAB,1.5 - 2.5,SI,413
2026-07-06,PEBAB,1.5 - 2.5,SI,391
2026-07-06,PEBAB,1.5 - 2.5,SI,407
2026-07-06,PEGUA,1.5 - 2.5,SI,480
2026-07-06,PJUG,3.0 - 4.0,SI,438
2026-07-06,PE2,3.0 - 4.0,SI,501
2026-07-06,PE3,3.0 - 4.0,SI,483
2026-07-06,PEBAB,1.5 - 2.5,SI,396
2026-07-06,PEGUA,1.5 - 2.5,SI,465
2026-07-06,PEGUA,1.5 - 2.5,si,454
2026-07-06,PEBAB,1.5 - 2.5,si,416
2026-07-06,PEBAB,1.5 - 2.5,SI,409
2026-07-06,PEGUA,1.5 - 2.5,SI,455
2026-07-06,PEBAB,1.5 - 2.5,SI,406
2026-07-06,PJUG,3.0 - 4.0,SI,434
2026-07-06,PEBAB,1.5 - 2.5,SI,392
2026-07-06,PEBAB,1.5 - 2.5,SI,416
2026-07-06,PEGUA,1.5 - 2.5,SI,456
2026-07-06,PEBAB,1.5 - 2.5,si,401
2026-07-06,PEBAB,1.5 - 2.5,si,385
2026-07-06,PEGUA,1.5 - 2.5,SI,20
2026-07-06,PEBAB,1.5 - 2.5,SI,405
2026-07-06,PEGUA,1.5 - 2.5,SI,460
2026-07-06,PJUG,3.0 - 4.0,SI,449
2026-07-06,PIND,1.5 - 2.5,SI,393
2026-07-06,PE3,3.0 - 4.0,SI,481
2026-07-06,PEBAB,1.5 - 2.5,SI,401
2026-07-06,PEGUA,1.5 - 2.5,SI,456
2026-07-06,PEBAB,1.5 - 2.5,SI,400
2026-07-06,PEGUA,1.5 - 2.5,si,447
2026-07-06,PEBAB,1.5 - 2.5,SI,401
2026-07-06,PE1,1,SI,525
2026-07-06,PE1,1.5 - 2.5,SI,500
2026-07-06,PE1,1,SI,558
2026-07-06,PEBAB,1.5 - 2.5,SI,384
2026-07-06,PE2,1.5,SI,413
2026-07-06,PE3,0.0 - 1.0,SI,486
2026-07-06,PE1,3.0 - 4.0,SI,529
2026-07-06,PEGUA,1.5 - 2.5,SI,464
2026-07-06,PE2,0.0 - 1.0,SI,503
2026-07-06,PE2,3.0 - 4.0,SI,501
2026-07-06,PEGUA,1.5 - 2.5,SI,453
2026-07-06,PEBAB,1.5 - 2.5,si,381
2026-07-06,PEBAB,1.5 - 2.5,SI,380
2026-07-06,PEGUA,1.5 - 2.5,SI,465
2026-07-06,PEBAB,1.5 - 2.5,SI,409
2026-07-06,PE3,3.0 - 4.0,SI,476
2026-07-06,PIND,1.5 - 2.5,SI,440
2026-07-06,PEBAB,1.5 - 2.5,SI,405
2026-07-06,PE3,1.5 - 2.5,SI,483
2026-07-06,PJUG,3.0 - 4.0,SI,436
2026-07-06,PEGUA,1.5 - 2.5,SI,472
2026-07-06,PEGUA,1.5 - 2.5,SI,457
2026-07-06,PE3,3.0 - 4.0,SI,383
2026-07-06,PE2,1.5,SI,407
2026-07-06,AD1,1,SI,526
2026-07-06,AD3,0.0 - 1.0,SI,495
2026-07-06,AD2,0.0 - 1.0,SI,502
2026-07-06,ADBABY,1.5 - 2.5,SI,382
2026-07-06,AD1,1,SI,542
2026-07-06,AD-PJUG,3.0 - 4.0,si,484
2026-07-06,AD-PJUG,3.0 - 4.0,si,434
2026-07-06,AD2,1.5,SI,402
2026-07-06,AD1,0.0 - 1.0,SI,521
2026-07-06,AD-PJUG,3.0 - 4.0,SI,489
2026-07-06,AD2,0.0 - 1.0,SI,510
2026-07-06,AD1,1.5 - 2.5,SI,509
2026-07-06,AD-PJUG,3.0 - 4.0,SI,527
2026-07-06,AD-PJUG,3.0 - 4.0,si,425
2026-07-06,AD3,1.5 - 2.5,SI,20
2026-07-06,AD1,3.0 - 4.0,SI,47
2026-07-06,AD1,1.5 - 2.5,SI,39
2026-07-06,AD-PJUG,3.0 - 4.0,SI,527
2026-07-06,AD3,0.0 - 1.0,SI,13
2026-07-06,AD-PIND,1.5 - 2.5,SI,444
2026-07-06,AD-PJUG,3.0 - 4.0,SI,493
2026-07-06,AD1,1.5 - 2.5,SI,532
2026-07-06,AD1,1,SI,511
2026-07-06,AD-PJUG,3.0 - 4.0,SI,445
2026-07-06,AD1,0.0 - 1.0,si,530
2026-07-06,AD-PIND,1.5 - 2.5,SI,478
2026-07-06,AD-PJUG,3.0 - 4.0,si,558
2026-07-06,AD-PJUG,3.0 - 4.0,SI,501
2026-07-06,AD1,1.5 - 2.5,SI,531
2026-07-06,AD2,1.5,SI,400
2026-07-06,AD2,1.5,SI,276
2026-07-06,AD1,1,SI,259
2026-07-06,AD1,1,SI,525
2026-07-06,AD1,0,SI,221
2026-07-06,AD2,1.5 - 2.5,SI,517
2026-07-06,AD3,0.0 - 1.0,SI,494
2026-07-06,AD-PIND,1.5 - 2.5,SI,477
2026-07-06,AD-PJUG,3.0 - 4.0,si,571
2026-07-06,AD-PJUG,3.0 - 4.0,SI,481
2026-07-06,AD-PJUG,3.0 - 4.0,SI,492
2026-07-06,AD-PJUG,3.0 - 4.0,SI,441
2026-07-06,AD1,1.5 - 2.5,SI,496
2026-07-06,AD-PJUG,3.0 - 4.0,SI,525
2026-07-06,ADGUA,1.5 - 2.5,SI,500
2026-07-06,AD-PJUG,3.0 - 4.0,SI,420
2026-07-06,AD-PJUG,3.0 - 4.0,SI,532
2026-07-06,AD-PJUG,3.0 - 4.0,SI,460
2026-07-06,AD-PJUG,3.0 - 4.0,SI,443
2026-07-06,AD1,0.0 - 1.0,SI,542
2026-07-06,AD-PJUG,3.0 - 4.0,SI,434
2026-07-06,AD-PJUG,3.0 - 4.0,SI,455
2026-07-06,AD-PJUG,3.0 - 4.0,SI,521
2026-07-06,AD-PJUG,3.0 - 4.0,SI,469
2026-07-06,AD-PJUG,3.0 - 4.0,SI,483
2026-07-06,AD1,0.0 - 1.0,SI,548
2026-07-06,AD-PJUG,3.0 - 4.0,si,424
2026-07-06,AD2,1.5 - 2.5,si,490
2026-07-06,AD1,1.5 - 2.5,SI,576
2026-07-06,AD2,0.0 - 1.0,SI,511
2026-07-06,AD-PIND,1.5 - 2.5,SI,461
2026-07-06,AD-PJUG,3.0 - 4.0,SI,534
2026-07-06,AD-PJUG,3.0 - 4.0,SI,468
2026-07-06,AD1,1.5 - 2.5,si,506
2026-07-06,AD1,1.5 - 2.5,SI,477
2026-07-06,AD-PJUG,3.0 - 4.0,SI,421
2026-07-06,AD-PIND,1.5 - 2.5,SI,462
2026-07-06,AD-PJUG,3.0 - 4.0,SI,473
2026-07-06,AD-PJUG,3.0 - 4.0,SI,415
2026-07-06,AD-PJUG,3.0 - 4.0,SI,554
2026-07-06,AD2,1.5 - 2.5,si,512
2026-07-06,AD3,1.5 - 2.5,SI,490
2026-07-06,AD-PJUG,3.0 - 4.0,SI,478
2026-07-06,AD-PJUG,3.0 - 4.0,SI,424
2026-07-06,AD-PJUG,3.0 - 4.0,SI,518
2026-07-06,AD1,0.0 - 1.0,SI,517
2026-07-06,AD-PIND,1.5 - 2.5,SI,476
2026-07-06,AD1,0.0 - 1.0,SI,510
2026-07-06,AD-PJUG,3.0 - 4.0,SI,556
2026-07-06,AD1,0.0 - 1.0,SI,630
2026-07-06,AD-PJUG,3.0 - 4.0,SI,471
2026-07-06,AD2,1.5 - 2.5,si,578
2026-07-06,AD2,0.0 - 1.0,SI,507
2026-07-06,AD1,1.5 - 2.5,SI,530
2026-07-06,AD-PJUG,3.0 - 4.0,SI,494
2026-07-06,AD-PJUG,3.0 - 4.0,SI,542
2026-07-06,PEBAB,1.5 - 2.5,SI,381
2026-07-06,PEGUA,1.5 - 2.5,SI,460
2026-07-06,AD2,0.0 - 1.0,SI,370
2026-07-06,PEBAB,1.5 - 2.5,SI,422
2026-07-06,PEGUA,1.5 - 2.5,SI,470
2026-07-06,PEBAB,1.5 - 2.5,SI,408
2026-07-06,PEBAB,1.5 - 2.5,SI,393
2026-07-06,AD-PJUG,3.0 - 4.0,SI,420
2026-07-06,PEGUA,1.5 - 2.5,SI,473
2026-07-06,PEBAB,1.5 - 2.5,si,414
2026-07-06,PEGUA,1.5 - 2.5,si,482
2026-07-06,PEBAB,1.5 - 2.5,SI,413
2026-07-06,PEGUA,1.5 - 2.5,si,489
2026-07-06,PJUG,3.0 - 4.0,SI,456
2026-07-06,PE3,3.0 - 4.0,SI,488
2026-07-06,PJUG,3.0 - 4.0,si,470
2026-07-06,PEBAB,1.5 - 2.5,si,388
2026-07-06,PE2,3.0 - 4.0,si,489
2026-07-06,PIND,1.5 - 2.5,SI,421
2026-07-06,PEGUA,1.5 - 2.5,SI,470
2026-07-06,PEBAB,1.5 - 2.5,SI,400
2026-07-06,PEGUA,1.5 - 2.5,SI,488
2026-07-06,PEBAB,1.5 - 2.5,SI,413
2026-07-06,PE3,3.0 - 4.0,SI,490
2026-07-06,PEBAB,1.5 - 2.5,si,413
2026-07-06,PEBAB,1.5 - 2.5,si,417
2026-07-06,PJUG,3.0 - 4.0,si,443
2026-07-06,PJUG,3.0 - 4.0,si,438
2026-07-06,PEGUA,1.5 - 2.5,si,465
2026-07-06,PEBAB,1.5 - 2.5,SI,388
2026-07-06,PEBAB,1.5 - 2.5,si,403
2026-07-06,PEGUA,1.5 - 2.5,SI,469
2026-07-06,PEBAB,1.5 - 2.5,SI,373
2026-07-06,PE1,1.5 - 2.5,si,487
2026-07-06,PIND,1.5 - 2.5,SI,405
2026-07-06,PEGUA,1.5 - 2.5,si,484
2026-07-06,PE1,0.0 - 1.0,SI,525
2026-07-06,PEBAB,1.5 - 2.5,si,403
2026-07-06,PE2,0.0 - 1.0,SI,506
2026-07-06,PE1,0.0 - 1.0,SI,522
2026-07-06,PE1,1.5 - 2.5,SI,532
2026-07-06,PIND,1.5 - 2.5,SI,498
2026-07-06,PE1,3.0 - 4.0,SI,567
2026-07-06,PE1,0.0 - 1.0,SI,592
2026-07-06,PJUG,3.0 - 4.0,si,546
2026-07-06,PE1,1.5 - 2.5,SI,246
2026-07-06,PEBAB,1.5 - 2.5,SI,98
2026-07-06,PE1,0.0 - 1.0,SI,522
2026-07-06,PE1,3.0 - 4.0,SI,437
2026-07-06,PE2,0.0 - 1.0,SI,73
2026-07-06,PEGUA,1.5 - 2.5,SI,506
2026-07-06,PJUG,3.0 - 4.0,SI,445
2026-07-06,PEGUA,1.5 - 2.5,SI,75
2026-07-06,PIND,1.5 - 2.5,SI,112
2026-07-06,PE3,1.5 - 2.5,SI,275
2026-07-06,PE3,0.0 - 1.0,SI,512
2026-07-06,PE1,0.0 - 1.0,SI,214
2026-07-06,PE2,1.5 - 2.5,SI,133
2026-07-06,PE2,0.0 - 1.0,SI,219
2026-07-06,PJUG,3.0 - 4.0,si,170
2026-07-06,PEBAB,1.5 - 2.5,si,117
2026-07-06,PE2,1.5 - 2.5,si,285
2026-07-06,PE3,0.0 - 1.0,SI,129
2026-07-06,PE3,1.5 - 2.5,SI,426
2026-07-06,PE2,0.0 - 1.0,si,183
2026-07-06,PE1,1.5 - 2.5,si,78
2026-07-06,PE3,3.0 - 4.0,SI,252
2026-07-06,PJUG,3.0 - 4.0,si,469
2026-07-06,PE3,0.0 - 1.0,SI,492
2026-07-06,PEBAB,1.5 - 2.5,SI,196
2026-07-06,PE1,3.0 - 4.0,SI,440
2026-07-07,PE3,0.0 - 1.0,SI,470
2026-07-07,PE2,0.0 - 1.0,SI,493
2026-07-07,PE1,1,SI,517
2026-07-07,PIND,1.5 - 2.5,si,500
2026-07-07,PE1,1.5 - 2.5,SI,506
2026-07-07,PE1,3.0 - 4.0,SI,514
2026-07-07,PE2,1.5,si,414
2026-07-07,PEGUA,1.5 - 2.5,si,499
2026-07-07,PE1,3.0 - 4.0,SI,515
2026-07-07,PE1,0.0 - 1.0,si,535
2026-07-07,PEBAB,1.5 - 2.5,SI,429
2026-07-07,PEGUA,1.5 - 2.5,SI,477
2026-07-07,PE1,3.0 - 4.0,SI,524
2026-07-07,PIND,1.5 - 2.5,SI,486
2026-07-07,PE3,3.0 - 4.0,si,469
2026-07-07,PEGUA,1.5 - 2.5,si,392
2026-07-07,PE2,1.5 - 2.5,SI,499
2026-07-07,PEGUA,1.5 - 2.5,SI,473
2026-07-07,PE2,1.5 - 2.5,SI,41
2026-07-07,PE3,0.0 - 1.0,SI,450
2026-07-07,PEBAB,1.5 - 2.5,SI,432
2026-07-07,PE1,3.0 - 4.0,SI,495
2026-07-07,PE1,1.5 - 2.5,SI,539
2026-07-07,PE1,1,si,522
2026-07-07,PEGUA,1.5 - 2.5,si,470
2026-07-07,PE2,0.0 - 1.0,SI,489
2026-07-07,PE2,3.0 - 4.0,SI,36
2026-07-07,PEGUA,1.5 - 2.5,SI,481
2026-07-07,PE3,3.0 - 4.0,SI,455
2026-07-07,PIND,1.5 - 2.5,SI,486
2026-07-07,PIND,1.5 - 2.5,SI,482
2026-07-07,PE2,1.5,SI,402
2026-07-07,PE1,3.0 - 4.0,SI,507
2026-07-07,PE3,1.5 - 2.5,SI,474
2026-07-07,PJUG,3.0 - 4.0,SI,72
2026-07-07,PE2,3.0 - 4.0,SI,518
2026-07-07,PE1,1.5 - 2.5,SI,526
2026-07-07,PEGUA,1.5 - 2.5,SI,491
2026-07-07,PEBAB,1.5 - 2.5,si,426
2026-07-07,PIND,1.5 - 2.5,si,491
2026-07-07,PE1,3.0 - 4.0,si,515
2026-07-07,PE2,1.5 - 2.5,SI,493
2026-07-07,PE3,0.0 - 1.0,SI,461
2026-07-07,PE1,0.0 - 1.0,SI,537
2026-07-07,PE1,1,si,533
2026-07-07,PE2,0.0 - 1.0,SI,492
2026-07-07,PIND,1.5 - 2.5,si,472
2026-07-07,PE1,3.0 - 4.0,SI,14
2026-07-07,PEGUA,1.5 - 2.5,SI,502
2026-07-07,PE1,1.5 - 2.5,SI,513
2026-07-07,PE1,3.0 - 4.0,SI,495
2026-07-07,PE1,3.0 - 4.0,SI,502
2026-07-07,PE2,1.5,si,408
2026-07-07,PE3,0.0 - 1.0,SI,451
2026-07-07,PE1,1.5 - 2.5,si,331
2026-07-07,PE1,1,si,540
2026-07-07,PEGUA,1.5 - 2.5,si,485
2026-07-07,PE2,0.0 - 1.0,SI,494
2026-07-07,PIND,1.5 - 2.5,si,460
2026-07-07,PEBAB,1.5 - 2.5,si,426
2026-07-07,PE1,0.0 - 1.0,SI,542
2026-07-07,PE3,1.5 - 2.5,SI,449
2026-07-07,PEGUA,1.5 - 2.5,SI,499
2026-07-07,PIND,1.5 - 2.5,si,464
2026-07-07,PEBAB,1.5 - 2.5,si,452
2026-07-07,PE2,1.5 - 2.5,SI,498
2026-07-07,PEBAB,1.5 - 2.5,SI,428
2026-07-07,PE2,1.5,SI,409
2026-07-07,PE3,3.0 - 4.0,SI,475
2026-07-07,PEGUA,1.5 - 2.5,SI,486
2026-07-07,PE3,0.0 - 1.0,SI,463
2026-07-07,PE2,3.0 - 4.0,SI,530
2026-07-07,PE1,3.0 - 4.0,SI,500
2026-07-07,PE1,1.5 - 2.5,SI,557
2026-07-07,PEGUA,1.5 - 2.5,SI,488
2026-07-07,PEBAB,1.5 - 2.5,SI,440
2026-07-07,PE1,3.0 - 4.0,SI,483
2026-07-07,PE1,3.0 - 4.0,SI,518
2026-07-07,PE2,1.5 - 2.5,SI,493
2026-07-07,PE2,0.0 - 1.0,si,492
2026-07-07,PE3,1.5 - 2.5,SI,455
2026-07-07,PE3,0.0 - 1.0,SI,450
2026-07-07,PE2,0.0 - 1.0,SI,521
2026-07-07,PE2,1.5,SI,404
2026-07-07,PE1,0.0 - 1.0,SI,551
2026-07-07,PE1,3.0 - 4.0,SI,492
2026-07-07,PE1,1.5 - 2.5,SI,538
2026-07-07,PEBAB,1.5 - 2.5,SI,421
2026-07-07,PEGUA,1.5 - 2.5,SI,484
2026-07-07,PE1,1,SI,561
2026-07-07,PIND,1.5 - 2.5,si,467
2026-07-07,PEGUA,1.5 - 2.5,SI,486
2026-07-07,PIND,1.5 - 2.5,SI,455
2026-07-07,PE2,1.5 - 2.5,SI,505
2026-07-07,PEGUA,1.5 - 2.5,SI,461
2026-07-07,PE1,3.0 - 4.0,SI,502
2026-07-07,PE1,1,SI,557
2026-07-07,PIND,1.5 - 2.5,SI,466
2026-07-07,PE3,0.0 - 1.0,SI,449
2026-07-07,PE3,3.0 - 4.0,SI,462
2026-07-07,PE1,1.5 - 2.5,SI,515
2026-07-07,PE1,0.0 - 1.0,SI,525
2026-07-07,PE1,3.0 - 4.0,SI,501
2026-07-07,PJUG,3.0 - 4.0,si,491
2026-07-07,PE2,1.5,si,406
2026-07-07,PJUG,3.0 - 4.0,si,476
2026-07-07,PEGUA,1.5 - 2.5,si,486
2026-07-07,PE3,1.5 - 2.5,SI,454
2026-07-07,PE2,3.0 - 4.0,si,535
2026-07-07,PE2,3.0 - 4.0,si,24
2026-07-07,PE2,1.5,SI,125
2026-07-07,PE3,1.5 - 2.5,SI,69
2026-07-07,PE2,1.5 - 2.5,SI,550
2026-07-07,PE1,1,SI,353
2026-07-07,PE2,1.5 - 2.5,SI,358
2026-07-07,PEGUA,1.5 - 2.5,SI,360
2026-07-07,PE1,3.0 - 4.0,SI,290
2026-07-07,PE2,0.0 - 1.0,SI,264
2026-07-07,PE1,1.5 - 2.5,SI,276
2026-07-07,PE1,0.0 - 1.0,SI,289
2026-07-07,PJUG,3.0 - 4.0,si,240
2026-07-07,PE3,0.0 - 1.0,SI,463
2026-07-07,PE1,3.0 - 4.0,SI,470
2026-07-07,PEGUA,1.5 - 2.5,SI,506
2026-07-07,PE3,3.0 - 4.0,SI,164
2026-07-07,PE1,1.5 - 2.5,SI,205
2026-07-07,PEBAB,1.5 - 2.5,SI,334
2026-07-07,PIND,1.5 - 2.5,SI,374
2026-07-07,PJUG,3.0 - 4.0,si,426
2026-07-07,PE2,0.0 - 1.0,SI,236
2026-07-07,PE2,1.5 - 2.5,SI,404
2026-07-07,PE3,0.0 - 1.0,SI,210
2026-07-07,PEBAB,1.5 - 2.5,SI,195
2026-07-07,PEBAB,1.5 - 2.5,SI,346
2026-07-07,PJUG,3.0 - 4.0,si,412
2026-07-07,PJUG,3.0 - 4.0,si,519
2026-07-07,PJUG,3.0 - 4.0,SI,1196
2026-07-07,PJUG,3.0 - 4.0,SI,1119
2026-07-07,PJUG,3.0 - 4.0,SI,1180
2026-07-07,PJUG,3.0 - 4.0,SI,1260
2026-07-07,PEBAB,1.5 - 2.5,SI,642
2026-07-08,PJUG,3.0 - 4.0,si,543
2026-07-08,PJUG,3.0 - 4.0,si,473
2026-07-08,AD1,1.5 - 2.5,SI,549
2026-07-08,AD1,0.0 - 1.0,SI,559
2026-07-08,AD-PIND,1.5 - 2.5,SI,489
2026-07-08,AD-PJUG,3.0 - 4.0,si,488
2026-07-08,AD-PJUG,3.0 - 4.0,si,535
2026-07-08,AD3,0.0 - 1.0,si,474
2026-07-08,AD1,1.5 - 2.5,SI,575
2026-07-08,AD1,1,SI,552
2026-07-08,AD-PJUG,3.0 - 4.0,si,485
2026-07-08,AD1,0.0 - 1.0,SI,558
2026-07-08,AD-PJUG,3.0 - 4.0,si,479
2026-07-08,AD2,0.0 - 1.0,si,496
2026-07-08,AD1,1.5 - 2.5,si,567
2026-07-08,AD-PJUG,3.0 - 4.0,si,511
2026-07-08,AD-PJUG,3.0 - 4.0,si,500
2026-07-08,AD-PIND,1.5 - 2.5,si,483
2026-07-08,AD-PJUG,3.0 - 4.0,si,535
2026-07-08,AD1,1.5 - 2.5,SI,546
2026-07-08,AD-PJUG,3.0 - 4.0,si,451
2026-07-08,AD2,1.5 - 2.5,SI,510
2026-07-08,AD-PJUG,3.0 - 4.0,si,499
2026-07-08,AD1,1,SI,494
2026-07-08,AD2,1.5 - 2.5,SI,477
2026-07-08,AD1,0.0 - 1.0,SI,540
2026-07-08,AD3,0.0 - 1.0,SI,264
2026-07-08,ADGUA,1.5 - 2.5,SI,484
2026-07-08,AD3,1.5 - 2.5,SI,529
2026-07-08,ADGUA,1.5 - 2.5,si,217
2026-07-08,AD2,0.0 - 1.0,SI,483
2026-07-08,AD1,0.0 - 1.0,SI,611
2026-07-08,AD2,1.5,SI,368
2026-07-08,AD1,1.5 - 2.5,SI,440
2026-07-08,AD-PJUG,3.0 - 4.0,si,330
2026-07-08,AD2,1.5,SI,126
2026-07-08,AD-PJUG,3.0 - 4.0,si,1145
2026-07-08,AD-PJUG,3.0 - 4.0,si,1242
2026-07-08,AD-PJUG,3.0 - 4.0,si,1269
2026-07-08,AD-PJUG,3.0 - 4.0,si,1239
2026-07-08,AD-PJUG,3.0 - 4.0,si,829
2026-07-08,AD-PJUG,3.0 - 4.0,si,1227
2026-07-08,AD-PJUG,3.0 - 4.0,si,1211
2026-07-08,AD-PJUG,3.0 - 4.0,si,1053
2026-07-08,AD-PJUG,3.0 - 4.0,si,1068
2026-07-08,AD-PJUG,3.0 - 4.0,si,1205
2026-07-08,AD-PJUG,3.0 - 4.0,si,1268
2026-07-08,AD-PJUG,3.0 - 4.0,si,1254
2026-07-08,AD-PJUG,3.0 - 4.0,si,1242
2026-07-08,AD-PJUG,3.0 - 4.0,si,1290
2026-07-08,AD-PJUG,3.0 - 4.0,si,1727
2026-07-08,PE3,1.5 - 2.5,SI,479
2026-07-08,PE2,1.5 - 2.5,si,511
2026-07-08,PE1,1,si,534
2026-07-08,PE2,1.5,SI,406
2026-07-08,PIND,1.5 - 2.5,si,453
2026-07-08,PE3,1.5 - 2.5,si,470
2026-07-08,PE2,1.5,SI,406
2026-07-08,PEGUA,1.5 - 2.5,SI,486
2026-07-08,PE3,3.0 - 4.0,SI,90
2026-07-08,PE3,0.0 - 1.0,SI,70
2026-07-08,PEBAB,1.5 - 2.5,SI,466
2026-07-08,PE1,1.5 - 2.5,si,530
2026-07-08,PE2,1.5,SI,426
2026-07-08,PE2,1.5,SI,392
2026-07-08,PIND,1.5 - 2.5,si,464
2026-07-08,PE3,1.5 - 2.5,SI,468
2026-07-08,PE2,0.0 - 1.0,SI,505
2026-07-08,PE2,1.5 - 2.5,si,496
2026-07-08,PE2,1.5,SI,418
2026-07-08,PE2,1.5 - 2.5,SI,603
2026-07-08,PE1,1.5 - 2.5,SI,540
2026-07-08,PE2,1.5,SI,427
2026-07-08,PE3,1.5 - 2.5,SI,467
2026-07-08,PEGUA,1.5 - 2.5,SI,480
2026-07-08,PE3,0.0 - 1.0,si,461
2026-07-08,PE1,3.0 - 4.0,SI,517
2026-07-08,PE3,1.5 - 2.5,SI,494
2026-07-08,PIND,1.5 - 2.5,SI,463
2026-07-08,PE2,1.5 - 2.5,si,514
2026-07-08,AD-PJUG,3.0 - 4.0,si,468
2026-07-08,PE1,1.5 - 2.5,SI,541
2026-07-08,PEGUA,1.5 - 2.5,SI,477
2026-07-08,PEBAB,1.5 - 2.5,SI,449
2026-07-08,PEGUA,1.5 - 2.5,SI,482
2026-07-08,PEBAB,1.5 - 2.5,SI,428
2026-07-08,PE2,1.5 - 2.5,SI,484
2026-07-08,PE3,1.5 - 2.5,SI,479
2026-07-08,PE1,3.0 - 4.0,si,501
2026-07-08,PJUG,1.5 - 2.5,si,450
2026-07-08,PE2,1.5 - 2.5,SI,505
2026-07-08,PE2,1.5,si,423
2026-07-08,PE1,1.5 - 2.5,si,574
2026-07-08,PE2,1.5 - 2.5,SI,506
2026-07-08,PE2,3.0 - 4.0,SI,493
2026-07-08,PE1,3.0 - 4.0,SI,520
2026-07-08,PE3,1.5 - 2.5,SI,472
2026-07-08,PE1,0.0 - 1.0,SI,540
2026-07-08,PE2,1.5,si,386
2026-07-08,PIND,1.5 - 2.5,SI,455
2026-07-08,PE3,0.0 - 1.0,si,433
2026-07-08,PE1,1.5 - 2.5,SI,556
2026-07-08,PE3,3.0 - 4.0,si,489
2026-07-08,PE1,3.0 - 4.0,si,524
2026-07-08,PEGUA,1.5 - 2.5,SI,476
2026-07-08,PEGUA,1.5 - 2.5,SI,482
2026-07-08,PE2,3.0 - 4.0,SI,498
2026-07-08,PE3,3.0 - 4.0,si,484
2026-07-08,PE1,1.5 - 2.5,SI,529
2026-07-08,PE2,1.5,SI,404
2026-07-08,PE3,1.5 - 2.5,SI,482
2026-07-08,PE2,1.5,SI,409
2026-07-08,PE2,3.0 - 4.0,SI,503
2026-07-08,PE1,3.0 - 4.0,si,544
2026-07-08,PE3,3.0 - 4.0,SI,495
2026-07-08,PE2,1.5 - 2.5,SI,513
2026-07-08,PE2,3.0 - 4.0,SI,497
2026-07-08,PEGUA,1.5 - 2.5,si,452
2026-07-08,PEBAB,1.5 - 2.5,si,454
2026-07-08,PE2,0.0 - 1.0,si,494
2026-07-08,PEBAB,1.5 - 2.5,SI,431
2026-07-08,PJUG,3.0 - 4.0,si,457
2026-07-08,PE2,1.5,SI,99
2026-07-08,PE1,3.0 - 4.0,SI,428
2026-07-08,PEGUA,1.5 - 2.5,SI,486
2026-07-08,PE2,3.0 - 4.0,SI,469
2026-07-08,PE1,1.5 - 2.5,SI,499
2026-07-08,PE3,1.5 - 2.5,SI,507
2026-07-08,PE2,1.5,si,215
2026-07-08,PE2,1.5 - 2.5,SI,498
2026-07-08,PIND,1.5 - 2.5,SI,474
2026-07-08,AD1,0.0 - 1.0,SI,561
2026-07-08,AD3,0.0 - 1.0,SI,436
2026-07-08,AD-PJUG,3.0 - 4.0,si,443
2026-07-08,AD1,1.5 - 2.5,SI,549
2026-07-08,AD1,0.0 - 1.0,SI,570
2026-07-08,AD1,0.0 - 1.0,SI,560
2026-07-08,AD-PIND,1.5 - 2.5,SI,476
2026-07-08,AD2,1.5,si,400
2026-07-08,ADGUA,1.5 - 2.5,SI,492
2026-07-08,AD2,0.0 - 1.0,SI,496
2026-07-08,AD2,1.5,si,406
2026-07-08,AD2,0.0 - 1.0,SI,501
2026-07-08,AD2,1.5 - 2.5,SI,531
2026-07-08,AD1,1.5 - 2.5,SI,563
2026-07-08,AD2,1.5,si,326
2026-07-08,AD1,0.0 - 1.0,si,579
2026-07-08,AD2,1.5,si,325
2026-07-08,AD1,0.0 - 1.0,si,540
2026-07-08,AD-PJUG,3.0 - 4.0,si,471
2026-07-08,AD-PJUG,3.0 - 4.0,si,469
2026-07-08,AD-PIND,1.5 - 2.5,si,566
2026-07-08,AD2,0.0 - 1.0,SI,487
2026-07-08,AD2,1.5 - 2.5,si,58
2026-07-08,AD1,1.5 - 2.5,SI,538
2026-07-08,AD3,0.0 - 1.0,si,378
2026-07-08,AD-PJUG,3.0 - 4.0,si,265
2026-07-08,AD1,0.0 - 1.0,SI,347
2026-07-08,AD3,1.5 - 2.5,SI,429
2026-07-08,AD1,1.5 - 2.5,si,666
2026-07-08,AD2,1.5 - 2.5,SI,550
2026-07-08,PJUG,3.0 - 4.0,si,389
2026-07-08,AD1,0.0 - 1.0,SI,319
2026-07-08,AD3,3.0 - 4.0,si,304
2026-07-08,ADGUA,1.5 - 2.5,SI,400
2026-07-08,AD3,3.0 - 4.0,SI,383
2026-07-08,ADBABY,1.5 - 2.5,SI,281
2026-07-08,AD-PJUG,3.0 - 4.0,si,482
2026-07-08,AD3,0.0 - 1.0,SI,397
2026-07-08,PEBAB,1.5 - 2.5,SI,1421
2026-07-08,PEGUA,1.5 - 2.5,SI,1523
2026-07-08,PEBAB,1.5 - 2.5,SI,1405
2026-07-08,PEGUA,1.5 - 2.5,SI,1544
2026-07-08,PEBAB,1.5 - 2.5,SI,1420
2026-07-08,PEBAB,1.5 - 2.5,SI,1149
2026-07-08,PEGUA,1.5 - 2.5,SI,1488
2026-07-08,PEBAB,1.5 - 2.5,SI,1193
2026-07-08,PEGUA,1.5 - 2.5,SI,1477
2026-07-08,AD-PJUG,1.5 - 2.5,si,1196
2026-07-08,AD-PJUG,1.5 - 2.5,si,1065
2026-07-08,PEBAB,1.5 - 2.5,SI,683
2026-07-08,AD-PJUG,3.0 - 4.0,si,1107
2026-07-08,AD-PJUG,3.0 - 4.0,si,1451
2026-07-08,AD-PJUG,3.0 - 4.0,si,1263
2026-07-08,AD-PJUG,3.0 - 4.0,si,1675
2026-07-08,AD-PJUG,3.0 - 4.0,si,1569
2026-07-08,AD-PJUG,3.0 - 4.0,si,1046
2026-07-08,AD-PJUG,3.0 - 4.0,si,1073
2026-07-08,AD-PJUG,3.0 - 4.0,si,1185
2026-07-08,AD-PJUG,3.0 - 4.0,SI,1239
2026-07-08,AD-PJUG,3.0 - 4.0,SI,1563
2026-07-08,AD-PJUG,3.0 - 4.0,si,1163
2026-07-08,PJUG,3.0 - 4.0,si,1313
2026-07-08,PE1,1.5 - 2.5,si,315
2026-07-09,PEBAB,1.5 - 2.5,SI,422
2026-07-09,PE3,1.5 - 2.5,SI,484
2026-07-09,PEGUA,1.5 - 2.5,SI,497
2026-07-09,PE1,3.0 - 4.0,si,549
2026-07-09,PIND,1.5 - 2.5,SI,474
2026-07-09,PE2,1.5 - 2.5,si,501
2026-07-09,PEGUA,1.5 - 2.5,SI,456
2026-07-09,PE1,1,SI,526
2026-07-09,PE1,1.5 - 2.5,si,531
2026-07-09,PEBAB,1.5 - 2.5,SI,418
2026-07-09,PE3,1.5 - 2.5,SI,481
2026-07-09,PE2,1.5,si,413
2026-07-09,PEGUA,1.5 - 2.5,si,506
2026-07-09,PE2,3.0 - 4.0,SI,502
2026-07-09,PEBAB,1.5 - 2.5,SI,441
2026-07-09,PE1,3.0 - 4.0,si,543
2026-07-09,PEGUA,1.5 - 2.5,SI,465
2026-07-09,PE2,1.5 - 2.5,si,505
2026-07-09,PEBAB,1.5 - 2.5,SI,413
2026-07-09,PEBAB,1.5 - 2.5,SI,411
2026-07-09,PE3,1.5 - 2.5,si,484
2026-07-09,PEGUA,1.5 - 2.5,si,514
2026-07-09,PEGUA,1.5 - 2.5,SI,471
2026-07-09,PJUG,3.0 - 4.0,SI,550
2026-07-09,PEBAB,1.5 - 2.5,SI,408
2026-07-09,PEGUA,1.5 - 2.5,SI,470
2026-07-09,PE3,3.0 - 4.0,SI,464
2026-07-09,PE3,1.5 - 2.5,SI,482
2026-07-09,PEGUA,1.5 - 2.5,SI,453
2026-07-09,PIND,1.5 - 2.5,SI,448
2026-07-09,PEGUA,1.5 - 2.5,SI,518
2026-07-09,PE1,3.0 - 4.0,SI,538
2026-07-09,PE2,1.5 - 2.5,SI,494
2026-07-09,PE1,1,SI,529
2026-07-09,PEBAB,1.5 - 2.5,si,413
2026-07-09,PE1,1.5 - 2.5,si,522
2026-07-09,PEBAB,1.5 - 2.5,si,442
2026-07-09,PIND,1.5 - 2.5,si,424
2026-07-09,PEBAB,1.5 - 2.5,SI,419
2026-07-09,PE2,1.5,si,417
2026-07-09,PE3,1.5 - 2.5,si,487
2026-07-09,PEBAB,1.5 - 2.5,SI,438
2026-07-09,PE1,3.0 - 4.0,si,17
2026-07-09,PIND,1.5 - 2.5,SI,429
2026-07-09,PEBAB,1.5 - 2.5,SI,419
2026-07-09,PE2,1.5 - 2.5,SI,504
2026-07-09,PE1,3.0 - 4.0,SI,539
2026-07-09,PE1,1.5 - 2.5,si,513
2026-07-09,PEGUA,1.5 - 2.5,si,460
2026-07-09,PEGUA,1.5 - 2.5,si,479
2026-07-09,PE2,3.0 - 4.0,SI,513
2026-07-09,PE1,1,SI,528
2026-07-09,PE3,1.5 - 2.5,si,483
2026-07-09,PEBAB,1.5 - 2.5,SI,415
2026-07-09,PE1,1.5 - 2.5,SI,525
2026-07-09,PEBAB,1.5 - 2.5,SI,441
2026-07-09,PE2,1.5 - 2.5,si,503
2026-07-09,PE1,3.0 - 4.0,SI,541
2026-07-09,PEGUA,1.5 - 2.5,si,513
2026-07-09,PEBAB,1.5 - 2.5,SI,425
2026-07-09,PE2,3.0 - 4.0,si,46
2026-07-09,PE3,3.0 - 4.0,si,13
2026-07-09,PE3,1.5 - 2.5,SI,487
2026-07-09,PEGUA,1.5 - 2.5,SI,486
2026-07-09,PEGUA,1.5 - 2.5,SI,509
2026-07-09,PE1,1.5 - 2.5,si,532
2026-07-09,PE2,1.5 - 2.5,SI,503
2026-07-09,PIND,1.5 - 2.5,SI,435
2026-07-09,PEBAB,1.5 - 2.5,SI,442
2026-07-09,PEBAB,1.5 - 2.5,SI,412
2026-07-09,PE2,1.5,SI,413
2026-07-09,PEBAB,1.5 - 2.5,SI,431
2026-07-09,PE2,1.5 - 2.5,SI,502
2026-07-09,PE1,1.5 - 2.5,si,530
2026-07-09,PEGUA,1.5 - 2.5,SI,479
2026-07-09,PE1,3.0 - 4.0,SI,539
2026-07-09,PEGUA,1.5 - 2.5,SI,509
2026-07-09,PE3,3.0 - 4.0,SI,460
2026-07-09,PE3,1.5 - 2.5,SI,446
2026-07-09,PE2,1.5 - 2.5,SI,494
2026-07-09,PE2,1.5,SI,404
2026-07-09,PEBAB,1.5 - 2.5,SI,447
2026-07-09,PEGUA,1.5 - 2.5,SI,473
2026-07-09,PE2,3.0 - 4.0,si,509
2026-07-09,PEGUA,1.5 - 2.5,SI,508
2026-07-09,PE3,1.5 - 2.5,SI,428
2026-07-09,PIND,1.5 - 2.5,SI,428
2026-07-09,PE1,1,si,531
2026-07-09,PEGUA,1.5 - 2.5,si,464
2026-07-09,PE2,3.0 - 4.0,si,490
2026-07-09,PE1,1.5 - 2.5,si,536
2026-07-09,PE3,0.0 - 1.0,si,493
2026-07-09,PE1,3.0 - 4.0,si,552
2026-07-09,PE2,1.5 - 2.5,SI,511
2026-07-09,PE3,1.5 - 2.5,SI,439
2026-07-09,PEBAB,1.5 - 2.5,SI,434
2026-07-09,PE1,3.0 - 4.0,SI,564
2026-07-09,PE3,3.0 - 4.0,SI,448
2026-07-09,PE1,1,SI,534
2026-07-09,PE2,3.0 - 4.0,si,513
2026-07-09,PE2,1.5,SI,403
2026-07-09,PEGUA,1.5 - 2.5,SI,485
2026-07-09,PE3,1.5 - 2.5,si,429
2026-07-09,PE1,3.0 - 4.0,si,552
2026-07-09,PE1,1.5 - 2.5,si,540
2026-07-09,PIND,1.5 - 2.5,SI,465
2026-07-09,PE1,1.5 - 2.5,si,556
2026-07-09,PE2,1.5 - 2.5,SI,501
2026-07-09,PEBAB,1.5 - 2.5,SI,441
2026-07-09,PE1,3.0 - 4.0,si,582
2026-07-09,PE1,1,si,555
2026-07-09,PE2,3.0 - 4.0,si,427
2026-07-09,PEGUA,1.5 - 2.5,SI,492
2026-07-09,PE2,1.5,si,182
2026-07-09,PE3,3.0 - 4.0,si,191
2026-07-09,PIND,1.5 - 2.5,si,453
2026-07-09,PE2,1.5,SI,310
2026-07-09,PE1,0,SI,317
2026-07-09,PEBAB,1.5 - 2.5,SI,528
2026-07-09,PE1,3.0 - 4.0,si,380
2026-07-09,PE2,0.0 - 1.0,si,495
2026-07-09,PE1,0,si,91
2026-07-09,PE3,0.0 - 1.0,si,491
2026-07-09,AD1,1.5 - 2.5,si,566
2026-07-09,PJUG,3.0 - 4.0,SI,472
2026-07-09,PE3,1.5 - 2.5,SI,425
2026-07-09,PEGUA,1.5 - 2.5,si,249
2026-07-09,PE1,3.0 - 4.0,SI,142
2026-07-09,AD1,0.0 - 1.0,SI,504
2026-07-09,AD1,1,SI,554
2026-07-09,AD2,1.5 - 2.5,SI,515
2026-07-09,AD3,0.0 - 1.0,SI,184
2026-07-09,AD1,0.0 - 1.0,SI,486
2026-07-09,AD1,1.5 - 2.5,SI,541
2026-07-09,AD-PIND,1.5 - 2.5,SI,484
2026-07-09,AD1,1.5 - 2.5,SI,529
2026-07-09,PJUG,3.0 - 4.0,si,1587
2026-07-09,PJUG,3.0 - 4.0,si,1380
2026-07-09,PJUG,3.0 - 4.0,si,1375
2026-07-09,PJUG,3.0 - 4.0,si,1546
2026-07-09,PEGUA,1.5 - 2.5,SI,1240
2026-07-09,PJUG,3.0 - 4.0,si,1310
2026-07-09,PEGUA,1.5 - 2.5,SI,290
2026-07-09,AD2,0.0 - 1.0,SI,527
2026-07-09,AD1,0.0 - 1.0,SI,469
2026-07-09,AD-PIND,1.5 - 2.5,SI,489
2026-07-09,AD1,1.5 - 2.5,si,478
2026-07-09,AD1,1,si,551
2026-07-09,AD1,1.5 - 2.5,si,471
2026-07-09,AD2,1.5 - 2.5,si,538
2026-07-09,AD1,0.0 - 1.0,si,457
2026-07-09,AD1,1.5 - 2.5,SI,486
2026-07-09,AD2,1.5,si,403
2026-07-09,AD1,0.0 - 1.0,si,453
2026-07-09,ADGUA,1.5 - 2.5,SI,485
2026-07-09,AD1,1,SI,549
2026-07-09,AD2,0.0 - 1.0,SI,502
2026-07-09,AD1,1.5 - 2.5,si,522
2026-07-09,AD2,1.5 - 2.5,si,540
2026-07-09,AD2,1.5 - 2.5,si,502
2026-07-09,AD-PJUG,3.0 - 4.0,si,454
2026-07-09,AD2,0.0 - 1.0,si,542
2026-07-09,AD-PIND,1.5 - 2.5,si,487
2026-07-09,AD1,0.0 - 1.0,si,485
2026-07-09,AD1,1.5 - 2.5,si,476
2026-07-09,AD-PJUG,3.0 - 4.0,si,590
2026-07-09,AD1,1,SI,549
2026-07-09,AD2,1.5,SI,152
2026-07-09,AD3,0.0 - 1.0,si,540
2026-07-09,ADBABY,1.5 - 2.5,SI,96
2026-07-09,AD1,0.0 - 1.0,SI,489
2026-07-09,AD3,1.5 - 2.5,SI,462
2026-07-09,AD1,1.5 - 2.5,SI,474
2026-07-09,AD-PJUG,3.0 - 4.0,SI,433
2026-07-09,AD2,1.5 - 2.5,SI,173
2026-07-09,ADGUA,1.5 - 2.5,si,390
2026-07-09,AD2,0.0 - 1.0,SI,221
2026-07-09,AD-PJUG,3.0 - 4.0,SI,390
2026-07-09,AD-PIND,1.5 - 2.5,si,231
2026-07-09,AD-PJUG,3.0 - 4.0,SI,309
2026-07-09,AD1,1.5 - 2.5,SI,475
2026-07-09,AD1,0.0 - 1.0,SI,223
2026-07-09,PE3,1.5 - 2.5,SI,189
2026-07-09,PE1,0,SI,233
2026-07-09,AD-PJUG,3.0 - 4.0,si,1360
2026-07-09,AD-PJUG,3.0 - 4.0,si,1364
2026-07-09,AD-PJUG,3.0 - 4.0,si,1323
2026-07-09,AD-PJUG,3.0 - 4.0,si,1506
2026-07-09,AD-PJUG,3.0 - 4.0,si,1353
2026-07-09,AD-PJUG,3.0 - 4.0,si,1414
2026-07-09,AD-PJUG,3.0 - 4.0,si,1446
2026-07-09,PJUG,3.0 - 4.0,SI,1405
2026-07-10,PE1,1.5 - 2.5,SI,18
2026-07-10,PE2,1.5 - 2.5,SI,14
2026-07-10,PE3,1.5 - 2.5,SI,3
2026-07-10,PE1,1.5 - 2.5,SI,2
2026-07-10,PE1,1.5 - 2.5,SI,18
2026-07-10,PE2,1.5 - 2.5,SI,19
2026-07-10,PE3,1.5 - 2.5,SI,11
2026-07-10,PE1,1.5 - 2.5,SI,2
2026-07-10,PE1,1.5 - 2.5,SI,28
2026-07-10,PE2,1.5 - 2.5,SI,8
2026-07-10,PE3,1.5 - 2.5,SI,8
2026-07-10,PE1,1.5 - 2.5,SI,2
2026-07-10,PE1,1.5 - 2.5,SI,28
2026-07-10,PE2,1.5 - 2.5,SI,11
2026-07-10,PE3,1.5 - 2.5,SI,1
2026-07-10,PE1,1.5 - 2.5,SI,1
2026-07-10,PE1,1.5 - 2.5,SI,6
2026-07-10,PE2,1.5 - 2.5,SI,7
2026-07-10,PE1,1.5 - 2.5,SI,2
2026-07-10,PE1,3.0 - 4.0,si,579
2026-07-10,PE1,3.0 - 4.0,si,558
2026-07-10,PEGUA,1.5 - 2.5,SI,482
2026-07-10,PE2,3.0 - 4.0,SI,489
2026-07-10,PE1,3.0 - 4.0,si,573
2026-07-10,PIND,1.5 - 2.5,SI,470
2026-07-10,PE3,1.5 - 2.5,si,481
2026-07-10,PEBAB,1.5 - 2.5,SI,450
2026-07-10,PE2,1.5 - 2.5,SI,465
2026-07-10,PE1,1.5 - 2.5,SI,568
2026-07-10,PE1,3.0 - 4.0,SI,582
2026-07-10,PE3,3.0 - 4.0,SI,477
2026-07-10,PE2,3.0 - 4.0,SI,472
2026-07-10,PEGUA,1.5 - 2.5,SI,473
2026-07-10,PE1,3.0 - 4.0,si,555
2026-07-10,PE3,1.5 - 2.5,SI,483
2026-07-10,PEGUA,1.5 - 2.5,SI,480
2026-07-10,PIND,1.5 - 2.5,si,432
2026-07-10,PE2,0.0 - 1.0,SI,31
2026-07-10,PIND,1.5 - 2.5,SI,50
2026-07-10,PE1,3.0 - 4.0,SI,561
2026-07-10,PE2,3.0 - 4.0,SI,476
2026-07-10,PEGUA,1.5 - 2.5,SI,484
2026-07-10,PEBAB,1.5 - 2.5,SI,424
2026-07-10,PIND,1.5 - 2.5,si,415
2026-07-10,PE1,3.0 - 4.0,si,541
2026-07-10,PE1,1,si,532
2026-07-10,PE2,1.5 - 2.5,SI,478
2026-07-10,PE3,3.0 - 4.0,SI,481
2026-07-10,PE2,3.0 - 4.0,SI,475
2026-07-10,PE3,0.0 - 1.0,SI,13
2026-07-10,PEBAB,1.5 - 2.5,SI,432
2026-07-10,PEBAB,1.5 - 2.5,SI,412
2026-07-10,PE1,3.0 - 4.0,SI,534
2026-07-10,PE1,3.0 - 4.0,SI,538
2026-07-10,PE3,1.5 - 2.5,SI,490
2026-07-10,PEGUA,1.5 - 2.5,SI,455
2026-07-10,PEGUA,1.5 - 2.5,SI,460
2026-07-10,PEGUA,1.5 - 2.5,SI,477
2026-07-10,PE3,3.0 - 4.0,SI,16
2026-07-10,PE3,1.5 - 2.5,SI,58
2026-07-10,PE2,3.0 - 4.0,SI,468
2026-07-10,PE2,3.0 - 4.0,SI,477
2026-07-10,PIND,1.5 - 2.5,SI,394
2026-07-10,PE3,1.5 - 2.5,SI,501
2026-07-10,PE1,1,SI,530
2026-07-10,PE1,1.5 - 2.5,SI,539
2026-07-10,PE1,1,SI,553
2026-07-10,PJUG,3.0 - 4.0,SI,469
2026-07-10,PE1,1,SI,524
2026-07-10,PE1,1,si,545
2026-07-10,PE1,1,si,561
2026-07-10,PE1,1.5,si,411
2026-07-10,PE1,0,si,615
2026-07-10,PE3,3.0 - 4.0,si,493
2026-07-10,PE1,1,si,562
2026-07-10,PE1,1,si,569
2026-07-10,PEBAB,1.5 - 2.5,SI,407
2026-07-10,PE2,3.0 - 4.0,SI,488
2026-07-10,PEGUA,1.5 - 2.5,SI,460
2026-07-10,PEBAB,1.5 - 2.5,SI,434
2026-07-10,PEBAB,1.5 - 2.5,SI,402
2026-07-10,PE1,3.0 - 4.0,si,530
2026-07-10,PIND,1.5 - 2.5,si,416
2026-07-10,PE1,1,si,553
2026-07-10,PE3,3.0 - 4.0,si,476
2026-07-10,PE1,1.5,si,419
2026-07-10,PEBAB,1.5 - 2.5,SI,416
2026-07-10,PE2,0.0 - 1.0,SI,479
2026-07-10,PE3,3.0 - 4.0,SI,492
2026-07-10,PE2,3.0 - 4.0,SI,484
2026-07-10,PEBAB,1.5 - 2.5,SI,428
2026-07-10,PE2,1.5,SI,278
2026-07-10,PE2,1.5,SI,281
2026-07-10,PE2,1.5 - 2.5,SI,475
2026-07-10,PEBAB,1.5 - 2.5,SI,427
2026-07-10,PE1,3.0 - 4.0,si,547
2026-07-10,PE3,1.5 - 2.5,SI,494
2026-07-10,PEGUA,1.5 - 2.5,SI,451
2026-07-10,PEGUA,1.5 - 2.5,SI,474
2026-07-10,PE3,0.0 - 1.0,si,490
2026-07-10,PEGUA,1.5 - 2.5,SI,452
2026-07-10,PIND,1.5 - 2.5,SI,390
2026-07-10,PE1,1.5 - 2.5,SI,549
2026-07-10,PEBAB,1.5 - 2.5,SI,418
2026-07-10,PE2,1.5 - 2.5,SI,508
2026-07-10,PEGUA,1.5 - 2.5,SI,450
2026-07-10,PE1,3.0 - 4.0,SI,532
2026-07-10,PEBAB,1.5 - 2.5,SI,442
2026-07-10,PEGUA,1.5 - 2.5,SI,456
2026-07-10,PEGUA,1.5 - 2.5,SI,434
2026-07-10,PE1,1,SI,411
2026-07-10,PEBAB,1.5 - 2.5,SI,422
2026-07-10,PIND,1.5 - 2.5,SI,407
2026-07-10,PE1,1.5 - 2.5,SI,538
2026-07-10,PE1,1.5 - 2.5,SI,574
2026-07-10,PE2,3.0 - 4.0,SI,493
2026-07-10,PE1,2,SI,79
2026-07-10,PE3,3.0 - 4.0,SI,499
2026-07-10,PE1,0,SI,529
2026-07-10,PE1,0.0 - 1.0,si,564
2026-07-10,PE1,1.5,SI,208
2026-07-10,PEBAB,1.5 - 2.5,SI,443
2026-07-10,PE2,3.0 - 4.0,SI,432
2026-07-10,PE3,1.5 - 2.5,SI,494
2026-07-10,PE1,3.0 - 4.0,si,501
2026-07-10,PE3,3.0 - 4.0,SI,260
2026-07-10,PE2,3.0 - 4.0,SI,308
2026-07-10,PE1,1.5,SI,412
2026-07-10,AD1,1.5 - 2.5,SI,659
2026-07-10,AD-PIND,1.5 - 2.5,si,449
2026-07-10,AD1,2,SI,543
2026-07-10,AD1,1.5 - 2.5,SI,561
2026-07-10,AD1,0.0 - 1.0,si,548
2026-07-10,AD1,2,si,550
2026-07-10,AD1,0.0 - 1.0,SI,548
2026-07-10,AD2,0.0 - 1.0,SI,498
2026-07-10,AD-PIND,1.5 - 2.5,SI,472
2026-07-10,AD-PIND,1.5 - 2.5,SI,451
2026-07-10,AD2,0.0 - 1.0,si,515
2026-07-10,AD1,1.5 - 2.5,SI,571
2026-07-10,AD1,1.5,si,420
2026-07-10,AD2,1.5 - 2.5,SI,510
2026-07-10,ADBABY,1.5 - 2.5,SI,417
2026-07-10,AD2,1.5 - 2.5,SI,485
2026-07-10,AD1,2,si,549
2026-07-10,AD-PIND,1.5 - 2.5,si,487
2026-07-10,AD3,0.0 - 1.0,SI,498
2026-07-10,AD2,0.0 - 1.0,si,510
2026-07-10,AD1,1.5 - 2.5,si,550
2026-07-10,AD2,1.5 - 2.5,si,503
2026-07-10,ADGUA,1.5 - 2.5,SI,479
2026-07-10,AD1,1.5 - 2.5,si,540
2026-07-10,AD-PIND,1.5 - 2.5,SI,439
2026-07-10,AD1,0.0 - 1.0,si,538
2026-07-10,AD1,1.5 - 2.5,SI,490
2026-07-10,AD1,2,si,534
2026-07-10,AD1,1.5 - 2.5,SI,177
2026-07-10,ADGUA,1.5 - 2.5,SI,477
2026-07-10,AD2,0.0 - 1.0,si,517
2026-07-10,AD1,2,SI,73
2026-07-10,AD1,0,SI,378
2026-07-10,AD2,1.5 - 2.5,SI,485
2026-07-10,AD1,0.0 - 1.0,si,352
2026-07-10,AD3,1.5 - 2.5,SI,377
2026-07-10,ADGUA,1.5 - 2.5,SI,92
2026-07-10,ADBABY,1.5 - 2.5,SI,28
2026-07-10,AD3,0.0 - 1.0,si,398
2026-07-10,AD1,1.5 - 2.5,SI,508
2026-07-10,AD-PIND,1.5 - 2.5,SI,440
2026-07-10,AD3,1.5 - 2.5,SI,139
2026-07-10,AD-PJUG,3.0 - 4.0,SI,332
2026-07-10,AD2,0.0 - 1.0,si,257
2026-07-10,AD-PIND,1.5 - 2.5,si,329
2026-07-10,AD2,1.5 - 2.5,SI,171
2026-07-10,ADBABY,1.5 - 2.5,SI,268
2026-07-10,PJUG,3.0 - 4.0,SI,1290
2026-07-10,PJUG,3.0 - 4.0,SI,1354
2026-07-10,PJUG,3.0 - 4.0,SI,1351
2026-07-10,PE2,3.0 - 4.0,SI,1045
2026-07-10,PE3,3.0 - 4.0,SI,710
2026-07-10,PEGUA,1.5 - 2.5,SI,370
2026-07-10,PE1,3.0 - 4.0,SI,826
2026-07-10,PJUG,3.0 - 4.0,SI,1152
2026-07-10,AD-PJUG,3.0 - 4.0,SI,1219
2026-07-10,AD-PJUG,3.0 - 4.0,SI,1351
2026-07-10,AD-PJUG,3.0 - 4.0,SI,1274
2026-07-10,AD-PJUG,3.0 - 4.0,SI,1722
2026-07-10,AD-PJUG,3.0 - 4.0,SI,1401
2026-07-10,AD-PJUG,3.0 - 4.0,si,1481
2026-07-10,AD-PJUG,3.0 - 4.0,SI,1599
2026-07-10,AD-PJUG,3.0 - 4.0,si,1202
2026-07-10,AD-PJUG,3.0 - 4.0,SI,610
2026-07-10,AD-PJUG,3.0 - 4.0,SI,1394
2026-07-10,PJUG,3.0 - 4.0,SI,1103
2026-07-11,AL-PE2,0.0 - 1.0,SI,47
2026-07-11,PE1,1.5 - 2.5,si,38
2026-07-11,PE2,1.5 - 2.5,si,10
2026-07-11,PE3,1.5 - 2.5,si,7
2026-07-11,PE1,1.5 - 2.5,si,3
2026-07-12,AD1,1.5 - 2.5,si,527
2026-07-12,AD2,1.5 - 2.5,SI,523
2026-07-12,AD1,0.0 - 1.0,SI,529
2026-07-12,AD1,1.5 - 2.5,SI,567
2026-07-12,AD1,1.5 - 2.5,SI,470
2026-07-12,ADGUA,1.5 - 2.5,SI,154
2026-07-12,AD1,2,SI,554
2026-07-12,AD1,0.0 - 1.0,SI,553
2026-07-12,AD2,1.5,SI,398
2026-07-12,AD2,1.5 - 2.5,SI,514
2026-07-12,AD1,1.5 - 2.5,SI,455
2026-07-12,AD-PIND,1.5 - 2.5,SI,485
2026-07-12,AD2,0.0 - 1.0,SI,501
2026-07-12,AD1,1.5 - 2.5,SI,478
2026-07-12,AD1,0.0 - 1.0,SI,552
2026-07-12,AD3,0.0 - 1.0,SI,534
2026-07-12,AD1,0.0 - 1.0,SI,563
2026-07-12,AD-PIND,1.5 - 2.5,si,475
2026-07-12,AD1,1.5 - 2.5,SI,560
2026-07-12,AD1,2,SI,542
2026-07-12,AD2,1.5 - 2.5,SI,502
2026-07-12,AD-PIND,1.5 - 2.5,SI,461
2026-07-12,AD1,1.5 - 2.5,si,570
2026-07-12,AD1,0.0 - 1.0,si,586
2026-07-12,AD1,2,SI,215
2026-07-12,AD3,1.5 - 2.5,SI,555
2026-07-12,ADGUA,1.5 - 2.5,SI,545
2026-07-12,AD3,0.0 - 1.0,SI,264
2026-07-12,PE2,1.5,SI,400
2026-07-12,AD-PJUG,3.0 - 4.0,SI,349
2026-07-12,AD2,0.0 - 1.0,SI,601
2026-07-12,AD2,1.5 - 2.5,SI,428
2026-07-12,AD1,0.0 - 1.0,SI,647
2026-07-12,AD2,1.5,SI,406
2026-07-12,AD-PJUG,3.0 - 4.0,SI,176
2026-07-12,AD1,1.5 - 2.5,SI,533
2026-07-12,ADGUA,1.5 - 2.5,SI,408
2026-07-12,AD1,0,SI,342
2026-07-12,PE1,2,si,551
2026-07-12,PE2,1.5,si,405
2026-07-12,PE1,2,SI,542
2026-07-12,PE1,0,si,204
2026-07-12,PE1,1,SI,566
2026-07-12,PE2,0.0 - 1.0,SI,515
2026-07-12,PE2,1.5,SI,407
2026-07-12,PE1,0.0 - 1.0,SI,541
2026-07-12,PE1,1,si,543
2026-07-12,PE2,1.5,si,400
2026-07-12,PE1,1,si,563
2026-07-12,PE2,1.5,si,409
2026-07-12,PE2,0.0 - 1.0,SI,511
2026-07-12,PE2,1.5,SI,401
2026-07-12,PE3,0.0 - 1.0,SI,543
2026-07-12,PE1,1,SI,519
2026-07-12,PE1,1,SI,551
2026-07-12,PE2,1.5,SI,406
2026-07-12,PE2,0.0 - 1.0,SI,521
2026-07-12,PE2,0.0 - 1.0,SI,514
2026-07-12,PE1,0.0 - 1.0,si,516
2026-07-12,PE1,0.0 - 1.0,SI,528
2026-07-12,PE1,1,si,576
2026-07-12,PE1,1,si,544
2026-07-12,PE2,1.5,SI,411
2026-07-12,PE1,1,si,577
2026-07-12,PE2,1.5,SI,432
2026-07-12,PE2,1.5,SI,398
2026-07-12,PE2,0.0 - 1.0,SI,522
2026-07-12,PE1,0.0 - 1.0,SI,544
2026-07-12,PE1,1.5 - 2.5,SI,528
2026-07-12,AD-PJUG,3.0 - 4.0,SI,1387
2026-07-12,AD-PJUG,3.0 - 4.0,SI,1067
2026-07-12,AD-PJUG,3.0 - 4.0,SI,1311
2026-07-12,AD-PJUG,3.0 - 4.0,SI,1457
2026-07-12,AD-PJUG,3.0 - 4.0,SI,1401
2026-07-12,PIND,3.0 - 4.0,SI,1091
2026-07-12,PIND,3.0 - 4.0,SI,1049
2026-07-12,PIND,3.0 - 4.0,SI,1008
2026-07-12,PIND,3.0 - 4.0,SI,1068
2026-07-12,PIND,3.0 - 4.0,SI,1024
2026-07-12,PIND,3.0 - 4.0,SI,1024
2026-07-12,PIND,3.0 - 4.0,SI,996
2026-07-12,PIND,3.0 - 4.0,SI,1026
2026-07-12,PE1,1.5 - 2.5,SI,525
2026-07-12,PE2,0.0 - 1.0,SI,527
2026-07-12,PE1,0.0 - 1.0,SI,584
2026-07-12,PE1,1,SI,631
2026-07-12,PE1,0.0 - 1.0,SI,541
2026-07-12,PE1,0.0 - 1.0,SI,540
2026-07-12,PE1,0.0 - 1.0,SI,548
2026-07-12,AD-PJUG,3.0 - 4.0,SI,32
2026-07-12,PE2,0.0 - 1.0,SI,527
2026-07-12,PE1,0.0 - 1.0,SI,563
2026-07-12,PE3,0.0 - 1.0,SI,532
2026-07-12,PE1,1.5 - 2.5,si,569
2026-07-12,PE2,3.0 - 4.0,SI,63
2026-07-12,PE2,1.5 - 2.5,SI,565
2026-07-12,PE1,1.5 - 2.5,si,615
2026-07-12,PJUG,3.0 - 4.0,SI,25
2026-07-12,PE3,3.0 - 4.0,SI,29
2026-07-12,PE2,3.0 - 4.0,SI,35
2026-07-12,PE1,0.0 - 1.0,SI,543
2026-07-12,PE3,0.0 - 1.0,SI,113
2026-07-12,PE1,0.0 - 1.0,SI,410
2026-07-12,PE3,1.5 - 2.5,SI,126
2026-07-12,PE2,1.5 - 2.5,SI,162
2026-07-12,PE1,3.0 - 4.0,SI,307
2026-07-12,PE2,0.0 - 1.0,SI,558
2026-07-12,PEGUA,1.5 - 2.5,SI,181
2026-07-12,PIND,1.5 - 2.5,SI,401
2026-07-12,PEBAB,1.5 - 2.5,SI,258
2026-07-12,PJUG,3.0 - 4.0,SI,272
2026-07-12,AD-PJUG,3.0 - 4.0,SI,626
2026-07-13,PE1,3.0 - 4.0,SI,556
2026-07-13,PEBAB,1.5 - 2.5,si,389
2026-07-13,PE2,3.0 - 4.0,SI,515
2026-07-13,PEGUA,1.5 - 2.5,SI,478
2026-07-13,PEGUA,1.5 - 2.5,SI,459
2026-07-13,PJUG,3.0 - 4.0,SI,486
2026-07-13,PE2,3.0 - 4.0,SI,493
2026-07-13,PE3,3.0 - 4.0,SI,483
2026-07-13,PIND,1.5 - 2.5,SI,463
2026-07-13,PJUG,3.0 - 4.0,SI,511
2026-07-13,PJUG,3.0 - 4.0,SI,546
2026-07-13,PE1,3.0 - 4.0,SI,525
2026-07-13,PE1,3.0 - 4.0,SI,547
2026-07-13,PEGUA,1.5 - 2.5,SI,498
2026-07-13,PEBAB,1.5 - 2.5,SI,397
2026-07-13,PE1,3.0 - 4.0,SI,531
2026-07-13,PEGUA,1.5 - 2.5,si,479
2026-07-13,PE2,3.0 - 4.0,SI,485
2026-07-13,PIND,1.5 - 2.5,SI,481
2026-07-13,PEBAB,1.5 - 2.5,SI,397
2026-07-13,PE1,3.0 - 4.0,SI,525
2026-07-13,PEGUA,1.5 - 2.5,SI,495
2026-07-13,PEGUA,1.5 - 2.5,SI,460
2026-07-13,PE2,3.0 - 4.0,SI,500
2026-07-13,PE3,3.0 - 4.0,SI,48
2026-07-13,PE2,3.0 - 4.0,SI,22
2026-07-13,PE3,1.5 - 2.5,SI,8
2026-07-13,PEBAB,1.5 - 2.5,SI,386
2026-07-13,PE1,3.0 - 4.0,SI,525
2026-07-13,PJUG,3.0 - 4.0,SI,492
2026-07-13,PE3,3.0 - 4.0,SI,481
2026-07-13,PEBAB,1.5 - 2.5,si,425
2026-07-13,PEGUA,1.5 - 2.5,SI,485
2026-07-13,PE2,3.0 - 4.0,SI,502
2026-07-13,PEGUA,1.5 - 2.5,si,488
2026-07-13,PE1,1.5 - 2.5,SI,525
2026-07-13,PE2,3.0 - 4.0,SI,508
2026-07-13,PEBAB,1.5 - 2.5,SI,402
2026-07-13,PE1,3.0 - 4.0,SI,532
2026-07-13,PIND,1.5 - 2.5,SI,454
2026-07-13,PEBAB,1.5 - 2.5,SI,411
2026-07-13,PEGUA,1.5 - 2.5,SI,448
2026-07-13,PEGUA,1.5 - 2.5,SI,488
2026-07-13,PE3,3.0 - 4.0,SI,487
2026-07-13,PE2,3.0 - 4.0,SI,500
2026-07-13,PEBAB,1.5 - 2.5,SI,388
2026-07-13,PE1,3.0 - 4.0,SI,543
2026-07-13,PJUG,3.0 - 4.0,SI,522
2026-07-13,PJUG,3.0 - 4.0,SI,1350
2026-07-13,PJUG,3.0 - 4.0,SI,1249
2026-07-13,PEGUA,3.0 - 4.0,si,451
2026-07-13,PE3,3.0 - 4.0,si,480
2026-07-13,PJUG,3.0 - 4.0,SI,498
2026-07-13,PEBAB,1.5 - 2.5,SI,422
2026-07-13,PE2,3.0 - 4.0,SI,499
2026-07-13,PE1,3.0 - 4.0,SI,536
2026-07-13,PE1,3.0 - 4.0,SI,527
2026-07-13,PEBAB,1.5 - 2.5,SI,405
2026-07-13,PE2,3.0 - 4.0,SI,484
2026-07-13,PEGUA,1.5 - 2.5,si,479
2026-07-13,PIND,1.5 - 2.5,SI,450
2026-07-13,PE3,3.0 - 4.0,SI,483
2026-07-13,PEGUA,1.5 - 2.5,si,475
2026-07-13,PE1,3.0 - 4.0,SI,541
2026-07-13,PE2,3.0 - 4.0,SI,491
2026-07-13,PEBAB,1.5 - 2.5,SI,392
2026-07-13,PIND,1.5 - 2.5,si,457
2026-07-13,PEGUA,1.5 - 2.5,SI,478
2026-07-13,PEGUA,1.5 - 2.5,SI,463
2026-07-13,PJUG,3.0 - 4.0,SI,1278
2026-07-13,PJUG,3.0 - 4.0,SI,487
2026-07-13,PEBAB,1.5 - 2.5,SI,424
2026-07-13,PE1,3.0 - 4.0,SI,544
2026-07-13,PEBAB,1.5 - 2.5,SI,394
2026-07-13,PE2,3.0 - 4.0,SI,503
2026-07-13,PEBAB,1.5 - 2.5,SI,379
2026-07-13,PJUG,3.0 - 4.0,SI,500
2026-07-13,PE3,3.0 - 4.0,SI,482
2026-07-13,PE2,3.0 - 4.0,SI,491
2026-07-13,PEBAB,1.5 - 2.5,si,423
2026-07-13,PEGUA,1.5 - 2.5,SI,480
2026-07-13,PE1,3.0 - 4.0,SI,528
2026-07-13,PEGUA,1.5 - 2.5,SI,456
2026-07-13,PE1,3.0 - 4.0,si,535
2026-07-13,PEBAB,1.5 - 2.5,SI,3
2026-07-13,PIND,1.5 - 2.5,SI,468
2026-07-13,PE2,3.0 - 4.0,SI,488
2026-07-13,PEGUA,1.5 - 2.5,si,491
2026-07-13,PE3,0.0 - 1.0,SI,473
2026-07-13,PEGUA,1.5 - 2.5,SI,484
2026-07-13,PE2,1.5,SI,396
2026-07-13,PJUG,3.0 - 4.0,SI,1405
2026-07-13,PEBAB,1.5 - 2.5,SI,410
2026-07-13,PE1,0.0 - 1.0,SI,481
2026-07-13,PE1,3.0 - 4.0,SI,525
2026-07-13,PJUG,3.0 - 4.0,SI,475
2026-07-13,PE2,0.0 - 1.0,si,197
2026-07-13,PE2,1.5,si,394
2026-07-13,PE1,3.0 - 4.0,si,546
2026-07-13,PJUG,3.0 - 4.0,SI,1285
2026-07-13,PE3,0.0 - 1.0,SI,481
2026-07-13,PE2,1.5,SI,400
2026-07-13,PIND,1.5 - 2.5,si,515
2026-07-13,PEGUA,1.5 - 2.5,si,496
2026-07-13,PE1,3.0 - 4.0,si,529
2026-07-13,PE1,1.5 - 2.5,SI,529
2026-07-13,PE1,0.0 - 1.0,si,576
2026-07-13,PEGUA,1.5 - 2.5,si,474
2026-07-13,PJUG,3.0 - 4.0,SI,478
2026-07-13,PE2,3.0 - 4.0,SI,492
2026-07-13,PEBAB,1.5 - 2.5,si,434
2026-07-13,PE2,3.0 - 4.0,SI,120
2026-07-13,PJUG,3.0 - 4.0,SI,474
2026-07-13,PE3,3.0 - 4.0,SI,462
2026-07-13,PEGUA,1.5 - 2.5,SI,492
2026-07-13,PE1,3.0 - 4.0,SI,549
2026-07-13,PEBAB,1.5 - 2.5,SI,401
2026-07-13,PE2,0.0 - 1.0,SI,16
2026-07-13,PEGUA,1.5 - 2.5,SI,475
2026-07-13,PE2,3.0 - 4.0,SI,508
2026-07-13,PIND,1.5 - 2.5,SI,474
2026-07-13,PEGUA,1.5 - 2.5,SI,470
2026-07-13,PEBAB,1.5 - 2.5,SI,412
2026-07-13,PEGUA,1.5 - 2.5,si,458
2026-07-13,PE1,3.0 - 4.0,SI,538
2026-07-13,PE2,0.0 - 1.0,SI,485
2026-07-13,PE2,1.5,SI,447
2026-07-13,PE2,1.5,SI,265
2026-07-13,PE3,0.0 - 1.0,SI,445
2026-07-13,PE2,1.5,si,220
2026-07-13,PEBAB,1.5 - 2.5,SI,494
2026-07-13,PIND,1.5 - 2.5,SI,343
2026-07-13,PE1,3.0 - 4.0,SI,592
2026-07-13,PEBAB,1.5 - 2.5,SI,482
2026-07-13,PEGUA,1.5 - 2.5,SI,378
2026-07-13,PE3,3.0 - 4.0,SI,407
2026-07-13,PJUG,3.0 - 4.0,SI,478
2026-07-13,PJUG,3.0 - 4.0,SI,524
2026-07-13,PE2,3.0 - 4.0,SI,449
2026-07-13,PE3,0.0 - 1.0,SI,206
2026-07-13,PE2,1.5 - 2.5,SI,364
2026-07-13,PE2,0.0 - 1.0,SI,284
2026-07-13,PE1,1.5 - 2.5,SI,4
2026-07-13,PE3,1.5 - 2.5,SI,232
2026-07-13,PE1,1.5 - 2.5,si,11
2026-07-13,PJUG,3.0 - 4.0,SI,364
2026-07-13,PE1,1.5 - 2.5,SI,179
2026-07-13,PE1,0.0 - 1.0,si,549
2026-07-13,AD1,1.5 - 2.5,SI,561
2026-07-13,AD3,0.0 - 1.0,SI,29
2026-07-13,AD1,0.0 - 1.0,SI,563
2026-07-13,AD2,0.0 - 1.0,si,506
2026-07-13,AD-PIND,1.5 - 2.5,si,491
2026-07-13,AD2,1.5 - 2.5,SI,483
2026-07-13,AD3,0.0 - 1.0,si,119
2026-07-13,AD1,1.5 - 2.5,SI,542
2026-07-13,AD1,0.0 - 1.0,si,556
2026-07-13,ADGUA,1.5 - 2.5,si,99
2026-07-13,AD1,1.5 - 2.5,si,545
2026-07-13,PE1,0.0 - 1.0,SI,388
2026-07-13,PIND,1.5 - 2.5,si,478
2026-07-13,AD1,0.0 - 1.0,SI,561
2026-07-13,AD1,0.0 - 1.0,SI,531
2026-07-13,AD1,1.5 - 2.5,SI,494
2026-07-13,AD1,0.0 - 1.0,SI,561
2026-07-13,AD-PIND,1.5 - 2.5,SI,480
2026-07-13,AD2,1.5,SI,410
2026-07-13,AD-PIND,1.5 - 2.5,SI,497
2026-07-13,AD-PJUG,3.0 - 4.0,SI,505
2026-07-13,PE2,1.5 - 2.5,SI,73
2026-07-13,AD2,0.0 - 1.0,SI,532
2026-07-13,AD1,0.0 - 1.0,SI,564
2026-07-13,AD3,0.0 - 1.0,SI,211
2026-07-13,AD1,1.5 - 2.5,si,614
2026-07-13,ADBABY,1.5 - 2.5,SI,82
2026-07-13,AD-PIND,1.5 - 2.5,SI,79
2026-07-13,AD3,1.5 - 2.5,SI,273
2026-07-13,AD1,0.0 - 1.0,SI,275
2026-07-13,AD2,1.5 - 2.5,SI,478
2026-07-13,AD1,1.5 - 2.5,SI,630
2026-07-13,AD2,0.0 - 1.0,SI,451
2026-07-13,AD2,1.5 - 2.5,SI,137
2026-07-13,AD-PJUG,3.0 - 4.0,SI,363
2026-07-13,AD-PJUG,3.0 - 4.0,SI,148
2026-07-13,ADGUA,1.5 - 2.5,SI,296
2026-07-13,PJUG,3.0 - 4.0,SI,1435
2026-07-13,PJUG,3.0 - 4.0,SI,1265
2026-07-13,PJUG,3.0 - 4.0,SI,1248
2026-07-13,AD-PJUG,3.0 - 4.0,SI,1297
2026-07-13,AD-PJUG,3.0 - 4.0,SI,1216
2026-07-13,AD-PJUG,3.0 - 4.0,SI,1227
2026-07-13,AD-PJUG,3.0 - 4.0,SI,1169
2026-07-13,AD-PJUG,3.0 - 4.0,SI,932
2026-07-14,PEBAB,1.5 - 2.5,SI,421
2026-07-14,PEGUA,1.5 - 2.5,SI,450
2026-07-14,PEGUA,1.5 - 2.5,SI,454
2026-07-14,PE2,0.0 - 1.0,SI,471
2026-07-14,PE3,0.0 - 1.0,si,476
2026-07-14,PIND,1.5 - 2.5,si,117
2026-07-14,PIND,1.5 - 2.5,SI,468
2026-07-14,PEBAB,1.5 - 2.5,si,425
2026-07-14,PEGUA,1.5 - 2.5,si,454
2026-07-14,PEBAB,1.5 - 2.5,si,137
2026-07-14,PE2,0.0 - 1.0,SI,470
2026-07-14,PEGUA,1.5 - 2.5,SI,464
2026-07-14,PEBAB,1.5 - 2.5,SI,433
2026-07-14,PE3,0.0 - 1.0,si,478
2026-07-14,PEGUA,1.5 - 2.5,SI,459
2026-07-14,PIND,1.5 - 2.5,SI,483
2026-07-14,PEBAB,1.5 - 2.5,si,421
2026-07-14,PE1,3.0 - 4.0,si,561
2026-07-14,PEGUA,1.5 - 2.5,SI,453
2026-07-14,PEGUA,1.5 - 2.5,SI,161
2026-07-14,PEBAB,1.5 - 2.5,si,430
2026-07-14,PEGUA,1.5 - 2.5,si,468
2026-07-14,PE3,0.0 - 1.0,SI,469
2026-07-14,PEBAB,1.5 - 2.5,SI,425
2026-07-14,PEGUA,1.5 - 2.5,si,458
2026-07-14,PE1,3.0 - 4.0,SI,526
2026-07-14,PE2,0.0 - 1.0,SI,462
2026-07-14,PE3,3.0 - 4.0,SI,478
2026-07-14,PEBAB,1.5 - 2.5,SI,431
2026-07-14,PE2,3.0 - 4.0,SI,494
2026-07-14,PIND,1.5 - 2.5,SI,434
2026-07-14,PJUG,3.0 - 4.0,SI,540
2026-07-14,PEGUA,1.5 - 2.5,SI,450
2026-07-14,PE2,0.0 - 1.0,SI,52
2026-07-14,PEBAB,1.5 - 2.5,SI,436
2026-07-14,PE3,3.0 - 4.0,SI,59
2026-07-14,PEGUA,1.5 - 2.5,SI,465
2026-07-14,PEGUA,1.5 - 2.5,SI,465
2026-07-14,PE2,1.5,SI,396
2026-07-14,PE1,2,SI,520
2026-07-14,PE3,0.0 - 1.0,SI,491
2026-07-14,PE3,0.0 - 1.0,SI,14
2026-07-14,PJUG,3.0 - 4.0,SI,512
2026-07-14,PEBAB,1.5 - 2.5,SI,428
2026-07-14,PEBAB,1.5 - 2.5,si,433
2026-07-14,PIND,1.5 - 2.5,SI,447
2026-07-14,PE2,3.0 - 4.0,SI,498
2026-07-14,PE2,0.0 - 1.0,SI,479
2026-07-14,PJUG,3.0 - 4.0,SI,1007
2026-07-14,PJUG,3.0 - 4.0,SI,1359
2026-07-14,PJUG,3.0 - 4.0,SI,1449
2026-07-14,PJUG,3.0 - 4.0,SI,903
2026-07-14,PJUG,3.0 - 4.0,SI,1071
2026-07-14,PJUG,3.0 - 4.0,SI,1090
2026-07-14,PJUG,3.0 - 4.0,SI,1039
2026-07-14,PJUG,3.0 - 4.0,SI,995
2026-07-14,PJUG,3.0 - 4.0,SI,1032
2026-07-14,PJUG,3.0 - 4.0,SI,1001
2026-07-14,PJUG,3.0 - 4.0,SI,1135
2026-07-14,PJUG,3.0 - 4.0,SI,996
2026-07-14,PJUG,3.0 - 4.0,SI,1050
2026-07-14,PJUG,3.0 - 4.0,SI,971
2026-07-14,PJUG,3.0 - 4.0,SI,1685
2026-07-14,PE1,3.0 - 4.0,si,520
2026-07-14,PEGUA,1.5 - 2.5,si,457
2026-07-14,PE2,1.5,SI,395
2026-07-14,PEGUA,1.5 - 2.5,SI,462
2026-07-14,PE3,0.0 - 1.0,SI,500
2026-07-14,PEBAB,1.5 - 2.5,SI,434
2026-07-14,PEGUA,1.5 - 2.5,SI,449
2026-07-14,PEBAB,1.5 - 2.5,si,411
2026-07-14,PJUG,3.0 - 4.0,SI,497
2026-07-14,PIND,1.5 - 2.5,SI,474
2026-07-14,PE1,2,SI,538
2026-07-14,PE2,0.0 - 1.0,SI,482
2026-07-14,PEGUA,1.5 - 2.5,SI,464
2026-07-14,PE2,1.5,SI,398
2026-07-14,PE3,0.0 - 1.0,SI,477
2026-07-14,PE3,3.0 - 4.0,SI,472
2026-07-14,PE1,2,SI,511
2026-07-14,PEBAB,1.5 - 2.5,si,115
2026-07-14,PE1,3.0 - 4.0,SI,571
2026-07-14,PE1,1.5 - 2.5,SI,563
2026-07-14,PE2,3.0 - 4.0,SI,498
2026-07-14,PEGUA,1.5 - 2.5,SI,37
2026-07-14,PE1,1.5 - 2.5,SI,16
2026-07-14,PEGUA,1.5 - 2.5,SI,494
2026-07-14,PE2,1.5 - 2.5,SI,481
2026-07-14,PE2,1.5 - 2.5,SI,15
2026-07-14,PE3,1.5 - 2.5,SI,1
2026-07-14,PE2,1.5 - 2.5,SI,66
2026-07-14,PE1,1.5 - 2.5,SI,3
2026-07-14,PE3,0.0 - 1.0,SI,149
2026-07-14,PE3,1.5 - 2.5,SI,485
2026-07-14,PEGUA,1.5 - 2.5,SI,477
2026-07-14,PJUG,3.0 - 4.0,SI,1338
2026-07-14,PE1,1.5 - 2.5,SI,55
2026-07-14,PE2,1.5,SI,405
2026-07-14,PE2,1.5 - 2.5,si,490
2026-07-14,PE1,0.0 - 1.0,si,566
2026-07-14,PE1,3.0 - 4.0,si,559
2026-07-14,PJUG,3.0 - 4.0,SI,491
2026-07-14,PE2,3.0 - 4.0,si,502
2026-07-14,PE3,3.0 - 4.0,si,483
2026-07-14,PIND,1.5 - 2.5,si,515
2026-07-14,PEGUA,1.5 - 2.5,SI,462
2026-07-14,PE1,2,SI,522
2026-07-14,PE2,1.5 - 2.5,si,497
2026-07-14,PEGUA,1.5 - 2.5,si,477
2026-07-14,PE3,1.5 - 2.5,SI,510
2026-07-14,PE2,3.0 - 4.0,si,567
2026-07-14,PE1,2,si,341
2026-07-14,PE1,3.0 - 4.0,si,563
2026-07-14,PE1,3.0 - 4.0,si,395
2026-07-14,PE2,3.0 - 4.0,si,514
2026-07-14,PE3,3.0 - 4.0,SI,280
2026-07-14,PE2,1.5,SI,347
2026-07-14,PE2,0.0 - 1.0,SI,20
2026-07-14,PE2,1.5,SI,463
2026-07-14,PE3,1.5 - 2.5,SI,485
2026-07-14,PE1,1.5 - 2.5,si,568
2026-07-14,PIND,1.5 - 2.5,SI,467
2026-07-14,PEGUA,1.5 - 2.5,SI,94
2026-07-14,PEBAB,1.5 - 2.5,SI,451
2026-07-14,PE2,1.5 - 2.5,SI,504
2026-07-14,PE2,1.5 - 2.5,SI,494
2026-07-14,PE3,1.5 - 2.5,SI,17
2026-07-14,PEBAB,1.5 - 2.5,SI,266
2026-07-14,PE3,0.0 - 1.0,SI,498
2026-07-14,AD1,1.5 - 2.5,SI,559
2026-07-14,AD1,0.0 - 1.0,SI,507
2026-07-14,AD2,0.0 - 1.0,SI,480
2026-07-14,AD3,0.0 - 1.0,SI,14
2026-07-14,AD1,2,SI,524
2026-07-14,AD1,3.0 - 4.0,SI,482
2026-07-14,AD2,1.5,SI,405
2026-07-14,ADGUA,1.5 - 2.5,SI,92
2026-07-14,AD-PIND,1.5 - 2.5,SI,500
2026-07-14,AD1,1.5 - 2.5,SI,564
2026-07-14,AD1,0.0 - 1.0,SI,507
2026-07-14,AD3,0.0 - 1.0,SI,483
2026-07-14,AD2,0.0 - 1.0,SI,46
2026-07-14,AD2,1.5 - 2.5,SI,501
2026-07-14,AD1,1.5 - 2.5,SI,562
2026-07-14,AD2,0.0 - 1.0,SI,491
2026-07-14,ADGUA,1.5 - 2.5,SI,483
2026-07-14,AD2,1.5,SI,410
2026-07-14,AD1,0.0 - 1.0,SI,507
2026-07-14,ADGUA,1.5 - 2.5,si,470
2026-07-14,AD2,0.0 - 1.0,SI,501
2026-07-14,AD-PIND,1.5 - 2.5,SI,481
2026-07-14,AD2,1.5 - 2.5,SI,520
2026-07-14,AD1,1.5 - 2.5,SI,576
2026-07-14,AD2,1.5,SI,402
2026-07-14,AD1,0.0 - 1.0,SI,499
2026-07-14,AD3,1.5 - 2.5,si,200
2026-07-14,ADBABY,1.5 - 2.5,SI,50
2026-07-14,AD3,0.0 - 1.0,si,503
2026-07-14,AD3,1.5 - 2.5,si,190
2026-07-14,AD-PJUG,3.0 - 4.0,SI,485
2026-07-14,AD-PJUG,3.0 - 4.0,SI,155
2026-07-14,AD2,1.5 - 2.5,SI,395
2026-07-14,AD2,0.0 - 1.0,si,185
2026-07-14,AD3,1.5 - 2.5,SI,490
2026-07-14,AD3,1.5 - 2.5,SI,42
2026-07-14,AD2,0.0 - 1.0,SI,175
2026-07-14,AD1,1,SI,496
2026-07-14,AD1,1,SI,462
2026-07-14,AD-PJUG,3.0 - 4.0,SI,546
2026-07-14,AD1,0,SI,502
2026-07-14,AD1,1.5 - 2.5,si,118
2026-07-14,AD1,0.0 - 1.0,SI,496
2026-07-14,AD-PIND,1.5 - 2.5,SI,436
2026-07-14,AD1,1.5 - 2.5,SI,368
2026-07-14,ADGUA,1.5 - 2.5,SI,302
2026-07-14,AD1,0.0 - 1.0,SI,440
2026-07-14,ADGUA,1.5 - 2.5,SI,189
2026-07-14,ADGUA,1.5 - 2.5,SI,71
2026-07-14,AD-PJUG,3.0 - 4.0,SI,144
2026-07-14,PJUG,3.0 - 4.0,SI,1424
2026-07-14,PJUG,3.0 - 4.0,SI,1511
2026-07-14,PJUG,3.0 - 4.0,SI,1506
2026-07-14,PJUG,3.0 - 4.0,SI,1510
2026-07-14,AD-PJUG,3.0 - 4.0,SI,1452
2026-07-14,AD-PJUG,3.0 - 4.0,SI,1134
2026-07-14,AD-PJUG,3.0 - 4.0,SI,1404
2026-07-14,PJUG,3.0 - 4.0,SI,986
2026-07-15,AL-PE1,1.5 - 2.5,SI,250
2026-07-15,PJUG,3.0 - 4.0,SI,554
2026-07-15,PE3,1.5 - 2.5,SI,485
2026-07-15,PE2,1.5,SI,399
2026-07-15,PIND,1.5 - 2.5,SI,494
2026-07-15,PJUG,3.0 - 4.0,SI,528
2026-07-15,PEGUA,1.5 - 2.5,SI,487
2026-07-15,PE1,1.5 - 2.5,SI,602
2026-07-15,PIND,1.5 - 2.5,SI,477
2026-07-15,PEGUA,1.5 - 2.5,SI,474
2026-07-15,PE3,1.5 - 2.5,SI,496
2026-07-15,PE1,3.0 - 4.0,si,595
2026-07-15,PE2,3.0 - 4.0,SI,499
2026-07-15,PJUG,3.0 - 4.0,SI,553
2026-07-15,PEGUA,1.5 - 2.5,SI,479
2026-07-15,PEBAB,1.5 - 2.5,SI,435
2026-07-15,PE3,0.0 - 1.0,SI,487
2026-07-15,PE2,1.5,SI,396
2026-07-15,PIND,1.5 - 2.5,si,457
2026-07-15,PE2,0.0 - 1.0,SI,491
2026-07-15,PEGUA,1.5 - 2.5,SI,467
2026-07-15,PE3,1.5 - 2.5,SI,497
2026-07-15,PE2,1.5,SI,394
2026-07-15,PEBAB,1.5 - 2.5,SI,427
2026-07-15,PEGUA,1.5 - 2.5,SI,463
2026-07-15,PEGUA,1.5 - 2.5,SI,453
2026-07-15,PEBAB,1.5 - 2.5,SI,413
2026-07-15,PE3,1.5 - 2.5,SI,494
2026-07-15,PE1,1.5 - 2.5,SI,567
2026-07-15,PE2,1.5,SI,396
2026-07-15,PIND,1.5 - 2.5,SI,420
2026-07-15,PE3,0.0 - 1.0,SI,485
2026-07-15,PE1,0.0 - 1.0,SI,564
2026-07-15,PEGUA,1.5 - 2.5,SI,455
2026-07-15,PEBAB,1.5 - 2.5,SI,418
2026-07-15,PEGUA,1.5 - 2.5,SI,464
2026-07-15,PE2,0.0 - 1.0,SI,496
2026-07-15,PEGUA,1.5 - 2.5,SI,475
2026-07-15,PEBAB,1.5 - 2.5,SI,404
2026-07-15,PE2,1.5 - 2.5,SI,489
2026-07-15,PE2,1.5,SI,392
2026-07-15,PIND,1.5 - 2.5,SI,447
2026-07-15,PEBAB,1.5 - 2.5,SI,415
2026-07-15,PE1,3.0 - 4.0,SI,532
2026-07-15,PJUG,3.0 - 4.0,si,1561
2026-07-15,PJUG,3.0 - 4.0,si,1561
2026-07-15,PJUG,3.0 - 4.0,si,1256
2026-07-15,PE2,1.5,SI,401
2026-07-15,PE3,0.0 - 1.0,SI,482
2026-07-15,PE3,3.0 - 4.0,SI,478
2026-07-15,PEBAB,1.5 - 2.5,SI,422
2026-07-15,PEBAB,1.5 - 2.5,SI,402
2026-07-15,PE3,1.5 - 2.5,SI,504
2026-07-15,PE2,0.0 - 1.0,SI,494
2026-07-15,PE2,3.0 - 4.0,SI,498
2026-07-15,PEGUA,1.5 - 2.5,SI,466
2026-07-15,PE1,0.0 - 1.0,SI,529
2026-07-15,PE1,1.5 - 2.5,SI,534
2026-07-15,PEGUA,1.5 - 2.5,SI,461
2026-07-15,PE2,1.5 - 2.5,SI,485
2026-07-15,PIND,1.5 - 2.5,SI,435
2026-07-15,PEBAB,1.5 - 2.5,SI,426
2026-07-15,PE1,1.5 - 2.5,SI,555
2026-07-15,PEGUA,1.5 - 2.5,SI,487
2026-07-15,PEGUA,1.5 - 2.5,SI,483
2026-07-15,PEGUA,0.0 - 1.0,SI,452
2026-07-15,PE3,1.5 - 2.5,SI,467
2026-07-15,PE2,0.0 - 1.0,SI,496
2026-07-15,PE1,3.0 - 4.0,SI,545
2026-07-15,PE1,0.0 - 1.0,SI,534
2026-07-15,PEBAB,1.5 - 2.5,SI,412
2026-07-15,PE3,1.5 - 2.5,SI,487
2026-07-15,PE2,1.5 - 2.5,SI,493
2026-07-15,PIND,1.5 - 2.5,SI,460
2026-07-15,PEBAB,1.5 - 2.5,SI,434
2026-07-15,PE1,0.0 - 1.0,SI,79
2026-07-15,PEGUA,1.5 - 2.5,SI,464
2026-07-15,PE2,1.5 - 2.5,SI,26
2026-07-15,PE2,0.0 - 1.0,SI,515
2026-07-15,PE1,1.5 - 2.5,SI,518
2026-07-15,PE3,1.5 - 2.5,SI,27
2026-07-15,PJUG,3.0 - 4.0,SI,464
2026-07-15,PE3,0.0 - 1.0,SI,34
2026-07-15,PJUG,3.0 - 4.0,SI,504
2026-07-15,PEGUA,1.5 - 2.5,SI,79
2026-07-15,PE3,0.0 - 1.0,SI,484
2026-07-15,PEBAB,1.5 - 2.5,SI,429
2026-07-15,PIND,1.5 - 2.5,SI,417
2026-07-15,PEBAB,1.5 - 2.5,SI,431
2026-07-15,PE2,1.5 - 2.5,SI,493
2026-07-15,PEBAB,1.5 - 2.5,SI,424
2026-07-15,PE3,1.5 - 2.5,SI,478
2026-07-15,PE2,0.0 - 1.0,SI,493
2026-07-15,PEBAB,1.5 - 2.5,SI,421
2026-07-15,PEGUA,1.5 - 2.5,SI,474
2026-07-15,PE3,1.5 - 2.5,SI,15
2026-07-15,PEBAB,1.5 - 2.5,SI,422
2026-07-15,PEGUA,1.5 - 2.5,SI,446
2026-07-15,PE1,0.0 - 1.0,SI,537
2026-07-15,PIND,1.5 - 2.5,si,420
2026-07-15,PEGUA,1.5 - 2.5,SI,453
2026-07-15,PEBAB,1.5 - 2.5,SI,425
2026-07-15,PE2,0.0 - 1.0,SI,515
2026-07-15,PE2,0.0 - 1.0,SI,498
2026-07-15,PEGUA,1.5 - 2.5,SI,62
2026-07-15,PEBAB,1.5 - 2.5,SI,422
2026-07-15,PE3,1.5 - 2.5,SI,482
2026-07-15,PE3,0.0 - 1.0,SI,483
2026-07-15,PIND,1.5 - 2.5,SI,409
2026-07-15,PEGUA,1.5 - 2.5,SI,433
2026-07-15,PE2,1.5 - 2.5,SI,496
2026-07-15,PE1,1.5 - 2.5,SI,532
2026-07-15,PE1,3.0 - 4.0,SI,558
2026-07-15,PEGUA,1.5 - 2.5,SI,487
2026-07-15,PE2,3.0 - 4.0,SI,496
2026-07-15,PEGUA,1.5 - 2.5,SI,453
2026-07-15,PJUG,3.0 - 4.0,SI,467
2026-07-15,PE1,1.5 - 2.5,SI,534
2026-07-15,PIND,1.5 - 2.5,si,447
2026-07-15,PE1,1.5 - 2.5,SI,119
2026-07-15,PE3,3.0 - 4.0,SI,507
2026-07-15,PE1,1.5 - 2.5,SI,544
2026-07-15,PE2,0.0 - 1.0,SI,494
2026-07-15,PE1,0.0 - 1.0,SI,565
2026-07-15,PE2,3.0 - 4.0,SI,326
2026-07-15,PE2,0.0 - 1.0,SI,505
2026-07-15,PE2,1.5 - 2.5,SI,508
2026-07-15,PE1,0.0 - 1.0,SI,549
2026-07-15,PE3,1.5 - 2.5,SI,500
2026-07-15,PEBAB,1.5 - 2.5,SI,414
2026-07-15,PE2,1.5 - 2.5,SI,507
2026-07-15,PE1,1.5 - 2.5,SI,558
2026-07-15,AD2,0.0 - 1.0,SI,511
2026-07-15,PEBAB,1.5 - 2.5,SI,422
2026-07-15,AD-PJUG,3.0 - 4.0,SI,517
2026-07-15,AD1,0.0 - 1.0,SI,546
2026-07-15,AD-PIND,1.5 - 2.5,SI,433
2026-07-15,AD1,0.0 - 1.0,SI,562
2026-07-15,AD1,1.5 - 2.5,SI,575
2026-07-15,PE3,0.0 - 1.0,SI,479
2026-07-15,PE1,0.0 - 1.0,SI,510
2026-07-15,ADGUA,1.5 - 2.5,SI,477
2026-07-15,AD3,0.0 - 1.0,SI,479
2026-07-15,AD1,0.0 - 1.0,SI,535
2026-07-15,AD-PJUG,3.0 - 4.0,si,1215
2026-07-15,AD-PJUG,3.0 - 4.0,si,1144
2026-07-15,PJUG,3.0 - 4.0,si,1052
2026-07-15,PJUG,3.0 - 4.0,si,1431
2026-07-15,PJUG,3.0 - 4.0,si,1426
2026-07-15,AD-PJUG,3.0 - 4.0,SI,1458
2026-07-15,AD2,0.0 - 1.0,SI,513
2026-07-15,AD3,1.5 - 2.5,SI,479
2026-07-15,PE1,1.5 - 2.5,SI,58
2026-07-15,PE2,1.5 - 2.5,SI,7
2026-07-15,PE3,1.5 - 2.5,SI,1
2026-07-15,PE1,1.5 - 2.5,SI,3
2026-07-15,AD1,1.5 - 2.5,SI,572
2026-07-15,ADGUA,1.5 - 2.5,SI,494
2026-07-15,AD1,1.5 - 2.5,SI,554
2026-07-15,AD1,0.0 - 1.0,SI,528
2026-07-15,AD1,1.5 - 2.5,SI,578
2026-07-15,AD-PIND,1.5 - 2.5,SI,494
2026-07-15,AD2,0.0 - 1.0,si,507
2026-07-15,AD2,0.0 - 1.0,SI,507
2026-07-15,AD1,0.0 - 1.0,SI,569
2026-07-15,AD2,1.5 - 2.5,SI,496
2026-07-15,AD1,0.0 - 1.0,SI,542
2026-07-15,AD2,0.0 - 1.0,SI,415
2026-07-15,AD-PIND,1.5 - 2.5,SI,442
2026-07-15,AD1,0.0 - 1.0,SI,315
2026-07-15,PE2,3.0 - 4.0,SI,37
2026-07-15,AD-PJUG,3.0 - 4.0,SI,545
2026-07-15,AD1,1.5 - 2.5,SI,432
2026-07-15,PE2,1.5,SI,318
2026-07-15,AD-PJUG,3.0 - 4.0,SI,523
2026-07-15,AD3,0.0 - 1.0,SI,446
2026-07-15,AD2,0.0 - 1.0,SI,32
2026-07-15,AD-PIND,1.5 - 2.5,si,90
2026-07-15,AD3,1.5 - 2.5,SI,236
2026-07-15,AD1,1.5 - 2.5,SI,482
2026-07-15,ADBABY,1.5 - 2.5,SI,289
2026-07-15,ADGUA,1.5 - 2.5,SI,410
2026-07-15,AD2,1.5 - 2.5,SI,356
2026-07-15,AD1,0.0 - 1.0,SI,141
2026-07-15,AD-PJUG,3.0 - 4.0,SI,512
2026-07-15,ADGUA,1.5 - 2.5,SI,295
2026-07-15,AD-PJUG,3.0 - 4.0,SI,203
2026-07-15,AD-PJUG,3.0 - 4.0,si,623
2026-07-15,AD2,1.5 - 2.5,SI,314
2026-07-15,AD-PJUG,3.0 - 4.0,SI,1381
2026-07-15,AD-PJUG,3.0 - 4.0,SI,1448
2026-07-15,AD-PJUG,3.0 - 4.0,SI,1271
2026-07-15,AD-PJUG,3.0 - 4.0,SI,1570
2026-07-15,AD-PJUG,3.0 - 4.0,SI,1400
2026-07-15,AD-PJUG,3.0 - 4.0,SI,1459
2026-07-15,AD-PJUG,3.0 - 4.0,SI,322
2026-07-16,PE3,0.0 - 1.0,SI,483
2026-07-16,AL-PE2,3.0 - 4.0,SI,7
2026-07-16,PEBAB,1.5 - 2.5,SI,383
2026-07-16,PIND,1.5 - 2.5,si,469
2026-07-16,PE2,3.0 - 4.0,SI,26
2026-07-16,PE1,0.0 - 1.0,SI,540
2026-07-16,PEGUA,1.5 - 2.5,SI,481
2026-07-16,PE1,3.0 - 4.0,SI,27
2026-07-16,PE3,3.0 - 4.0,SI,5
2026-07-16,PE2,1.5,SI,402
2026-07-16,PE1,1.5 - 2.5,SI,566
2026-07-16,PEBAB,1.5 - 2.5,SI,445
2026-07-16,PE2,0.0 - 1.0,SI,551
2026-07-16,PE1,3.0 - 4.0,SI,565
2026-07-16,PEBAB,1.5 - 2.5,SI,409
2026-07-16,PE3,0.0 - 1.0,SI,491
2026-07-16,PE2,1.5,SI,416
2026-07-16,PIND,1.5 - 2.5,SI,472
2026-07-16,PE1,1,SI,540
2026-07-16,PEGUA,1.5 - 2.5,SI,482
2026-07-16,PE1,4,SI,529
2026-07-16,PEBAB,1.5 - 2.5,SI,444
2026-07-16,PEBAB,1.5 - 2.5,SI,414
2026-07-16,PE2,1.5,SI,411
2026-07-16,PE3,0.0 - 1.0,SI,486
2026-07-16,PEGUA,1.5 - 2.5,SI,496
2026-07-16,PE2,0.0 - 1.0,si,548
2026-07-16,PIND,1.5 - 2.5,SI,456
2026-07-16,PEBAB,1.5 - 2.5,SI,438
2026-07-16,PE1,0.0 - 1.0,SI,508
2026-07-16,PE1,3.0 - 4.0,si,564
2026-07-16,PE1,1.5 - 2.5,SI,539
2026-07-16,PE2,1.5,SI,403
2026-07-16,PEBAB,1.5 - 2.5,SI,85
2026-07-16,PEBAB,1.5 - 2.5,SI,382
2026-07-16,PEGUA,1.5 - 2.5,SI,485
2026-07-16,PE3,3.0 - 4.0,SI,488
2026-07-16,PE2,1.5,SI,399
2026-07-16,PIND,1.5 - 2.5,SI,455
2026-07-16,PE3,0.0 - 1.0,SI,490
2026-07-16,PE1,1,SI,545
2026-07-16,PE1,1,si,527
2026-07-16,PEBAB,1.5 - 2.5,SI,444
2026-07-16,PE2,0.0 - 1.0,SI,557
2026-07-16,PEGUA,1.5 - 2.5,SI,476
2026-07-16,PE1,4,SI,551
2026-07-16,PIND,1.5 - 2.5,SI,27
2026-07-16,PEBAB,1.5 - 2.5,SI,352
2026-07-16,PE2,1.5,SI,409
2026-07-16,PIND,1.5 - 2.5,SI,449
2026-07-16,PEGUA,1.5 - 2.5,si,53
2026-07-16,PE3,0.0 - 1.0,si,481
2026-07-16,PE2,0.0 - 1.0,si,4
2026-07-16,PE1,1.5 - 2.5,si,541
2026-07-16,PE3,0.0 - 1.0,SI,50
2026-07-16,PEGUA,1.5 - 2.5,si,480
2026-07-16,PE3,1.5 - 2.5,SI,34
2026-07-16,PE1,3.0 - 4.0,SI,567
2026-07-16,PE1,4,SI,512
2026-07-16,PE1,0.0 - 1.0,SI,493
2026-07-16,PE2,3.0 - 4.0,SI,510
2026-07-16,PEGUA,1.5 - 2.5,SI,466
2026-07-16,PE2,0.0 - 1.0,SI,580
2026-07-16,PEGUA,1.5 - 2.5,SI,495
2026-07-16,PEBAB,1.5 - 2.5,SI,383
2026-07-16,PIND,1.5 - 2.5,SI,430
2026-07-16,PE1,1,SI,522
2026-07-16,PEBAB,1.5 - 2.5,SI,445
2026-07-16,PE2,1.5 - 2.5,SI,503
2026-07-16,PE3,0.0 - 1.0,SI,484
2026-07-16,PE3,0.0 - 1.0,SI,23
2026-07-16,PE2,1.5,SI,402
2026-07-16,PE2,1.5,SI,402
2026-07-16,PE3,1.5 - 2.5,SI,485
2026-07-16,PIND,1.5 - 2.5,SI,465
2026-07-16,PEBAB,1.5 - 2.5,SI,441
2026-07-16,PEGUA,1.5 - 2.5,si,482
2026-07-16,PE1,4,SI,538
2026-07-16,PEBAB,1.5 - 2.5,SI,375
2026-07-16,PE1,3.0 - 4.0,SI,568
2026-07-16,PEGUA,1.5 - 2.5,SI,469
2026-07-16,PE2,1.5,SI,403
2026-07-16,PE1,1.5 - 2.5,SI,544
2026-07-16,PE3,0.0 - 1.0,si,485
2026-07-16,PIND,1.5 - 2.5,SI,458
2026-07-16,PEBAB,1.5 - 2.5,si,448
2026-07-16,PE1,1,SI,526
2026-07-16,PE2,1.5,SI,405
2026-07-16,PEGUA,1.5 - 2.5,SI,476
2026-07-16,PE2,0.0 - 1.0,SI,564
2026-07-16,PE1,4,SI,548
2026-07-16,PEGUA,1.5 - 2.5,si,475
2026-07-16,PEGUA,1.5 - 2.5,SI,494
2026-07-16,PEBAB,1.5 - 2.5,SI,367
2026-07-16,PE2,1.5,SI,353
2026-07-16,PEBAB,1.5 - 2.5,SI,437
2026-07-16,PE1,1,SI,527
2026-07-16,PE3,1.5 - 2.5,SI,489
2026-07-16,PE2,0.0 - 1.0,SI,478
2026-07-16,PE1,1.5 - 2.5,si,534
2026-07-16,PIND,1.5 - 2.5,SI,453
2026-07-16,PE2,0.0 - 1.0,si,573
2026-07-16,PEGUA,1.5 - 2.5,si,484
2026-07-16,PE2,1.5 - 2.5,si,513
2026-07-16,PE1,4,SI,475
2026-07-16,PE1,3.0 - 4.0,SI,575
2026-07-16,PE1,4,SI,548
2026-07-16,PEGUA,1.5 - 2.5,SI,478
2026-07-16,PEBAB,1.5 - 2.5,SI,429
2026-07-16,PE1,1.5 - 2.5,SI,564
2026-07-16,PE1,1,SI,544
2026-07-16,PE2,3.0 - 4.0,SI,514
2026-07-16,PE1,3.0 - 4.0,SI,558
2026-07-16,PE1,4,SI,506
2026-07-16,PIND,1.5 - 2.5,SI,435
2026-07-16,PE1,0.0 - 1.0,SI,537
2026-07-16,PE1,1.5 - 2.5,SI,469
2026-07-16,PE1,4,SI,520
2026-07-16,PIND,1.5 - 2.5,SI,472
2026-07-16,PE2,0.0 - 1.0,si,494
2026-07-16,PE3,0.0 - 1.0,SI,491
2026-07-16,PE2,1.5 - 2.5,SI,511
2026-07-16,PE3,3.0 - 4.0,SI,489
2026-07-16,PEBAB,1.5 - 2.5,SI,372
2026-07-16,PE1,1.5 - 2.5,SI,459
2026-07-16,PE1,3.0 - 4.0,SI,535
2026-07-16,PE2,0.0 - 1.0,si,512
2026-07-16,PE1,4,si,479
2026-07-16,PE1,3.0 - 4.0,SI,483
2026-07-16,PE1,1,SI,540
2026-07-16,PE1,4,SI,488
2026-07-16,PE2,3.0 - 4.0,SI,522
2026-07-16,PE1,1.5 - 2.5,SI,577
2026-07-16,PEGUA,1.5 - 2.5,SI,469
2026-07-16,PE1,1.5 - 2.5,SI,537
2026-07-16,PE3,0.0 - 1.0,si,465
2026-07-16,PE3,4,si,501
2026-07-16,PIND,1.5 - 2.5,SI,476
2026-07-16,PE2,0.0 - 1.0,si,518
2026-07-16,PE1,1.5 - 2.5,SI,459
2026-07-16,PE2,0.0 - 1.0,si,505
2026-07-16,PE1,4,si,539
2026-07-16,PE1,3.0 - 4.0,SI,508
2026-07-16,PE2,1.5 - 2.5,SI,510
2026-07-16,PE2,4,SI,504
2026-07-16,PE1,0.0 - 1.0,SI,524
2026-07-16,PE2,0.0 - 1.0,SI,519
2026-07-16,PE1,4,si,501
2026-07-16,PE2,1.5 - 2.5,SI,510
2026-07-16,PE3,0.0 - 1.0,si,501
2026-07-16,PE1,1,si,538
2026-07-16,PE2,3.0 - 4.0,SI,533
2026-07-16,PE2,4,SI,514
2026-07-16,PE1,1.5 - 2.5,SI,443
2026-07-16,PE1,3.0 - 4.0,SI,454
2026-07-16,PE1,3.0 - 4.0,si,416
2026-07-16,PE3,4,SI,77
2026-07-16,PE1,4,SI,531
2026-07-16,PE1,4,SI,464
2026-07-16,PE3,3.0 - 4.0,SI,358
2026-07-16,PEGUA,1.5 - 2.5,SI,498
2026-07-16,PEGUA,1.5 - 2.5,SI,492
2026-07-16,PE1,0.0 - 1.0,SI,548
2026-07-16,PE2,4,SI,154
2026-07-16,PE1,0,SI,592
2026-07-16,PEBAB,1.5 - 2.5,SI,421
2026-07-16,PE2,3.0 - 4.0,SI,512
2026-07-16,PE2,1.5 - 2.5,SI,111
2026-07-16,PE1,3.0 - 4.0,SI,438
2026-07-16,PE1,1.5 - 2.5,si,553
2026-07-16,PE1,1.5 - 2.5,SI,12
2026-07-16,PIND,1.5 - 2.5,SI,451
2026-07-16,PIND,1.5 - 2.5,SI,394
2026-07-16,PE2,0.0 - 1.0,SI,516
2026-07-16,PE1,1.5 - 2.5,SI,573
2026-07-16,PE1,0.0 - 1.0,SI,537
2026-07-16,PE3,3.0 - 4.0,SI,501
2026-07-16,AD1,1,SI,552
2026-07-16,PE2,0.0 - 1.0,si,521
2026-07-16,PE1,1.5 - 2.5,SI,12
2026-07-16,PE2,1.5 - 2.5,SI,12
2026-07-16,PE3,1.5 - 2.5,SI,6
2026-07-16,PE1,1.5 - 2.5,SI,3
2026-07-16,PE3,0.0 - 1.0,si,483
2026-07-16,PE1,1.5 - 2.5,SI,555
2026-07-16,PIND,1.5 - 2.5,si,451
2026-07-16,PE2,0.0 - 1.0,SI,514
2026-07-16,PE2,3.0 - 4.0,SI,145
2026-07-16,AD-PJUG,3.0 - 4.0,SI,476
2026-07-16,AD1,1.5 - 2.5,SI,556
2026-07-16,AD2,0.0 - 1.0,SI,507
2026-07-16,AD1,0.0 - 1.0,SI,524
2026-07-16,AD1,1,SI,534
2026-07-16,AD3,0.0 - 1.0,SI,499
2026-07-16,ADGUA,1.5 - 2.5,SI,501
2026-07-16,AD2,0.0 - 1.0,si,507
2026-07-16,AD2,0.0 - 1.0,si,506
2026-07-16,AD1,1.5 - 2.5,si,540
2026-07-16,AD2,1.5 - 2.5,SI,511
2026-07-16,AD-PIND,1.5 - 2.5,SI,433
2026-07-16,PE2,1.5,SI,155
2026-07-16,AD-PJUG,3.0 - 4.0,SI,462
2026-07-16,AD2,0.0 - 1.0,SI,532
2026-07-16,AD1,1,SI,565
2026-07-16,AD1,0,SI,379
2026-07-16,AD2,0.0 - 1.0,si,255
2026-07-16,AD1,0.0 - 1.0,SI,268
2026-07-16,AD-PJUG,3.0 - 4.0,SI,437
2026-07-16,AD-PIND,1.5 - 2.5,SI,47
2026-07-16,AD3,0.0 - 1.0,si,517
2026-07-16,AD1,1.5 - 2.5,si,452
2026-07-16,AD1,0.0 - 1.0,SI,445
2026-07-16,AD3,3.0 - 4.0,SI,426
2026-07-16,ADGUA,1.5 - 2.5,SI,521
2026-07-16,ADBABY,3.0 - 4.0,SI,379
2026-07-16,AD-PJUG,3.0 - 4.0,SI,197
2026-07-16,AD2,1.5 - 2.5,SI,531
2026-07-16,AD-PJUG,3.0 - 4.0,SI,557
2026-07-16,AD-PJUG,3.0 - 4.0,SI,1075
2026-07-16,AD-PJUG,3.0 - 4.0,SI,1156
2026-07-16,AD-PJUG,3.0 - 4.0,SI,1487
2026-07-16,AD-PJUG,3.0 - 4.0,SI,1272
2026-07-16,AD-PJUG,3.0 - 4.0,SI,1263
2026-07-16,AD-PJUG,3.0 - 4.0,SI,1183
2026-07-16,AD-PJUG,3.0 - 4.0,SI,1315
2026-07-16,AD-PJUG,3.0 - 4.0,SI,1656
2026-07-16,AD-PJUG,3.0 - 4.0,SI,1495
2026-07-16,AD-PJUG,3.0 - 4.0,SI,1327
2026-07-16,AD-PJUG,3.0 - 4.0,SI,1096
2026-07-17,AD-PJUG,3.0 - 4.0,si,168
2026-07-17,PE1,1,si,563
2026-07-17,PE2,0.0 - 1.0,SI,17
2026-07-17,PE1,0.0 - 1.0,SI,549
2026-07-17,PE2,1.5,si,410
2026-07-17,PE1,4,si,543
2026-07-17,PIND,1.5 - 2.5,si,508
2026-07-17,PE1,1,SI,565
2026-07-17,PE2,0.0 - 1.0,SI,502
2026-07-17,PE2,1.5,si,395
2026-07-17,PE1,3.0 - 4.0,si,577
2026-07-17,PE3,0.0 - 1.0,si,519
2026-07-17,PE1,0.0 - 1.0,SI,563
2026-07-17,PE1,1,SI,516
2026-07-17,PEGUA,1.5 - 2.5,SI,495
2026-07-17,PE1,1,SI,571
2026-07-17,PE2,1.5,SI,409
2026-07-17,PE2,0.0 - 1.0,si,498
2026-07-17,PEBAB,1.5 - 2.5,si,426
2026-07-17,PE1,1.5 - 2.5,SI,563
2026-07-17,PEGUA,1.5 - 2.5,SI,459
2026-07-17,PE2,1.5,SI,394
2026-07-17,PJUG,3.0 - 4.0,SI,535
2026-07-17,PE3,0.0 - 1.0,si,488
2026-07-17,PEGUA,1.5 - 2.5,SI,497
2026-07-17,PE1,1,SI,547
2026-07-17,PE1,4,si,516
2026-07-17,PEBAB,1.5 - 2.5,SI,407
2026-07-17,PEGUA,1.5 - 2.5,SI,471
2026-07-17,PE2,1.5,si,382
2026-07-17,PEBAB,1.5 - 2.5,si,402
2026-07-17,PE1,1,SI,512
2026-07-17,PIND,1.5 - 2.5,SI,475
2026-07-17,PEGUA,1.5 - 2.5,SI,489
2026-07-17,PE1,0.0 - 1.0,SI,518
2026-07-17,PE1,0,SI,532
2026-07-17,PIND,1.5 - 2.5,SI,460
2026-07-17,PEBAB,1.5 - 2.5,SI,156
2026-07-17,PE3,1.5 - 2.5,si,494
2026-07-17,PE2,0.0 - 1.0,SI,494
2026-07-17,PEGUA,1.5 - 2.5,SI,457
2026-07-17,PEBAB,1.5 - 2.5,SI,402
2026-07-17,PJUG,3.0 - 4.0,SI,567
2026-07-17,PE1,1,SI,526
2026-07-17,PEGUA,1.5 - 2.5,SI,478
2026-07-17,PE3,0.0 - 1.0,si,499
2026-07-17,PE2,1.5,SI,401
2026-07-17,PE2,1.5,SI,391
2026-07-17,PEGUA,1.5 - 2.5,SI,457
2026-07-17,PE2,3.0 - 4.0,SI,496
2026-07-17,PIND,1.5 - 2.5,SI,471
2026-07-17,PE2,3.0 - 4.0,SI,43
2026-07-17,PEBAB,1.5 - 2.5,SI,418
2026-07-17,PEBAB,1.5 - 2.5,SI,399
2026-07-17,PEGUA,1.5 - 2.5,si,496
2026-07-17,PE2,1.5,SI,389
2026-07-17,PEGUA,1.5 - 2.5,si,450
2026-07-17,PE1,3.0 - 4.0,si,543
2026-07-17,PE1,3.0 - 4.0,SI,49
2026-07-17,PE1,4,si,478
2026-07-17,PE3,1.5 - 2.5,si,499
2026-07-17,PE1,1,SI,528
2026-07-17,PE1,1,SI,510
2026-07-17,PE2,1.5,SI,398
2026-07-17,PE2,1.5 - 2.5,si,495
2026-07-17,PIND,1.5 - 2.5,si,55
2026-07-17,PEBAB,1.5 - 2.5,SI,408
2026-07-17,PE2,1.5,si,399
2026-07-17,PIND,1.5 - 2.5,SI,18
2026-07-17,PEBAB,1.5 - 2.5,SI,406
2026-07-17,PIND,1.5 - 2.5,SI,477
2026-07-17,PIND,1.5 - 2.5,SI,449
2026-07-17,PEGUA,1.5 - 2.5,SI,464
2026-07-17,PEGUA,1.5 - 2.5,si,484
2026-07-17,PEBAB,1.5 - 2.5,SI,404
2026-07-17,PE1,3.0 - 4.0,si,545
2026-07-17,PE1,1.5 - 2.5,SI,509
2026-07-17,PE1,3.0 - 4.0,SI,493
2026-07-17,PEGUA,1.5 - 2.5,si,494
2026-07-17,PEBAB,1.5 - 2.5,si,406
2026-07-17,PE3,0.0 - 1.0,SI,479
2026-07-17,PEGUA,1.5 - 2.5,SI,449
2026-07-17,PE3,1.5 - 2.5,si,481
2026-07-17,PEGUA,1.5 - 2.5,SI,452
2026-07-17,PE1,1,SI,533
2026-07-17,PE2,0.0 - 1.0,si,498
2026-07-17,PEBAB,1.5 - 2.5,SI,409
2026-07-17,PE2,1.5 - 2.5,SI,511
2026-07-17,PEGUA,1.5 - 2.5,si,484
2026-07-17,PE1,1,SI,509
2026-07-17,PJUG,3.0 - 4.0,SI,554
2026-07-17,PE2,1.5,si,398
2026-07-17,PE2,0.0 - 1.0,SI,508
2026-07-17,PIND,1.5 - 2.5,SI,454
2026-07-17,PE2,1.5 - 2.5,SI,493
2026-07-17,PEBAB,1.5 - 2.5,si,413
2026-07-17,PE2,1.5 - 2.5,si,1278
2026-07-17,PEBAB,1.5 - 2.5,SI,407
2026-07-17,PE3,1.5 - 2.5,si,476
2026-07-17,PEGUA,1.5 - 2.5,SI,451
2026-07-17,PE1,0,SI,406
2026-07-17,PEGUA,1.5 - 2.5,SI,479
2026-07-17,PE1,0,SI,27
2026-07-17,PE3,1.5 - 2.5,SI,508
2026-07-17,PE1,4,si,504
2026-07-17,PIND,1.5 - 2.5,SI,459
2026-07-17,PJUG,3.0 - 4.0,SI,556
2026-07-17,PEBAB,1.5 - 2.5,si,410
2026-07-17,PE3,1.5 - 2.5,si,486
2026-07-17,PE3,1.5 - 2.5,si,468
2026-07-17,PJUG,3.0 - 4.0,SI,550
2026-07-17,PE1,1.5 - 2.5,SI,529
2026-07-17,PEGUA,1.5 - 2.5,SI,473
2026-07-17,PEGUA,1.5 - 2.5,SI,490
2026-07-17,PEGUA,1.5 - 2.5,si,460
2026-07-17,PIND,1.5 - 2.5,SI,461
2026-07-17,PE1,1.5 - 2.5,SI,527
2026-07-17,PE3,0.0 - 1.0,SI,471
2026-07-17,PEBAB,1.5 - 2.5,SI,411
2026-07-17,PE1,4,si,493
2026-07-17,PE1,0.0 - 1.0,si,519
2026-07-17,PE2,0.0 - 1.0,SI,496
2026-07-17,PJUG,3.0 - 4.0,SI,505
2026-07-17,PE1,3.0 - 4.0,si,435
2026-07-17,PE2,4,si,453
2026-07-17,PE1,4,si,516
2026-07-17,PJUG,3.0 - 4.0,SI,437
2026-07-17,PE3,3.0 - 4.0,SI,469
2026-07-17,PE3,0.0 - 1.0,SI,480
2026-07-17,PE3,3.0 - 4.0,SI,192
2026-07-17,PJUG,3.0 - 4.0,SI,471
2026-07-17,PE3,4,si,347
2026-07-17,PE2,0.0 - 1.0,SI,505
2026-07-17,PE2,1.5 - 2.5,SI,524
2026-07-17,PEBAB,1.5 - 2.5,SI,476
2026-07-17,PIND,1.5 - 2.5,SI,443
2026-07-17,PEGUA,1.5 - 2.5,SI,480
2026-07-17,PE3,0.0 - 1.0,SI,485
2026-07-17,PE3,1.5 - 2.5,SI,477
2026-07-17,PE2,0.0 - 1.0,si,513
2026-07-17,PE2,1.5 - 2.5,SI,517
2026-07-17,PEBAB,1.5 - 2.5,si,418
2026-07-17,PIND,1.5 - 2.5,si,488
2026-07-17,PEGUA,1.5 - 2.5,si,465
2026-07-17,PE2,1.5 - 2.5,SI,509
2026-07-17,PE2,0.0 - 1.0,SI,522
2026-07-17,AD2,0.0 - 1.0,SI,526
2026-07-17,ADGUA,1.5 - 2.5,si,483
2026-07-17,AD1,0.0 - 1.0,SI,528
2026-07-17,AD3,0.0 - 1.0,SI,492
2026-07-17,AD2,0.0 - 1.0,SI,528
2026-07-17,AD-PIND,1.5 - 2.5,SI,440
2026-07-17,AD2,1.5 - 2.5,SI,535
2026-07-17,AD1,0.0 - 1.0,si,573
2026-07-17,AD1,0.0 - 1.0,SI,501
2026-07-17,PE1,1.5 - 2.5,SI,185
2026-07-17,AD-PIND,1.5 - 2.5,SI,485
2026-07-17,ADBABY,1.5 - 2.5,si,296
2026-07-17,AD1,1.5 - 2.5,SI,577
2026-07-17,ADGUA,1.5 - 2.5,si,283
2026-07-17,AD1,0.0 - 1.0,SI,372
2026-07-17,AD2,0.0 - 1.0,SI,498
2026-07-17,AD2,1.5 - 2.5,si,280
2026-07-17,AD1,1.5 - 2.5,SI,628
2026-07-17,AD1,1.5 - 2.5,SI,129
2026-07-17,AD-PJUG,3.0 - 4.0,si,386
2026-07-17,ADGUA,1.5 - 2.5,SI,488
2026-07-17,AD-PJUG,3.0 - 4.0,si,513
2026-07-17,AD-PJUG,3.0 - 4.0,si,464
2026-07-17,AD-PJUG,3.0 - 4.0,si,322
2026-07-17,AD-PIND,1.5 - 2.5,SI,243
2026-07-17,AD3,0.0 - 1.0,si,187
2026-07-17,AD-PJUG,3.0 - 4.0,si,369
2026-07-17,AD2,0.0 - 1.0,si,365
2026-07-17,AD3,1.5 - 2.5,si,141
2026-07-17,ADBABY,1.5 - 2.5,SI,82
2026-07-17,AD2,1.5 - 2.5,si,125
2026-07-17,AD2,4,si,210
2026-07-17,AD1,1.5 - 2.5,SI,528
2026-07-17,AD3,0.0 - 1.0,SI,475
2026-07-17,PE1,1.5 - 2.5,SI,1509
2026-07-17,PE1,0.0 - 1.0,SI,1085
2026-07-17,PE1,0.0 - 1.0,SI,1632
2026-07-17,PE2,0.0 - 1.0,SI,1348
2026-07-17,PE2,1.5 - 2.5,SI,1316
2026-07-17,AD1,0.0 - 1.0,SI,1518
2026-07-17,AD1,1.5 - 2.5,si,1323
2026-07-17,AD1,0.0 - 1.0,SI,1506
2026-07-17,AD-PJUG,3.0 - 4.0,SI,1339
2026-07-17,AD-PJUG,3.0 - 4.0,SI,1596
2026-07-17,AD-PJUG,3.0 - 4.0,SI,464
2026-07-17,AD-PJUG,3.0 - 4.0,SI,1231
2026-07-17,AD-PJUG,3.0 - 4.0,SI,265
2026-07-17,AD-PJUG,3.0 - 4.0,SI,1357
2026-07-17,AD-PJUG,3.0 - 4.0,SI,1433
2026-07-17,AD-PJUG,3.0 - 4.0,SI,1281
2026-07-17,AD-PJUG,3.0 - 4.0,SI,1354
2026-07-17,AD-PJUG,3.0 - 4.0,SI,1436
2026-07-17,AD-PJUG,3.0 - 4.0,SI,1292
2026-07-17,AD-PJUG,3.0 - 4.0,SI,1074
2026-07-17,AD-PJUG,3.0 - 4.0,SI,1027
2026-07-17,AD-PJUG,3.0 - 4.0,SI,1083
2026-07-17,AD-PJUG,3.0 - 4.0,SI,1033
2026-07-17,AD2,1.5 - 2.5,si,6
2026-07-17,AD-PJUG,3.0 - 4.0,si,538
2026-07-19,AD-PJUG,3.0 - 4.0,SI,468
2026-07-19,AD-PJUG,3.0 - 4.0,SI,1177
2026-07-19,AD-PJUG,3.0 - 4.0,SI,1190
2026-07-19,AD-PJUG,3.0 - 4.0,SI,1308
2026-07-19,AD-PIND,1.5 - 2.5,si,425
2026-07-19,AD-PJUG,3.0 - 4.0,SI,447
2026-07-19,AD1,1.5 - 2.5,SI,509
2026-07-19,AD2,1.5 - 2.5,SI,495
2026-07-19,AD-PJUG,3.0 - 4.0,SI,470
2026-07-19,AD-PJUG,3.0 - 4.0,SI,452
2026-07-19,AD-PJUG,3.0 - 4.0,SI,476
2026-07-19,AD1,1.5 - 2.5,si,475
2026-07-19,AD3,0.0 - 1.0,si,484
2026-07-19,AD-PJUG,3.0 - 4.0,SI,448
2026-07-19,AD-PJUG,3.0 - 4.0,SI,1281
2026-07-19,AD-PJUG,3.0 - 4.0,SI,1340
2026-07-19,AD-PJUG,3.0 - 4.0,SI,1470
2026-07-19,ADGUA,1.5 - 2.5,SI,467
2026-07-19,AD-PIND,1.5 - 2.5,si,407
2026-07-19,AD1,0.0 - 1.0,SI,507
2026-07-19,AD2,1.5 - 2.5,si,509
2026-07-19,AD-PJUG,3.0 - 4.0,SI,1273
2026-07-19,AD1,2,SI,540
2026-07-19,AD2,0.0 - 1.0,SI,496
2026-07-19,AD2,1.5,SI,410
2026-07-19,AD3,0.0 - 1.0,SI,493
2026-07-19,AD1,1.5 - 2.5,SI,486
2026-07-19,AD-PIND,1.5 - 2.5,si,421
2026-07-19,AD-PJUG,3.0 - 4.0,SI,471
2026-07-19,AD1,0.0 - 1.0,SI,485
2026-07-19,AD1,2,SI,538
2026-07-19,AD-PJUG,3.0 - 4.0,SI,1334
2026-07-19,AD-PJUG,3.0 - 4.0,SI,1280
2026-07-19,AD-PJUG,3.0 - 4.0,SI,1332
2026-07-19,AD3,1.5 - 2.5,SI,484
2026-07-19,AD2,1.5 - 2.5,SI,505
2026-07-19,ADGUA,1.5 - 2.5,SI,473
2026-07-19,AD1,1.5 - 2.5,SI,518
2026-07-19,AD-PJUG,3.0 - 4.0,SI,465
2026-07-19,AD3,1.5 - 2.5,SI,495
2026-07-19,AD-PJUG,3.0 - 4.0,SI,439
2026-07-19,AD-PJUG,3.0 - 4.0,SI,1130
2026-07-19,AD-PJUG,3.0 - 4.0,SI,1322
2026-07-19,AD2,1.5,si,405
2026-07-19,AD-PIND,1.5 - 2.5,si,417
2026-07-19,AD1,2,SI,146
2026-07-19,AD2,1.5,si,221
2026-07-19,AD1,0,SI,254
2026-07-19,AD-PJUG,3.0 - 4.0,SI,433
2026-07-19,ADBABY,1.5 - 2.5,SI,500
2026-07-19,AD-PJUG,3.0 - 4.0,SI,212
2026-07-19,AD-PJUG,3.0 - 4.0,SI,594
2026-07-19,AD-PJUG,3.0 - 4.0,SI,469
2026-07-19,AD-PJUG,3.0 - 4.0,SI,907
2026-07-19,AD-PJUG,3.0 - 4.0,SI,1424
2026-07-19,ADGUA,1.5 - 2.5,SI,525
2026-07-19,AD2,1.5 - 2.5,si,490
2026-07-19,PE1,1.5 - 2.5,SI,513
2026-07-19,PE3,1.5 - 2.5,SI,473
2026-07-19,PE2,1.5 - 2.5,SI,498
2026-07-19,PE1,2,SI,535
2026-07-19,AD2,0.0 - 1.0,si,495
2026-07-19,PE2,1.5,SI,404
2026-07-19,PE1,1.5 - 2.5,SI,507
2026-07-19,PE2,1.5 - 2.5,SI,509
2026-07-19,PE3,1.5 - 2.5,SI,491
2026-07-19,PE1,2,si,524
2026-07-19,PE2,1.5,SI,399
2026-07-19,PE2,1.5,SI,400
2026-07-19,PE1,1,SI,533
2026-07-19,PE2,1.5,SI,409
2026-07-19,PE1,1,SI,525
2026-07-19,AD3,0.0 - 1.0,SI,496
2026-07-19,PE2,0.0 - 1.0,SI,505
2026-07-19,PE1,1,SI,545
2026-07-19,PE1,0.0 - 1.0,SI,503
2026-07-19,PE2,1.5,SI,401
2026-07-19,PE1,1,SI,560
2026-07-19,PE1,0,SI,551
2026-07-19,PE2,1.5,SI,407
2026-07-19,PE2,1.5,SI,404
2026-07-19,PE1,1,SI,549
2026-07-19,PE2,0.0 - 1.0,SI,527
2026-07-19,PE1,1,SI,540
2026-07-19,PE2,1.5 - 2.5,SI,504
2026-07-19,PE2,1.5,SI,407
2026-07-19,PE2,1.5,SI,458
2026-07-19,PE1,0.0 - 1.0,SI,488
2026-07-19,PE3,0.0 - 1.0,SI,503
2026-07-19,PE1,1,SI,554
2026-07-19,PE1,1.5 - 2.5,SI,528
2026-07-19,PE2,0.0 - 1.0,SI,516
2026-07-19,PE1,1,SI,530
2026-07-19,PE2,1.5 - 2.5,SI,516
2026-07-19,PE1,1.5 - 2.5,SI,491
2026-07-19,PE3,1.5 - 2.5,SI,517
2026-07-19,PIND,1.5 - 2.5,si,420
2026-07-19,PE3,0.0 - 1.0,si,487
2026-07-19,PE1,0.0 - 1.0,SI,516
2026-07-19,PEGUA,1.5 - 2.5,SI,479
2026-07-19,PE1,1.5 - 2.5,SI,508
2026-07-19,PE1,0,SI,536
2026-07-19,PE2,0.0 - 1.0,SI,490
2026-07-19,PE3,0.0 - 1.0,SI,469
2026-07-19,PE1,0,SI,275
2026-07-19,PE3,3.0 - 4.0,SI,46
2026-07-19,PE2,0.0 - 1.0,SI,636
2026-07-19,PE3,4,SI,46
2026-07-19,AD-PJUG,3.0 - 4.0,SI,535
2026-07-19,PEGUA,1.5 - 2.5,SI,209
2026-07-19,PE2,1.5 - 2.5,SI,263
2026-07-19,PE1,4,si,229
2026-07-19,PE2,1.5 - 2.5,SI,279
2026-07-19,PE1,3.0 - 4.0,SI,142
2026-07-19,PE3,1.5 - 2.5,si,136
2026-07-19,PE3,0.0 - 1.0,SI,126
2026-07-19,PE1,4,si,524
2026-07-19,PEBAB,1.5 - 2.5,SI,263
2026-07-19,PE2,1.5 - 2.5,SI,360
2026-07-19,PE1,0.0 - 1.0,SI,520
2026-07-19,PE2,3.0 - 4.0,SI,410
2026-07-19,AD-PJUG,3.0 - 4.0,SI,641
2026-07-19,PE1,3.0 - 4.0,SI,440
2026-07-19,PE1,4,si,547
2026-07-19,PE1,1.5 - 2.5,SI,186
2026-07-19,PIND,1.5 - 2.5,si,463
2026-07-19,PEGUA,1.5 - 2.5,SI,452
2026-07-20,PE2,0.0 - 1.0,SI,31
2026-07-20,PE2,0.0 - 1.0,SI,496
2026-07-20,PE3,0.0 - 1.0,SI,492
2026-07-20,PEGUA,1.5 - 2.5,SI,498
2026-07-20,PE3,0.0 - 1.0,SI,497
2026-07-20,PE1,3.0 - 4.0,SI,558
2026-07-20,PE2,0.0 - 1.0,SI,505
2026-07-20,PEGUA,1.5 - 2.5,SI,488
2026-07-20,PIND,1.5 - 2.5,si,471
2026-07-20,PE3,0.0 - 1.0,SI,491
2026-07-20,PE2,1.5,si,400
2026-07-20,PE1,4,SI,542
2026-07-20,PIND,1.5 - 2.5,si,24
2026-07-20,PE1,0.0 - 1.0,SI,526
2026-07-20,PE3,0.0 - 1.0,SI,493
2026-07-20,PE2,1.5,si,397
2026-07-20,PEGUA,1.5 - 2.5,SI,480
2026-07-20,PIND,1.5 - 2.5,SI,475
2026-07-20,PE1,1.5 - 2.5,si,549
2026-07-20,PEGUA,1.5 - 2.5,si,488
2026-07-20,PE2,0.0 - 1.0,si,40
2026-07-20,PEBAB,1.5 - 2.5,SI,446
2026-07-20,PE1,4,SI,534
2026-07-20,PE1,0,SI,497
2026-07-20,PEGUA,1.5 - 2.5,SI,486
2026-07-20,PE3,3.0 - 4.0,SI,485
2026-07-20,PE2,3.0 - 4.0,SI,511
2026-07-20,PEBAB,1.5 - 2.5,si,402
2026-07-20,PE1,3.0 - 4.0,SI,549
2026-07-20,PE2,4,SI,509
2026-07-20,PEGUA,1.5 - 2.5,SI,458
2026-07-20,PIND,1.5 - 2.5,SI,448
2026-07-20,PE1,0,SI,488
2026-07-20,PEGUA,1.5 - 2.5,SI,484
2026-07-20,PE1,0,SI,413
2026-07-20,PE1,4,SI,518
2026-07-20,PE1,3.0 - 4.0,SI,558
2026-07-20,PE1,0.0 - 1.0,si,529
2026-07-20,PIND,1.5 - 2.5,si,455
2026-07-20,PE3,3.0 - 4.0,SI,488
2026-07-20,PE2,3.0 - 4.0,SI,513
2026-07-20,PE1,4,si,12
2026-07-20,PE3,1.5 - 2.5,SI,487
2026-07-20,PEBAB,1.5 - 2.5,si,415
2026-07-20,PEGUA,1.5 - 2.5,SI,485
2026-07-20,PE1,3.0 - 4.0,SI,532
2026-07-20,PE2,1.5 - 2.5,SI,493
2026-07-20,PIND,1.5 - 2.5,si,461
2026-07-20,PE3,3.0 - 4.0,si,484
2026-07-20,PE1,4,SI,518
2026-07-20,PE2,3.0 - 4.0,SI,516
2026-07-20,PEBAB,1.5 - 2.5,SI,403
2026-07-20,PEGUA,1.5 - 2.5,SI,427
2026-07-20,PEGUA,1.5 - 2.5,SI,497
2026-07-20,PE1,0,SI,66
2026-07-20,PE3,3.0 - 4.0,SI,492
2026-07-20,PEGUA,1.5 - 2.5,SI,483
2026-07-20,PE1,3.0 - 4.0,si,543
2026-07-20,PE3,3.0 - 4.0,si,508
2026-07-20,PEBAB,1.5 - 2.5,si,430
2026-07-20,PE1,4,si,558
2026-07-20,PEGUA,1.5 - 2.5,si,437
2026-07-20,PE2,3.0 - 4.0,si,515
2026-07-20,PEGUA,1.5 - 2.5,SI,481
2026-07-20,PEBAB,1.5 - 2.5,SI,405
2026-07-20,PE1,3.0 - 4.0,si,560
2026-07-20,PIND,1.5 - 2.5,si,465
2026-07-20,PEBAB,1.5 - 2.5,si,401
2026-07-20,PEBAB,1.5 - 2.5,si,441
2026-07-20,PE3,0.0 - 1.0,si,488
2026-07-20,PE2,2,si,406
2026-07-20,PE3,3.0 - 4.0,SI,523
2026-07-20,PE3,3.0 - 4.0,SI,499
2026-07-20,PIND,1.5 - 2.5,SI,431
2026-07-20,PE2,1.5,si,417
2026-07-20,PEGUA,1.5 - 2.5,SI,484
2026-07-20,PE1,3.0 - 4.0,SI,515
2026-07-20,PEGUA,1.5 - 2.5,SI,440
2026-07-20,PEBAB,1.5 - 2.5,si,399
2026-07-20,PE2,3.0 - 4.0,SI,501
2026-07-20,PEBAB,1.5 - 2.5,SI,404
2026-07-20,PE3,3.0 - 4.0,SI,490
2026-07-20,PE2,3.0 - 4.0,SI,513
2026-07-20,PE1,3.0 - 4.0,SI,535
2026-07-20,PE2,4,SI,501
2026-07-20,PE1,4,SI,533
2026-07-20,PE2,1.5 - 2.5,SI,496
2026-07-20,PEGUA,1.5 - 2.5,si,465
2026-07-20,PEGUA,1.5 - 2.5,SI,477
2026-07-20,PE1,3.0 - 4.0,SI,539
2026-07-20,PEBAB,1.5 - 2.5,SI,417
2026-07-20,PEBAB,1.5 - 2.5,SI,401
2026-07-20,PIND,1.5 - 2.5,si,469
2026-07-20,PE1,4,SI,560
2026-07-20,PEGUA,1.5 - 2.5,SI,420
2026-07-20,PE3,3.0 - 4.0,si,487
2026-07-20,PE1,3.0 - 4.0,si,509
2026-07-20,PE1,1.5 - 2.5,SI,553
2026-07-20,PEGUA,1.5 - 2.5,si,475
2026-07-20,PE1,0.0 - 1.0,SI,533
2026-07-20,PE2,3.0 - 4.0,SI,518
2026-07-20,PEBAB,1.5 - 2.5,si,396
2026-07-20,PEBAB,1.5 - 2.5,SI,391
2026-07-20,PE3,3.0 - 4.0,SI,487
2026-07-20,PE1,4,SI,546
2026-07-20,PE3,1.5 - 2.5,SI,488
2026-07-20,PEGUA,1.5 - 2.5,SI,496
2026-07-20,PE1,3.0 - 4.0,si,536
2026-07-20,PEGUA,1.5 - 2.5,SI,450
2026-07-20,PEBAB,1.5 - 2.5,SI,402
2026-07-20,PE2,1.5 - 2.5,si,506
2026-07-20,PE2,3.0 - 4.0,si,506
2026-07-20,PEBAB,1.5 - 2.5,SI,429
2026-07-20,PIND,1.5 - 2.5,SI,428
2026-07-20,PEGUA,1.5 - 2.5,si,481
2026-07-20,PE3,3.0 - 4.0,SI,484
2026-07-20,PIND,1.5 - 2.5,si,465
2026-07-20,PE1,4,si,508
2026-07-20,PE1,3.0 - 4.0,SI,547
2026-07-20,PE3,3.0 - 4.0,SI,576
2026-07-20,PE1,4,SI,561
2026-07-20,PEGUA,1.5 - 2.5,SI,460
2026-07-20,PEBAB,1.5 - 2.5,SI,411
2026-07-20,PEGUA,1.5 - 2.5,SI,498
2026-07-20,PE2,3.0 - 4.0,si,497
2026-07-20,PEGUA,1.5 - 2.5,SI,481
2026-07-20,PE3,3.0 - 4.0,si,551
2026-07-20,PIND,1.5 - 2.5,SI,444
2026-07-20,PE3,3.0 - 4.0,SI,496
2026-07-20,PE2,3.0 - 4.0,si,499
2026-07-20,PE1,1.5 - 2.5,SI,552
2026-07-20,PE2,4,SI,506
2026-07-20,PE3,0.0 - 1.0,SI,569
2026-07-20,PJUG,3.0 - 4.0,si,528
2026-07-20,PE1,4,SI,654
2026-07-20,PE2,1.5,si,437
2026-07-20,PE1,3.0 - 4.0,si,555
2026-07-20,PE2,3.0 - 4.0,SI,350
2026-07-20,PE2,1.5 - 2.5,SI,473
2026-07-20,PE2,1.5 - 2.5,si,515
2026-07-20,PEGUA,1.5 - 2.5,si,467
2026-07-20,PIND,1.5 - 2.5,si,445
2026-07-20,AD1,0.0 - 1.0,si,533
2026-07-20,PEBAB,1.5 - 2.5,si,405
2026-07-20,PEBAB,1.5 - 2.5,si,400
2026-07-20,PE1,3.0 - 4.0,si,568
2026-07-20,PIND,1.5 - 2.5,SI,444
2026-07-20,PE3,3.0 - 4.0,SI,300
2026-07-20,AD1,0.0 - 1.0,SI,486
2026-07-20,AD1,1.5 - 2.5,SI,541
2026-07-20,AD-PJUG,3.0 - 4.0,SI,1428
2026-07-20,PEBAB,1.5 - 2.5,si,470
2026-07-20,PE1,1.5 - 2.5,si,540
2026-07-20,PE3,3.0 - 4.0,si,97
2026-07-20,PEBAB,1.5 - 2.5,SI,491
2026-07-20,PE2,4,SI,78
2026-07-20,PE2,1.5 - 2.5,si,221
2026-07-20,AD1,0.0 - 1.0,si,490
2026-07-20,AD-PJUG,3.0 - 4.0,SI,1426
2026-07-20,AD-PJUG,3.0 - 4.0,SI,1369
2026-07-20,AD-PIND,1.5 - 2.5,SI,470
2026-07-20,PE3,1.5 - 2.5,si,473
2026-07-20,PE2,0.0 - 1.0,SI,498
2026-07-20,PE2,0.0 - 1.0,SI,490
2026-07-20,AD1,0.0 - 1.0,si,479
2026-07-20,AD1,1.5 - 2.5,si,561
2026-07-20,AD-PJUG,3.0 - 4.0,SI,1314
2026-07-20,AD2,1.5,si,427
2026-07-20,AD2,1.5 - 2.5,si,496
2026-07-20,AD1,0.0 - 1.0,SI,500
2026-07-20,AD1,0.0 - 1.0,SI,493
2026-07-20,ADGUA,1.5 - 2.5,SI,472
2026-07-20,AD-PIND,1.5 - 2.5,SI,466
2026-07-20,AD2,1.5 - 2.5,si,193
2026-07-20,AD2,0.0 - 1.0,si,546
2026-07-20,AD-PJUG,3.0 - 4.0,si,425
2026-07-20,AD1,0.0 - 1.0,SI,446
2026-07-20,AD1,1.5 - 2.5,si,546
2026-07-20,PEBAB,1.5 - 2.5,SI,72
2026-07-20,AD3,0.0 - 1.0,si,359
2026-07-20,AD1,0.0 - 1.0,si,548
2026-07-20,AD1,1.5 - 2.5,SI,562
2026-07-20,AD1,0.0 - 1.0,si,476
2026-07-20,AD-PJUG,3.0 - 4.0,SI,1601
2026-07-20,AD-PJUG,3.0 - 4.0,SI,1527
2026-07-20,AD-PIND,1.5 - 2.5,si,538
2026-07-20,AD3,1.5 - 2.5,si,329
2026-07-20,AD1,0.0 - 1.0,SI,435
2026-07-20,AD-PJUG,3.0 - 4.0,si,245
2026-07-20,ADGUA,1.5 - 2.5,si,261
2026-07-20,AD1,1.5 - 2.5,SI,523
2026-07-20,PE1,3.0 - 4.0,SI,191
2026-07-20,PE3,4,SI,46
2026-07-20,AD-PJUG,3.0 - 4.0,SI,1138
2026-07-21,PE2,0.0 - 1.0,si,500
2026-07-21,PE3,1.5 - 2.5,si,15
2026-07-21,PIND,1.5 - 2.5,SI,468
2026-07-21,PE1,3.0 - 4.0,SI,546
2026-07-21,PE1,4,SI,522
2026-07-21,PE3,0.0 - 1.0,SI,479
2026-07-21,PE1,4,SI,494
2026-07-21,PE1,1,SI,14
2026-07-21,PE1,4,SI,466
2026-07-21,PE3,0.0 - 1.0,si,488
2026-07-21,PE1,0.0 - 1.0,SI,4
2026-07-21,PE1,0.0 - 1.0,si,540
2026-07-21,PE2,4,SI,497
2026-07-21,PE1,4,SI,465
2026-07-21,PE1,4,si,515
2026-07-21,PE1,1,SI,532
2026-07-21,PEGUA,1.5 - 2.5,si,487
2026-07-21,PE3,3.0 - 4.0,si,92
2026-07-21,PE1,4,SI,464
2026-07-21,PIND,1.5 - 2.5,si,440
2026-07-21,PEGUA,1.5 - 2.5,si,465
2026-07-21,PE1,0.0 - 1.0,si,564
2026-07-21,PE2,1.5,SI,402
2026-07-21,PEBAB,1.5 - 2.5,si,434
2026-07-21,PE1,4,SI,491
2026-07-21,PE2,3.0 - 4.0,SI,503
2026-07-21,PE1,4,SI,452
2026-07-21,PEGUA,1.5 - 2.5,si,477
2026-07-21,PEBAB,1.5 - 2.5,SI,419
2026-07-21,PIND,1.5 - 2.5,SI,406
2026-07-21,PE1,1.5 - 2.5,si,520
2026-07-21,PE3,3.0 - 4.0,si,475
2026-07-21,PE2,3.0 - 4.0,SI,482
2026-07-21,PE2,1.5 - 2.5,si,499
2026-07-21,PEGUA,1.5 - 2.5,si,467
2026-07-21,PE2,3.0 - 4.0,SI,502
2026-07-21,PEBAB,1.5 - 2.5,SI,434
2026-07-21,PE1,3.0 - 4.0,SI,543
2026-07-21,PEBAB,1.5 - 2.5,SI,424
2026-07-21,PEGUA,1.5 - 2.5,si,476
2026-07-21,PIND,1.5 - 2.5,si,430
2026-07-21,PEGUA,1.5 - 2.5,si,477
2026-07-21,PEGUA,1.5 - 2.5,si,459
2026-07-21,PEBAB,1.5 - 2.5,si,430
2026-07-21,PE3,3.0 - 4.0,si,462
2026-07-21,PE2,3.0 - 4.0,si,481
2026-07-21,PE2,3.0 - 4.0,SI,501
2026-07-21,PIND,1.5 - 2.5,SI,414
2026-07-21,PEBAB,1.5 - 2.5,SI,424
2026-07-21,PE1,3.0 - 4.0,SI,546
2026-07-21,PEBAB,1.5 - 2.5,si,439
2026-07-21,PE3,0.0 - 1.0,si,36
2026-07-21,PEGUA,1.5 - 2.5,si,478
2026-07-21,PE1,3.0 - 4.0,SI,524
2026-07-21,PEGUA,1.5 - 2.5,si,461
2026-07-21,PEGUA,1.5 - 2.5,si,477
2026-07-21,PEBAB,1.5 - 2.5,si,421
2026-07-21,PE3,3.0 - 4.0,SI,479
2026-07-21,PEBAB,1.5 - 2.5,SI,411
2026-07-21,PIND,1.5 - 2.5,SI,433
2026-07-21,PE3,0.0 - 1.0,SI,483
2026-07-21,PE1,0,SI,499
2026-07-21,PE1,3.0 - 4.0,SI,535
2026-07-21,PE2,3.0 - 4.0,SI,507
2026-07-21,PE1,4,si,1481
2026-07-21,PE2,1.5 - 2.5,SI,508
2026-07-21,PIND,1.5 - 2.5,SI,418
2026-07-21,PE3,1.5 - 2.5,si,481
2026-07-21,PE2,1.5,SI,401
2026-07-21,PE2,1.5,SI,398
2026-07-21,PE2,4,si,503
2026-07-21,PE2,0.0 - 1.0,si,491
2026-07-21,PE1,3.0 - 4.0,SI,538
2026-07-21,PEGUA,1.5 - 2.5,si,542
2026-07-21,PEBAB,1.5 - 2.5,SI,1121
2026-07-21,PE3,0.0 - 1.0,si,482
2026-07-21,PE1,1,SI,517
2026-07-21,PE2,0.0 - 1.0,si,493
2026-07-21,PEBAB,1.5 - 2.5,si,414
2026-07-21,PE2,1.5,SI,401
2026-07-21,PEGUA,1.5 - 2.5,SI,1388
2026-07-21,PEGUA,1.5 - 2.5,SI,1351
2026-07-21,PEBAB,1.5 - 2.5,SI,422
2026-07-21,PEGUA,1.5 - 2.5,si,469
2026-07-21,PIND,1.5 - 2.5,si,410
2026-07-21,PE3,0.0 - 1.0,SI,467
2026-07-21,PE1,4,SI,478
2026-07-21,PEGUA,1.5 - 2.5,si,485
2026-07-21,PE2,0.0 - 1.0,si,488
2026-07-21,PE1,0.0 - 1.0,SI,518
2026-07-21,PE1,1,si,530
2026-07-21,PEBAB,1.5 - 2.5,SI,1171
2026-07-21,PEGUA,1.5 - 2.5,SI,1289
2026-07-21,PEBAB,1.5 - 2.5,si,384
2026-07-21,PE3,3.0 - 4.0,si,490
2026-07-21,PIND,1.5 - 2.5,si,418
2026-07-21,PE2,1.5,SI,406
2026-07-21,PE1,3.0 - 4.0,si,549
2026-07-21,PE2,1.5,SI,406
2026-07-21,PE1,1.5 - 2.5,SI,24
2026-07-21,PE2,1.5 - 2.5,SI,6
2026-07-21,PE3,1.5 - 2.5,SI,1
2026-07-21,PE1,1.5 - 2.5,SI,2
2026-07-21,PE1,1.5 - 2.5,SI,12
2026-07-21,PE2,1.5 - 2.5,SI,12
2026-07-21,PE3,1.5 - 2.5,SI,2
2026-07-21,PE1,1.5 - 2.5,SI,1
2026-07-21,PIND,1.5 - 2.5,SI,435
2026-07-21,PE2,0.0 - 1.0,si,489
2026-07-21,PE1,0.0 - 1.0,SI,523
2026-07-21,PE3,0.0 - 1.0,si,482
2026-07-21,PE2,1.5,SI,401
2026-07-21,PE1,1,SI,526
2026-07-21,PE1,3.0 - 4.0,si,592
2026-07-21,PE2,1.5 - 2.5,si,500
2026-07-21,PE1,0,SI,499
2026-07-21,PE2,0.0 - 1.0,SI,506
2026-07-21,PE2,0.0 - 1.0,SI,474
2026-07-21,PE3,0.0 - 1.0,si,486
2026-07-21,PE2,3.0 - 4.0,SI,521
2026-07-21,PE2,1.5,si,386
2026-07-21,PE2,4,si,564
2026-07-21,PE2,3.0 - 4.0,SI,272
2026-07-21,PE1,1,si,394
2026-07-21,PE1,0.0 - 1.0,si,519
2026-07-21,PE1,0,SI,252
2026-07-21,PEGUA,1.5 - 2.5,si,379
2026-07-21,PE3,1.5 - 2.5,SI,572
2026-07-21,PE3,1.5 - 2.5,SI,128
2026-07-21,PE1,3.0 - 4.0,SI,548
2026-07-21,PE3,3.0 - 4.0,SI,129
2026-07-21,PE1,4,SI,240
2026-07-21,PE1,4,SI,502
2026-07-21,PIND,1.5 - 2.5,si,438
2026-07-21,PE1,3.0 - 4.0,si,543
2026-07-21,PE1,1.5 - 2.5,SI,548
2026-07-21,PE2,1.5,SI,341
2026-07-21,PE1,1.5 - 2.5,si,547
2026-07-21,PE3,0.0 - 1.0,si,412
2026-07-21,PEBAB,1.5 - 2.5,si,560
2026-07-21,PE3,0.0 - 1.0,si,474
2026-07-21,PE2,3.0 - 4.0,si,312
2026-07-21,PE3,0.0 - 1.0,si,335
2026-07-21,PE3,4,si,400
2026-07-21,PE3,0.0 - 1.0,si,486
2026-07-21,PE2,1.5 - 2.5,si,429
2026-07-21,AD-PIND,1.5 - 2.5,SI,458
2026-07-21,ADGUA,1.5 - 2.5,si,556
2026-07-21,PE2,4,si,39
2026-07-21,PEBAB,1.5 - 2.5,SI,935
2026-07-21,PE2,3.0 - 4.0,SI,387
2026-07-21,PEGUA,1.5 - 2.5,SI,769
2026-07-21,PEGUA,1.5 - 2.5,SI,1304
2026-07-21,PE1,3.0 - 4.0,SI,981
2026-07-21,AD-PJUG,3.0 - 4.0,SI,1339
2026-07-21,AD-PJUG,3.0 - 4.0,SI,1396
2026-07-21,AD-PJUG,3.0 - 4.0,SI,1292
2026-07-21,AD1,0.0 - 1.0,si,1392
2026-07-21,AD-PJUG,3.0 - 4.0,SI,1471
2026-07-21,PE3,3.0 - 4.0,si,509
2026-07-21,AD2,1.5 - 2.5,si,218
2026-07-21,AD-PIND,1.5 - 2.5,si,346
2026-07-21,PE2,1.5 - 2.5,SI,460
2026-07-21,PE3,1.5 - 2.5,SI,364
2026-07-21,AD3,0.0 - 1.0,si,535
2026-07-21,AD-PJUG,3.0 - 4.0,SI,125
2026-07-21,AD2,1.5 - 2.5,SI,376
2026-07-21,AD-PJUG,3.0 - 4.0,SI,525
2026-07-21,AD2,0.0 - 1.0,si,124
2026-07-21,ADGUA,1.5 - 2.5,si,552
2026-07-21,AD-PIND,1.5 - 2.5,SI,357
2026-07-21,AD1,0.0 - 1.0,SI,559
2026-07-21,AD1,1.5 - 2.5,si,329
2026-07-21,AD1,0.0 - 1.0,si,241
2026-07-21,ADBABY,1.5 - 2.5,si,234
2026-07-21,AD-PJUG,3.0 - 4.0,SI,1309
2026-07-21,AD-PJUG,3.0 - 4.0,SI,1374
2026-07-21,AD2,0.0 - 1.0,SI,1429
2026-07-21,AD1,0.0 - 1.0,SI,573
2026-07-21,AD1,1.5 - 2.5,SI,1304
2026-07-21,AD1,0.0 - 1.0,SI,1586
2026-07-21,AD-PJUG,3.0 - 4.0,SI,1073
2026-07-22,PEBAB,1.5 - 2.5,SI,412
2026-07-22,PEGUA,1.5 - 2.5,SI,473
2026-07-22,PE3,0.0 - 1.0,SI,463
2026-07-22,PEBAB,1.5 - 2.5,SI,409
2026-07-22,PIND,1.5 - 2.5,si,469
2026-07-22,PEBAB,1.5 - 2.5,SI,420
2026-07-22,PEBAB,1.5 - 2.5,SI,440
2026-07-22,PEBAB,1.5 - 2.5,si,407
2026-07-22,PE3,0.0 - 1.0,si,487
2026-07-22,PE1,1.5 - 2.5,si,394
2026-07-22,PE2,0.0 - 1.0,si,505
2026-07-22,PEBAB,1.5 - 2.5,SI,429
2026-07-22,PE2,1.5,SI,400
2026-07-22,PEGUA,1.5 - 2.5,SI,453
2026-07-22,PEBAB,1.5 - 2.5,si,406
2026-07-22,PE3,3.0 - 4.0,si,371
2026-07-22,PEGUA,1.5 - 2.5,si,451
2026-07-22,PEBAB,1.5 - 2.5,si,402
2026-07-22,PE3,0.0 - 1.0,SI,477
2026-07-22,PEBAB,1.5 - 2.5,SI,422
2026-07-22,PE2,1.5 - 2.5,si,512
2026-07-22,PEBAB,1.5 - 2.5,SI,436
2026-07-22,PEGUA,1.5 - 2.5,SI,451
2026-07-22,PEGUA,1.5 - 2.5,SI,481
2026-07-22,PIND,1.5 - 2.5,SI,456
2026-07-22,PE2,1.5,SI,400
2026-07-22,PEBAB,1.5 - 2.5,SI,406
2026-07-22,PEBAB,1.5 - 2.5,si,429
2026-07-22,PEBAB,1.5 - 2.5,si,409
2026-07-22,PIND,1.5 - 2.5,SI,388
2026-07-22,PE3,1.5 - 2.5,SI,486
2026-07-22,PEBAB,1.5 - 2.5,si,410
2026-07-22,PEBAB,1.5 - 2.5,SI,430
2026-07-22,PEBAB,1.5 - 2.5,si,445
2026-07-22,PE3,0.0 - 1.0,SI,480
2026-07-22,PEBAB,1.5 - 2.5,SI,392
2026-07-22,PEBAB,1.5 - 2.5,si,436
2026-07-22,PEGUA,1.5 - 2.5,SI,448
2026-07-22,PEBAB,1.5 - 2.5,SI,432
2026-07-22,PEBAB,1.5 - 2.5,SI,413
2026-07-22,PE2,3.0 - 4.0,si,509
2026-07-22,PEBAB,1.5 - 2.5,SI,388
2026-07-22,PEBAB,1.5 - 2.5,SI,421
2026-07-22,PEBAB,1.5 - 2.5,SI,436
2026-07-22,PEGUA,1.5 - 2.5,SI,478
2026-07-22,PEBAB,1.5 - 2.5,SI,416
2026-07-22,PEBAB,1.5 - 2.5,SI,436
2026-07-22,PEGUA,1.5 - 2.5,SI,448
2026-07-22,PEBAB,1.5 - 2.5,SI,408
2026-07-22,PEGUA,1.5 - 2.5,SI,445
2026-07-22,PE3,0.0 - 1.0,si,474
2026-07-22,PEBAB,1.5 - 2.5,SI,433
2026-07-22,PIND,1.5 - 2.5,SI,429
2026-07-22,PEBAB,1.5 - 2.5,SI,448
2026-07-22,PE2,1.5,si,412
2026-07-22,PE2,1.5,si,342
2026-07-22,PEGUA,4,SI,57
2026-07-22,PE1,4,si,358
2026-07-22,PE3,3.0 - 4.0,si,406
2026-07-22,PE2,3.0 - 4.0,si,422
2026-07-22,PE3,4,SI,283
2026-07-22,PE1,3.0 - 4.0,si,392
2026-07-22,PEGUA,1.5 - 2.5,SI,447
2026-07-22,PE2,4,SI,240
2026-07-22,PE2,0.0 - 1.0,si,490
2026-07-22,PEBAB,1.5 - 2.5,SI,415
2026-07-22,AD1,1.5 - 2.5,si,500
2026-07-22,PEBAB,1.5 - 2.5,si,431
2026-07-22,PEGUA,1.5 - 2.5,SI,1207
2026-07-22,PEGUA,1.5 - 2.5,SI,1288
2026-07-22,PEGUA,1.5 - 2.5,SI,1308
2026-07-22,PEGUA,1.5 - 2.5,SI,787
2026-07-22,PEGUA,1.5 - 2.5,SI,1317
2026-07-22,AD-PJUG,3.0 - 4.0,SI,1537
2026-07-22,AD-PJUG,3.0 - 4.0,SI,1407
2026-07-22,AD3,0.0 - 1.0,SI,501
2026-07-22,AD2,1.5 - 2.5,si,507
2026-07-22,AD1,0.0 - 1.0,si,565
2026-07-22,ADGUA,1.5 - 2.5,SI,465
2026-07-22,AD1,1.5 - 2.5,si,518
2026-07-22,AD3,1.5 - 2.5,si,487
2026-07-22,AD3,0.0 - 1.0,si,444
2026-07-22,AD-PIND,1.5 - 2.5,SI,480
2026-07-22,AD1,0.0 - 1.0,si,547
2026-07-22,AD1,0.0 - 1.0,si,552
2026-07-22,AD-PJUG,3.0 - 4.0,SI,470
2026-07-22,AD-PJUG,3.0 - 4.0,SI,1355
2026-07-22,AD-PJUG,3.0 - 4.0,SI,1378
2026-07-22,AD-PJUG,3.0 - 4.0,SI,1611
2026-07-22,AD-PJUG,3.0 - 4.0,SI,1240
2026-07-22,ADGUA,1.5 - 2.5,si,487
2026-07-22,AD1,1.5 - 2.5,SI,493
2026-07-22,PE2,0.0 - 1.0,SI,392
2026-07-22,AD2,0.0 - 1.0,SI,496
2026-07-22,AD1,0.0 - 1.0,si,562
2026-07-22,AD2,1.5,SI,416
2026-07-22,AD2,1.5,SI,409
2026-07-22,AD-PIND,1.5 - 2.5,si,468
2026-07-22,AD2,0.0 - 1.0,si,449
2026-07-22,AD1,1.5 - 2.5,si,444
2026-07-22,AD2,1.5 - 2.5,si,422
2026-07-22,AD-PJUG,3.0 - 4.0,si,1193
2026-07-22,AD-PJUG,3.0 - 4.0,SI,803
2026-07-22,AD-PJUG,3.0 - 4.0,SI,1238
2026-07-22,AD-PJUG,3.0 - 4.0,SI,1335
2026-07-22,AD1,0.0 - 1.0,si,521
2026-07-22,AD3,0.0 - 1.0,si,418
2026-07-22,AD-PJUG,3.0 - 4.0,SI,93
2026-07-22,AD3,1.5 - 2.5,si,487
2026-07-22,ADGUA,1.5 - 2.5,SI,550
2026-07-22,PE2,1.5 - 2.5,SI,422
2026-07-22,AD1,0.0 - 1.0,si,359
2026-07-22,AD1,0.0 - 1.0,si,280
2026-07-22,AD3,0.0 - 1.0,si,194
2026-07-22,AD-PIND,1.5 - 2.5,SI,404
2026-07-22,AD-PJUG,3.0 - 4.0,SI,429
2026-07-22,AD-PJUG,3.0 - 4.0,SI,410
2026-07-22,AD-PJUG,3.0 - 4.0,SI,431
2026-07-22,ADBABY,1.5 - 2.5,si,470
2026-07-22,PE1,1.5 - 2.5,SI,153
2026-07-23,AL-PEGUA,1.5 - 2.5,SI,108
2026-07-23,PE1,1.5 - 2.5,si,97
2026-07-23,PEBAB,1.5 - 2.5,si,421
2026-07-23,PEBAB,1.5 - 2.5,SI,399
2026-07-23,PEGUA,1.5 - 2.5,SI,462
2026-07-23,PEGUA,1.5 - 2.5,SI,457
2026-07-23,PIND,1.5 - 2.5,SI,414
2026-07-23,PEBAB,1.5 - 2.5,si,398
2026-07-23,PEGUA,1.5 - 2.5,si,473
2026-07-23,PEGUA,1.5 - 2.5,si,462
2026-07-23,PEBAB,1.5 - 2.5,si,395
2026-07-23,PE3,0.0 - 1.0,si,462
2026-07-23,PEBAB,1.5 - 2.5,SI,425
2026-07-23,PEBAB,1.5 - 2.5,si,415
2026-07-23,PE3,1.5 - 2.5,SI,530
2026-07-23,PE3,1.5 - 2.5,SI,5
2026-07-23,PEGUA,1.5 - 2.5,SI,452
2026-07-23,PEBAB,1.5 - 2.5,SI,406
2026-07-23,PIND,1.5 - 2.5,si,486
2026-07-23,PEGUA,1.5 - 2.5,si,455
2026-07-23,PEGUA,1.5 - 2.5,si,462
2026-07-23,PEBAB,1.5 - 2.5,si,388
2026-07-23,PEGUA,1.5 - 2.5,SI,528
2026-07-23,PEBAB,1.5 - 2.5,si,421
2026-07-23,PE3,0.0 - 1.0,si,465
2026-07-23,PEBAB,1.5 - 2.5,si,429
2026-07-23,PEGUA,1.5 - 2.5,si,445
2026-07-23,PEGUA,1.5 - 2.5,SI,457
2026-07-23,PEBAB,1.5 - 2.5,si,394
2026-07-23,PEBAB,1.5 - 2.5,SI,420
2026-07-23,PE3,3.0 - 4.0,SI,465
2026-07-23,PEBAB,1.5 - 2.5,si,410
2026-07-23,PIND,1.5 - 2.5,si,30
2026-07-23,PEGUA,1.5 - 2.5,si,451
2026-07-23,PEGUA,1.5 - 2.5,si,473
2026-07-23,PEBAB,1.5 - 2.5,SI,424
2026-07-23,PEGUA,1.5 - 2.5,si,459
2026-07-23,PE2,3.0 - 4.0,si,481
2026-07-23,PEBAB,1.5 - 2.5,SI,404
2026-07-23,PEBAB,1.5 - 2.5,si,430
2026-07-23,PEBAB,1.5 - 2.5,SI,387
2026-07-23,PE3,0.0 - 1.0,si,478
2026-07-23,PEGUA,1.5 - 2.5,SI,452
2026-07-23,PEBAB,1.5 - 2.5,SI,396
2026-07-23,PE2,0.0 - 1.0,si,23
2026-07-23,PE1,0.0 - 1.0,si,30
2026-07-23,PEGUA,1.5 - 2.5,SI,462
2026-07-23,PEGUA,1.5 - 2.5,si,437
2026-07-23,PE1,1.5 - 2.5,si,524
2026-07-23,PE2,1.5 - 2.5,si,569
2026-07-23,PEBAB,1.5 - 2.5,si,440
2026-07-23,PE3,1.5 - 2.5,SI,519
2026-07-23,PE2,3.0 - 4.0,si,394
2026-07-23,PE3,3.0 - 4.0,SI,314
2026-07-23,PE3,0.0 - 1.0,SI,475
2026-07-23,PIND,1.5 - 2.5,SI,371
2026-07-23,PE2,0.0 - 1.0,SI,495
2026-07-23,PEBAB,1.5 - 2.5,SI,393
2026-07-23,AD-PJUG,3.0 - 4.0,SI,460
2026-07-23,PEGUA,1.5 - 2.5,SI,311
2026-07-23,AD-PJUG,3.0 - 4.0,si,1591
2026-07-23,AD-PJUG,3.0 - 4.0,SI,1366
2026-07-23,AD-PJUG,3.0 - 4.0,SI,436
2026-07-23,PEGUA,1.5 - 2.5,si,205
2026-07-23,AD-PIND,1.5 - 2.5,SI,415
2026-07-23,AD2,0.0 - 1.0,SI,502
2026-07-23,AD1,1,SI,533
2026-07-23,AD-PIND,1.5 - 2.5,SI,473
2026-07-23,AD1,1.5 - 2.5,si,550
2026-07-23,ADGUA,1.5 - 2.5,SI,452
2026-07-23,AD3,0.0 - 1.0,SI,480
2026-07-23,AD1,0.0 - 1.0,si,555
2026-07-23,ADGUA,1.5 - 2.5,SI,476
2026-07-23,AD1,1,SI,523
2026-07-23,AD1,0,SI,123
2026-07-23,AD2,1.5 - 2.5,si,460
2026-07-23,AD-PJUG,3.0 - 4.0,SI,485
2026-07-23,AD-PJUG,3.0 - 4.0,SI,447
2026-07-23,PE1,1,SI,528
2026-07-23,AD3,1.5 - 2.5,si,464
2026-07-23,AD-PJUG,3.0 - 4.0,SI,106
2026-07-23,AD1,1,SI,423
2026-07-23,AD1,1.5 - 2.5,si,476
2026-07-23,AD2,0.0 - 1.0,SI,355
2026-07-23,AD-PIND,1.5 - 2.5,SI,298
2026-07-23,ADBABY,1.5 - 2.5,SI,273
2026-07-23,AD1,0.0 - 1.0,SI,306
2026-07-23,AD-PJUG,3.0 - 4.0,SI,155
2026-07-23,AD3,0.0 - 1.0,SI,226
2026-07-23,AD1,0.0 - 1.0,SI,557
2026-07-23,ADBABY,1.5 - 2.5,si,406
2026-07-23,AD2,1.5 - 2.5,si,78
2026-07-23,AD2,0.0 - 1.0,SI,320
2026-07-23,ADGUA,1.5 - 2.5,SI,479
2026-07-23,PE2,3.0 - 4.0,si,140
2026-07-23,AD-PIND,1.5 - 2.5,SI,353
2026-07-23,PE2,4,si,132
2026-07-23,PE3,4,SI,209
2026-07-23,AD-PJUG,3.0 - 4.0,si,1543
2026-07-23,AD-PJUG,3.0 - 4.0,SI,1422
2026-07-23,AD-PJUG,3.0 - 4.0,si,1113
2026-07-23,AD-PJUG,3.0 - 4.0,si,1302
2026-07-24,AL-PEGUA,1.5 - 2.5,si,202
2026-07-24,AL-PEGUA,1.5 - 2.5,si,18
2026-07-24,AL-PE2,1.5 - 2.5,si,20
2026-07-24,PE1,1,SI,555
2026-07-24,PE2,1.5,SI,395
2026-07-24,PE1,1,SI,527
2026-07-24,PE1,1,SI,550
2026-07-24,PE1,0,SI,509
2026-07-24,PE1,1,SI,559
2026-07-24,PEGUA,1.5 - 2.5,SI,476
2026-07-24,PE3,1,SI,489
2026-07-24,PE3,1,SI,449
2026-07-24,PEBAB,1.5 - 2.5,SI,392
2026-07-24,PEBAB,1.5 - 2.5,SI,416
2026-07-24,PEGUA,1.5 - 2.5,si,461
2026-07-24,PE3,1.5 - 2.5,si,465
2026-07-24,PE2,1.5,SI,401
2026-07-24,PE1,3.0 - 4.0,si,539
2026-07-24,PEGUA,1.5 - 2.5,SI,464
2026-07-24,PE2,3.0 - 4.0,si,504
2026-07-24,PEBAB,1.5 - 2.5,SI,364
2026-07-24,PEGUA,1.5 - 2.5,SI,475
2026-07-24,PEBAB,1.5 - 2.5,SI,386
2026-07-24,PEBAB,1.5 - 2.5,SI,440
2026-07-24,PEBAB,1.5 - 2.5,SI,387
2026-07-24,PEGUA,1.5 - 2.5,SI,458
2026-07-24,PE1,1.5 - 2.5,si,516
2026-07-24,PEBAB,1.5 - 2.5,SI,419
2026-07-24,PEGUA,1.5 - 2.5,si,463
2026-07-24,PE3,3.0 - 4.0,si,474
2026-07-24,PE3,1.5 - 2.5,si,445
2026-07-24,PE2,1.5 - 2.5,SI,456
2026-07-24,PIND,1.5 - 2.5,SI,185
2026-07-24,PIND,1.5 - 2.5,si,458
2026-07-24,PE1,0.0 - 1.0,SI,539
2026-07-24,PEGUA,1.5 - 2.5,si,466
2026-07-24,AD2,1.5,si,405
2026-07-24,AD1,0,SI,291
2026-07-24,AD2,0.0 - 1.0,SI,486
2026-07-24,AD1,1,si,549
2026-07-24,AD1,1.5 - 2.5,si,526
2026-07-24,AD1,0.0 - 1.0,SI,485
2026-07-24,AD3,0.0 - 1.0,SI,471
2026-07-24,ADGUA,1.5 - 2.5,SI,469
2026-07-24,AD2,1.5,SI,400
2026-07-24,AD-PJUG,3.0 - 4.0,SI,1515
2026-07-24,AD-PJUG,3.0 - 4.0,SI,1129
2026-07-24,AD-PJUG,3.0 - 4.0,SI,1091
2026-07-24,AD-PJUG,3.0 - 4.0,SI,1391
2026-07-24,AD-PJUG,3.0 - 4.0,SI,1351
2026-07-24,AD-PIND,1.5 - 2.5,si,488
2026-07-24,AD3,0.0 - 1.0,si,473
2026-07-24,AD2,0.0 - 1.0,SI,516
2026-07-24,AD1,1,SI,530
2026-07-24,ADGUA,1.5 - 2.5,SI,474
2026-07-24,AD3,0.0 - 1.0,SI,481
2026-07-24,AD1,1.5 - 2.5,si,530
2026-07-24,AD2,1.5,SI,402
2026-07-24,AD3,1.5 - 2.5,si,492
2026-07-24,PE1,1.5 - 2.5,SI,26
2026-07-24,PE2,1.5 - 2.5,SI,7
2026-07-24,PE3,1.5 - 2.5,SI,4
2026-07-24,PE1,1.5 - 2.5,SI,3
2026-07-24,AD1,0.0 - 1.0,SI,542
2026-07-24,AD1,1,SI,538
2026-07-24,AD2,1.5,SI,401
2026-07-24,AD3,0.0 - 1.0,si,466
2026-07-24,AD2,1.5,SI,415
2026-07-24,AD2,1.5 - 2.5,SI,504
2026-07-24,AD-PIND,1.5 - 2.5,si,433
2026-07-24,AD3,0.0 - 1.0,SI,453
2026-07-24,AD1,1,si,536
2026-07-24,ADBABY,1.5 - 2.5,SI,392
2026-07-24,AD2,1.5,si,397
2026-07-24,AD2,1.5,SI,398
2026-07-24,AD2,0.0 - 1.0,SI,501
2026-07-24,AD1,1.5 - 2.5,si,548
2026-07-24,AD1,1,si,553
2026-07-24,AD1,1,SI,333
2026-07-24,AD-PIND,1.5 - 2.5,si,530
2026-07-24,AD2,1.5,SI,406
2026-07-24,AD-PJUG,3.0 - 4.0,SI,464
2026-07-24,ADGUA,1.5 - 2.5,SI,473
2026-07-24,AD3,0.0 - 1.0,si,456
2026-07-24,AD1,0.0 - 1.0,SI,550
2026-07-24,AD2,1.5,SI,184
2026-07-24,AD2,1.5,SI,281
2026-07-24,AD2,1.5 - 2.5,si,555
2026-07-24,ADBABY,1.5 - 2.5,SI,428
2026-07-24,AD3,0.0 - 1.0,si,157
2026-07-24,AD-PJUG,3.0 - 4.0,SI,494
2026-07-24,AD1,1.5 - 2.5,si,470
2026-07-24,ADGUA,1.5 - 2.5,SI,449
2026-07-24,AD1,0.0 - 1.0,SI,393
2026-07-24,PE3,1,SI,521
2026-07-24,PE3,1,SI,482
2026-07-24,PE3,1,SI,518
2026-07-24,PE3,1,SI,507
2026-07-24,PE3,1,SI,314
2026-07-24,PEGUA,1.5 - 2.5,SI,483
2026-07-24,PE2,1.5,SI,400
2026-07-24,PE2,1.5,SI,406
2026-07-24,PE2,1.5,SI,408
2026-07-24,PE2,1.5,si,404
2026-07-24,PE3,0.0 - 1.0,SI,566
2026-07-24,PE2,0.0 - 1.0,SI,488
2026-07-24,PE2,1.5,si,412
2026-07-24,PE2,1.5,si,402
2026-07-24,PE1,0.0 - 1.0,SI,542
2026-07-24,PE2,1.5,SI,248
2026-07-24,PE2,1.5,SI,102
2026-07-24,PE3,1.5 - 2.5,SI,464
2026-07-24,PE2,1.5,SI,402
2026-07-24,PEGUA,1.5 - 2.5,SI,452
2026-07-24,PEGUA,1.5 - 2.5,SI,484
2026-07-24,AD-PJUG,3.0 - 4.0,SI,1369
2026-07-24,AD-PJUG,3.0 - 4.0,SI,1535
2026-07-24,AD-PJUG,3.0 - 4.0,SI,1573
2026-07-24,AD-PJUG,3.0 - 4.0,SI,1173
2026-07-24,AD-PJUG,3.0 - 4.0,SI,1078
2026-07-24,AD-PJUG,3.0 - 4.0,SI,971
2026-07-24,AD-PJUG,3.0 - 4.0,SI,1181
2026-07-24,AD-PJUG,3.0 - 4.0,SI,1391
2026-07-24,AD-PJUG,3.0 - 4.0,SI,1385
2026-07-24,AD-PJUG,3.0 - 4.0,SI,1442
2026-07-24,AD-PJUG,3.0 - 4.0,si,1014
2026-07-24,PE3,1.5 - 2.5,si,484
2026-07-24,PE2,3.0 - 4.0,si,499
2026-07-24,PEBAB,1.5 - 2.5,SI,408
2026-07-24,PE2,0.0 - 1.0,SI,513
2026-07-24,PE1,3.0 - 4.0,si,562
2026-07-24,PEGUA,1.5 - 2.5,SI,473
2026-07-24,PE1,1.5 - 2.5,SI,28
2026-07-24,PE2,1.5 - 2.5,SI,2
2026-07-24,PE3,1.5 - 2.5,SI,2
2026-07-24,PE1,1.5 - 2.5,SI,2
2026-07-24,PE1,1.5 - 2.5,SI,28
2026-07-24,PE2,1.5 - 2.5,SI,15
2026-07-24,PE3,1.5 - 2.5,SI,6
2026-07-24,PE1,1.5 - 2.5,SI,2
2026-07-24,PE2,1.5 - 2.5,si,502
2026-07-24,PEGUA,1.5 - 2.5,si,410
2026-07-24,PEGUA,1.5 - 2.5,SI,470
2026-07-24,PEBAB,1.5 - 2.5,SI,391
2026-07-24,PIND,1.5 - 2.5,si,445
2026-07-24,PE2,1.5,si,402
2026-07-24,PE3,3.0 - 4.0,si,449
2026-07-24,PE1,1.5 - 2.5,SI,542
2026-07-24,PE2,0.0 - 1.0,SI,505
2026-07-24,PEGUA,1.5 - 2.5,SI,458
2026-07-24,PE2,1.5 - 2.5,SI,433
2026-07-24,PE1,4,SI,229
2026-07-24,PE3,4,SI,80
2026-07-24,PEBAB,1.5 - 2.5,SI,472
2026-07-24,PE2,4,SI,87
2026-07-24,PE1,0.0 - 1.0,SI,589
2026-07-24,PE2,3.0 - 4.0,si,526
2026-07-24,PE1,3.0 - 4.0,si,347
2026-07-24,PE3,1.5 - 2.5,SI,446
2026-07-24,PEGUA,1.5 - 2.5,SI,295
2026-07-24,PE3,3.0 - 4.0,si,425
2026-07-24,PE2,0.0 - 1.0,SI,551
2026-07-24,PE1,1.5 - 2.5,si,162
2026-07-24,PE3,1.5 - 2.5,SI,186
2026-07-24,PE1,4,SI,338
2026-07-24,PE2,3.0 - 4.0,si,157
2026-07-24,PE3,0.0 - 1.0,si,174
2026-07-24,PEGUA,1.5 - 2.5,SI,202
2026-07-24,PIND,1.5 - 2.5,SI,187
2026-07-24,PEBAB,1.5 - 2.5,SI,140
2026-07-24,PE1,0.0 - 1.0,SI,387
2026-07-24,PE3,0.0 - 1.0,si,528
2026-07-24,PE1,1.5 - 2.5,si,433
2026-07-24,PE1,1.5 - 2.5,SI,30
2026-07-24,PE2,1.5 - 2.5,SI,18
2026-07-24,PE3,1.5 - 2.5,SI,2
2026-07-24,PE1,1.5 - 2.5,SI,2
2026-07-24,PE1,1.5 - 2.5,SI,299
2026-07-25,AL-PEGUA,1.5 - 2.5,SI,87
2026-07-25,PE3,1,SI,524
2026-07-25,PE3,1,SI,524
2026-07-25,PE3,1,SI,517
2026-07-25,PE3,1,SI,517
2026-07-25,PE3,1,SI,512
2026-07-25,PE3,1,SI,472
2026-07-25,PE2,1.5,si,404
2026-07-25,AD1,0.0 - 1.0,SI,45
2026-07-25,PE1,1.5 - 2.5,si,43
2026-07-25,AD3,0.0 - 1.0,SI,476
2026-07-25,AD2,1.5,SI,315
2026-07-25,AD-PIND,1.5 - 2.5,si,26
2026-07-25,AD2,1.5,SI,260
2026-07-25,AD2,1.5 - 2.5,SI,90
2026-07-25,AD3,0.0 - 1.0,SI,352
2026-07-25,AD3,1.5 - 2.5,si,21
2026-07-25,AD3,0.0 - 1.0,SI,312
2026-07-25,ADGUA,1.5 - 2.5,si,193
2026-07-26,AD-PIND,1.5 - 2.5,SI,445
2026-07-26,AD1,1.5 - 2.5,SI,555
2026-07-26,AD2,1.5,SI,209
2026-07-26,AD-PIND,1.5 - 2.5,SI,412
2026-07-26,AD1,1,SI,314
2026-07-26,AD2,1.5,SI,184
2026-07-26,AD2,1.5,SI,344
2026-07-26,AD1,0.0 - 1.0,SI,530
2026-07-26,AD1,0,si,179
2026-07-26,AD3,1.5 - 2.5,SI,232
2026-07-26,AD1,1.5 - 2.5,SI,422
2026-07-26,AD3,0.0 - 1.0,SI,399
2026-07-26,ADGUA,1.5 - 2.5,SI,355
2026-07-26,AD2,0.0 - 1.0,SI,414
2026-07-26,AD-PJUG,3.0 - 4.0,SI,440
2026-07-26,AD2,1.5 - 2.5,SI,483
2026-07-26,AD-PJUG,3.0 - 4.0,SI,1374
2026-07-26,AD-PJUG,3.0 - 4.0,SI,1380
2026-07-26,AD-PJUG,3.0 - 4.0,SI,1168
2026-07-26,AD-PJUG,3.0 - 4.0,SI,1136
2026-07-26,AD-PJUG,3.0 - 4.0,SI,1207
2026-07-26,PEGUA,1.5 - 2.5,SI,467
2026-07-26,PE2,3.0 - 4.0,SI,506
2026-07-26,PEBAB,1.5 - 2.5,SI,403
2026-07-26,PEGUA,1.5 - 2.5,si,433
2026-07-26,PE3,3.0 - 4.0,SI,466
2026-07-26,PE1,4,si,444
2026-07-26,PE1,3.0 - 4.0,si,547
2026-07-26,PE2,3.0 - 4.0,SI,501
2026-07-26,PEBAB,1.5 - 2.5,SI,398
2026-07-26,PEGUA,1.5 - 2.5,SI,422
2026-07-26,PEGUA,1.5 - 2.5,SI,449
2026-07-26,PEGUA,1.5 - 2.5,SI,467
2026-07-26,PE3,3.0 - 4.0,SI,471
2026-07-26,PEBAB,1.5 - 2.5,SI,391
2026-07-26,PEBAB,1.5 - 2.5,SI,386
2026-07-26,PIND,1.5 - 2.5,SI,437
2026-07-26,PIND,1.5 - 2.5,SI,469
2026-07-26,PE2,3.0 - 4.0,SI,497
2026-07-26,PE3,1.5 - 2.5,si,467
2026-07-26,PEBAB,1.5 - 2.5,SI,422
2026-07-26,PEGUA,1.5 - 2.5,SI,427
2026-07-26,PEGUA,1.5 - 2.5,si,468
2026-07-26,PE3,3.0 - 4.0,SI,457
2026-07-26,PE1,4,SI,434
2026-07-26,PE1,3.0 - 4.0,si,530
2026-07-26,PE2,1.5 - 2.5,SI,499
2026-07-26,PE2,3.0 - 4.0,si,497
2026-07-26,PEGUA,1.5 - 2.5,si,451
2026-07-26,PEBAB,1.5 - 2.5,SI,376
2026-07-26,PEBAB,1.5 - 2.5,si,396
2026-07-26,PEGUA,1.5 - 2.5,si,425
2026-07-26,PE1,4,SI,438
2026-07-26,PEGUA,1.5 - 2.5,SI,474
2026-07-26,PE2,3.0 - 4.0,SI,504
2026-07-26,PE3,3.0 - 4.0,SI,480
2026-07-26,PE1,3.0 - 4.0,SI,531
2026-07-26,PEBAB,1.5 - 2.5,SI,388
2026-07-26,PE2,3.0 - 4.0,SI,570
2026-07-26,PEGUA,1.5 - 2.5,si,466
2026-07-26,PE3,0.0 - 1.0,SI,443
2026-07-26,PE3,1.5 - 2.5,si,453
2026-07-26,PEGUA,1.5 - 2.5,SI,424
2026-07-26,PIND,1.5 - 2.5,SI,483
2026-07-26,PE1,1,si,534
2026-07-26,PE1,1,si,552
2026-07-26,PEGUA,1.5 - 2.5,SI,485
2026-07-26,PE3,0.0 - 1.0,SI,447
2026-07-26,PE2,1.5,SI,402
2026-07-26,PE2,1.5,SI,403
2026-07-26,PE3,0.0 - 1.0,SI,439
2026-07-26,PEBAB,1.5 - 2.5,si,433
2026-07-26,PE1,0.0 - 1.0,si,572
2026-07-26,PEGUA,1.5 - 2.5,si,466
2026-07-26,PE2,0.0 - 1.0,SI,499
2026-07-26,PEBAB,1.5 - 2.5,SI,406
2026-07-26,PE1,3.0 - 4.0,si,549
2026-07-26,PEGUA,1.5 - 2.5,si,482
2026-07-26,PE3,0.0 - 1.0,SI,437
2026-07-26,PE1,1,si,508
2026-07-26,PE2,1.5,SI,403
2026-07-26,PIND,1.5 - 2.5,si,422
2026-07-26,PE1,4,SI,446
2026-07-26,PEGUA,1.5 - 2.5,si,457
2026-07-26,PE1,0,si,506
2026-07-26,PE3,0.0 - 1.0,SI,432
2026-07-26,PE1,4,SI,483
2026-07-26,PIND,1.5 - 2.5,SI,481
2026-07-26,PEGUA,1.5 - 2.5,SI,477
2026-07-26,PE2,4,SI,447
2026-07-26,PEBAB,1.5 - 2.5,SI,418
2026-07-26,PE2,1.5,SI,401
2026-07-26,PE2,1.5,SI,403
2026-07-26,PE3,0.0 - 1.0,SI,430
2026-07-26,PE3,3.0 - 4.0,SI,460
2026-07-26,PE2,0.0 - 1.0,si,503
2026-07-26,PEBAB,1.5 - 2.5,SI,420
2026-07-26,PEGUA,1.5 - 2.5,SI,458
2026-07-26,PE3,4,SI,460
2026-07-26,PE1,1,si,511
2026-07-26,PE3,0.0 - 1.0,SI,428
2026-07-26,PEGUA,1.5 - 2.5,si,481
2026-07-26,PE2,4,SI,543
2026-07-26,PE2,1.5,SI,406
2026-07-26,PE1,0.0 - 1.0,SI,507
2026-07-26,PE3,0.0 - 1.0,SI,442
2026-07-26,PE2,0.0 - 1.0,si,492
2026-07-26,PE1,1,si,504
2026-07-26,PE1,4,si,574
2026-07-26,PE2,1.5,SI,409
2026-07-26,PEGUA,1.5 - 2.5,si,464
2026-07-26,PE1,0,si,513
2026-07-26,PEBAB,1.5 - 2.5,SI,452
2026-07-26,PE1,1,si,381
2026-07-26,PE3,0.0 - 1.0,SI,533
2026-07-26,PIND,1.5 - 2.5,SI,538
2026-07-26,PE2,1.5,SI,474
2026-07-26,PE1,0.0 - 1.0,SI,305
2026-07-26,PE3,1.5 - 2.5,si,486
2026-07-26,PE1,1.5 - 2.5,SI,556
2026-07-26,PE2,0.0 - 1.0,SI,499
2026-07-26,PEGUA,1.5 - 2.5,SI,480
2026-07-26,PE3,0.0 - 1.0,SI,14
2026-07-26,PE2,1.5 - 2.5,SI,348
2026-07-26,PE1,4,SI,424
2026-07-26,PE3,3.0 - 4.0,SI,329
2026-07-26,PE2,3.0 - 4.0,si,618
2026-07-26,PE2,1.5,SI,92
2026-07-26,PEBAB,1.5 - 2.5,SI,114
2026-07-26,PE2,1.5 - 2.5,SI,393
2026-07-26,PE1,1.5 - 2.5,SI,320
2026-07-26,PE3,4,SI,333
2026-07-26,PEGUA,1.5 - 2.5,SI,268
2026-07-26,PE2,0.0 - 1.0,SI,298
2026-07-26,PE2,4,si,211
2026-07-27,PE1,0.0 - 1.0,si,20
2026-07-27,PE2,0.0 - 1.0,si,53
2026-07-27,PE2,3.0 - 4.0,SI,7
2026-07-27,PE3,0.0 - 1.0,SI,488
2026-07-27,PE3,0.0 - 1.0,SI,491
2026-07-27,PEGUA,3.0 - 4.0,si,451
2026-07-27,PE2,1.5,SI,405
2026-07-27,PEGUA,0.0 - 1.0,SI,484
2026-07-27,PIND,1.5 - 2.5,si,454
2026-07-27,PE3,0.0 - 1.0,SI,470
2026-07-27,PE1,1,si,541
2026-07-27,PE2,0.0 - 1.0,SI,502
2026-07-27,PE2,1.5,SI,401
2026-07-27,PE1,4,SI,183
2026-07-27,PE1,0.0 - 1.0,SI,508
2026-07-27,PE1,1,SI,539
2026-07-27,PEBAB,1.5 - 2.5,si,431
2026-07-27,PE1,0.0 - 1.0,SI,531
2026-07-27,PIND,1.5 - 2.5,SI,489
2026-07-27,PE3,0.0 - 1.0,SI,485
2026-07-27,PEGUA,1.5 - 2.5,SI,460
2026-07-27,PE2,1.5,SI,406
2026-07-27,PE1,1,si,545
2026-07-27,PE1,0.0 - 1.0,SI,517
2026-07-27,PE1,0,SI,514
2026-07-27,PE1,1,SI,551
2026-07-27,PE1,1,si,550
2026-07-27,PE3,0.0 - 1.0,si,480
2026-07-27,PE2,1.5,SI,404
2026-07-27,PE2,4,SI,495
2026-07-27,PE1,0.0 - 1.0,SI,539
2026-07-27,PEGUA,1.5 - 2.5,SI,474
2026-07-27,PE2,0.0 - 1.0,si,510
2026-07-27,PE2,1.5,SI,402
2026-07-27,PE1,3.0 - 4.0,SI,545
2026-07-27,PE1,1,SI,546
2026-07-27,PIND,1.5 - 2.5,si,478
2026-07-27,PE1,1,SI,541
2026-07-27,PE1,0,si,513
2026-07-27,PE3,0.0 - 1.0,si,494
2026-07-27,PE2,1.5,SI,412
2026-07-27,PEGUA,0.0 - 1.0,si,461
2026-07-27,PE1,0.0 - 1.0,SI,522
2026-07-27,PE3,0.0 - 1.0,si,461
2026-07-27,PEBAB,3.0 - 4.0,SI,441
2026-07-27,PE2,0.0 - 1.0,SI,501
2026-07-27,PE2,0.0 - 1.0,SI,509
2026-07-27,PE1,1,SI,549
2026-07-27,PEGUA,1.5 - 2.5,SI,482
2026-07-27,PE3,0.0 - 1.0,si,479
2026-07-27,PE1,0.0 - 1.0,SI,528
2026-07-27,PE2,1.5,SI,483
2026-07-27,PEGUA,0.0 - 1.0,SI,485
2026-07-27,PE2,1.5,SI,424
2026-07-27,PEBAB,1.5 - 2.5,SI,440
2026-07-27,PE3,0.0 - 1.0,si,493
2026-07-27,PEBAB,1.5 - 2.5,SI,425
2026-07-27,PEGUA,0.0 - 1.0,si,473
2026-07-27,PE2,0.0 - 1.0,SI,519
2026-07-27,PJUG,3.0 - 4.0,SI,557
2026-07-27,PIND,1.5 - 2.5,si,458
2026-07-27,PEBAB,1.5 - 2.5,SI,415
2026-07-27,PEGUA,0.0 - 1.0,SI,446
2026-07-27,PE1,1,SI,539
2026-07-27,PE3,0.0 - 1.0,SI,479
2026-07-27,PE2,0.0 - 1.0,si,503
2026-07-27,PEBAB,1.5 - 2.5,si,412
2026-07-27,PEBAB,1.5 - 2.5,SI,407
2026-07-27,PEGUA,1.5 - 2.5,SI,481
2026-07-27,PE1,1.5 - 2.5,SI,529
2026-07-27,PIND,1.5 - 2.5,SI,446
2026-07-27,PEGUA,0.0 - 1.0,SI,463
2026-07-27,PE3,0.0 - 1.0,si,484
2026-07-27,PEBAB,1.5 - 2.5,SI,410
2026-07-27,PE1,3.0 - 4.0,SI,535
2026-07-27,PE1,1,si,537
2026-07-27,PE3,0.0 - 1.0,si,475
2026-07-27,PE2,4,SI,501
2026-07-27,PEGUA,1.5 - 2.5,SI,477
2026-07-27,PEGUA,1.5 - 2.5,SI,459
2026-07-27,PE3,0.0 - 1.0,SI,470
2026-07-27,PE2,0.0 - 1.0,SI,516
2026-07-27,PEBAB,3.0 - 4.0,SI,397
2026-07-27,PEBAB,1.5 - 2.5,SI,426
2026-07-27,PE1,1,SI,548
2026-07-27,PE1,1,SI,534
2026-07-27,PE3,0.0 - 1.0,si,475
2026-07-27,PE2,0.0 - 1.0,SI,515
2026-07-27,PE2,0.0 - 1.0,SI,510
2026-07-27,PE1,0.0 - 1.0,SI,533
2026-07-27,PE3,1.5 - 2.5,SI,496
2026-07-27,PEGUA,1.5 - 2.5,SI,468
2026-07-27,PE1,1,SI,494
2026-07-27,PE2,0.0 - 1.0,SI,532
2026-07-27,PE3,0.0 - 1.0,si,370
2026-07-27,PE2,0.0 - 1.0,SI,445
2026-07-27,PEBAB,1.5 - 2.5,SI,419
2026-07-27,PEGUA,1.5 - 2.5,SI,479
2026-07-27,PIND,1.5 - 2.5,si,427
2026-07-27,PE1,4,SI,540
2026-07-27,PE1,0.0 - 1.0,SI,426
2026-07-27,PEBAB,3.0 - 4.0,SI,389
2026-07-27,PEBAB,3.0 - 4.0,SI,432
2026-07-27,PEGUA,1.5 - 2.5,SI,228
2026-07-27,PEGUA,1.5 - 2.5,SI,439
2026-07-27,PE2,1.5 - 2.5,si,574
2026-07-27,PE1,3.0 - 4.0,SI,268
2026-07-27,PE2,3.0 - 4.0,SI,316
2026-07-27,PE1,1.5 - 2.5,SI,177
2026-07-27,PEBAB,3.0 - 4.0,SI,398
2026-07-27,PE3,3.0 - 4.0,SI,406
2026-07-27,PE2,4,SI,77
2026-07-27,PE2,1.5 - 2.5,si,32
2026-07-27,PE3,4,SI,394
2026-07-27,PE3,1.5 - 2.5,si,161
2026-07-27,PEGUA,1.5 - 2.5,si,6
2026-07-27,PE2,0.0 - 1.0,si,38
2026-07-27,PE3,3.0 - 4.0,SI,425
2026-07-27,PE2,3.0 - 4.0,SI,446
2026-07-27,AD1,0.0 - 1.0,SI,558
2026-07-27,AD1,1.5 - 2.5,SI,541
2026-07-27,PEGUA,1.5 - 2.5,SI,466
2026-07-27,AD1,1,si,555
2026-07-27,AD1,0.0 - 1.0,SI,570
2026-07-27,AD2,0.0 - 1.0,SI,579
2026-07-27,AD2,0.0 - 1.0,SI,47
2026-07-27,ADBABY,1.5 - 2.5,SI,35
2026-07-27,AD-PIND,1.5 - 2.5,si,186
2026-07-27,AD3,0.0 - 1.0,SI,266
2026-07-27,PJUG,3.0 - 4.0,si,992
2026-07-27,PJUG,3.0 - 4.0,si,1066
2026-07-27,PJUG,3.0 - 4.0,si,932
2026-07-27,PJUG,3.0 - 4.0,SI,993
2026-07-27,PJUG,3.0 - 4.0,SI,1039
2026-07-27,AD-PJUG,3.0 - 4.0,SI,859
2026-07-27,AD-PJUG,3.0 - 4.0,SI,959
2026-07-27,AD-PJUG,3.0 - 4.0,SI,1422
2026-07-27,AD-PJUG,3.0 - 4.0,SI,1063
2026-07-27,AD-PJUG,3.0 - 4.0,SI,1646
2026-07-27,AD-PJUG,3.0 - 4.0,SI,701
2026-07-27,AD-PJUG,3.0 - 4.0,SI,573
2026-07-27,AD1,1,SI,379
2026-07-27,AD3,1.5 - 2.5,SI,143
2026-07-27,AD1,1.5 - 2.5,SI,293
2026-07-27,AD2,1.5 - 2.5,si,200
2026-07-27,AD1,0.0 - 1.0,SI,506
2026-07-27,AD-PJUG,3.0 - 4.0,SI,373
2026-07-27,AD-PJUG,3.0 - 4.0,SI,147
2026-07-27,ADGUA,1.5 - 2.5,SI,132
2026-07-27,AD-PIND,1.5 - 2.5,si,342
2026-07-28,PE2,0.0 - 1.0,si,40
2026-07-28,PEBAB,1.5 - 2.5,SI,420
2026-07-28,PEGUA,1.5 - 2.5,SI,453
2026-07-28,PE3,0.0 - 1.0,si,477
2026-07-28,PEBAB,1.5 - 2.5,si,421
2026-07-28,PEGUA,1.5 - 2.5,si,456
2026-07-28,PEBAB,1.5 - 2.5,si,414
2026-07-28,PE3,0.0 - 1.0,SI,461
2026-07-28,PEGUA,1.5 - 2.5,SI,462
2026-07-28,PIND,1.5 - 2.5,SI,459
2026-07-28,PEGUA,1.5 - 2.5,si,454
2026-07-28,PE2,0.0 - 1.0,SI,476
2026-07-28,PEBAB,1.5 - 2.5,SI,411
2026-07-28,PE3,0.0 - 1.0,SI,458
2026-07-28,PEGUA,1.5 - 2.5,SI,445
2026-07-28,PE2,1.5 - 2.5,si,31
2026-07-28,PE2,1.5,SI,396
2026-07-28,PE3,3.0 - 4.0,si,493
2026-07-28,PEBAB,1.5 - 2.5,SI,391
2026-07-28,PEGUA,1.5 - 2.5,SI,451
2026-07-28,PE2,1.5,SI,399
2026-07-28,PEGUA,1.5 - 2.5,SI,455
2026-07-28,PEBAB,1.5 - 2.5,SI,406
2026-07-28,PE3,0.0 - 1.0,SI,463
2026-07-28,PEBAB,1.5 - 2.5,si,406
2026-07-28,PEBAB,1.5 - 2.5,si,422
2026-07-28,PEBAB,1.5 - 2.5,SI,455
2026-07-28,PIND,1.5 - 2.5,SI,421
2026-07-28,PIND,1.5 - 2.5,SI,448
2026-07-28,PE2,0.0 - 1.0,SI,478
2026-07-28,PEBAB,1.5 - 2.5,SI,409
2026-07-28,PE1,3.0 - 4.0,SI,523
2026-07-28,PE3,0.0 - 1.0,si,473
2026-07-28,PEGUA,1.5 - 2.5,SI,460
2026-07-28,PEGUA,1.5 - 2.5,SI,478
2026-07-28,PE1,1,SI,515
2026-07-28,PE1,4,si,530
2026-07-28,PEBAB,1.5 - 2.5,si,413
2026-07-28,PEGUA,1.5 - 2.5,si,462
2026-07-28,PE3,0.0 - 1.0,SI,470
2026-07-28,PEGUA,1.5 - 2.5,SI,462
2026-07-28,PE2,1.5,SI,401
2026-07-28,PE2,0.0 - 1.0,SI,478
2026-07-28,PEGUA,1.5 - 2.5,SI,461
2026-07-28,PE2,1.5,si,400
2026-07-28,PEGUA,1.5 - 2.5,si,482
2026-07-28,PEBAB,1.5 - 2.5,SI,412
2026-07-28,PIND,1.5 - 2.5,SI,471
2026-07-28,PE2,1.5 - 2.5,SI,479
2026-07-28,PE2,1.5,si,399
2026-07-28,PE3,0.0 - 1.0,si,451
2026-07-28,PE1,1,SI,515
2026-07-28,PEGUA,1.5 - 2.5,SI,463
2026-07-28,PEGUA,1.5 - 2.5,SI,497
2026-07-28,PE3,1.5 - 2.5,si,8
2026-07-28,PE2,0.0 - 1.0,SI,480
2026-07-28,PE1,0.0 - 1.0,SI,548
2026-07-28,PE3,0.0 - 1.0,SI,440
2026-07-28,PE2,1.5,SI,402
2026-07-28,PE1,1,SI,536
2026-07-28,PE2,0.0 - 1.0,SI,502
2026-07-28,PE2,3.0 - 4.0,SI,497
2026-07-28,PE2,1.5,SI,403
2026-07-28,PE2,1.5 - 2.5,si,509
2026-07-28,PE3,1.5 - 2.5,SI,507
2026-07-28,PEBAB,3.0 - 4.0,SI,393
2026-07-28,PEGUA,1.5 - 2.5,SI,498
2026-07-28,PEBAB,1.5 - 2.5,si,415
2026-07-28,PE2,1.5,SI,407
2026-07-28,PE3,0.0 - 1.0,SI,456
2026-07-28,PIND,1.5 - 2.5,SI,484
2026-07-28,PE2,0.0 - 1.0,SI,489
2026-07-28,PE1,1,SI,539
2026-07-28,PEGUA,1.5 - 2.5,SI,460
2026-07-28,PIND,1.5 - 2.5,SI,450
2026-07-28,PE2,0.0 - 1.0,SI,498
2026-07-28,PEGUA,0.0 - 1.0,SI,504
2026-07-28,PE1,3.0 - 4.0,SI,507
2026-07-28,PE3,0.0 - 1.0,SI,422
2026-07-28,PE1,0.0 - 1.0,SI,579
2026-07-28,PE2,0.0 - 1.0,SI,488
2026-07-28,PE1,1,SI,529
2026-07-28,PEBAB,0.0 - 1.0,SI,415
2026-07-28,PE2,1.5,SI,242
2026-07-28,PE1,0,SI,537
2026-07-28,PE2,1.5,SI,479
2026-07-28,PE3,0.0 - 1.0,SI,417
2026-07-28,PEGUA,1.5 - 2.5,SI,466
2026-07-28,PE2,0.0 - 1.0,SI,530
2026-07-28,PE2,0.0 - 1.0,SI,503
2026-07-28,PEGUA,0.0 - 1.0,SI,513
2026-07-28,PE1,1,SI,529
2026-07-28,PE2,0.0 - 1.0,SI,530
2026-07-28,PIND,1.5 - 2.5,SI,363
2026-07-28,PE2,0.0 - 1.0,SI,490
2026-07-28,PE2,0.0 - 1.0,SI,442
2026-07-28,PE1,1,SI,637
2026-07-28,PEGUA,0.0 - 1.0,si,374
2026-07-28,PEBAB,1.5 - 2.5,SI,437
2026-07-28,PE3,0.0 - 1.0,si,364
2026-07-28,PE1,1.5 - 2.5,SI,261
2026-07-28,PE1,0.0 - 1.0,SI,448
2026-07-28,PE3,0.0 - 1.0,SI,415
2026-07-28,PEBAB,1.5 - 2.5,si,431
2026-07-28,PE1,1.5 - 2.5,SI,501
2026-07-28,PE1,3.0 - 4.0,SI,131
2026-07-28,PEGUA,1.5 - 2.5,SI,393
2026-07-28,PE2,3.0 - 4.0,SI,554
2026-07-28,PEBAB,1.5 - 2.5,SI,194
2026-07-28,PE3,1.5 - 2.5,SI,231
2026-07-28,PE3,3.0 - 4.0,si,637
2026-07-28,PE3,4,SI,353
2026-07-28,PE2,0.0 - 1.0,SI,503
2026-07-28,PE2,1.5 - 2.5,SI,127
2026-07-28,PE1,4,si,550
2026-07-28,PE2,4,SI,293
2026-07-28,PEBAB,0.0 - 1.0,SI,158
2026-07-28,PE1,0,SI,371
2026-07-28,AD1,1,SI,532
2026-07-28,PE1,0.0 - 1.0,si,526
2026-07-28,AD2,0.0 - 1.0,SI,565
2026-07-28,AD2,0.0 - 1.0,SI,512
2026-07-28,AD2,0.0 - 1.0,SI,91
2026-07-28,AD-PIND,1.5 - 2.5,SI,504
2026-07-28,AD1,1,SI,127
2026-07-28,ADBABY,1.5 - 2.5,SI,24
2026-07-28,AD2,1.5 - 2.5,SI,359
2026-07-28,AD1,0,SI,241
2026-07-28,AD-PJUG,3.0 - 4.0,SI,212
2026-07-28,AD1,1.5 - 2.5,SI,570
2026-07-28,AD1,3.0 - 4.0,SI,93
2026-07-28,AD2,0.0 - 1.0,SI,104
2026-07-28,ADGUA,1.5 - 2.5,SI,221
2026-07-28,AD3,0.0 - 1.0,SI,141
2026-07-28,AD-PIND,1.5 - 2.5,SI,150
2026-07-28,AD3,0.0 - 1.0,SI,210
2026-07-28,AD1,0.0 - 1.0,SI,316
2026-07-28,AD-PJUG,3.0 - 4.0,SI,95
2026-07-28,AD-PJUG,3.0 - 4.0,SI,695
2026-07-28,AD-PJUG,3.0 - 4.0,SI,1081
2026-07-28,AD-PJUG,3.0 - 4.0,SI,1017
2026-07-28,AD-PJUG,3.0 - 4.0,SI,1123
2026-07-28,AD-PJUG,3.0 - 4.0,SI,1428
2026-07-28,AD-PJUG,3.0 - 4.0,SI,1401
2026-07-28,AD-PJUG,3.0 - 4.0,SI,707
2026-07-28,PEBAB,1.5 - 2.5,si,64
2026-07-29,PE2,0.0 - 1.0,SI,23
2026-07-29,PEGUA,1.5 - 2.5,si,18
2026-07-29,PEBAB,1.5 - 2.5,SI,432
2026-07-29,PEGUA,1.5 - 2.5,si,456
2026-07-29,PE3,0.0 - 1.0,SI,478
2026-07-29,PEBAB,1.5 - 2.5,SI,429
2026-07-29,PEBAB,1.5 - 2.5,SI,412
2026-07-29,PEGUA,1.5 - 2.5,si,449
2026-07-29,PEGUA,1.5 - 2.5,si,462
2026-07-29,PEBAB,1.5 - 2.5,SI,438
2026-07-29,PIND,1.5 - 2.5,si,411
2026-07-29,PEGUA,1.5 - 2.5,SI,443
2026-07-29,PE3,0.0 - 1.0,SI,484
2026-07-29,PEGUA,1.5 - 2.5,SI,451
2026-07-29,PEBAB,1.5 - 2.5,SI,419
2026-07-29,PEBAB,1.5 - 2.5,SI,434
2026-07-29,PE1,3.0 - 4.0,SI,541
2026-07-29,PEGUA,1.5 - 2.5,si,462
2026-07-29,PEGUA,1.5 - 2.5,SI,462
2026-07-29,PE3,0.0 - 1.0,SI,477
2026-07-29,PE2,3.0 - 4.0,SI,490
2026-07-29,PEBAB,1.5 - 2.5,SI,443
2026-07-29,PIND,1.5 - 2.5,si,429
2026-07-29,PEBAB,1.5 - 2.5,SI,431
2026-07-29,PEBAB,1.5 - 2.5,SI,434
2026-07-29,PEGUA,1.5 - 2.5,si,461
2026-07-29,PEBAB,1.5 - 2.5,SI,417
2026-07-29,PEGUA,1.5 - 2.5,SI,457
2026-07-29,PEGUA,1.5 - 2.5,si,456
2026-07-29,PE3,3.0 - 4.0,SI,476
2026-07-29,PEBAB,1.5 - 2.5,SI,424
2026-07-29,PEBAB,1.5 - 2.5,SI,434
2026-07-29,PEBAB,1.5 - 2.5,SI,431
2026-07-29,PEGUA,1.5 - 2.5,SI,463
2026-07-29,PE2,0.0 - 1.0,SI,505
2026-07-29,PEBAB,1.5 - 2.5,SI,421
2026-07-29,PEBAB,1.5 - 2.5,SI,420
2026-07-29,PE3,0.0 - 1.0,SI,478
2026-07-29,PEBAB,1.5 - 2.5,SI,433
2026-07-29,PEGUA,1.5 - 2.5,SI,452
2026-07-29,PE3,1.5 - 2.5,SI,476
2026-07-29,PEGUA,1.5 - 2.5,SI,462
2026-07-29,PEGUA,1.5 - 2.5,SI,465
2026-07-29,PE1,4,si,505
2026-07-29,PEBAB,1.5 - 2.5,SI,432
2026-07-29,PEGUA,1.5 - 2.5,SI,415
2026-07-29,PEBAB,1.5 - 2.5,SI,415
2026-07-29,PEBAB,1.5 - 2.5,SI,433
2026-07-29,PEGUA,1.5 - 2.5,si,441
2026-07-29,PEBAB,1.5 - 2.5,SI,428
2026-07-29,PEGUA,1.5 - 2.5,si,451
2026-07-29,PEBAB,1.5 - 2.5,SI,406
2026-07-29,PE3,3.0 - 4.0,SI,475
2026-07-29,PEBAB,1.5 - 2.5,SI,431
2026-07-29,PEBAB,1.5 - 2.5,SI,419
2026-07-29,PE3,0.0 - 1.0,SI,22
2026-07-29,PE1,3.0 - 4.0,SI,545
2026-07-29,PE1,1,SI,214
2026-07-29,PE3,0.0 - 1.0,si,497
2026-07-29,PEGUA,1.5 - 2.5,SI,462
2026-07-29,PEGUA,1.5 - 2.5,SI,438
2026-07-29,PE3,0.0 - 1.0,SI,467
2026-07-29,PEBAB,1.5 - 2.5,SI,431
2026-07-29,PE2,1.5,SI,396
2026-07-29,PE2,1.5,SI,400
2026-07-29,PIND,1.5 - 2.5,si,407
2026-07-29,PEBAB,1.5 - 2.5,SI,412
2026-07-29,PEBAB,1.5 - 2.5,SI,435
2026-07-29,PE3,0.0 - 1.0,SI,482
2026-07-29,PEGUA,1.5 - 2.5,SI,463
2026-07-29,PEGUA,1.5 - 2.5,si,464
2026-07-29,PE2,3.0 - 4.0,SI,489
2026-07-29,PEGUA,1.5 - 2.5,si,420
2026-07-29,PEGUA,1.5 - 2.5,si,444
2026-07-29,PE1,3.0 - 4.0,SI,549
2026-07-29,PEBAB,1.5 - 2.5,SI,451
2026-07-29,PE3,0.0 - 1.0,SI,477
2026-07-29,PEGUA,1.5 - 2.5,si,460
2026-07-29,PEBAB,1.5 - 2.5,SI,425
2026-07-29,PIND,1.5 - 2.5,si,417
2026-07-29,PEBAB,1.5 - 2.5,SI,424
2026-07-29,PEBAB,1.5 - 2.5,SI,446
2026-07-29,PEGUA,1.5 - 2.5,si,466
2026-07-29,PE1,1,SI,192
2026-07-29,PJUG,3.0 - 4.0,si,474
2026-07-29,PEBAB,1.5 - 2.5,SI,437
2026-07-29,PEBAB,1.5 - 2.5,SI,429
2026-07-29,PEGUA,1.5 - 2.5,si,449
2026-07-29,PEGUA,1.5 - 2.5,si,431
2026-07-29,PEGUA,1.5 - 2.5,SI,455
2026-07-29,PEBAB,1.5 - 2.5,SI,431
2026-07-29,PEGUA,1.5 - 2.5,si,430
2026-07-29,PEGUA,1.5 - 2.5,si,457
2026-07-29,PEBAB,1.5 - 2.5,SI,424
2026-07-29,PE1,0.0 - 1.0,SI,575
2026-07-29,PEBAB,1.5 - 2.5,SI,512
2026-07-29,PE3,0.0 - 1.0,SI,466
2026-07-29,PEGUA,1.5 - 2.5,SI,442
2026-07-29,PE1,3.0 - 4.0,SI,248
2026-07-29,PE3,3.0 - 4.0,SI,468
2026-07-29,PE2,3.0 - 4.0,SI,414
2026-07-29,PE1,1.5 - 2.5,SI,503
2026-07-29,PEBAB,1.5 - 2.5,SI,453
2026-07-29,PE1,4,si,318
2026-07-29,PIND,1.5 - 2.5,SI,107
2026-07-29,PEGUA,1.5 - 2.5,SI,445
2026-07-29,PE2,0.0 - 1.0,SI,351
2026-07-29,PE3,0.0 - 1.0,SI,323
2026-07-29,PE2,0.0 - 1.0,SI,231
2026-07-29,PE2,1.5,SI,457
2026-07-29,PE3,4,SI,334
2026-07-29,PE2,1.5,si,404
2026-07-29,PE3,1.5 - 2.5,SI,432
2026-07-29,PJUG,3.0 - 4.0,si,438
2026-07-29,PEBAB,1.5 - 2.5,SI,192
2026-07-29,AD2,1.5 - 2.5,SI,61
2026-07-29,AD1,1.5 - 2.5,SI,290
2026-07-29,AD2,0.0 - 1.0,SI,40
2026-07-29,ADGUA,1.5 - 2.5,SI,57
2026-07-29,AD2,0.0 - 1.0,SI,117
2026-07-29,AD1,0.0 - 1.0,SI,224
2026-07-29,PE2,1.5 - 2.5,SI,470
2026-07-29,AD3,1.5 - 2.5,SI,14
2026-07-29,ADBABY,1.5 - 2.5,SI,12
2026-07-29,AD-PIND,1.5 - 2.5,si,176
2026-07-29,AD-PJUG,3.0 - 4.0,SI,307
2026-07-29,AD-PJUG,3.0 - 4.0,SI,1003
2026-07-29,AD-PJUG,3.0 - 4.0,SI,985
2026-07-29,AD-PJUG,3.0 - 4.0,SI,1209
2026-07-29,AD-PJUG,3.0 - 4.0,SI,1299
2026-07-29,AD-PJUG,3.0 - 4.0,SI,1161
2026-07-29,PE1,1.5 - 2.5,SI,171
2026-07-30,PE1,1.5 - 2.5,SI,22
2026-07-30,PE2,1.5 - 2.5,SI,14
2026-07-30,PE3,1.5 - 2.5,SI,4
2026-07-30,PE1,1.5 - 2.5,SI,2
2026-07-30,PE1,1.5 - 2.5,SI,42
2026-07-30,PE2,1.5 - 2.5,SI,8
2026-07-30,PE1,1.5 - 2.5,SI,1
2026-07-30,PE1,1.5 - 2.5,SI,36
2026-07-30,PE2,1.5 - 2.5,SI,23
2026-07-30,PE3,1.5 - 2.5,SI,2
2026-07-30,PE1,1.5 - 2.5,SI,2
2026-07-30,PE1,1.5 - 2.5,SI,18
2026-07-30,PE2,1.5 - 2.5,SI,11
2026-07-30,PE3,1.5 - 2.5,SI,4
2026-07-30,PE1,1.5 - 2.5,SI,1
2026-07-30,PE1,1.5 - 2.5,SI,30
2026-07-30,PE2,1.5 - 2.5,SI,2
2026-07-30,PE3,1.5 - 2.5,SI,5
2026-07-30,PE1,1.5 - 2.5,SI,1
2026-07-31,PE2,1.5,SI,419
2026-07-31,PE1,1,si,546
2026-07-31,PE2,1.5,si,411
2026-07-31,PE1,1,SI,551
2026-07-31,PE2,1.5,si,416
2026-07-31,PE2,1.5,si,402
2026-07-31,PE1,1,SI,546
2026-07-31,PE2,1.5,si,402
2026-07-31,PE1,1,SI,535
2026-07-31,PE3,0.0 - 1.0,SI,476
2026-07-31,PE1,0,si,509
2026-07-31,PE2,1.5,SI,393
2026-07-31,PE2,1.5,si,417
2026-07-31,PE2,1.5,si,415
2026-07-31,PE1,0.0 - 1.0,si,538
2026-07-31,PE1,1,SI,537
2026-07-31,PE1,1,SI,530
2026-07-31,PE2,1.5,si,416
2026-07-31,PE1,1,SI,534
2026-07-31,PE2,1.5,SI,404
2026-07-31,PE2,1.5,si,404
2026-07-31,PE1,1,SI,553
2026-07-31,PE1,0,si,493
2026-07-31,PE1,1,si,546
2026-07-31,PE2,1.5,SI,397
2026-07-31,PE1,1,SI,546
2026-07-31,PE3,0.0 - 1.0,SI,397
2026-07-31,PE1,1,SI,534
2026-07-31,PE2,1.5,SI,420
2026-07-31,PE1,1,SI,542
2026-07-31,PE2,1.5,SI,409
2026-07-31,PE1,0,SI,516
2026-07-31,PE1,1,SI,553
2026-07-31,PE1,1.5 - 2.5,SI,18
2026-07-31,PE2,1.5 - 2.5,SI,11
2026-07-31,PE3,1.5 - 2.5,SI,4
2026-07-31,PE1,1.5 - 2.5,SI,1
2026-07-31,PE1,1.5 - 2.5,SI,30
2026-07-31,PE2,1.5 - 2.5,SI,2
2026-07-31,PE3,1.5 - 2.5,SI,5
2026-07-31,PE1,1.5 - 2.5,SI,1
2026-07-31,PE1,1,SI,536
2026-07-31,PE1,1,SI,567
2026-07-31,PE2,1.5,SI,412
2026-07-31,PE1,1,SI,555
2026-07-31,PE2,1.5,SI,388
2026-07-31,PJUG,3.0 - 4.0,SI,155
2026-07-31,PE1,1,SI,562
2026-07-31,PE2,3.0 - 4.0,SI,111
2026-07-31,PE1,1,SI,192
2026-07-31,PE1,4,si,130
2026-07-31,PE2,1.5,si,497
2026-07-31,PE3,3.0 - 4.0,si,67
2026-07-31,PIND,1.5 - 2.5,SI,516
2026-07-31,PE1,0.0 - 1.0,si,525
2026-07-31,PE3,0.0 - 1.0,SI,252
2026-07-31,PE3,0.0 - 1.0,SI,248
2026-07-31,AD-PIND,1.5 - 2.5,SI,460
2026-07-31,AD1,0.0 - 1.0,si,542
2026-07-31,AD-PJUG,3.0 - 4.0,SI,505
2026-07-31,PE1,3.0 - 4.0,si,337
2026-07-31,AD-PJUG,3.0 - 4.0,SI,494
2026-07-31,AD1,1.5 - 2.5,si,494
2026-07-31,AD-PJUG,3.0 - 4.0,SI,469
2026-07-31,AD-PIND,1.5 - 2.5,SI,154
2026-07-31,AD2,1.5 - 2.5,si,209
2026-07-31,ADBABY,1.5 - 2.5,SI,100
2026-07-31,AD1,0.0 - 1.0,si,339
2026-07-31,ADGUA,1.5 - 2.5,si,308
2026-07-31,AD2,0.0 - 1.0,si,486
2026-07-31,AD1,0.0 - 1.0,si,342
2026-07-31,AD1,1.5 - 2.5,SI,619
2026-07-31,AD3,0.0 - 1.0,si,193
2026-07-31,AD-PIND,1.5 - 2.5,SI,293
2026-07-31,PE2,1.5,SI,404
2026-07-31,AD2,1.5 - 2.5,si,196
2026-07-31,AD-PJUG,3.0 - 4.0,SI,309
2026-07-31,AD3,1.5 - 2.5,si,188
2026-07-31,AD2,0.0 - 1.0,si,203
2026-07-31,PE2,1.5,SI,218
2026-07-31,PE2,1.5,SI,220
2026-07-31,PE2,1.5,SI,427
2026-07-31,AD-PJUG,3.0 - 4.0,SI,1239
2026-07-31,AD-PJUG,3.0 - 4.0,SI,687
2026-07-31,AD-PJUG,3.0 - 4.0,SI,1463
2026-07-31,AD-PJUG,3.0 - 4.0,SI,1427
2026-07-31,AD-PJUG,3.0 - 4.0,SI,1297
2026-08-01,AL-PEGUA,1.5 - 2.5,si,18
2026-08-01,AL-PE2,1.5 - 2.5,si,34
2026-08-02,PEGUA,1.5 - 2.5,SI,470
2026-08-02,PE3,0.0 - 1.0,SI,473
2026-08-02,PE1,0.0 - 1.0,SI,577
2026-08-02,PE2,1.5,SI,415
2026-08-02,PE1,1,si,577
2026-08-02,PE1,0.0 - 1.0,SI,608
2026-08-02,PE2,0.0 - 1.0,SI,513
2026-08-02,PE1,0.0 - 1.0,SI,570
2026-08-02,PE3,0.0 - 1.0,SI,492
2026-08-02,PE1,0,SI,565
2026-08-02,PE1,1,SI,578
2026-08-02,PE2,1.5,SI,407
2026-08-02,PE1,0.0 - 1.0,si,564
2026-08-02,PIND,1.5 - 2.5,SI,492
2026-08-02,PE1,0,SI,552
2026-08-02,PE1,0.0 - 1.0,SI,551
2026-08-02,PEGUA,1.5 - 2.5,SI,488
2026-08-02,PE2,1.5,SI,411
2026-08-02,PEBAB,1.5 - 2.5,si,418
2026-08-02,PE3,0.0 - 1.0,SI,494
2026-08-02,PEGUA,1.5 - 2.5,si,477
2026-08-02,PE2,0.0 - 1.0,SI,517
2026-08-02,PE2,1.5,SI,408
2026-08-02,PEGUA,1.5 - 2.5,si,463
2026-08-02,PE1,1,SI,573
2026-08-02,PE1,0.0 - 1.0,SI,557
2026-08-02,PE3,0.0 - 1.0,SI,478
2026-08-02,PEBAB,1.5 - 2.5,SI,425
2026-08-02,PEGUA,1.5 - 2.5,si,452
2026-08-02,PEGUA,1.5 - 2.5,SI,474
2026-08-02,PE2,1.5,SI,411
2026-08-02,PE1,1,si,550
2026-08-02,PIND,1.5 - 2.5,SI,474
2026-08-02,PE1,0,si,533
2026-08-02,PE3,0.0 - 1.0,SI,482
2026-08-02,PE1,0.0 - 1.0,si,562
2026-08-02,PE1,0,si,555
2026-08-02,PE1,0.0 - 1.0,SI,528
2026-08-02,PE1,0.0 - 1.0,SI,539
2026-08-02,PE1,1,si,570
2026-08-02,PE1,0.0 - 1.0,SI,538
2026-08-02,PE2,1.5,SI,405
2026-08-02,PEBAB,1.5 - 2.5,SI,431
2026-08-02,PEGUA,1.5 - 2.5,SI,484
2026-08-02,PIND,1.5 - 2.5,SI,465
2026-08-02,PE3,0.0 - 1.0,SI,479
2026-08-02,PE2,0.0 - 1.0,SI,523
2026-08-02,PEGUA,1.5 - 2.5,SI,455
2026-08-02,PEBAB,1.5 - 2.5,SI,421
2026-08-02,PE3,0.0 - 1.0,SI,497
2026-08-02,PE2,1.5,SI,408
2026-08-02,PEGUA,1.5 - 2.5,SI,490
2026-08-02,PE2,1.5,SI,402
2026-08-02,PEBAB,1.5 - 2.5,si,390
2026-08-02,PE3,0.0 - 1.0,SI,490
2026-08-02,PEBAB,1.5 - 2.5,si,404
2026-08-02,PEGUA,1.5 - 2.5,SI,486
2026-08-02,PEGUA,1.5 - 2.5,SI,440
2026-08-02,PE2,0.0 - 1.0,SI,505
2026-08-02,PE2,0.0 - 1.0,SI,528
2026-08-02,PEGUA,1.5 - 2.5,SI,483
2026-08-02,PE1,1,si,586
2026-08-02,PE3,0.0 - 1.0,si,487
2026-08-02,PEBAB,1.5 - 2.5,si,437
2026-08-02,PEBAB,1.5 - 2.5,SI,409
2026-08-02,PIND,1.5 - 2.5,SI,421
2026-08-02,PEGUA,1.5 - 2.5,SI,488
2026-08-02,PEGUA,1.5 - 2.5,si,438
2026-08-02,PEBAB,1.5 - 2.5,SI,392
2026-08-02,PE3,0.0 - 1.0,SI,480
2026-08-02,PE1,0.0 - 1.0,SI,529
2026-08-02,PE2,1.5,SI,414
2026-08-02,PE1,1,SI,540
2026-08-02,PEGUA,1.5 - 2.5,SI,480
2026-08-02,PE3,0.0 - 1.0,SI,482
2026-08-02,PEBAB,1.5 - 2.5,SI,420
2026-08-02,PEGUA,1.5 - 2.5,SI,439
2026-08-02,PEBAB,1.5 - 2.5,SI,440
2026-08-02,PE3,0.0 - 1.0,SI,488
2026-08-02,PEGUA,1.5 - 2.5,SI,471
2026-08-02,PE2,0.0 - 1.0,si,514
2026-08-02,PEBAB,1.5 - 2.5,si,424
2026-08-02,PE2,1.5,SI,404
2026-08-02,PEGUA,1.5 - 2.5,SI,467
2026-08-02,PE3,0.0 - 1.0,SI,482
2026-08-02,PE1,1,si,522
2026-08-02,PIND,1.5 - 2.5,SI,415
2026-08-02,PEGUA,1.5 - 2.5,SI,434
2026-08-02,PEBAB,1.5 - 2.5,SI,387
2026-08-02,PE1,0.0 - 1.0,si,524
2026-08-02,PE2,1.5,SI,402
2026-08-02,PE1,1,si,573
2026-08-02,PE3,0.0 - 1.0,SI,482
2026-08-02,PE1,1,SI,290
2026-08-02,PE1,0.0 - 1.0,si,535
2026-08-02,PEBAB,1.5 - 2.5,SI,438
2026-08-02,PE1,0.0 - 1.0,si,576
2026-08-02,PE1,1.5 - 2.5,SI,547
2026-08-02,PEBAB,1.5 - 2.5,SI,411
2026-08-02,PE2,0.0 - 1.0,si,520
2026-08-02,PEGUA,1.5 - 2.5,SI,475
2026-08-02,PEGUA,1.5 - 2.5,SI,465
2026-08-02,PE3,0.0 - 1.0,SI,477
2026-08-02,PE1,0.0 - 1.0,SI,515
2026-08-02,PE2,1.5,SI,407
2026-08-02,PE2,0.0 - 1.0,si,490
2026-08-02,PE1,0.0 - 1.0,SI,558
2026-08-02,PE2,1.5,SI,402
2026-08-02,PEGUA,1.5 - 2.5,si,463
2026-08-02,PE3,0.0 - 1.0,si,480
2026-08-02,PE2,1.5,SI,403
2026-08-02,PIND,1.5 - 2.5,SI,463
2026-08-02,PE1,0.0 - 1.0,SI,569
2026-08-02,PEGUA,1.5 - 2.5,SI,499
2026-08-02,PE1,0.0 - 1.0,SI,544
2026-08-02,PE2,0.0 - 1.0,SI,522
2026-08-02,PEGUA,1.5 - 2.5,SI,478
2026-08-02,PE2,4,SI,64
2026-08-02,PEBAB,1.5 - 2.5,SI,429
2026-08-02,PE1,3.0 - 4.0,si,549
2026-08-02,PE2,1.5,SI,400
2026-08-02,PE1,0.0 - 1.0,SI,461
2026-08-02,PE3,0.0 - 1.0,SI,518
2026-08-02,PE2,1.5,SI,161
2026-08-02,PE2,3.0 - 4.0,si,226
2026-08-02,AD1,0.0 - 1.0,si,582
2026-08-02,AD-PJUG,3.0 - 4.0,SI,482
2026-08-02,AD2,0.0 - 1.0,SI,485
2026-08-02,PE3,3.0 - 4.0,si,102
2026-08-02,AD1,1.5 - 2.5,SI,274
2026-08-02,AD2,1.5 - 2.5,si,105
2026-08-02,ADGUA,1.5 - 2.5,SI,386
2026-08-02,AD3,0.0 - 1.0,SI,190
2026-08-02,ADGUA,1.5 - 2.5,SI,103
2026-08-02,AD-PJUG,3.0 - 4.0,SI,390
2026-08-02,AD1,0.0 - 1.0,SI,448
2026-08-02,AD3,1.5 - 2.5,si,448
2026-08-02,AD-PIND,1.5 - 2.5,SI,293
2026-08-02,ADBABY,1.5 - 2.5,SI,307
2026-08-02,AD2,1.5 - 2.5,si,166
2026-08-02,AD1,1.5 - 2.5,SI,248
2026-08-02,AD-PJUG,3.0 - 4.0,SI,122
2026-08-03,PE2,1.5,SI,413
2026-08-03,PE1,1,si,542
2026-08-03,PEGUA,1.5 - 2.5,si,492
2026-08-03,PE1,0.0 - 1.0,SI,525
2026-08-03,PE1,0,si,14
2026-08-03,PEBAB,1.5 - 2.5,SI,435
2026-08-03,PE1,1,SI,540
2026-08-03,PE3,0.0 - 1.0,SI,483
2026-08-03,PE1,1,SI,405
2026-08-03,PE2,1.5,SI,409
2026-08-03,PEGUA,1.5 - 2.5,SI,469
2026-08-03,PE1,0.0 - 1.0,SI,554
2026-08-03,PE1,1.5 - 2.5,SI,537
2026-08-03,PE2,1.5,SI,405
2026-08-03,PE2,1.5,SI,408
2026-08-03,PE1,0.0 - 1.0,si,546
2026-08-03,PIND,1.5 - 2.5,si,476
2026-08-03,PEGUA,1.5 - 2.5,si,483
2026-08-03,PEGUA,1.5 - 2.5,SI,478
2026-08-03,PE3,0.0 - 1.0,SI,492
2026-08-03,PE2,0.0 - 1.0,SI,483
2026-08-03,PE3,1.5 - 2.5,SI,480
2026-08-03,PEGUA,1.5 - 2.5,SI,483
2026-08-03,PE2,1.5,SI,404
2026-08-03,PEBAB,1.5 - 2.5,SI,426
2026-08-03,PE1,0.0 - 1.0,SI,558
2026-08-03,PE2,1.5,SI,408
2026-08-03,PEBAB,1.5 - 2.5,SI,408
2026-08-03,PE2,1.5,SI,397
2026-08-03,PEGUA,1.5 - 2.5,SI,466
2026-08-03,PE3,0.0 - 1.0,SI,505
2026-08-03,PEBAB,1.5 - 2.5,SI,402
2026-08-03,PIND,1.5 - 2.5,si,459
2026-08-03,PE2,1.5,SI,405
2026-08-03,PE2,0.0 - 1.0,SI,500
2026-08-03,PEGUA,1.5 - 2.5,SI,475
2026-08-03,PEGUA,1.5 - 2.5,si,467
2026-08-03,PE1,0.0 - 1.0,si,538
2026-08-03,PE3,0.0 - 1.0,SI,527
2026-08-03,PE2,1.5,SI,405
2026-08-03,PEGUA,1.5 - 2.5,SI,467
2026-08-03,PE2,1.5,SI,406
2026-08-03,PIND,1.5 - 2.5,SI,426
2026-08-03,PEBAB,1.5 - 2.5,SI,405
2026-08-03,PEGUA,1.5 - 2.5,si,470
2026-08-03,PEBAB,1.5 - 2.5,SI,406
2026-08-03,PE3,0.0 - 1.0,SI,501
2026-08-03,PEBAB,1.5 - 2.5,si,430
2026-08-03,PEBAB,1.5 - 2.5,si,397
2026-08-03,PE1,0.5,SI,542
2026-08-03,PE2,0.0 - 1.0,SI,495
2026-08-03,PEGUA,1.5 - 2.5,si,481
2026-08-03,PEGUA,1.5 - 2.5,si,473
2026-08-03,PIND,1.5 - 2.5,si,473
2026-08-03,PE2,1.5,SI,412
2026-08-03,PEBAB,1.5 - 2.5,SI,83
2026-08-03,PE3,0.0 - 1.0,SI,30
2026-08-03,PE3,0.0 - 1.0,SI,512
2026-08-03,PEBAB,1.5 - 2.5,SI,410
2026-08-03,PE1,1.5 - 2.5,SI,543
2026-08-03,PEGUA,1.5 - 2.5,SI,470
2026-08-03,PE2,0.0 - 1.0,SI,50
2026-08-03,PE2,1.5,SI,405
2026-08-03,PE3,0.0 - 1.0,SI,482
2026-08-03,PE2,1.5,SI,404
2026-08-03,PEGUA,1.5 - 2.5,si,466
2026-08-03,PE2,1,SI,494
2026-08-03,PE1,0.5,SI,537
2026-08-03,PE3,0.0 - 1.0,SI,64
2026-08-03,PEGUA,1.5 - 2.5,SI,475
2026-08-03,PEBAB,1.5 - 2.5,SI,414
2026-08-03,PE3,0.0 - 1.0,SI,477
2026-08-03,PEGUA,1.5 - 2.5,si,454
2026-08-03,PE2,1,SI,490
2026-08-03,PIND,1.5 - 2.5,SI,461
2026-08-03,PIND,1.5 - 2.5,SI,428
2026-08-03,PE1,0.5,SI,531
2026-08-03,PEGUA,1.5 - 2.5,si,478
2026-08-03,PEBAB,1.5 - 2.5,SI,404
2026-08-03,PEGUA,1.5 - 2.5,SI,456
2026-08-03,PE3,0.0 - 1.0,SI,446
2026-08-03,PE3,0.0 - 1.0,SI,519
2026-08-03,PE2,1,SI,495
2026-08-03,PE1,0.5,si,580
2026-08-03,PEGUA,1.5 - 2.5,SI,467
2026-08-03,PEGUA,1.5 - 2.5,si,488
2026-08-03,PE3,1.5 - 2.5,SI,487
2026-08-03,PE2,0.0 - 1.0,SI,484
2026-08-03,PE2,1.5 - 2.5,SI,497
2026-08-03,PE2,1,SI,495
2026-08-03,PEGUA,1.5 - 2.5,SI,480
2026-08-03,PEGUA,1.5 - 2.5,SI,460
2026-08-03,PE3,0.0 - 1.0,SI,466
2026-08-03,PE2,1,SI,137
2026-08-03,PE1,0.5,si,558
2026-08-03,PEGUA,1.5 - 2.5,SI,466
2026-08-03,PE1,2,SI,554
2026-08-03,PE1,0.0 - 1.0,si,572
2026-08-03,PE3,0.0 - 1.0,SI,492
2026-08-03,PEBAB,1.5 - 2.5,si,424
2026-08-03,PEBAB,1.5 - 2.5,SI,253
2026-08-03,PE1,3.0 - 4.0,SI,224
2026-08-03,PE1,4,si,368
2026-08-03,PE1,1.5 - 2.5,si,414
2026-08-03,PE1,3.0 - 4.0,SI,435
2026-08-03,PE2,1.5 - 2.5,SI,342
2026-08-03,PE2,4,si,260
2026-08-03,PE3,3.0 - 4.0,SI,196
2026-08-03,AD1,0.0 - 1.0,si,567
2026-08-03,PE2,1.5 - 2.5,si,187
2026-08-03,ADBABY,1.5 - 2.5,SI,407
2026-08-03,AD1,0.0 - 1.0,SI,570
2026-08-03,PE2,1.5,SI,46
2026-08-03,AD1,0.0 - 1.0,SI,558
2026-08-03,AD-PIND,1.5 - 2.5,si,465
2026-08-03,AD-PIND,1.5 - 2.5,si,464
2026-08-03,AD1,0.0 - 1.0,si,570
2026-08-03,AD1,1.5 - 2.5,SI,544
2026-08-03,AD1,1.5 - 2.5,SI,546
2026-08-03,AD1,1.5 - 2.5,SI,77
2026-08-03,AD2,0.0 - 1.0,SI,592
2026-08-03,AD1,0.0 - 1.0,SI,573
2026-08-03,AD1,0.0 - 1.0,si,307
2026-08-03,AD2,1.5 - 2.5,SI,293
2026-08-03,ADGUA,1.5 - 2.5,si,424
2026-08-03,AD2,0.0 - 1.0,si,289
2026-08-03,AD-PIND,1.5 - 2.5,SI,198
2026-08-03,AD3,0.0 - 1.0,SI,340
2026-08-03,AD-PJUG,3.0 - 4.0,SI,248
2026-08-03,ADBABY,1.5 - 2.5,SI,238
2026-08-03,AD3,1.5 - 2.5,SI,132
2026-08-03,AD-PJUG,3.0 - 4.0,SI,863
2026-08-03,AD-PJUG,3.0 - 4.0,SI,1358
2026-08-03,AD-PJUG,3.0 - 4.0,SI,675
2026-08-04,PE3,1.5 - 2.5,SI,477
2026-08-04,PEGUA,1.5 - 2.5,SI,490
2026-08-04,PE2,3.0 - 4.0,SI,395
2026-08-04,PE2,1.5 - 2.5,si,531
2026-08-04,PE3,1.5 - 2.5,SI,479
2026-08-04,PE1,1,si,552
2026-08-04,PE1,1,SI,536
2026-08-04,PE2,1.5,si,400
2026-08-04,PE1,0,SI,538
2026-08-04,PE1,0.0 - 1.0,SI,562
2026-08-04,PE1,1.5 - 2.5,si,560
2026-08-04,PE3,1.5 - 2.5,SI,488
2026-08-04,PEGUA,1.5 - 2.5,SI,491
2026-08-04,PE1,0.0 - 1.0,si,539
2026-08-04,PE2,0.0 - 1.0,SI,509
2026-08-04,PE1,1,si,552
2026-08-04,PEGUA,1.5 - 2.5,SI,478
2026-08-04,PE1,1,SI,554
2026-08-04,PE2,1.5 - 2.5,SI,530
2026-08-04,PE2,1.5,SI,399
2026-08-04,PE1,0,SI,528
2026-08-04,PEGUA,1.5 - 2.5,SI,481
2026-08-04,PE2,1.5,SI,400
2026-08-04,PE1,0.0 - 1.0,SI,525
2026-08-04,PE3,0.0 - 1.0,si,485
2026-08-04,PEBAB,1.5 - 2.5,si,433
2026-08-04,PE1,1.5 - 2.5,si,567
2026-08-04,PIND,1.5 - 2.5,SI,533
2026-08-04,PEGUA,1.5 - 2.5,si,466
2026-08-04,PIND,1.5 - 2.5,SI,487
2026-08-04,PEBAB,1.5 - 2.5,si,426
2026-08-04,PE3,1.5 - 2.5,si,489
2026-08-04,PEGUA,1.5 - 2.5,si,461
2026-08-04,PEGUA,1.5 - 2.5,SI,462
2026-08-04,PE3,0.0 - 1.0,SI,484
2026-08-04,PE1,4,SI,541
2026-08-04,PE1,0.0 - 1.0,SI,545
2026-08-04,PEGUA,1.5 - 2.5,SI,101
2026-08-04,PE2,0.0 - 1.0,si,491
2026-08-04,PEBAB,1.5 - 2.5,SI,408
2026-08-04,PE1,1.5 - 2.5,si,547
2026-08-04,PEGUA,1.5 - 2.5,SI,455
2026-08-04,PEGUA,1.5 - 2.5,SI,467
2026-08-04,PE3,1.5 - 2.5,si,493
2026-08-04,PIND,1.5 - 2.5,si,474
2026-08-04,PEBAB,1.5 - 2.5,SI,435
2026-08-04,PEGUA,1.5 - 2.5,SI,485
2026-08-04,PE2,1.5,SI,401
2026-08-04,PEBAB,1.5 - 2.5,SI,410
2026-08-04,PEGUA,1.5 - 2.5,SI,454
2026-08-04,PE1,0.0 - 1.0,SI,552
2026-08-04,PE1,1.5 - 2.5,si,553
2026-08-04,PE3,0.0 - 1.0,si,476
2026-08-04,PE2,0.0 - 1.0,SI,481
2026-08-04,PEGUA,1.5 - 2.5,SI,461
2026-08-04,PEGUA,1.5 - 2.5,SI,462
2026-08-04,PEBAB,1.5 - 2.5,SI,407
2026-08-04,PE2,1.5,SI,397
2026-08-04,PE2,0.0 - 1.0,si,514
2026-08-04,PEBAB,1.5 - 2.5,SI,423
2026-08-04,PE1,1,si,514
2026-08-04,PEGUA,1.5 - 2.5,SI,463
2026-08-04,PE3,0.0 - 1.0,si,479
2026-08-04,PEBAB,1.5 - 2.5,si,407
2026-08-04,PIND,1.5 - 2.5,SI,456
2026-08-04,PE1,1.5 - 2.5,si,543
2026-08-04,PE3,1.5 - 2.5,SI,489
2026-08-04,PE1,4,SI,551
2026-08-04,PE2,0.0 - 1.0,SI,499
2026-08-04,PE3,0.0 - 1.0,si,479
2026-08-04,PE2,1.5 - 2.5,SI,502
2026-08-04,PE2,1.5,SI,396
2026-08-04,PE1,0.0 - 1.0,si,539
2026-08-04,PEGUA,1.5 - 2.5,SI,459
2026-08-04,PE1,1,si,569
2026-08-04,PEGUA,1.5 - 2.5,SI,475
2026-08-04,PE1,0.0 - 1.0,si,537
2026-08-04,PE1,0,SI,508
2026-08-04,PE1,1,si,573
2026-08-04,PE1,1,SI,583
2026-08-04,PE1,4,SI,543
2026-08-04,PIND,1.5 - 2.5,SI,465
2026-08-04,PE2,1.5,si,403
2026-08-04,PEBAB,1.5 - 2.5,SI,424
2026-08-04,PE3,1.5 - 2.5,si,490
2026-08-04,PEGUA,1.5 - 2.5,SI,498
2026-08-04,PEGUA,1.5 - 2.5,SI,474
2026-08-04,PE2,1.5,SI,398
2026-08-04,PE1,1,si,566
2026-08-04,PEBAB,1.5 - 2.5,si,420
2026-08-04,PE2,1.5 - 2.5,si,501
2026-08-04,PE2,1.5,SI,404
2026-08-04,PE3,1.5 - 2.5,SI,494
2026-08-04,PE2,1.5,SI,265
2026-08-04,PE1,1,SI,205
2026-08-04,PE1,1.5 - 2.5,si,388
2026-08-04,PEGUA,1.5 - 2.5,si,494
2026-08-04,PE1,1.5 - 2.5,si,538
2026-08-04,PE2,0.0 - 1.0,SI,448
2026-08-04,PE3,3.0 - 4.0,SI,312
2026-08-04,PE3,0.0 - 1.0,SI,393
2026-08-04,PEGUA,1.5 - 2.5,SI,217
2026-08-04,PE3,4,SI,207
2026-08-04,PEBAB,1.5 - 2.5,si,506
2026-08-04,PE1,0.0 - 1.0,SI,433
2026-08-04,PE2,3.0 - 4.0,si,536
2026-08-04,PE1,3.0 - 4.0,si,534
2026-08-04,PE2,4,SI,277
2026-08-04,PE2,1.5 - 2.5,SI,367
2026-08-04,PE1,0.0 - 1.0,SI,345
2026-08-04,AD1,0.0 - 1.0,SI,523
2026-08-04,AD1,1,si,563
2026-08-04,AD1,0.0 - 1.0,SI,570
2026-08-04,AD1,0.0 - 1.0,SI,539
2026-08-04,AD2,1.5,si,464
2026-08-04,AD-PIND,1.5 - 2.5,SI,497
2026-08-04,AD2,1.5,SI,70
2026-08-04,AD2,1.5 - 2.5,SI,258
2026-08-04,AD1,1,SI,383
2026-08-04,AD-PJUG,3.0 - 4.0,SI,15
2026-08-04,AD2,0.0 - 1.0,SI,324
2026-08-04,AD1,1.5 - 2.5,SI,387
2026-08-04,AD3,0.0 - 1.0,si,246
2026-08-04,AD1,0.0 - 1.0,SI,222
2026-08-04,AD3,1.5 - 2.5,si,305
2026-08-04,AD-PJUG,3.0 - 4.0,SI,467
2026-08-04,ADBABY,1.5 - 2.5,SI,263
2026-08-04,AD1,1.5 - 2.5,si,342
2026-08-04,ADGUA,1.5 - 2.5,SI,170
2026-08-04,AD-PIND,1.5 - 2.5,SI,267
2026-08-04,AD-PJUG,3.0 - 4.0,SI,651
2026-08-04,AD-PJUG,3.0 - 4.0,SI,1384
2026-08-04,AD-PJUG,3.0 - 4.0,SI,536
2026-08-05,PE2,0.0 - 1.0,SI,35
2026-08-05,PEGUA,1.5 - 2.5,SI,439
2026-08-05,PEGUA,1.5 - 2.5,si,461
2026-08-05,PE2,1.5 - 2.5,SI,497
2026-08-05,PE3,0.0 - 1.0,SI,459
2026-08-05,PE1,1.5 - 2.5,si,534
2026-08-05,PEBAB,1.5 - 2.5,si,399
2026-08-05,PIND,1.5 - 2.5,SI,484
2026-08-05,PE3,1.5 - 2.5,si,482
2026-08-05,PEBAB,1.5 - 2.5,SI,426
2026-08-05,PEGUA,1.5 - 2.5,SI,426
2026-08-05,PEGUA,1.5 - 2.5,SI,481
2026-08-05,PEGUA,1.5 - 2.5,SI,430
2026-08-05,PE2,1.5 - 2.5,SI,505
2026-08-05,PEBAB,1.5 - 2.5,si,421
2026-08-05,PE3,0.0 - 1.0,SI,480
2026-08-05,PE2,0.0 - 1.0,SI,489
2026-08-05,PE1,1.5 - 2.5,SI,506
2026-08-05,PIND,1.5 - 2.5,si,483
2026-08-05,PEGUA,1.5 - 2.5,si,482
2026-08-05,PEBAB,1.5 - 2.5,si,422
2026-08-05,PE1,4,SI,542
2026-08-05,PEBAB,1.5 - 2.5,si,417
2026-08-05,PE1,1,SI,524
2026-08-05,PEGUA,1.5 - 2.5,SI,445
2026-08-05,PE3,1.5 - 2.5,si,484
2026-08-05,PE3,1.5 - 2.5,SI,41
2026-08-05,PEGUA,1.5 - 2.5,SI,478
2026-08-05,PEBAB,1.5 - 2.5,SI,432
2026-08-05,PE1,0.0 - 1.0,si,568
2026-08-05,PEBAB,1.5 - 2.5,SI,426
2026-08-05,PIND,1.5 - 2.5,SI,491
2026-08-05,PE2,1.5 - 2.5,SI,41
2026-08-05,PEGUA,1.5 - 2.5,SI,473
2026-08-05,PEGUA,1.5 - 2.5,SI,438
2026-08-05,PE2,0.0 - 1.0,SI,494
2026-08-05,PE1,1.5 - 2.5,SI,537
2026-08-05,PE3,1.5 - 2.5,SI,457
2026-08-05,PEBAB,1.5 - 2.5,SI,428
2026-08-05,PE3,0.0 - 1.0,si,482
2026-08-05,PEGUA,1.5 - 2.5,si,484
2026-08-05,PE1,4,SI,533
2026-08-05,PEGUA,1.5 - 2.5,SI,434
2026-08-05,PE1,1.5 - 2.5,SI,288
2026-08-05,PEBAB,1.5 - 2.5,SI,408
2026-08-05,PIND,1.5 - 2.5,SI,473
2026-08-05,PEGUA,1.5 - 2.5,si,445
2026-08-05,PEGUA,1.5 - 2.5,si,482
2026-08-05,PE1,1,SI,521
2026-08-05,PEBAB,1.5 - 2.5,SI,439
2026-08-05,PEBAB,1.5 - 2.5,SI,423
2026-08-05,PE1,0.0 - 1.0,SI,544
2026-08-05,PE3,1.5 - 2.5,SI,467
2026-08-05,PE2,1.5 - 2.5,si,509
2026-08-05,PE1,3.0 - 4.0,SI,560
2026-08-05,PE2,1.5 - 2.5,SI,503
2026-08-05,PEGUA,1.5 - 2.5,si,453
2026-08-05,PE3,1.5 - 2.5,si,479
2026-08-05,PE1,1.5 - 2.5,si,518
2026-08-05,PEGUA,1.5 - 2.5,SI,486
2026-08-05,PEGUA,1.5 - 2.5,SI,477
2026-08-05,PIND,1.5 - 2.5,si,502
2026-08-05,PE2,1.5 - 2.5,SI,518
2026-08-05,PEBAB,1.5 - 2.5,SI,436
2026-08-05,PE2,1.5 - 2.5,SI,484
2026-08-05,PEGUA,1.5 - 2.5,si,498
2026-08-05,PE3,1.5 - 2.5,SI,483
2026-08-05,PEGUA,1.5 - 2.5,si,445
2026-08-05,PE2,3.0 - 4.0,SI,507
2026-08-05,PEGUA,1.5 - 2.5,si,483
2026-08-05,PE2,1.5 - 2.5,si,529
2026-08-05,PE3,0.0 - 1.0,SI,473
2026-08-05,PE3,1.5 - 2.5,SI,475
2026-08-05,PEGUA,1.5 - 2.5,si,498
2026-08-05,PE3,3.0 - 4.0,SI,484
2026-08-05,PE2,1.5 - 2.5,SI,480
2026-08-05,PE1,1.5 - 2.5,si,552
2026-08-05,PE1,1.5 - 2.5,si,568
2026-08-05,PE3,3.0 - 4.0,SI,470
2026-08-05,PE2,1.5 - 2.5,SI,522
2026-08-05,PE2,3.0 - 4.0,SI,490
2026-08-05,PE1,1.5 - 2.5,SI,527
2026-08-05,PEGUA,1.5 - 2.5,SI,452
2026-08-05,PEBAB,1.5 - 2.5,SI,439
2026-08-05,PE3,1.5 - 2.5,SI,464
2026-08-05,PEGUA,1.5 - 2.5,SI,468
2026-08-05,PIND,1.5 - 2.5,si,508
2026-08-05,PE1,1,SI,526
2026-08-05,PE2,1.5 - 2.5,si,373
2026-08-05,PEGUA,1.5 - 2.5,si,486
2026-08-05,PE2,0.0 - 1.0,SI,472
2026-08-05,PE2,1.5 - 2.5,si,464
2026-08-05,PE2,3.0 - 4.0,SI,264
2026-08-05,PE1,3.0 - 4.0,SI,517
2026-08-05,PE3,1.5 - 2.5,SI,474
2026-08-05,PE2,0.0 - 1.0,SI,507
2026-08-05,PE3,3.0 - 4.0,SI,317
2026-08-05,PE2,3.0 - 4.0,SI,498
2026-08-05,PEBAB,1.5 - 2.5,SI,287
2026-08-05,PE3,0.0 - 1.0,si,553
2026-08-05,PE2,4,SI,498
2026-08-05,PE3,1.5 - 2.5,SI,169
2026-08-05,AD1,0.0 - 1.0,si,560
2026-08-05,AD1,1,SI,588
2026-08-05,PE1,1.5 - 2.5,SI,270
2026-08-05,PE1,0.0 - 1.0,SI,552
2026-08-05,AD1,0.0 - 1.0,si,596
2026-08-05,AD1,0.0 - 1.0,SI,568
2026-08-05,AD2,0.0 - 1.0,SI,512
2026-08-05,PE1,1.5 - 2.5,SI,482
2026-08-05,PE1,4,SI,343
2026-08-05,PE3,4,SI,103
2026-08-05,PEGUA,1.5 - 2.5,si,468
2026-08-05,AD1,1,SI,565
2026-08-05,AD1,0.0 - 1.0,SI,538
2026-08-05,AD1,0,si,526
2026-08-05,AD2,0.0 - 1.0,SI,517
2026-08-05,AD1,0.0 - 1.0,SI,552
2026-08-05,PE1,0.0 - 1.0,SI,412
2026-08-05,AD1,0.0 - 1.0,SI,537
2026-08-05,AD2,0.0 - 1.0,SI,371
2026-08-05,ADBABY,1.5 - 2.5,SI,8
2026-08-05,AD3,1.5 - 2.5,si,26
2026-08-05,AD1,1.5 - 2.5,si,517
2026-08-05,ADGUA,1.5 - 2.5,SI,62
2026-08-05,AD2,0.0 - 1.0,SI,501
2026-08-05,AD1,1,si,313
2026-08-05,AD1,0.0 - 1.0,SI,545
2026-08-05,AD1,0.0 - 1.0,SI,425
2026-08-05,AD3,0.0 - 1.0,si,469
2026-08-05,AD1,0.0 - 1.0,SI,254
2026-08-05,ADGUA,1.5 - 2.5,SI,42
2026-08-05,AD2,1.5 - 2.5,si,395
2026-08-05,AD-PIND,1.5 - 2.5,SI,472
2026-08-05,AD-PJUG,3.0 - 4.0,SI,166
2026-08-05,AD-PJUG,3.0 - 4.0,si,836
2026-08-05,AD-PJUG,3.0 - 4.0,SI,794
2026-08-05,PE1,1.5 - 2.5,SI,319
2026-08-05,PE3,1.5 - 2.5,SI,41
2026-08-06,PE1,0.0 - 1.0,si,11
2026-08-06,PEBAB,1.5 - 2.5,SI,425
2026-08-06,PE2,1.5 - 2.5,SI,504
2026-08-06,PEGUA,1.5 - 2.5,SI,449
2026-08-06,PEGUA,1.5 - 2.5,SI,443
2026-08-06,PE3,1.5 - 2.5,SI,488
2026-08-06,PE1,4,SI,506
2026-08-06,PEBAB,1.5 - 2.5,SI,404
2026-08-06,PEGUA,1.5 - 2.5,SI,447
2026-08-06,PE1,1.5 - 2.5,si,525
2026-08-06,PE1,1,SI,526
2026-08-06,PE2,1.5 - 2.5,SI,502
2026-08-06,PEBAB,1.5 - 2.5,SI,395
2026-08-06,PEGUA,1.5 - 2.5,SI,468
2026-08-06,PE3,1.5 - 2.5,SI,481
2026-08-06,PIND,1.5 - 2.5,SI,448
2026-08-06,PEGUA,1.5 - 2.5,SI,454
2026-08-06,PEBAB,1.5 - 2.5,SI,95
2026-08-06,PEGUA,1.5 - 2.5,SI,452
2026-08-06,PE1,4,SI,473
2026-08-06,PEBAB,1.5 - 2.5,SI,403
2026-08-06,PEBAB,1.5 - 2.5,SI,427
2026-08-06,PE1,1.5 - 2.5,si,518
2026-08-06,PE3,1.5 - 2.5,SI,475
2026-08-06,PIND,1.5 - 2.5,SI,416
2026-08-06,AD3,1,SI,497
2026-08-06,PE3,3.0 - 4.0,SI,378
2026-08-06,AD3,1,SI,509
2026-08-06,AD3,1,SI,502
2026-08-06,PE2,3.0 - 4.0,SI,286
2026-08-06,AD3,1,SI,498
2026-08-06,PE2,1.5 - 2.5,SI,392
2026-08-06,PE2,3.0 - 4.0,SI,219
2026-08-06,AD3,1,SI,504
2026-08-06,PE2,0.0 - 1.0,si,503
2026-08-06,AD3,1,SI,487
2026-08-06,AD3,1,SI,482
2026-08-06,AD3,1,SI,495
2026-08-06,PE3,0.0 - 1.0,SI,396
2026-08-06,AD3,1,SI,492
2026-08-06,PEGUA,1.5 - 2.5,SI,521
2026-08-06,AD3,1,SI,502
2026-08-06,PE1,4,SI,202
2026-08-06,AD1,1,SI,534
2026-08-06,PE1,3.0 - 4.0,SI,260
2026-08-06,AD1,0.0 - 1.0,SI,535
2026-08-06,AD1,0.0 - 1.0,SI,573
2026-08-06,AD1,0,SI,521
2026-08-06,AD1,0.0 - 1.0,SI,538
2026-08-06,AD3,1,SI,488
2026-08-06,AD1,1,SI,542
2026-08-06,AD1,1,SI,532
2026-08-06,AD1,0.0 - 1.0,SI,527
2026-08-06,AD3,1.5 - 2.5,SI,29
2026-08-06,AD1,1.5 - 2.5,si,553
2026-08-06,AD1,0.0 - 1.0,SI,567
2026-08-06,AD-PJUG,3.0 - 4.0,SI,293
2026-08-06,AD2,0.0 - 1.0,SI,491
2026-08-06,AD-PIND,1.5 - 2.5,SI,472
2026-08-06,AD2,0.0 - 1.0,SI,480
2026-08-06,AD1,0.0 - 1.0,SI,288
2026-08-06,PE1,0.0 - 1.0,SI,348
2026-08-06,PE2,0.0 - 1.0,si,304
2026-08-06,PEGUA,1.5 - 2.5,SI,448
2026-08-06,PEBAB,1.5 - 2.5,SI,200
2026-08-06,ADGUA,1.5 - 2.5,SI,198
2026-08-06,AD3,1,si,305
2026-08-06,PE2,1.5 - 2.5,SI,423
2026-08-06,AD3,0.0 - 1.0,SI,169
2026-08-06,AD-PJUG,3.0 - 4.0,SI,333
2026-08-06,PE3,0.0 - 1.0,SI,115
2026-08-06,AD1,0.0 - 1.0,si,232
2026-08-06,AD2,1.5 - 2.5,SI,155
2026-08-11,AL-PE2,1.5,SI,1043
2026-08-05,PE2,1.5,SI,1474
2026-08-11,AL-PE2,1.5,SI,1003
2026-08-11,AL-PE1,1,SI,1882
2026-08-11,AL-PE1,0,SI,1096
2026-08-11,AL-PE2,1.5,SI,1760
2026-08-11,AL-PE2,1.5,SI,53
2026-08-11,AL-PE2,1.5,SI,32
2026-08-11,AD2,0.0 - 1.0,SI,108
2026-08-11,AD2,0.0 - 1.0,SI,69
2026-08-11,AD1,0.0 - 1.0,SI,115
2026-08-11,AD1,0.0 - 1.0,SI,108
2026-08-11,AD3,0.0 - 1.0,SI,80
2026-08-11,AD1,0.0 - 1.0,SI,152
2026-08-11,AD1,0.0 - 1.0,SI,156
2026-08-11,AD-PJUG,3.0 - 4.0,SI,143
2026-08-11,AD1,0.0 - 1.0,SI,16
2026-08-11,AD2,0.0 - 1.0,SI,13
2026-08-11,AD1,1.5 - 2.5,SI,242
2026-08-11,AD1,1.5 - 2.5,SI,155
2026-08-11,ADGUA,1.5 - 2.5,SI,72
2026-08-11,ADGUA,1.5 - 2.5,SI,12
2026-08-11,AD-PJUG,3.0 - 4.0,SI,115
2026-08-11,AD-PJUG,3.0 - 4.0,SI,87
2026-08-11,AD3,0.0 - 1.0,SI,14
2026-08-11,AD3,1.5 - 2.5,SI,9
2026-08-11,AD1,1.5 - 2.5,SI,21
2026-08-11,AD2,1.5 - 2.5,SI,62
2026-08-11,AD2,1.5 - 2.5,SI,21
2026-08-11,AD3,1.5 - 2.5,SI,22
2026-08-11,AD-PIND,1.5 - 2.5,SI,64
2026-08-11,AD-PIND,1.5 - 2.5,SI,66
2026-08-11,AD1,0.0 - 1.0,SI,219
2026-08-11,AD1,0.0 - 1.0,SI,225
2026-08-11,AD2,0.0 - 1.0,SI,146
2026-08-11,AD3,0.0 - 1.0,SI,39
2026-08-11,AD-PIND,1.5 - 2.5,SI,15
2026-08-11,AD2,1.5 - 2.5,SI,9
2026-08-11,ADGUA,1.5 - 2.5,SI,6
2026-08-11,AD-PJUG,3.0 - 4.0,SI,29
2026-08-11,AD-PJUG,3.0 - 4.0,SI,47
2026-08-12,AD-PJUG,3.0 - 4.0,SI,161
2026-08-12,AD1,0.0 - 1.0,SI,175
2026-08-12,AD1,0.0 - 1.0,SI,197
2026-08-12,AD2,0.0 - 1.0,SI,23
2026-08-12,AD2,0.0 - 1.0,SI,38
2026-08-12,AD3,0.0 - 1.0,SI,18
2026-08-12,AD1,1.5 - 2.5,SI,225
2026-08-12,AD1,1.5 - 2.5,SI,207
2026-08-12,AD1,1.5 - 2.5,SI,93
2026-08-12,AD1,1.5 - 2.5,SI,223
2026-08-12,AD1,1.5 - 2.5,SI,211
2026-08-12,AD2,1.5 - 2.5,SI,71
2026-08-12,AD3,1.5 - 2.5,SI,25
2026-08-12,AD3,1.5 - 2.5,SI,38
2026-08-12,AD2,1.5 - 2.5,SI,20
2026-08-12,ADGUA,1.5 - 2.5,SI,15
2026-08-12,ADGUA,1.5 - 2.5,SI,10
2026-08-12,AD-PIND,1.5 - 2.5,SI,60
2026-08-12,AD-PIND,1.5 - 2.5,SI,168
2026-08-12,AD-PJUG,3.0 - 4.0,SI,197
2026-08-12,AD-PJUG,3.0 - 4.0,SI,61
2026-08-12,AD-PJUG,3.0 - 4.0,SI,197
2026-08-12,AD-PJUG,3.0 - 4.0,SI,61
2026-08-12,AD1,1.5 - 2.5,SI,235
2026-08-12,AD1,1.5 - 2.5,SI,85
2026-08-12,AD2,1.5 - 2.5,SI,234
2026-08-12,AD1,1.5 - 2.5,SI,227
2026-08-12,AD2,1.5 - 2.5,SI,20
2026-08-12,AD2,1.5 - 2.5,SI,38
2026-08-12,AD3,1.5 - 2.5,SI,27
2026-08-12,AD1,0.0 - 1.0,si,186
2026-08-12,AD1,0.0 - 1.0,SI,195
2026-08-12,AD2,0.0 - 1.0,SI,41
2026-08-12,AD2,0.0 - 1.0,SI,13
2026-08-12,AD-PJUG,3.0 - 4.0,SI,195
2026-08-12,AD-PJUG,3.0 - 4.0,SI,202
2026-08-12,AD-PIND,1.5 - 2.5,SI,91
2026-08-12,AD-PJUG,3.0 - 4.0,SI,194
2026-08-12,AD-PJUG,3.0 - 4.0,SI,39
2026-08-12,AD-PIND,1.5 - 2.5,SI,56
2026-08-12,ADGUA,1.5 - 2.5,SI,21
2026-08-12,AD1,0.0 - 1.0,SI,186
2026-08-12,AD1,0.0 - 1.0,SI,192
2026-08-12,AD1,0.0 - 1.0,SI,189
2026-08-12,AD1,0.0 - 1.0,SI,136
2026-08-12,AD1,0.0 - 1.0,SI,206
2026-08-12,AD1,0.0 - 1.0,SI,193
2026-08-12,AD1,0.0 - 1.0,SI,219
2026-08-12,AD1,0.0 - 1.0,SI,208
2026-08-12,AD2,0.0 - 1.0,SI,196
2026-08-12,AD2,0.0 - 1.0,SI,201
2026-08-12,AD2,0.0 - 1.0,SI,69
2026-08-12,AD3,0.0 - 1.0,SI,119
2026-08-12,AD-PIND,1.5 - 2.5,SI,29
2026-08-12,AD3,0.0 - 1.0,SI,38
2026-08-12,AD1,1.5 - 2.5,SI,30
2026-08-12,ADGUA,1.5 - 2.5,SI,50
2026-08-12,AD1,1.5 - 2.5,SI,31
2026-08-12,AD-PJUG,3.0 - 4.0,SI,33
2026-08-12,ad2,0.0 - 1.0,SI,118
2026-08-12,AD-PJUG,3.0 - 4.0,SI,47
2026-08-12,AD-PIND,1.5 - 2.5,SI,60
2026-08-12,AD1,1.5 - 2.5,SI,8
2026-08-12,AD1,0.0 - 1.0,SI,166
2026-08-12,AD1,0.0 - 1.0,SI,188
2026-08-12,AD1,0.0 - 1.0,SI,206
2026-08-12,AD1,0.0 - 1.0,SI,196
2026-08-12,AD1,0.0 - 1.0,SI,200
2026-08-12,AD1,0.0 - 1.0,SI,150
2026-08-12,AD2,0.0 - 1.0,SI,203
2026-08-12,AD2,0.0 - 1.0,SI,67
2026-08-12,AD3,0.0 - 1.0,SI,82
2026-08-12,AD-PIND,1.5 - 2.5,SI,18
2026-08-12,ADGUA,1.5 - 2.5,SI,9
2026-08-12,AD-PJUG,3.0 - 4.0,SI,54
2026-08-12,AD-PJUG,3.0 - 4.0,SI,30
2026-08-13,PE2,1.5,SI,414
2026-08-13,PE1,1.5 - 2.5,SI,552
2026-08-13,PE1,0.0 - 1.0,si,519
2026-08-13,PIND,1.5 - 2.5,si,468
2026-08-13,PE1,1,SI,575
2026-08-13,PE1,1,SI,553
2026-08-13,PE2,1.5,SI,417
2026-08-13,PE3,0.0 - 1.0,SI,492
2026-08-13,PE1,3.0 - 4.0,si,523
2026-08-13,PE1,1.5 - 2.5,SI,552
2026-08-13,PE1,1.5 - 2.5,SI,546
2026-08-13,PE2,1.5 - 2.5,SI,504
2026-08-13,PE1,1,SI,551
2026-08-13,PE1,1,SI,585
2026-08-13,PIND,1.5 - 2.5,si,514
2026-08-13,PE2,1.5,SI,413
2026-08-13,PE3,1.5 - 2.5,SI,502
2026-08-13,PE1,3.0 - 4.0,SI,527
2026-08-13,PEGUA,1.5 - 2.5,SI,477
2026-08-13,PE1,1.5 - 2.5,SI,558
2026-08-13,PE2,1.5,SI,403
2026-08-13,PE1,0,SI,537
2026-08-13,PE1,1.5 - 2.5,SI,587
2026-08-13,PE2,1.5,SI,419
2026-08-13,PE1,0.0 - 1.0,si,529
2026-08-13,PE1,3.0 - 4.0,SI,555
2026-08-13,PE1,1,SI,544
2026-08-13,PE1,1,SI,574
2026-08-13,PE2,0.0 - 1.0,si,499
2026-08-13,PIND,1.5 - 2.5,SI,474
2026-08-13,PE3,0.0 - 1.0,SI,499
2026-08-13,PE1,0.0 - 1.0,si,563
2026-08-13,PE2,1.5,SI,422
2026-08-13,PE1,1.5 - 2.5,si,582
2026-08-13,PE1,1.5 - 2.5,SI,572
2026-08-13,PE1,1,SI,568
2026-08-13,PE2,1.5 - 2.5,SI,513
2026-08-13,PE1,1,SI,542
2026-08-13,PIND,1.5 - 2.5,SI,479
2026-08-13,PE1,0.0 - 1.0,SI,568
2026-08-13,PEGUA,1.5 - 2.5,SI,476
2026-08-13,PE2,1.5,SI,418
2026-08-13,PEBAB,1.5 - 2.5,SI,429
2026-08-13,PE1,1.5 - 2.5,SI,571
2026-08-13,PEGUA,1.5 - 2.5,SI,472
2026-08-13,PE3,0.0 - 1.0,SI,508
2026-08-13,PE2,1.5,SI,403
2026-08-13,PE3,1.5 - 2.5,SI,493
2026-08-13,PE1,0,si,536
2026-08-13,PE1,0.0 - 1.0,si,575
2026-08-13,PE1,1.5 - 2.5,SI,561
2026-08-13,PE1,1.5 - 2.5,SI,42
2026-08-13,PE1,3.0 - 4.0,SI,583
2026-08-13,PE2,0.0 - 1.0,si,509
2026-08-13,PE1,1,SI,567
2026-08-13,PE1,1,SI,541
2026-08-13,PE3,0.0 - 1.0,SI,491
2026-08-13,PE2,1.5,SI,413
2026-08-13,PE1,1.5 - 2.5,SI,483
2026-08-13,PEGUA,1.5 - 2.5,SI,477
2026-08-13,PE2,1.5 - 2.5,SI,521
2026-08-13,PE2,1.5,SI,408
2026-08-13,PE1,1,SI,570
2026-08-13,PE1,1.5 - 2.5,SI,571
2026-08-13,PIND,1.5 - 2.5,SI,484
2026-08-13,PIND,1.5 - 2.5,SI,481
2026-08-13,PE2,0.0 - 1.0,si,507
2026-08-13,PE1,1,SI,579
2026-08-13,PE1,1,SI,560
2026-08-13,PE1,1,SI,562
2026-08-13,PE1,0.0 - 1.0,si,576
2026-08-13,PE1,0,SI,541
2026-08-13,PE3,1.5 - 2.5,SI,505
2026-08-13,PE1,1.5 - 2.5,SI,487
2026-08-13,PE1,1,SI,570
2026-08-13,PE3,0.0 - 1.0,si,429
2026-08-13,PE1,1,SI,257
2026-08-13,PE1,3.0 - 4.0,si,580
2026-08-13,PJUG,3.0 - 4.0,si,102
2026-08-13,PE1,1.5 - 2.5,SI,397
2026-08-13,PIND,1.5 - 2.5,SI,218
2026-08-13,PE2,1.5,SI,403
2026-08-13,PEGUA,1.5 - 2.5,SI,517
2026-08-13,AD1,1.5 - 2.5,SI,161
2026-08-13,PJUG,3.0 - 4.0,si,293
2026-08-13,AD1,0.0 - 1.0,si,248
2026-08-13,PE2,3.0 - 4.0,SI,637
2026-08-13,AD-PJUG,3.0 - 4.0,si,375
2026-08-13,PE3,3.0 - 4.0,SI,233
2026-08-13,PE2,1.5,SI,161
2026-08-13,PEBAB,1.5 - 2.5,SI,262
2026-08-13,AD2,1.5 - 2.5,SI,84
2026-08-13,PE2,1.5,SI,230
2026-08-13,AD1,0.0 - 1.0,si,304
2026-08-13,AD2,0.0 - 1.0,si,400
2026-08-13,AD2,1.5 - 2.5,SI,393
2026-08-13,AD3,1.5 - 2.5,SI,63
2026-08-13,AD-PJUG,3.0 - 4.0,si,185
2026-08-13,AD2,1.5 - 2.5,SI,531
2026-08-13,PE2,0.0 - 1.0,si,432
2026-08-13,AD-PJUG,3.0 - 4.0,si,74
2026-08-13,AL-PE1,1,si,117
2026-08-13,AL-PE1,0,si,1500
2026-08-14,PE1,1,SI,581
2026-08-14,PE1,1.5 - 2.5,SI,521
2026-08-14,PE1,1,SI,583
2026-08-14,PE1,1.5 - 2.5,SI,561
2026-08-14,PIND,1.5 - 2.5,si,477
2026-08-14,PE1,0.0 - 1.0,SI,569
2026-08-14,PE2,1.5,SI,407
2026-08-14,PE1,1.5 - 2.5,SI,546
2026-08-14,PE2,1.5 - 2.5,SI,516
2026-08-14,PE1,1,SI,586
2026-08-14,PE3,0.0 - 1.0,SI,490
2026-08-14,PE2,0.0 - 1.0,SI,514
2026-08-14,PEGUA,1.5 - 2.5,SI,452
2026-08-14,PE3,1.5 - 2.5,SI,489
2026-08-14,PE1,1,SI,406
2026-08-14,PE1,1.5 - 2.5,SI,504
2026-08-14,PE1,1.5 - 2.5,SI,546
2026-08-14,PE1,0.0 - 1.0,si,528
2026-08-14,PE2,1.5,SI,406
2026-08-14,PE2,1.5,SI,400
2026-08-14,PE1,1.5 - 2.5,SI,568
2026-08-14,PIND,1.5 - 2.5,si,478
2026-08-14,PE1,1.5 - 2.5,SI,564
2026-08-14,PE2,1.5 - 2.5,SI,496
2026-08-14,PEGUA,1.5 - 2.5,SI,480
2026-08-14,PE3,1.5 - 2.5,SI,488
2026-08-14,PIND,1.5 - 2.5,SI,496
2026-08-14,PEBAB,1.5 - 2.5,SI,421
2026-08-14,PE1,1.5 - 2.5,SI,553
2026-08-14,PE2,1.5,SI,407
2026-08-14,PE2,1.5,SI,412
2026-08-14,PE1,1.5 - 2.5,SI,566
2026-08-14,PE1,3.0 - 4.0,SI,521
2026-08-14,PE1,1.5 - 2.5,SI,536
2026-08-14,AD1,0.0 - 1.0,si,561
2026-08-14,AD1,0.0 - 1.0,si,542
2026-08-14,AD3,0.0 - 1.0,si,487
2026-08-14,AD1,0.0 - 1.0,SI,527
2026-08-14,PE1,1.5 - 2.5,SI,530
2026-08-14,AD1,0.0 - 1.0,si,553
2026-08-14,PEGUA,1.5 - 2.5,SI,459
2026-08-14,PE1,1.5 - 2.5,si,493
2026-08-14,PE2,1.5,SI,400
2026-08-14,PE2,1.5,SI,405
2026-08-14,PE2,1.5,si,413
2026-08-14,PEGUA,1.5 - 2.5,SI,489
2026-08-14,PE1,1.5 - 2.5,SI,493
2026-08-14,PE1,1.5 - 2.5,SI,467
2026-08-14,PE3,1.5 - 2.5,SI,480
2026-08-14,PE1,1.5 - 2.5,SI,515
2026-08-14,PIND,1.5 - 2.5,si,92
2026-08-14,PE1,1.5 - 2.5,si,477
2026-08-14,PE2,1.5 - 2.5,SI,507
2026-08-14,PE2,1.5,SI,410
2026-08-14,PE2,1.5,SI,405
2026-08-14,PIND,1.5 - 2.5,SI,456
2026-08-14,PE3,3.0 - 4.0,SI,490
2026-08-14,PE1,1.5 - 2.5,SI,590
2026-08-14,PIND,1.5 - 2.5,SI,467
2026-08-14,PE1,1.5 - 2.5,SI,579
2026-08-14,PE1,1.5 - 2.5,SI,574
2026-08-14,PE2,3.0 - 4.0,SI,505
2026-08-14,PE2,1.5 - 2.5,SI,513
2026-08-14,PEBAB,1.5 - 2.5,SI,426
2026-08-14,PE1,1.5 - 2.5,SI,592
2026-08-14,PE2,1.5,SI,413
2026-08-14,PE1,1.5 - 2.5,SI,584
2026-08-14,PE1,3.0 - 4.0,SI,540
2026-08-14,PE2,1.5 - 2.5,SI,509
2026-08-14,PE1,1.5 - 2.5,SI,548
2026-08-14,PE2,0.0 - 1.0,SI,505
2026-08-14,PE1,1.5 - 2.5,SI,581
2026-08-14,PE1,0.0 - 1.0,si,485
2026-08-14,PE1,0.0 - 1.0,si,598
2026-08-14,PE1,0.0 - 1.0,SI,606
2026-08-14,PE1,0.0 - 1.0,SI,594
2026-08-14,PE1,0.0 - 1.0,SI,551
2026-08-14,PE1,0.0 - 1.0,SI,506
2026-08-14,AD1,0.0 - 1.0,si,552
2026-08-14,AD1,0.0 - 1.0,SI,499
2026-08-14,AD1,0.0 - 1.0,SI,504
2026-08-14,AD2,0.0 - 1.0,SI,514
2026-08-14,AD1,0.0 - 1.0,SI,502
2026-08-14,AD2,1.5 - 2.5,SI,515
2026-08-14,AD1,0.0 - 1.0,si,499
2026-08-14,PIND,1.5 - 2.5,SI,455
2026-08-14,AD3,1.5 - 2.5,SI,52
2026-08-14,AD1,0.0 - 1.0,si,538
2026-08-14,AD1,0.0 - 1.0,si,494
2026-08-14,PEGUA,1.5 - 2.5,SI,473
2026-08-14,PEGUA,1.5 - 2.5,SI,485
2026-08-14,AD1,0.0 - 1.0,si,499
2026-08-14,AD1,0.0 - 1.0,si,488
2026-08-14,AD3,1.5 - 2.5,SI,488
2026-08-14,AD1,1.5 - 2.5,SI,571
2026-08-14,AD-PIND,1.5 - 2.5,SI,53
2026-08-14,PE1,4,SI,542
2026-08-14,AD1,1.5 - 2.5,SI,323
2026-08-14,PE1,4,SI,62
2026-08-14,AD1,0.0 - 1.0,SI,276
2026-08-14,AD1,1.5 - 2.5,si,359
2026-08-14,AD1,1.5 - 2.5,SI,99
2026-08-14,AD-PIND,1.5 - 2.5,si,66
2026-08-14,PE3,4,SI,97
2026-08-14,AD1,0.0 - 1.0,si,426
2026-08-14,PE2,1.5 - 2.5,SI,76
2026-08-14,PE2,1.5 - 2.5,SI,518
2026-08-14,AD2,0.0 - 1.0,SI,519
2026-08-14,PIND,1.5 - 2.5,si,448
2026-08-14,PE2,1.5 - 2.5,SI,221
2026-08-14,AD1,0.0 - 1.0,SI,420
2026-08-14,AD3,0.0 - 1.0,SI,552
2026-08-14,PE3,1.5 - 2.5,SI,158
2026-08-14,PE1,4,SI,619
2026-08-14,PE3,3.0 - 4.0,SI,349
2026-08-14,PE1,1.5 - 2.5,SI,405
2026-08-14,PEBAB,1.5 - 2.5,SI,214
2026-08-14,PEGUA,1.5 - 2.5,si,299
2026-08-14,AD2,0.0 - 1.0,SI,415
2026-08-14,PE1,3.0 - 4.0,SI,351
2026-08-14,PE2,3.0 - 4.0,SI,465
2026-08-14,PEGUA,1.5 - 2.5,SI,310
2026-08-14,PE2,4,SI,261
2026-08-14,PE1,3.0 - 4.0,SI,604
2026-08-14,AD1,0.0 - 1.0,SI,412
2026-08-14,PE2,1.5,SI,183
2026-08-14,AD-PJUG,3.0 - 4.0,si,97
2026-08-14,PE1,3.0 - 4.0,SI,107
2026-08-14,PE1,1.5 - 2.5,SI,107
2026-08-14,PE2,1.5 - 2.5,SI,44
2026-08-15,PE1,1.5 - 2.5,SI,572
2026-08-15,PE1,3.0 - 4.0,SI,546
2026-08-15,PE2,1.5 - 2.5,SI,514
2026-08-15,PE1,1.5 - 2.5,SI,562
2026-08-15,PIND,1.5 - 2.5,si,472
2026-08-15,PEGUA,1.5 - 2.5,SI,469
2026-08-15,PE1,1.5 - 2.5,SI,520
2026-08-15,PE2,3.0 - 4.0,si,504
2026-08-15,PE3,1.5 - 2.5,si,469
2026-08-15,PE1,3.0 - 4.0,SI,533
2026-08-15,PE1,1.5 - 2.5,SI,543
2026-08-15,PE1,1,si,542
2026-08-15,PE2,1.5 - 2.5,si,516
2026-08-15,PE3,3.0 - 4.0,SI,490
2026-08-15,PE2,3.0 - 4.0,SI,511
2026-08-15,PIND,1.5 - 2.5,SI,457
2026-08-15,PE1,1.5 - 2.5,SI,560
2026-08-15,PE1,1,SI,575
2026-08-15,PEGUA,1.5 - 2.5,SI,488
2026-08-15,PE1,3.0 - 4.0,SI,538
2026-08-15,PE2,1.5 - 2.5,si,519
2026-08-15,PEBAB,1.5 - 2.5,SI,442
2026-08-15,PE1,1.5 - 2.5,si,526
2026-08-15,PE1,1.5 - 2.5,SI,547
2026-08-15,PE2,1.5 - 2.5,si,507
2026-08-15,PEGUA,1.5 - 2.5,SI,473
2026-08-15,PE1,1,si,553
2026-08-15,PIND,1.5 - 2.5,si,459
2026-08-15,PE1,1.5 - 2.5,si,540
2026-08-15,PE2,1.5 - 2.5,SI,509
2026-08-15,PEGUA,1.5 - 2.5,SI,480
2026-08-15,PE3,0.0 - 1.0,SI,496
2026-08-15,PE1,3.0 - 4.0,SI,542
2026-08-15,PE2,1.5 - 2.5,SI,508
2026-08-15,PE1,1,si,532
2026-08-15,PE3,1.5 - 2.5,SI,486
2026-08-15,PE1,1.5 - 2.5,si,554
2026-08-15,PE1,0,si,528
2026-08-15,PE1,1,SI,554
2026-08-15,PE1,3.0 - 4.0,SI,548
2026-08-15,PE1,1.5 - 2.5,SI,544
2026-08-15,PE2,1.5 - 2.5,SI,524
2026-08-15,PE1,0.0 - 1.0,SI,553
2026-08-15,PE2,0.0 - 1.0,SI,498
2026-08-15,PIND,1.5 - 2.5,SI,459
2026-08-15,PE1,1.5 - 2.5,SI,550
2026-08-15,PEGUA,1.5 - 2.5,si,497
2026-08-15,PE2,1.5 - 2.5,SI,515
2026-08-15,PE1,0.0 - 1.0,SI,96
2026-08-15,PE2,0.0 - 1.0,SI,506
2026-08-15,PE1,1.5 - 2.5,SI,545
2026-08-15,PE1,1,SI,645
2026-08-15,PEGUA,1.5 - 2.5,si,479
2026-08-15,PE2,1.5 - 2.5,si,522
2026-08-15,PE1,0.0 - 1.0,si,506
2026-08-15,PE2,0.0 - 1.0,si,509
2026-08-15,PE2,3.0 - 4.0,SI,513
2026-08-15,PE1,1.5 - 2.5,si,554
2026-08-15,PE1,0.0 - 1.0,SI,557
2026-08-15,PE1,0,si,504
2026-08-15,PE3,0.0 - 1.0,SI,504
2026-08-15,PE3,1.5 - 2.5,si,539
2026-08-15,PE1,1.5 - 2.5,si,552
2026-08-15,PE1,3.0 - 4.0,SI,557
2026-08-15,PE2,1.5 - 2.5,SI,507
2026-08-15,PEGUA,1.5 - 2.5,SI,496
2026-08-15,PEBAB,1.5 - 2.5,SI,449
2026-08-15,PE1,1.5 - 2.5,SI,567
2026-08-15,PE2,0.0 - 1.0,si,635
2026-08-15,PE1,1.5 - 2.5,SI,218
2026-08-15,PE3,3.0 - 4.0,si,572
2026-08-15,PE1,0.0 - 1.0,si,342
2026-08-15,PE2,4,si,104
2026-08-15,PEBAB,1.5 - 2.5,si,445
2026-08-15,PE1,0.0 - 1.0,si,410
2026-08-15,PE3,4,si,43
2026-08-15,PIND,1.5 - 2.5,SI,446
2026-08-15,PE3,1.5 - 2.5,si,346
2026-08-15,PE2,1.5 - 2.5,SI,221
2026-08-15,PE1,1.5 - 2.5,SI,478
2026-08-15,PE2,1.5 - 2.5,SI,337
2026-08-15,PE3,0.0 - 1.0,SI,381
2026-08-15,PEGUA,1.5 - 2.5,SI,307
2026-08-15,PE2,3.0 - 4.0,SI,517
2026-08-15,PE3,1.5 - 2.5,SI,210
2026-08-15,PEBAB,1.5 - 2.5,SI,13
2026-08-15,PE1,3.0 - 4.0,SI,435
2026-08-15,PE1,4,SI,266
2026-08-15,PIND,1.5 - 2.5,SI,246
2026-08-15,PEGUA,1.5 - 2.5,SI,39
2026-08-16,PE1,1.5 - 2.5,SI,543
2026-08-16,PE1,1.5 - 2.5,SI,554
2026-08-16,PE2,1.5 - 2.5,SI,498
2026-08-16,PE1,1,SI,558
2026-08-16,PIND,1.5 - 2.5,SI,492
2026-08-16,PE1,1.5 - 2.5,SI,561
2026-08-16,PE1,1.5 - 2.5,si,562
2026-08-16,PE3,1.5 - 2.5,SI,454
2026-08-16,PE1,1.5 - 2.5,SI,582
2026-08-16,PE2,1.5 - 2.5,SI,500
2026-08-16,PE2,1.5,SI,405
2026-08-16,PIND,1.5 - 2.5,SI,503
2026-08-16,PE1,0,si,545
2026-08-16,PE1,3.0 - 4.0,si,554
2026-08-16,PE1,1,si,484
2026-08-16,PE1,1.5 - 2.5,si,566
2026-08-16,PEGUA,1.5 - 2.5,SI,340
2026-08-16,PE2,1.5,si,209
2026-08-16,PE2,1.5 - 2.5,SI,361
2026-08-16,PIND,1.5 - 2.5,SI,377
2026-08-16,PE1,1.5 - 2.5,SI,465
2026-08-16,PE1,0.0 - 1.0,si,494
2026-08-16,PEGUA,1.5 - 2.5,SI,482
2026-08-16,PE3,1.5 - 2.5,SI,448
2026-08-16,PE2,3.0 - 4.0,SI,572
2026-08-16,PEGUA,1.5 - 2.5,SI,395
2026-08-16,PEBAB,1.5 - 2.5,SI,397
2026-08-16,PIND,1.5 - 2.5,SI,86
2026-08-16,PE2,4,si,18
2026-08-16,PE3,4,SI,17
2026-08-16,PE2,0.0 - 1.0,si,512
2026-08-16,PE3,0.0 - 1.0,si,591
2026-08-16,PE1,4,si,138
2026-08-16,PE1,3.0 - 4.0,si,290
2026-08-16,PE1,0,si,85
2026-08-16,PE2,1.5 - 2.5,si,170
2026-08-16,PE3,3.0 - 4.0,SI,156
2026-08-17,AL-PE2,1.5 - 2.5,si,4
2026-08-12,AL-PE2,1.5 - 2.5,si,296
2026-08-18,AD1,0.0 - 1.0,si,226
2026-08-18,AD1,0.0 - 1.0,si,222
2026-08-18,AD1,0.0 - 1.0,si,210
2026-08-18,AD1,0.0 - 1.0,si,112
2026-08-18,AD1,0.0 - 1.0,si,232
2026-08-18,AD1,0.0 - 1.0,si,221
2026-08-18,AD1,0.0 - 1.0,si,248
2026-08-18,AD1,0.0 - 1.0,si,220
2026-08-18,AD1,0.0 - 1.0,si,203
2026-08-18,AD1,0.0 - 1.0,si,154
2026-08-18,AD1,0.0 - 1.0,si,90
2026-08-18,AD1,0.0 - 1.0,si,211
2026-08-18,AD1,0.0 - 1.0,si,150
2026-08-18,AD1,0.0 - 1.0,si,108
2026-08-18,AD1,0.0 - 1.0,si,209
2026-08-18,AD1,0.0 - 1.0,si,184
2026-08-18,AD1,0.0 - 1.0,si,101
2026-08-18,AD2,0.0 - 1.0,si,211
2026-08-18,AD2,0.0 - 1.0,si,54
2026-08-18,AD2,0.0 - 1.0,si,192
2026-08-18,AD2,0.0 - 1.0,si,99
2026-08-18,AD2,0.0 - 1.0,si,204
2026-08-18,AD2,0.0 - 1.0,si,42
2026-08-18,AD3,0.0 - 1.0,si,136
2026-08-18,AD3,0.0 - 1.0,si,46
2026-08-18,AD3,0.0 - 1.0,si,96
2026-08-18,AD3,0.0 - 1.0,si,19
2026-08-18,AD1,1.5 - 2.5,si,85
2026-08-18,AD1,1.5 - 2.5,si,41
2026-08-18,AD1,1.5 - 2.5,si,27
2026-08-18,AD1,1.5 - 2.5,si,43
2026-08-18,AD1,1.5 - 2.5,si,66
2026-08-18,AD1,1.5 - 2.5,si,26
2026-08-18,AD-PJUG,3.0 - 4.0,si,82
2026-08-18,AD-PJUG,3.0 - 4.0,si,20
2026-08-18,AD-PJUG,3.0 - 4.0,si,39
2026-08-18,AD-PJUG,3.0 - 4.0,si,114
2026-08-18,AD-PIND,1.5 - 2.5,si,166
2026-08-18,AD-PIND,1.5 - 2.5,si,80
2026-08-18,ADGUA,1.5 - 2.5,si,83
2026-08-18,AD1,1.5 - 2.5,si,38
2026-08-19,AD1,0.0 - 1.0,si,224
2026-08-19,AD1,0.0 - 1.0,si,207
2026-08-19,AD1,0.0 - 1.0,si,227
2026-08-19,AD1,0.0 - 1.0,si,182
2026-08-19,AD1,0.0 - 1.0,si,169
2026-08-19,AD1,0.0 - 1.0,si,238
2026-08-19,AD1,0.0 - 1.0,si,238
2026-08-19,AD1,0.0 - 1.0,si,227
2026-08-19,AD1,0.0 - 1.0,si,209
2026-08-19,AD1,0.0 - 1.0,si,173
2026-08-19,AD2,0.0 - 1.0,si,170
2026-08-19,AD2,0.0 - 1.0,si,147
2026-08-19,AD1,0.0 - 1.0,si,56
2026-08-19,AD2,0.0 - 1.0,si,199
2026-08-19,AD3,0.0 - 1.0,si,22
2026-08-19,ADGUA,1.5 - 2.5,SI,10
2026-08-19,AD3,0.0 - 1.0,si,123
2026-08-19,AD2,0.0 - 1.0,si,114
2026-08-19,AD3,0.0 - 1.0,si,50
2026-08-19,AD1,1.5 - 2.5,SI,29
2026-08-19,AD1,1.5 - 2.5,SI,167
2026-08-19,AD2,1.5 - 2.5,SI,42
2026-08-19,ADGUA,1.5 - 2.5,SI,61
2026-08-19,AD-PJUG,3.0 - 4.0,SI,201
2026-08-19,AD-PJUG,3.0 - 4.0,SI,89
2026-08-19,AD-PIND,1.5 - 2.5,SI,54
2026-08-19,AD1,0.0 - 1.0,si,223
2026-08-19,AD1,0.0 - 1.0,si,238
2026-08-19,AD1,0.0 - 1.0,si,111
2026-08-19,AD1,0.0 - 1.0,si,217
2026-08-19,AD1,0.0 - 1.0,si,267
2026-08-19,AD1,0.0 - 1.0,si,206
2026-08-19,AD1,0.0 - 1.0,si,229
2026-08-19,AD1,0.0 - 1.0,si,242
2026-08-19,AD1,0.0 - 1.0,si,115
2026-08-19,AD1,0.0 - 1.0,si,141
2026-08-19,AD2,0.0 - 1.0,SI,185
2026-08-19,AD2,0.0 - 1.0,SI,102
2026-08-19,AD2,0.0 - 1.0,SI,155
2026-08-19,AD2,0.0 - 1.0,SI,13
2026-08-19,AD2,0.0 - 1.0,SI,58
2026-08-19,AD2,0.0 - 1.0,SI,150
2026-08-19,AD2,0.0 - 1.0,SI,76
2026-08-19,AD3,0.0 - 1.0,SI,184
2026-08-19,AD3,0.0 - 1.0,SI,51
2026-08-19,AD3,0.0 - 1.0,SI,41
2026-08-19,AD3,0.0 - 1.0,SI,92
2026-08-19,AD3,0.0 - 1.0,SI,39
2026-08-19,AD-PJUG,3.0 - 4.0,SI,220
2026-08-19,AD-PJUG,3.0 - 4.0,SI,31
2026-08-19,AD-PIND,1.5 - 2.5,SI,110
2026-08-19,ADGUA,1.5 - 2.5,SI,58
2026-08-19,AD1,1.5 - 2.5,SI,22
2026-08-19,AD1,0.0 - 1.0,SI,55
2026-08-19,AD2,0.0 - 1.0,SI,42
2026-08-19,AD3,0.0 - 1.0,SI,5
2026-08-19,AD1,0.0 - 1.0,SI,223
2026-08-19,AD1,0.0 - 1.0,SI,211
2026-08-19,AD1,0.0 - 1.0,SI,212
2026-08-19,AD1,0.0 - 1.0,SI,205
2026-08-19,AD1,0.0 - 1.0,SI,140
2026-08-19,AD1,0.0 - 1.0,SI,186
2026-08-19,AD1,0.0 - 1.0,SI,225
2026-08-19,AD2,0.0 - 1.0,SI,73
2026-08-19,AD2,0.0 - 1.0,SI,77
2026-08-19,AD3,0.0 - 1.0,SI,33
2026-08-19,AD-PIND,1.5 - 2.5,SI,78
2026-08-19,AD1,1.5 - 2.5,SI,17
2026-08-19,AD1,1.5 - 2.5,SI,109
2026-08-19,AD1,0.0 - 1.0,SI,32
2026-08-20,AD1,0.0 - 1.0,SI,613
2026-08-20,AD1,0.0 - 1.0,SI,207
2026-08-20,AD1,0.0 - 1.0,SI,452
2026-08-20,AD2,0.0 - 1.0,SI,372
2026-08-20,AD1,0.0 - 1.0,SI,424
2026-08-20,AD1,0.0 - 1.0,SI,378
2026-08-20,AD2,0.0 - 1.0,SI,339
2026-08-20,AD2,0.0 - 1.0,SI,301
2026-08-20,AD2,0.0 - 1.0,SI,206
2026-08-20,AD1,0.0 - 1.0,SI,416
2026-08-20,AD1,0.0 - 1.0,SI,370
2026-08-20,AD3,0.0 - 1.0,SI,58
2026-08-20,AD3,0.0 - 1.0,SI,96
2026-08-20,AD1,1.5 - 2.5,SI,91
2026-08-20,AD3,0.0 - 1.0,SI,56
2026-08-20,AD-PJUG,3.0 - 4.0,SI,42
2026-08-20,AD-PIND,1.5 - 2.5,SI,32
2026-08-20,ADGUA,1.5 - 2.5,SI,12
2026-08-20,ADGUA,1.5 - 2.5,SI,8
2026-08-20,AD-PIND,1.5 - 2.5,SI,20
2026-08-20,AD1,1.5 - 2.5,SI,27
2026-08-20,AD-PJUG,3.0 - 4.0,SI,20
2026-08-20,ADGUA,1.5 - 2.5,SI,33
2026-08-20,AD3,0.0 - 1.0,SI,86
2026-08-20,AD-PIND,1.5 - 2.5,SI,27
2026-08-20,AD-PJUG,3.0 - 4.0,SI,17
2026-08-20,AD-PIND,1.5 - 2.5,SI,11
2026-08-20,ADGUA,1.5 - 2.5,SI,18
2026-08-20,AD-PIND,1.5 - 2.5,SI,12
2026-08-20,ADGUA,1.5 - 2.5,SI,57
2026-08-20,AD-PJUG,3.0 - 4.0,SI,47
2026-08-20,AD1,1.5 - 2.5,SI,39
2026-08-20,AD1,0.0 - 1.0,SI,438
2026-08-20,AD1,0.0 - 1.0,SI,217
2026-08-20,AD-PIND,1.5 - 2.5,SI,25
2026-08-20,AD-PJUG,3.0 - 4.0,SI,16
2026-08-20,ADGUA,1.5 - 2.5,SI,7
2026-08-20,AD1,0.0 - 1.0,SI,284
2026-08-20,AD2,0.0 - 1.0,SI,162
2026-08-20,AD1,1.5 - 2.5,SI,33
2026-08-20,AD3,0.0 - 1.0,SI,50
2026-08-20,AD1,0.0 - 1.0,SI,417
2026-08-20,AD1,0.0 - 1.0,SI,299
2026-08-20,AD2,0.0 - 1.0,SI,133
2026-08-20,AD-PJUG,3.0 - 4.0,SI,109
2026-08-20,AD1,1.5 - 2.5,SI,43
2026-08-20,AD-PIND,1.5 - 2.5,SI,12
2026-08-20,ADGUA,1.5 - 2.5,SI,11
2026-08-20,AD2,1.5 - 2.5,SI,5
2026-08-20,AD1,0.0 - 1.0,SI,204
2026-08-20,AD1,0.0 - 1.0,SI,236
2026-08-20,AD1,0.0 - 1.0,SI,234
2026-08-20,AD1,0.0 - 1.0,SI,230
2026-08-20,AD1,0.0 - 1.0,SI,202
2026-08-20,AD1,0.0 - 1.0,SI,181
2026-08-20,AD1,0.0 - 1.0,SI,214
2026-08-20,AD1,0.0 - 1.0,si,219
2026-08-20,AD1,0.0 - 1.0,si,271
2026-08-20,AD1,0.0 - 1.0,si,222
2026-08-20,AD1,0.0 - 1.0,si,223
2026-08-20,AD1,0.0 - 1.0,si,180
2026-08-20,AD1,0.0 - 1.0,si,193
2026-08-20,AD1,0.0 - 1.0,si,110
2026-08-20,AD1,0.0 - 1.0,si,110
2026-08-20,AD1,0.0 - 1.0,si,213
2026-08-20,AD1,0.0 - 1.0,si,202
2026-08-20,AD1,0.0 - 1.0,si,89
2026-08-20,AD-PJUG,3.0 - 4.0,SI,215
2026-08-20,AD-PJUG,3.0 - 4.0,SI,63
2026-08-20,AD-PIND,1.5 - 2.5,SI,79
2026-08-20,AD2,0.0 - 1.0,SI,200
2026-08-20,AD2,0.0 - 1.0,SI,193
2026-08-20,AD2,0.0 - 1.0,SI,201
2026-08-20,AD2,0.0 - 1.0,SI,150
2026-08-20,AD2,0.0 - 1.0,SI,82
2026-08-20,AD3,0.0 - 1.0,SI,193
2026-08-20,AD1,1.5 - 2.5,SI,112
2026-08-21,PE1,0.0 - 1.0,SI,591
2026-08-21,PE1,0.0 - 1.0,SI,568
2026-08-21,PE1,0.0 - 1.0,SI,559
2026-08-21,PE1,0.0 - 1.0,SI,579
2026-08-21,PE1,1.5 - 2.5,SI,573
2026-08-21,PE2,0.0 - 1.0,SI,522
2026-08-21,PE1,0.0 - 1.0,SI,582
2026-08-21,PE1,0.0 - 1.0,SI,544
2026-08-21,PE1,0.0 - 1.0,SI,590
2026-08-21,PIND,1.5 - 2.5,SI,479
2026-08-21,PE3,0.0 - 1.0,SI,473
2026-08-21,PE1,1.5 - 2.5,SI,576
2026-08-21,PE1,0.0 - 1.0,SI,549
2026-08-21,PE2,0.0 - 1.0,SI,514
2026-08-21,PE1,1.5 - 2.5,SI,587
2026-08-21,PE1,1.5 - 2.5,SI,584
2026-08-21,PE2,1.5 - 2.5,SI,509
2026-08-21,PEGUA,1.5 - 2.5,SI,468
2026-08-21,PIND,1.5 - 2.5,SI,507
2026-08-21,PE1,1.5 - 2.5,SI,571
2026-08-21,PEGUA,1.5 - 2.5,SI,452
2026-08-21,PE1,0.0 - 1.0,SI,569
2026-08-21,PE1,0.0 - 1.0,SI,558
2026-08-21,PE2,0.0 - 1.0,SI,511
2026-08-21,PE1,0.0 - 1.0,SI,557
2026-08-21,PE2,1.5 - 2.5,SI,491
2026-08-21,PE3,0.0 - 1.0,SI,482
2026-08-21,PE1,0.0 - 1.0,SI,554
2026-08-21,PE1,0.0 - 1.0,si,534
2026-08-21,PIND,0.0 - 1.0,si,438
2026-08-21,PE1,1.5 - 2.5,si,555
2026-08-21,PEGUA,0.0 - 1.0,si,469
2026-08-21,PE1,0.0 - 1.0,si,564
2026-08-21,PE1,1.5 - 2.5,SI,576
2026-08-21,PE2,0.0 - 1.0,si,396
2026-08-21,PE1,0.0 - 1.0,SI,552
2026-08-21,PE1,3.0 - 4.0,si,613
2026-08-21,PE3,1.5 - 2.5,si,479
2026-08-21,PIND,1.5 - 2.5,si,506
2026-08-21,PEGUA,1.5 - 2.5,SI,459
2026-08-21,PE2,0.0 - 1.0,SI,494
2026-08-21,PEBAB,1.5 - 2.5,SI,501
2026-08-21,PE3,0.0 - 1.0,SI,473
2026-08-21,PE2,1.5 - 2.5,SI,449
2026-08-21,AD1,0.0 - 1.0,SI,561
2026-08-21,AD1,0.0 - 1.0,SI,539
2026-08-21,AD2,0.0 - 1.0,SI,514
2026-08-21,AD1,0.0 - 1.0,SI,546
2026-08-21,AD1,0.0 - 1.0,SI,570
2026-08-21,AD1,0.0 - 1.0,SI,560
2026-08-21,AD2,0.0 - 1.0,SI,507
2026-08-21,AD1,0.0 - 1.0,SI,555
2026-08-21,AD1,0.0 - 1.0,SI,553
2026-08-21,AD2,0.0 - 1.0,SI,494
2026-08-21,AD1,0.0 - 1.0,SI,531
2026-08-21,AD1,1.5 - 2.5,SI,568
2026-08-21,AD1,0.0 - 1.0,SI,561
2026-08-21,AD3,0.0 - 1.0,SI,474
2026-08-21,AD1,0.0 - 1.0,SI,536
2026-08-21,AD1,0.0 - 1.0,SI,514
2026-08-21,AD2,0.0 - 1.0,SI,516
2026-08-21,AD2,1.5 - 2.5,SI,93
2026-08-21,AD1,0.0 - 1.0,SI,466
2026-08-21,AD3,0.0 - 1.0,SI,316
2026-08-21,AD-PJUG,3.0 - 4.0,SI,174
2026-08-21,AD-PJUG,3.0 - 4.0,SI,501
2026-08-21,AD-PIND,1.5 - 2.5,SI,539
2026-08-21,AD1,0.0 - 1.0,SI,514
2026-08-21,AD-PJUG,3.0 - 4.0,SI,29
2026-08-21,AD1,1.5 - 2.5,SI,336
2026-08-21,AD1,1.5 - 2.5,SI,378
2026-08-21,AD-PIND,1.5 - 2.5,SI,454
2026-08-21,AD2,0.0 - 1.0,SI,260
2026-08-21,ADGUA,1.5 - 2.5,SI,187
2026-08-21,PE1,1.5 - 2.5,si,568
2026-08-21,PE1,0.0 - 1.0,si,551
2026-08-21,PE1,0.0 - 1.0,SI,567
2026-08-21,PE1,0.0 - 1.0,si,555
2026-08-21,PE1,0.0 - 1.0,SI,555
2026-08-21,PE1,0.0 - 1.0,SI,551
2026-08-21,PE2,1.5 - 2.5,SI,498
2026-08-21,PE2,0.0 - 1.0,SI,517
2026-08-21,PE1,1.5 - 2.5,si,559
2026-08-21,PEGUA,1.5 - 2.5,si,452
2026-08-21,PEGUA,1.5 - 2.5,SI,457
2026-08-21,PE1,0.0 - 1.0,SI,536
2026-08-21,PE3,0.0 - 1.0,SI,58
2026-08-21,PE3,1.5 - 2.5,SI,483
2026-08-21,PE2,1.5 - 2.5,SI,489
2026-08-21,PE1,0.0 - 1.0,SI,565
2026-08-21,PIND,1.5 - 2.5,SI,537
2026-08-21,PE1,0.0 - 1.0,SI,533
2026-08-21,PE1,3.0 - 4.0,SI,50
2026-08-21,PE2,0.0 - 1.0,SI,505
2026-08-21,PE1,0.0 - 1.0,SI,559
2026-08-21,PE3,0.0 - 1.0,SI,475
2026-08-21,PE1,1.5 - 2.5,SI,568
2026-08-21,PE1,0.0 - 1.0,si,562
2026-08-21,PEGUA,1.5 - 2.5,SI,432
2026-08-21,PE1,0.0 - 1.0,SI,363
2026-08-21,PE2,0.0 - 1.0,SI,516
2026-08-21,PE1,1.5 - 2.5,si,604
2026-08-21,AD3,0.0 - 1.0,SI,71
2026-08-21,PIND,1.5 - 2.5,SI,152
2026-08-21,AD2,0.0 - 1.0,SI,190
2026-08-21,AD1,0.0 - 1.0,SI,372
2026-08-21,PE2,0.0 - 1.0,SI,300
2026-08-21,AD-PJUG,3.0 - 4.0,SI,207
2026-08-21,PE2,1.5 - 2.5,SI,238
2026-08-21,PEGUA,1.5 - 2.5,SI,472
2026-08-21,AD1,1.5 - 2.5,SI,87
2026-08-21,PEBAB,1.5 - 2.5,SI,330
2026-08-21,PE1,0.0 - 1.0,SI,415
2026-08-21,PE2,3.0 - 4.0,SI,367
2026-08-21,PE1,3.0 - 4.0,si,307
2026-08-21,PE3,0.0 - 1.0,SI,105
2026-08-21,PIND,1.5 - 2.5,SI,547
2026-08-21,PE2,1.5 - 2.5,SI,134
2026-08-21,PEGUA,1.5 - 2.5,si,517
2026-08-21,PE3,3.0 - 4.0,SI,179
2026-08-21,PE1,1.5 - 2.5,SI,180
2026-08-21,PE3,1.5 - 2.5,SI,524
2026-08-21,PE1,0.0 - 1.0,SI,397
2026-08-21,PE3,0.0 - 1.0,SI,220
2026-08-21,PEBAB,1.5 - 2.5,SI,267
2026-08-21,PJUG,1.5 - 2.5,si,137
2026-08-21,PEGUA,1.5 - 2.5,SI,30
2026-08-22,PE1,0.0 - 1.0,si,40
2026-08-23,PE1,1.5 - 2.5,SI,581
2026-08-23,PE1,0.0 - 1.0,SI,595
2026-08-23,PE1,1.5 - 2.5,SI,581
2026-08-23,PE1,1.5 - 2.5,SI,601
2026-08-23,PE2,0.0 - 1.0,SI,520
2026-08-23,PE1,0.0 - 1.0,SI,568
2026-08-23,PE1,0.0 - 1.0,SI,600
2026-08-23,PIND,1.5 - 2.5,SI,502
2026-08-23,PE2,1.5 - 2.5,SI,520
2026-08-23,PE1,1.5 - 2.5,si,579
2026-08-23,PE1,0.0 - 1.0,SI,594
2026-08-23,PE1,1.5 - 2.5,SI,577
2026-08-23,PE2,0.0 - 1.0,SI,522
2026-08-23,PE3,1.5 - 2.5,SI,510
2026-08-23,PE1,1.5 - 2.5,SI,577
2026-08-23,PE1,0.0 - 1.0,si,569
2026-08-23,PE1,1.5 - 2.5,SI,583
2026-08-23,PE1,0.0 - 1.0,SI,552
2026-08-23,PEGUA,1.5 - 2.5,SI,454
2026-08-23,PE3,0.0 - 1.0,SI,492
2026-08-23,PIND,1.5 - 2.5,SI,491
2026-08-23,PE2,1.5 - 2.5,SI,522
2026-08-23,PE1,0.0 - 1.0,SI,580
2026-08-23,PE1,0.0 - 1.0,SI,567
2026-08-23,PE2,0.0 - 1.0,SI,521
2026-08-23,PE1,0.0 - 1.0,SI,577
2026-08-23,PE3,0.0 - 1.0,SI,500
2026-08-23,PE1,0.0 - 1.0,SI,558
2026-08-23,PE2,0.0 - 1.0,SI,520
2026-08-23,PE1,1.5 - 2.5,SI,573
2026-08-23,PE1,0.0 - 1.0,SI,588
2026-08-23,PE1,1.5 - 2.5,SI,579
2026-08-23,PE1,1.5 - 2.5,SI,574
2026-08-23,PEGUA,1.5 - 2.5,SI,490
2026-08-23,PE2,0.0 - 1.0,SI,522
2026-08-23,PE3,0.0 - 1.0,SI,501
2026-08-23,PIND,1.5 - 2.5,si,508
2026-08-23,PE1,1.5 - 2.5,SI,564
2026-08-23,PE1,0.0 - 1.0,SI,589
2026-08-23,PE2,0.0 - 1.0,SI,525
2026-08-23,PE1,0.0 - 1.0,SI,562
2026-08-23,PE1,1.5 - 2.5,si,584
2026-08-23,PE1,0.0 - 1.0,SI,566
2026-08-23,PE1,1.5 - 2.5,si,571
2026-08-23,PE2,0.0 - 1.0,SI,525
2026-08-23,PE2,0.0 - 1.0,si,514
2026-08-23,PE1,0.0 - 1.0,SI,581
2026-08-23,PE1,3.0 - 4.0,SI,576
2026-08-23,PE1,1.5 - 2.5,si,550
2026-08-23,PE1,0.0 - 1.0,SI,550
2026-08-23,PE1,1.5 - 2.5,SI,579
2026-08-23,PE1,1.5 - 2.5,si,600
2026-08-23,PEGUA,1.5 - 2.5,SI,476
2026-08-23,PE2,1.5 - 2.5,SI,526
2026-08-23,PE1,1.5 - 2.5,si,581
2026-08-23,PE3,1.5 - 2.5,SI,506
2026-08-23,PE1,0.0 - 1.0,SI,593
2026-08-23,PIND,1.5 - 2.5,SI,486
2026-08-23,PE1,0.0 - 1.0,SI,563
2026-08-23,PE1,0.0 - 1.0,SI,593
2026-08-23,PE2,0.0 - 1.0,SI,536
2026-08-23,PE1,1.5 - 2.5,si,574
2026-08-23,PE1,1.5 - 2.5,si,597
2026-08-23,PE1,0.0 - 1.0,SI,559
2026-08-23,PE1,0.0 - 1.0,SI,554
2026-08-23,PE3,0.0 - 1.0,SI,500
2026-08-23,PE1,0.0 - 1.0,SI,591
2026-08-23,PEGUA,1.5 - 2.5,SI,490
2026-08-23,PE1,1.5 - 2.5,SI,582
2026-08-23,PEGUA,1.5 - 2.5,SI,475
2026-08-23,PE3,0.0 - 1.0,SI,494
2026-08-23,PE1,0.0 - 1.0,SI,572
2026-08-23,PE2,0.0 - 1.0,SI,533
2026-08-23,PE1,0.0 - 1.0,SI,546
2026-08-23,PIND,1.5 - 2.5,SI,497
2026-08-23,PE1,0.0 - 1.0,SI,595
2026-08-23,PE1,1.5 - 2.5,SI,574
2026-08-23,PE1,0.0 - 1.0,SI,545
2026-08-23,PE1,0.0 - 1.0,SI,374
2026-08-23,PE1,1.5 - 2.5,SI,605
2026-08-23,PE2,0.0 - 1.0,SI,542
2026-08-23,PE1,1.5 - 2.5,si,567
2026-08-23,PEGUA,1.5 - 2.5,SI,480
2026-08-23,PE2,1.5 - 2.5,SI,576
2026-08-23,PE1,4,SI,107
2026-08-23,PE1,3.0 - 4.0,SI,450
2026-08-23,PE2,0.0 - 1.0,SI,462
2026-08-23,PE3,0.0 - 1.0,SI,272
2026-08-23,PE2,4,SI,40
2026-08-23,PE3,4,SI,40
2026-08-23,PIND,1.5 - 2.5,SI,314
2026-08-23,PEBAB,1.5 - 2.5,SI,431
2026-08-23,PEGUA,1.5 - 2.5,SI,223
2026-08-23,PE2,3.0 - 4.0,SI,234
2026-08-23,PE1,0.0 - 1.0,SI,517
2026-08-23,PEBAB,1.5 - 2.5,SI,531
2026-08-23,PE3,3.0 - 4.0,SI,154
2026-08-23,PE3,1.5 - 2.5,SI,449
2026-08-23,PE1,4,SI,28
2026-08-23,AD1,0.0 - 1.0,SI,587
2026-08-23,AD1,0.0 - 1.0,SI,552
2026-08-23,AD1,0.0 - 1.0,SI,556
2026-08-23,AD2,0.0 - 1.0,SI,525
2026-08-23,AD1,0.0 - 1.0,SI,464
2026-08-23,AD2,1.5 - 2.5,SI,35
2026-08-23,ADBABY,1.5 - 2.5,si,22
2026-08-23,AD-PJUG,3.0 - 4.0,SI,82
2026-08-23,AD2,0.0 - 1.0,si,355
2026-08-23,AD1,1.5 - 2.5,SI,375
2026-08-23,AD3,0.0 - 1.0,SI,263
2026-08-23,AD-PIND,1.5 - 2.5,SI,306
2026-08-23,ADGUA,1.5 - 2.5,SI,162
2026-08-23,AD1,0.0 - 1.0,SI,418
2026-08-23,AD-PJUG,3.0 - 4.0,SI,81
2026-08-24,AL-PE1,1.5 - 2.5,SI,14
2026-08-24,PE1,1.5 - 2.5,SI,530
2026-08-24,PE1,0.0 - 1.0,SI,499
2026-08-24,PE1,1.5 - 2.5,SI,590
2026-08-24,PE1,1.5 - 2.5,SI,573
2026-08-24,PE2,1.5 - 2.5,SI,523
2026-08-24,PE2,0.0 - 1.0,SI,512
2026-08-24,PIND,1.5 - 2.5,SI,526
2026-08-24,PE3,1.5 - 2.5,SI,493
2026-08-24,PE1,0.0 - 1.0,SI,511
2026-08-24,PE1,1.5 - 2.5,SI,615
2026-08-24,PE1,1.5 - 2.5,SI,564
2026-08-24,PEGUA,1.5 - 2.5,SI,486
2026-08-24,PE1,1.5 - 2.5,SI,626
2026-08-24,PE2,1.5 - 2.5,SI,521
2026-08-24,PE2,1.5 - 2.5,SI,509
2026-08-24,PE1,1.5 - 2.5,SI,560
2026-08-24,PE1,0.0 - 1.0,SI,533
2026-08-24,PE2,0.0 - 1.0,SI,503
2026-08-24,PE1,1.5 - 2.5,SI,563
2026-08-24,PIND,1.5 - 2.5,SI,510
2026-08-24,PE1,1.5 - 2.5,SI,584
2026-08-24,PEBAB,1.5 - 2.5,SI,442
2026-08-24,PE3,1.5 - 2.5,SI,489
2026-08-24,PE1,0.0 - 1.0,SI,550
2026-08-24,PE1,1.5 - 2.5,SI,577
2026-08-24,PE1,1.5 - 2.5,SI,603
2026-08-24,PE1,1.5 - 2.5,SI,557
2026-08-24,PEGUA,1.5 - 2.5,si,480
2026-08-24,PE2,1.5 - 2.5,SI,516
2026-08-24,PE2,0.0 - 1.0,SI,494
2026-08-24,PE1,1.5 - 2.5,SI,608
2026-08-24,PE1,0.0 - 1.0,SI,609
2026-08-24,PE1,3.0 - 4.0,SI,587
2026-08-24,PEGUA,1.5 - 2.5,si,487
2026-08-24,PE1,1.5 - 2.5,SI,602
2026-08-24,PIND,1.5 - 2.5,SI,500
2026-08-24,PE1,1.5 - 2.5,SI,607
2026-08-24,PE3,0.0 - 1.0,SI,465
2026-08-24,PE2,1.5 - 2.5,SI,508
2026-08-24,PE1,1.5 - 2.5,SI,559
2026-08-24,PE1,1.5 - 2.5,SI,598
2026-08-24,PE2,1.5 - 2.5,SI,512
2026-08-24,PE1,1.5 - 2.5,SI,597
2026-08-24,PEBAB,1.5 - 2.5,si,427
2026-08-24,PEGUA,1.5 - 2.5,si,475
2026-08-24,PIND,1.5 - 2.5,SI,485
2026-08-24,PE1,1.5 - 2.5,SI,586
2026-08-24,PE1,0.0 - 1.0,SI,555
2026-08-24,PE3,1.5 - 2.5,SI,480
2026-08-24,PE2,0.0 - 1.0,SI,506
2026-08-24,PE1,1.5 - 2.5,SI,605
2026-08-24,PE1,1.5 - 2.5,SI,557
2026-08-24,PE1,1.5 - 2.5,SI,591
2026-08-24,PE1,1.5 - 2.5,SI,607
2026-08-24,PE3,0.0 - 1.0,SI,480
2026-08-24,PE2,1.5 - 2.5,SI,514
2026-08-24,PE1,3.0 - 4.0,SI,579
2026-08-24,PE1,0.0 - 1.0,SI,576
2026-08-24,PE2,1.5 - 2.5,SI,335
2026-08-24,PE3,3.0 - 4.0,SI,303
2026-08-24,PE2,1.5 - 2.5,SI,231
2026-08-24,PEGUA,1.5 - 2.5,si,206
2026-08-24,PE2,4,SI,86
2026-08-24,PE1,1.5 - 2.5,SI,37
2026-08-24,PIND,1.5 - 2.5,SI,315
2026-08-24,PE2,0.0 - 1.0,SI,463
2026-08-24,PE3,4,SI,26
2026-08-24,PE1,0.0 - 1.0,SI,568
2026-08-24,PE2,3.0 - 4.0,SI,577
2026-08-24,PE3,0.0 - 1.0,SI,196
2026-08-24,PE3,1.5 - 2.5,SI,357
2026-08-24,PEBAB,1.5 - 2.5,SI,129
2026-08-24,AD1,0.0 - 1.0,SI,561
2026-08-24,AD1,0.0 - 1.0,SI,578
2026-08-24,AD2,0.0 - 1.0,SI,520
2026-08-24,PE1,0.0 - 1.0,SI,298
2026-08-24,PE1,4,SI,494
2026-08-24,PEGUA,1.5 - 2.5,si,517
2026-08-24,AD1,0.0 - 1.0,SI,576
2026-08-24,PIND,1.5 - 2.5,SI,187
2026-08-24,AD1,0.0 - 1.0,SI,600
2026-08-24,AD2,0.0 - 1.0,SI,522
2026-08-24,AD-PJUG,3.0 - 4.0,si,471
2026-08-24,ADBABY,1.5 - 2.5,si,5
2026-08-24,AD-PIND,1.5 - 2.5,SI,506
2026-08-24,AD1,0.0 - 1.0,SI,670
2026-08-24,AD1,0.0 - 1.0,SI,88
2026-08-24,AD-PJUG,3.0 - 4.0,si,88
2026-08-24,AD2,1.5 - 2.5,SI,131
2026-08-24,AD2,0.0 - 1.0,SI,519
2026-08-24,AD3,1.5 - 2.5,SI,61
2026-08-24,AD1,1.5 - 2.5,SI,491
2026-08-24,ADBABY,1.5 - 2.5,SI,7
2026-08-24,AD3,0.0 - 1.0,SI,419
2026-08-24,AD2,0.0 - 1.0,SI,139
2026-08-24,AD1,0.0 - 1.0,SI,504
2026-08-24,AD1,1.5 - 2.5,SI,212
2026-08-24,ADGUA,1.5 - 2.5,si,155
2026-08-24,AD1,0.0 - 1.0,SI,628
2026-08-24,AD-PJUG,3.0 - 4.0,si,167
2026-08-25,PE2,1.5 - 2.5,SI,17
2026-08-25,PE1,1.5 - 2.5,si,454
2026-08-25,PE1,1.5 - 2.5,si,550
2026-08-25,PE2,1.5 - 2.5,SI,34
2026-08-25,PE1,0.0 - 1.0,SI,377
2026-08-25,PE2,0.0 - 1.0,SI,16
2026-08-25,PE1,1.5 - 2.5,si,49
2026-08-25,PIND,1.5 - 2.5,SI,120
2026-08-25,PE2,3.0 - 4.0,SI,32
2026-08-25,PE1,3.0 - 4.0,SI,249
2026-08-25,AD1,0.0 - 1.0,SI,504
2026-08-25,AD1,0.0 - 1.0,SI,490
2026-08-25,AD1,0.0 - 1.0,SI,536
2026-08-25,AD1,0.0 - 1.0,SI,480
2026-08-25,AD1,0.0 - 1.0,SI,565
2026-08-25,AD1,0.0 - 1.0,SI,558
2026-08-25,AD1,0.0 - 1.0,SI,489
2026-08-25,AD2,0.0 - 1.0,SI,535
2026-08-25,AD1,0.0 - 1.0,SI,514
2026-08-25,AD2,0.0 - 1.0,SI,504
2026-08-25,AD1,0.0 - 1.0,SI,518
2026-08-25,AD1,1.5 - 2.5,si,538
2026-08-25,AD1,0.0 - 1.0,SI,518
2026-08-25,AD1,0.0 - 1.0,SI,568
2026-08-25,PE1,1.5 - 2.5,si,523
2026-08-25,PE1,3.0 - 4.0,SI,510
2026-08-25,PE1,0.0 - 1.0,SI,490
2026-08-25,PE1,1.5 - 2.5,si,512
2026-08-25,PE3,0.0 - 1.0,SI,68
2026-08-25,PE1,0.0 - 1.0,SI,515
2026-08-25,PE3,3.0 - 4.0,SI,35
2026-08-25,PE2,0.0 - 1.0,SI,54
2026-08-25,PE3,1.5 - 2.5,SI,65
2026-08-25,PE1,1.5 - 2.5,si,385
2026-08-25,PE1,3.0 - 4.0,SI,154
2026-08-25,PEBAB,1.5 - 2.5,SI,24
2026-08-25,PE2,3.0 - 4.0,SI,149
2026-08-25,PE2,1.5 - 2.5,SI,353
2026-08-25,PE2,0.0 - 1.0,SI,366
2026-08-25,PEGUA,1.5 - 2.5,SI,63
2026-08-25,PIND,1.5 - 2.5,SI,111
2026-08-25,AD1,0.0 - 1.0,SI,484
2026-08-25,AD1,0.0 - 1.0,SI,545
2026-08-25,AD3,0.0 - 1.0,SI,21
2026-08-25,AD1,0.0 - 1.0,SI,280
2026-08-25,AD1,0.0 - 1.0,SI,545
2026-08-25,AD-PJUG,3.0 - 4.0,SI,229
2026-08-25,AD-PIND,1.5 - 2.5,si,436
2026-08-25,AD2,0.0 - 1.0,SI,428
2026-08-25,AD2,0.0 - 1.0,SI,417
2026-08-25,AD1,1.5 - 2.5,si,238
2026-08-25,AD3,0.0 - 1.0,SI,180
2026-08-25,AD-PJUG,1.5 - 2.5,si,26
2026-08-25,AD2,0.0 - 1.0,SI,161
2026-08-25,ADGUA,1.5 - 2.5,SI,173
2026-08-25,AD2,1.5 - 2.5,SI,107
2026-08-25,AD-PJUG,3.0 - 4.0,si,55
2026-08-27,PE2,0.0 - 1.0,si,513
2026-08-27,PE1,0.0 - 1.0,SI,571
2026-08-27,PE2,1.5 - 2.5,SI,484
2026-08-27,PE1,1.5 - 2.5,SI,561
2026-08-27,PE3,0.0 - 1.0,SI,482
2026-08-27,PE1,0.0 - 1.0,SI,578
2026-08-27,PE1,1.5 - 2.5,SI,611
2026-08-27,PE1,0.0 - 1.0,SI,605
2026-08-27,PE2,1.5 - 2.5,SI,488
2026-08-27,PE2,0.0 - 1.0,SI,518
2026-08-27,PE1,1,SI,543
2026-08-27,PE1,0.0 - 1.0,SI,599
2026-08-27,PE1,1.5 - 2.5,SI,596
2026-08-27,PE1,0.0 - 1.0,SI,518
2026-08-27,PE1,0.0 - 1.0,si,613
2026-08-27,PE1,1.5 - 2.5,SI,576
2026-08-27,PE1,1.5 - 2.5,SI,578
2026-08-27,PIND,1.5 - 2.5,si,512
2026-08-27,PEGUA,1.5 - 2.5,SI,482
2026-08-27,PE2,1.5 - 2.5,SI,498
2026-08-27,PE1,0.0 - 1.0,si,597
2026-08-27,PE2,0.0 - 1.0,SI,526
2026-08-27,PE3,0.0 - 1.0,SI,491
2026-08-27,PE1,1,si,541
2026-08-27,PE2,0.0 - 1.0,SI,510
2026-08-27,PE1,1.5 - 2.5,SI,571
2026-08-27,PEGUA,1.5 - 2.5,si,468
2026-08-27,PE1,0.0 - 1.0,si,594
2026-08-27,PE2,0.0 - 1.0,SI,531
2026-08-27,PE1,1.5 - 2.5,SI,579
2026-08-27,PE1,0.0 - 1.0,SI,539
2026-08-27,PE1,0.0 - 1.0,SI,594
2026-08-27,PE2,1.5 - 2.5,SI,499
2026-08-27,PE1,1.5 - 2.5,SI,584
2026-08-27,PE1,1.5 - 2.5,SI,566
2026-08-27,PE1,0.0 - 1.0,si,580
2026-08-27,PE1,1,si,533
2026-08-27,PE2,0.0 - 1.0,SI,526
2026-08-27,PE1,0.0 - 1.0,SI,589
2026-08-27,PE3,0.0 - 1.0,SI,502
2026-08-27,PE1,0.0 - 1.0,SI,532
2026-08-27,PIND,1.5 - 2.5,SI,549
2026-08-27,PEBAB,1.5 - 2.5,SI,414
2026-08-27,PEGUA,1.5 - 2.5,si,488
2026-08-27,PE2,0.0 - 1.0,si,526
2026-08-27,PE1,1.5 - 2.5,si,556
2026-08-27,PE3,1.5 - 2.5,SI,473
2026-08-27,PE2,1.5 - 2.5,SI,499
2026-08-27,PE1,0.0 - 1.0,si,579
2026-08-27,PE3,0.0 - 1.0,SI,491
2026-08-27,PE1,1,SI,523
2026-08-27,PE2,1.5 - 2.5,SI,510
2026-08-27,PIND,1.5 - 2.5,SI,289
2026-08-27,PE2,0.0 - 1.0,SI,515
2026-08-27,PE2,3.0 - 4.0,si,111
2026-08-27,PE1,0.0 - 1.0,SI,391
2026-08-27,PE2,0.0 - 1.0,SI,308
2026-08-27,PE3,3.0 - 4.0,SI,51
2026-08-27,PE1,1.5 - 2.5,SI,342
2026-08-27,PE2,1.5 - 2.5,SI,157
2026-08-27,PE3,1.5 - 2.5,SI,225
2026-08-27,PEGUA,1.5 - 2.5,SI,460
2026-08-27,PE3,0.0 - 1.0,SI,500
2026-08-27,PE1,1.5 - 2.5,SI,192
2026-08-27,PE2,0.0 - 1.0,SI,380
2026-08-27,PIND,1.5 - 2.5,SI,503
2026-08-27,PEBAB,1.5 - 2.5,SI,291
2026-08-27,PEGUA,1.5 - 2.5,SI,454
2026-08-27,PE1,3.0 - 4.0,si,377
2026-08-27,PE1,0.0 - 1.0,si,540
2026-08-27,PEGUA,1.5 - 2.5,si,356
2026-08-27,AD1,0.0 - 1.0,SI,587
2026-08-27,PE1,0,si,470
2026-08-27,AD2,0.0 - 1.0,SI,526
2026-08-27,AD1,1,si,528
2026-08-27,AD1,0.0 - 1.0,SI,548
2026-08-27,AD1,0.0 - 1.0,SI,588
2026-08-27,AD2,0.0 - 1.0,SI,156
2026-08-27,AD1,1,si,511
2026-08-27,AD2,1.5 - 2.5,SI,59
2026-08-27,ADBABY,1.5 - 2.5,SI,8
2026-08-27,AD1,0.0 - 1.0,SI,583
2026-08-27,ADGUA,1.5 - 2.5,SI,86
2026-08-27,AD2,0.0 - 1.0,SI,521
2026-08-27,AD-PIND,1.5 - 2.5,SI,476
2026-08-27,AD3,1.5 - 2.5,SI,7
2026-08-27,AD2,0.0 - 1.0,SI,137
2026-08-27,AD1,0.0 - 1.0,SI,533
2026-08-27,AD3,0.0 - 1.0,SI,383
2026-08-27,AD-PJUG,3.0 - 4.0,SI,225
2026-08-27,AD1,1.5 - 2.5,SI,144
2026-08-27,AD2,0.0 - 1.0,SI,115
2026-08-27,AD1,0.0 - 1.0,si,543
2026-08-27,AD-PIND,1.5 - 2.5,si,146
2026-08-28,PE1,0.0 - 1.0,SI,582
2026-08-28,PE1,1.5 - 2.5,SI,589
2026-08-28,PE1,0.0 - 1.0,SI,594
2026-08-28,PE1,0.0 - 1.0,SI,580
2026-08-28,PE2,0.0 - 1.0,SI,555
2026-08-28,PE2,1.5 - 2.5,SI,523
2026-08-28,PE1,1.5 - 2.5,SI,568
2026-08-28,PE1,0.0 - 1.0,si,558
2026-08-28,PE2,1.5 - 2.5,SI,519
2026-08-28,PE1,1.5 - 2.5,SI,572
2026-08-28,PE3,1.5 - 2.5,SI,488
2026-08-28,PE2,1.5 - 2.5,SI,526
2026-08-28,PEGUA,1.5 - 2.5,SI,496
2026-08-28,PE2,0.0 - 1.0,SI,549
2026-08-28,PE1,0.0 - 1.0,SI,565
2026-08-28,PE1,1.5 - 2.5,SI,584
2026-08-28,PE3,0.0 - 1.0,SI,497
2026-08-28,PE1,1.5 - 2.5,SI,589
2026-08-28,PE2,1.5 - 2.5,SI,544
2026-08-28,PE1,0.0 - 1.0,SI,580
2026-08-28,PE2,0.0 - 1.0,SI,514
2026-08-28,PE1,0.0 - 1.0,SI,582
2026-08-28,PE1,1.5 - 2.5,SI,572
2026-08-28,PE1,1.5 - 2.5,SI,552
2026-08-28,PE2,1.5 - 2.5,SI,546
2026-08-28,PE1,0.0 - 1.0,SI,592
2026-08-28,PE1,1.5 - 2.5,si,595
2026-08-28,PE2,0.0 - 1.0,SI,523
2026-08-28,PE1,0.0 - 1.0,SI,563
2026-08-28,PE1,0.0 - 1.0,SI,573
2026-08-28,PEBAB,1.5 - 2.5,si,427
2026-08-28,PE3,0.0 - 1.0,SI,493
2026-08-28,PE2,1.5 - 2.5,SI,558
2026-08-28,PE1,1.5 - 2.5,SI,585
2026-08-28,PE1,0.0 - 1.0,SI,593
2026-08-28,PE3,1.5 - 2.5,SI,504
2026-08-28,PEGUA,1.5 - 2.5,SI,500
2026-08-28,PE2,1.5 - 2.5,SI,528
2026-08-28,PE2,0.0 - 1.0,SI,530
2026-08-28,PE1,1.5 - 2.5,SI,574
2026-08-28,PE1,0.0 - 1.0,si,600
2026-08-28,PE1,0.0 - 1.0,SI,586
2026-08-28,PE1,0.0 - 1.0,si,572
2026-08-28,PE2,1.5 - 2.5,SI,537
2026-08-28,PE1,1.5 - 2.5,si,572
2026-08-28,PE3,0.0 - 1.0,SI,492
2026-08-28,PIND,1.5 - 2.5,SI,501
2026-08-28,PIND,1.5 - 2.5,SI,479
2026-08-28,PE1,1.5 - 2.5,SI,556
2026-08-28,PE1,0.0 - 1.0,SI,599
2026-08-28,PE2,1.5 - 2.5,si,542
2026-08-28,PE1,1.5 - 2.5,si,587
2026-08-28,PE2,0.0 - 1.0,SI,492
2026-08-28,PE3,0.0 - 1.0,SI,492
2026-08-28,PE1,0.0 - 1.0,SI,580
2026-08-28,PE2,0.0 - 1.0,SI,516
2026-08-28,PE1,0.0 - 1.0,si,581
2026-08-28,PE2,1.5 - 2.5,si,552
2026-08-28,PE1,1.5 - 2.5,SI,569
2026-08-28,PEGUA,1.5 - 2.5,SI,482
2026-08-28,PE2,0.0 - 1.0,si,526
2026-08-28,PEGUA,1.5 - 2.5,SI,494
2026-08-28,PE1,0.0 - 1.0,si,569
2026-08-28,PE1,3.0 - 4.0,si,544
2026-08-28,PE3,1.5 - 2.5,si,494
2026-08-28,PE1,0.0 - 1.0,si,585
2026-08-28,PE1,1.5 - 2.5,si,570
2026-08-28,PE2,1.5 - 2.5,SI,546
2026-08-28,PE1,0.0 - 1.0,si,562
2026-08-28,PE3,0.0 - 1.0,SI,494
2026-08-28,PE1,0.0 - 1.0,SI,575
2026-08-28,PE2,0.0 - 1.0,si,526
2026-08-28,PE1,0.0 - 1.0,SI,590
2026-08-28,PEBAB,1.5 - 2.5,SI,422
2026-08-28,PE1,0.0 - 1.0,si,570
2026-08-28,PE1,1.5 - 2.5,si,548
2026-08-28,PE2,1.5 - 2.5,SI,520
2026-08-28,PE1,1.5 - 2.5,SI,498
2026-08-28,PIND,1.5 - 2.5,SI,415
2026-08-28,PJUG,3.0 - 4.0,si,42
2026-08-28,PE3,3.0 - 4.0,SI,107
2026-08-28,PE2,3.0 - 4.0,SI,97
2026-08-28,PE2,0.0 - 1.0,SI,507
2026-08-28,PEGUA,1.5 - 2.5,SI,299
2026-08-28,PE1,3.0 - 4.0,si,135
2026-08-28,PE2,1.5 - 2.5,SI,394
2026-08-28,PEGUA,1.5 - 2.5,SI,448
2026-08-28,PIND,1.5 - 2.5,SI,417
2026-08-28,PE1,0.0 - 1.0,SI,492
2026-08-28,PE3,1.5 - 2.5,SI,238
2026-08-28,AD1,0.0 - 1.0,si,588
2026-08-28,PEBAB,1.5 - 2.5,SI,76
2026-08-28,PE3,0.0 - 1.0,SI,379
2026-08-28,AD2,0.0 - 1.0,si,536
2026-08-28,AD1,0.0 - 1.0,si,603
2026-08-28,AD1,1.5 - 2.5,SI,614
2026-08-28,AD1,0.0 - 1.0,SI,566
2026-08-28,AD-PJUG,3.0 - 4.0,SI,496
2026-08-28,ADBABY,1.5 - 2.5,SI,17
2026-08-28,AD3,1.5 - 2.5,SI,35
2026-08-28,AD1,0.0 - 1.0,SI,246
2026-08-28,AD2,0.0 - 1.0,SI,633
2026-08-28,ADGUA,1.5 - 2.5,SI,114
2026-08-28,AD2,1.5 - 2.5,SI,207
2026-08-28,AD1,0.0 - 1.0,si,553
2026-08-28,AD3,0.0 - 1.0,SI,364
2026-08-28,AD1,1.5 - 2.5,si,253
2026-08-28,AD-PIND,1.5 - 2.5,si,443
2026-08-28,AD-PIND,1.5 - 2.5,si,534
2026-08-28,AD1,0.0 - 1.0,si,582
2026-08-28,AD-PJUG,1.5 - 2.5,si,49
2026-08-28,AD-PJUG,3.0 - 4.0,SI,64
2026-08-29,PE1,1.5 - 2.5,si,571
2026-08-29,PE1,0.0 - 1.0,si,575
2026-08-29,PE2,1.5 - 2.5,si,524
2026-08-29,PE1,1.5 - 2.5,SI,571
2026-08-29,PE1,1.5 - 2.5,SI,567
2026-08-29,PE2,1.5 - 2.5,SI,529
2026-08-29,PE1,0.0 - 1.0,SI,579
2026-08-29,PE1,1.5 - 2.5,SI,567
2026-08-29,PE1,1.5 - 2.5,SI,560
2026-08-29,PE3,1.5 - 2.5,si,492
2026-08-29,PE2,1.5 - 2.5,SI,536
2026-08-29,PE1,1.5 - 2.5,SI,562
2026-08-29,PE1,1.5 - 2.5,si,565
2026-08-29,PE2,0.0 - 1.0,si,517
2026-08-29,PE1,0.0 - 1.0,si,575
2026-08-29,PE2,1.5 - 2.5,si,540
2026-08-29,PE1,1.5 - 2.5,SI,574
2026-08-29,PE1,1.5 - 2.5,SI,589
2026-08-29,PEGUA,1.5 - 2.5,SI,481
2026-08-29,PE2,1.5 - 2.5,si,501
2026-08-29,PE1,1.5 - 2.5,SI,568
2026-08-29,PE1,0.0 - 1.0,SI,611
2026-08-29,PE2,1.5 - 2.5,si,539
2026-08-29,PE1,3.0 - 4.0,SI,551
2026-08-29,PE1,1.5 - 2.5,SI,574
2026-08-29,PE1,1.5 - 2.5,SI,581
2026-08-29,PIND,1.5 - 2.5,SI,552
2026-08-29,PE2,3.0 - 4.0,SI,511
2026-08-29,PE1,1.5 - 2.5,si,577
2026-08-29,PE1,1.5 - 2.5,SI,101
2026-08-29,PE3,1.5 - 2.5,si,503
2026-08-29,PE1,1.5 - 2.5,si,607
2026-08-29,PE2,1.5 - 2.5,SI,537
2026-08-29,PE1,1.5 - 2.5,SI,573
2026-08-29,PE1,0.0 - 1.0,si,617
2026-08-29,PE2,1.5 - 2.5,si,541
2026-08-29,PEGUA,1.5 - 2.5,SI,488
2026-08-29,PE1,1.5 - 2.5,SI,584
2026-08-29,PE3,3.0 - 4.0,SI,480
2026-08-29,PE1,1.5 - 2.5,SI,565
2026-08-29,PE1,1.5 - 2.5,SI,577
2026-08-29,PIND,1.5 - 2.5,SI,538
2026-08-29,PE1,3.0 - 4.0,si,547
2026-08-29,PE2,1.5 - 2.5,SI,537
2026-08-29,PE1,1.5 - 2.5,si,572
2026-08-29,PE1,1.5 - 2.5,si,610
2026-08-29,PE2,0.0 - 1.0,si,520
2026-08-29,PE1,0.0 - 1.0,si,617
2026-08-29,PE3,1.5 - 2.5,si,496
2026-08-29,PE2,1.5 - 2.5,SI,535
2026-08-29,PE1,1.5 - 2.5,SI,561
2026-08-29,PE1,1.5 - 2.5,SI,573
2026-08-29,PE2,1.5 - 2.5,si,494
2026-08-29,PE1,1.5 - 2.5,SI,583
2026-08-29,PIND,1.5 - 2.5,SI,543
2026-08-29,PE1,1.5 - 2.5,SI,563
2026-08-29,PE2,1.5 - 2.5,SI,533
2026-08-29,PE1,3.0 - 4.0,SI,530
2026-08-29,PE2,3.0 - 4.0,SI,505
2026-08-29,PE1,1.5 - 2.5,SI,567
2026-08-29,PE1,1.5 - 2.5,SI,556
2026-08-29,PE1,1.5 - 2.5,SI,564
2026-08-29,PEGUA,1.5 - 2.5,SI,484
2026-08-29,PE1,0.0 - 1.0,SI,584
2026-08-29,PE2,1.5 - 2.5,SI,532
2026-08-29,PE1,1.5 - 2.5,SI,577
2026-08-29,PE1,1.5 - 2.5,SI,605
2026-08-29,PE2,0.0 - 1.0,SI,504
2026-08-29,PE1,0.0 - 1.0,si,571
2026-08-29,PE3,1.5 - 2.5,SI,495
2026-08-29,PE2,1.5 - 2.5,si,534
2026-08-29,PE1,1.5 - 2.5,SI,579
2026-08-29,PE1,3.0 - 4.0,SI,532
2026-08-29,PEGUA,1.5 - 2.5,SI,499
2026-08-29,PE1,1.5 - 2.5,SI,563
2026-08-29,PIND,1.5 - 2.5,SI,561
2026-08-29,PE3,0.0 - 1.0,SI,472
2026-08-29,PE1,1.5 - 2.5,SI,582
2026-08-29,PE2,1.5 - 2.5,si,485
2026-08-29,PEGUA,1.5 - 2.5,SI,489
2026-08-29,PEBAB,1.5 - 2.5,SI,454
2026-08-29,PE2,3.0 - 4.0,SI,511
2026-08-29,PE1,3.0 - 4.0,SI,549
2026-08-29,PE1,1.5 - 2.5,SI,578
2026-08-29,PEGUA,1.5 - 2.5,SI,478
2026-08-29,PE3,3.0 - 4.0,SI,485
2026-08-29,PEGUA,1.5 - 2.5,SI,457
2026-08-29,PE1,1.5 - 2.5,SI,571
2026-08-29,PE3,1.5 - 2.5,SI,491
2026-08-29,PE1,4,si,29
2026-08-29,PEGUA,1.5 - 2.5,SI,175
2026-08-29,PE2,0.0 - 1.0,SI,542
2026-08-29,PE1,0.0 - 1.0,si,358
2026-08-29,PE2,3.0 - 4.0,SI,361
2026-08-29,PE1,4,si,24
2026-08-29,PIND,1.5 - 2.5,SI,168
2026-08-29,PE1,0.0 - 1.0,si,664
2026-08-29,PE2,1.5 - 2.5,si,331
2026-08-29,PE1,3.0 - 4.0,SI,526
2026-08-29,PE3,3.0 - 4.0,SI,231
2026-08-29,PE1,1.5 - 2.5,SI,528
2026-08-29,PEGUA,1.5 - 2.5,SI,270
2026-08-29,PE3,0.0 - 1.0,SI,400
2026-08-29,PE2,1.5 - 2.5,SI,286
2026-08-29,PIND,1.5 - 2.5,SI,497
2026-08-29,PE2,0.0 - 1.0,SI,113
2026-08-29,PE1,0.0 - 1.0,si,344
2026-08-29,AD3,3.0 - 4.0,SI,266
2026-08-29,ADGUA,1.5 - 2.5,SI,383
2026-08-29,AD3,1.5 - 2.5,SI,133
2026-08-29,AD2,1.5 - 2.5,SI,485
2026-08-29,PEBAB,1.5 - 2.5,SI,464
2026-08-29,PE2,0.0 - 1.0,SI,401
2026-08-29,PE2,3.0 - 4.0,SI,213
2026-08-29,PJUG,3.0 - 4.0,SI,102
2026-08-29,PE2,1.5 - 2.5,SI,531
2026-08-29,PEBAB,1.5 - 2.5,SI,454
2026-08-30,PE1,1.5 - 2.5,SI,586
2026-08-30,PE2,1.5 - 2.5,si,515
2026-08-30,PE1,1.5 - 2.5,SI,588
2026-08-30,PE1,3.0 - 4.0,si,578
2026-08-30,PE1,3.0 - 4.0,SI,554
2026-08-30,PE1,1.5 - 2.5,SI,558
2026-08-30,PE1,1.5 - 2.5,SI,593
2026-08-30,PE2,1.5 - 2.5,si,526
2026-08-30,PE1,3.0 - 4.0,SI,564
2026-08-30,PE1,3.0 - 4.0,SI,576
2026-08-30,PIND,1.5 - 2.5,SI,557
2026-08-30,PE3,3.0 - 4.0,si,466
2026-08-30,PE1,1.5 - 2.5,SI,610
2026-08-30,PE2,3.0 - 4.0,SI,526
2026-08-30,PE1,3.0 - 4.0,SI,20
2026-08-30,PE2,1.5 - 2.5,SI,525
2026-08-30,PE1,3.0 - 4.0,SI,545
2026-08-30,PE1,3.0 - 4.0,SI,570
2026-08-30,PE1,1.5 - 2.5,SI,597
2026-08-30,PE1,1.5 - 2.5,SI,578
2026-08-30,PEGUA,1.5 - 2.5,SI,483
2026-08-30,PE3,1.5 - 2.5,SI,489
2026-08-30,PE1,3.0 - 4.0,SI,542
2026-08-30,PE2,1.5 - 2.5,si,524
2026-08-30,PE1,1.5 - 2.5,SI,601
2026-08-30,PE2,3.0 - 4.0,SI,519
2026-08-30,PE1,3.0 - 4.0,SI,571
2026-08-30,PE1,3.0 - 4.0,SI,555
2026-08-30,PE3,3.0 - 4.0,si,466
2026-08-30,PIND,1.5 - 2.5,si,488
2026-08-30,PE1,1.5 - 2.5,SI,601
2026-08-30,PE1,1.5 - 2.5,SI,563
2026-08-30,PE2,1.5 - 2.5,si,530
2026-08-30,PE1,3.0 - 4.0,SI,546
2026-08-30,PE1,3.0 - 4.0,SI,569
2026-08-30,PE1,1.5 - 2.5,si,590
2026-08-30,PE1,1.5 - 2.5,si,550
2026-08-30,PEGUA,1.5 - 2.5,SI,472
2026-08-30,PE1,1.5 - 2.5,SI,571
2026-08-30,PE2,1.5 - 2.5,si,531
2026-08-30,PE2,3.0 - 4.0,SI,526
2026-08-30,PE1,3.0 - 4.0,SI,553
2026-08-30,PE1,3.0 - 4.0,SI,564
2026-08-30,PE2,3.0 - 4.0,SI,517
2026-08-30,PE2,1.5 - 2.5,si,509
2026-08-30,PE1,1.5 - 2.5,SI,584
2026-08-30,PIND,1.5 - 2.5,SI,504
2026-08-30,PE3,1.5 - 2.5,SI,499
2026-08-30,PE2,1.5 - 2.5,si,528
2026-08-30,PE1,1.5 - 2.5,SI,585
2026-08-30,PE1,1.5 - 2.5,si,565
2026-08-30,PE2,0.0 - 1.0,SI,517
2026-08-30,PE1,3.0 - 4.0,SI,576
2026-08-30,PE1,3.0 - 4.0,SI,558
2026-08-30,PE3,3.0 - 4.0,SI,495
2026-08-30,PE1,1.5 - 2.5,SI,575
2026-08-30,PEGUA,1.5 - 2.5,SI,486
2026-08-30,PE1,3.0 - 4.0,SI,585
2026-08-30,PEGUA,1.5 - 2.5,SI,474
2026-08-30,PE2,3.0 - 4.0,SI,522
2026-08-30,PE2,1.5 - 2.5,si,531
2026-08-30,PIND,1.5 - 2.5,SI,495
2026-08-30,PE1,1.5 - 2.5,si,567
2026-08-30,PE1,3.0 - 4.0,SI,572
2026-08-30,PE1,0.0 - 1.0,SI,521
2026-08-30,PE1,1.5 - 2.5,si,543
2026-08-30,PE1,1.5 - 2.5,si,562
2026-08-30,PE1,3.0 - 4.0,si,572
2026-08-30,PE2,1.5 - 2.5,SI,528
2026-08-30,PE1,1.5 - 2.5,SI,545
2026-08-30,PE2,1.5 - 2.5,SI,513
2026-08-30,PE1,3.0 - 4.0,SI,545
2026-08-30,PEBAB,1.5 - 2.5,SI,462
2026-08-30,PEBAB,1.5 - 2.5,SI,427
2026-08-30,PE3,1.5 - 2.5,SI,482
2026-08-30,PE1,1.5 - 2.5,SI,560
2026-08-30,PE2,1.5 - 2.5,si,584
2026-08-30,PEGUA,1.5 - 2.5,SI,144
2026-08-30,PE1,3.0 - 4.0,si,378
2026-08-30,PE2,0.0 - 1.0,SI,338
2026-08-30,PE2,1.5 - 2.5,si,31
2026-08-30,PE1,4,SI,122
2026-08-30,PE1,1.5 - 2.5,si,502
2026-08-30,PE2,3.0 - 4.0,SI,470
2026-08-30,PE1,3.0 - 4.0,si,444
2026-08-30,PE3,3.0 - 4.0,si,509
2026-08-30,PEGUA,1.5 - 2.5,SI,453
2026-08-30,PE3,0.0 - 1.0,SI,237
2026-08-30,PE1,1.5 - 2.5,SI,327
2026-08-30,PE2,3.0 - 4.0,SI,320
2026-08-30,PIND,1.5 - 2.5,SI,527
2026-08-30,PEBAB,1.5 - 2.5,SI,303
2026-08-30,PE1,0.0 - 1.0,SI,492
2026-08-30,PE3,1.5 - 2.5,SI,187
2026-08-30,PEGUA,1.5 - 2.5,SI,441
2026-08-30,PJUG,3.0 - 4.0,SI,66
2026-08-31,PE1,0.0 - 1.0,SI,591
2026-08-31,PE2,0.0 - 1.0,SI,519
2026-08-31,PE1,1.5 - 2.5,si,580
2026-08-31,PE1,0.0 - 1.0,SI,558
2026-08-31,PE1,0.0 - 1.0,si,618
2026-08-31,PE1,0.0 - 1.0,SI,573
2026-08-31,PE1,1.5 - 2.5,SI,577
2026-08-31,PE2,0.0 - 1.0,SI,523
2026-08-31,PE1,0.0 - 1.0,si,624
2026-08-31,PIND,1.5 - 2.5,si,513
2026-08-31,PEGUA,1.5 - 2.5,SI,479
2026-08-31,PE3,0.0 - 1.0,SI,476
2026-08-31,PE1,1.5 - 2.5,SI,556
2026-08-31,PE2,0.0 - 1.0,SI,516
2026-08-31,PE2,1.5 - 2.5,SI,508
2026-08-31,PE1,0.0 - 1.0,SI,572
2026-08-31,PE1,1.5 - 2.5,si,606
2026-08-31,PE1,1.5 - 2.5,SI,554
2026-08-31,PEBAB,1.5 - 2.5,si,403
2026-08-31,PEGUA,1.5 - 2.5,SI,481
2026-08-31,PE2,0.0 - 1.0,si,523
2026-08-31,PE1,1.5 - 2.5,SI,587
2026-08-31,PE1,1.5 - 2.5,SI,560
2026-08-31,PE2,3.0 - 4.0,SI,517
2026-08-31,PE1,3.0 - 4.0,SI,579
2026-08-31,PE2,1.5 - 2.5,SI,516
2026-08-31,PE1,1.5 - 2.5,SI,577
2026-08-31,PE1,1.5 - 2.5,SI,570
2026-08-31,PE2,3.0 - 4.0,SI,513
2026-08-31,PE1,3.0 - 4.0,SI,565
2026-08-31,PE2,1.5 - 2.5,si,94
2026-08-31,PE1,1.5 - 2.5,SI,569
2026-08-31,PE1,1.5 - 2.5,si,562
2026-08-31,PIND,1.5 - 2.5,si,499
2026-08-31,PE1,0.0 - 1.0,si,610
2026-08-31,PE2,1.5 - 2.5,si,66
2026-08-31,PE3,0.0 - 1.0,SI,455
2026-08-31,PE1,1.5 - 2.5,SI,563
2026-08-31,PE3,0.0 - 1.0,SI,469
2026-08-31,PE1,1.5 - 2.5,SI,564
2026-08-31,PE1,0.0 - 1.0,SI,582
2026-08-31,PE2,0.0 - 1.0,SI,526
2026-08-31,PE2,1.5 - 2.5,SI,520
2026-08-31,PE1,1.5 - 2.5,SI,553
2026-08-31,PIND,1.5 - 2.5,si,496
2026-08-31,PEGUA,1.5 - 2.5,si,477
2026-08-31,PE2,3.0 - 4.0,SI,512
2026-08-31,PEGUA,1.5 - 2.5,SI,453
2026-08-31,PEBAB,1.5 - 2.5,si,420
2026-08-31,PE1,0.0 - 1.0,SI,598
2026-08-31,PE3,1.5 - 2.5,si,494
2026-08-31,PE1,3.0 - 4.0,SI,580
2026-08-31,PEGUA,1.5 - 2.5,SI,556
2026-08-31,PE1,1.5 - 2.5,si,543
2026-08-31,PE1,1.5 - 2.5,SI,587
2026-08-31,PE1,0.0 - 1.0,si,378
2026-08-31,PE2,0.0 - 1.0,SI,437
2026-08-31,PE2,1.5 - 2.5,SI,326
2026-08-31,PE1,1.5 - 2.5,SI,555
2026-08-31,PE2,3.0 - 4.0,SI,226
2026-08-31,PE1,3.0 - 4.0,SI,55
2026-08-31,PE1,0.0 - 1.0,SI,428
2026-08-31,PEGUA,1.5 - 2.5,SI,434
2026-08-31,PE1,0.0 - 1.0,SI,519
2026-08-31,PE3,0.0 - 1.0,SI,242
2026-08-31,PE3,1.5 - 2.5,si,192
2026-08-31,PIND,1.5 - 2.5,SI,313
2026-08-31,PEBAB,1.5 - 2.5,SI,306
2026-08-31,PEBAB,1.5 - 2.5,SI,394
2026-08-31,PEGUA,1.5 - 2.5,SI,192
2026-08-31,PE1,3.0 - 4.0,SI,622
2026-08-31,PE2,0.0 - 1.0,SI,433
2026-08-31,PE3,3.0 - 4.0,SI,533
2026-08-31,AD1,0.0 - 1.0,SI,562
2026-08-31,AD2,0.0 - 1.0,SI,286
2026-08-31,AD2,1.5 - 2.5,SI,46
2026-08-31,AD1,0.0 - 1.0,SI,614
2026-08-31,PE3,3.0 - 4.0,SI,98
2026-08-31,PEGUA,1.5 - 2.5,SI,20
2026-08-31,AD3,0.0 - 1.0,SI,56
2026-08-31,AD1,1.5 - 2.5,si,249
2026-08-31,AD-PJUG,3.0 - 4.0,si,195
2026-08-31,AD1,1.5 - 2.5,SI,134
2026-08-31,AD-PIND,1.5 - 2.5,SI,113
2026-08-31,AD-PJUG,3.0 - 4.0,si,92
2026-09-01,PEGUA,1.5 - 2.5,si,465
2026-09-01,PE1,0.0 - 1.0,SI,172
2026-09-01,PE1,1.5 - 2.5,SI,319
2026-09-01,PE1,1.5 - 2.5,SI,306
2026-09-01,PE3,0.0 - 1.0,SI,58
2026-09-01,PE2,1.5 - 2.5,SI,227
2026-09-01,PE1,3.0 - 4.0,SI,179
2026-09-01,PIND,1.5 - 2.5,SI,93
2026-09-01,PE2,3.0 - 4.0,SI,176
2026-09-01,PE3,3.0 - 4.0,si,161
2026-09-01,PE2,0.0 - 1.0,SI,44
2026-09-01,PE3,1.5 - 2.5,SI,150
2026-09-01,PEBAB,1.5 - 2.5,SI,291
2026-09-01,AD1,0.0 - 1.0,si,556
2026-09-01,AD1,0.0 - 1.0,SI,562
2026-09-01,AD2,0.0 - 1.0,SI,494
2026-09-01,AD1,0.0 - 1.0,SI,523
2026-09-01,AD1,1.5 - 2.5,SI,529
2026-09-01,AD1,0.0 - 1.0,SI,534
2026-09-01,AD1,0.0 - 1.0,SI,507
2026-09-01,AD1,0.0 - 1.0,si,514
2026-09-01,AD1,0.0 - 1.0,SI,538
2026-09-01,AD2,0.0 - 1.0,SI,512
2026-09-01,AD1,0.0 - 1.0,si,494
2026-09-01,AD1,0.0 - 1.0,si,507
2026-09-01,AD-PIND,1.5 - 2.5,SI,504
2026-09-01,AD1,0.0 - 1.0,SI,498
2026-09-01,AD2,0.0 - 1.0,SI,505
2026-09-01,AD1,0.0 - 1.0,SI,485
2026-09-01,AD1,0.0 - 1.0,SI,538
2026-09-01,AD2,0.0 - 1.0,SI,519
2026-09-01,AD1,0.0 - 1.0,SI,569
2026-09-01,AD1,1.5 - 2.5,SI,621
2026-09-01,AD1,0.0 - 1.0,SI,172
2026-09-01,AD2,3.0 - 4.0,SI,40
2026-09-01,AD2,0.0 - 1.0,SI,506
2026-09-01,AD-PJUG,3.0 - 4.0,SI,28
2026-09-01,AD3,3.0 - 4.0,SI,13
2026-09-01,ADBABY,1.5 - 2.5,SI,11
2026-09-01,AD3,1.5 - 2.5,SI,24
2026-09-01,AD-PJUG,3.0 - 4.0,SI,37
2026-09-01,AD1,3.0 - 4.0,SI,406
2026-09-01,AD3,0.0 - 1.0,SI,376
2026-09-01,AD-PIND,1.5 - 2.5,SI,65
2026-09-01,ADGUA,1.5 - 2.5,SI,160
2026-09-01,AD2,1.5 - 2.5,si,144
2026-09-01,AD-PJUG,3.0 - 4.0,si,97
2026-09-01,AD-PJUG,3.0 - 4.0,SI,16
2026-09-02,AD1,0.0 - 1.0,SI,536
2026-09-02,AD2,0.0 - 1.0,SI,480
2026-09-02,AD-PIND,1.5 - 2.5,SI,593
2026-09-02,AD2,0.0 - 1.0,SI,320
2026-09-02,AD1,0.0 - 1.0,SI,564
2026-09-02,AD2,0.0 - 1.0,SI,510
2026-09-02,AD2,0.0 - 1.0,SI,514
2026-09-02,AD1,0.0 - 1.0,SI,492
2026-09-02,AD3,1.5 - 2.5,SI,37
2026-09-02,AD1,0.0 - 1.0,SI,506
2026-09-02,AD2,0.0 - 1.0,SI,514
2026-09-02,AD3,3.0 - 4.0,SI,29
2026-09-02,AD1,0.0 - 1.0,SI,415
2026-09-02,AD1,0.0 - 1.0,SI,585
2026-09-02,AD3,0.0 - 1.0,SI,478
2026-09-02,ADGUA,1.5 - 2.5,SI,190
2026-09-02,AD1,0.0 - 1.0,SI,595
2026-09-02,AD2,3.0 - 4.0,SI,142
2026-09-02,AD1,1.5 - 2.5,SI,355
2026-09-02,AD1,0.0 - 1.0,SI,594
2026-09-02,AD1,0.0 - 1.0,SI,497
2026-09-02,AD1,0.0 - 1.0,SI,581
2026-09-02,AD1,0.0 - 1.0,SI,517
2026-09-02,AD1,1.5 - 2.5,SI,168
2026-09-02,AD2,1.5 - 2.5,SI,162
2026-09-02,AD-PIND,1.5 - 2.5,SI,174
2026-09-02,AD1,3.0 - 4.0,SI,201
2026-09-02,AD-PJUG,3.0 - 4.0,SI,26
2026-09-04,PE1,1,SI,561
2026-09-04,PE2,2,SI,417
2026-09-04,PE1,1.5 - 2.5,SI,570
2026-09-04,PE1,1,SI,579
2026-09-04,PE1,1,SI,583
2026-09-04,PE1,3.0 - 4.0,SI,566
2026-09-04,PE2,2,SI,411
2026-09-04,PE1,1.5 - 2.5,SI,587
2026-09-04,PE2,1.5 - 2.5,SI,592
2026-09-04,PE1,1,SI,583
2026-09-04,PE3,1.5 - 2.5,SI,494
2026-09-04,PE1,1.5 - 2.5,SI,569
2026-09-04,PE2,2,SI,405
2026-09-04,PE1,3.0 - 4.0,SI,543
2026-09-04,PE1,3.0 - 4.0,SI,545
2026-09-04,PE1,1,SI,586
2026-09-04,PE1,1,SI,584
2026-09-04,PE1,1.5 - 2.5,SI,578
2026-09-04,PIND,1.5 - 2.5,SI,499
2026-09-04,PE2,2,SI,408
2026-09-04,PEGUA,1.5 - 2.5,SI,480
2026-09-04,PE2,2,SI,403
2026-09-04,PE1,1,SI,590
2026-09-04,PE2,1.5 - 2.5,SI,501
2026-09-04,PE1,1.5 - 2.5,SI,588
2026-09-04,PE3,1.5 - 2.5,SI,483
2026-09-04,PE2,2,SI,407
2026-09-04,PE1,1.5 - 2.5,SI,553
2026-09-04,PE2,2,SI,392
2026-09-04,PE1,1,SI,593
2026-09-04,PE2,3.0 - 4.0,SI,501
2026-09-04,PE1,3.0 - 4.0,SI,552
2026-09-04,PE1,1.5 - 2.5,SI,587
2026-09-04,PE2,2,SI,415
2026-09-04,PE1,1,SI,580
2026-09-04,PE2,2,SI,411
2026-09-04,PIND,1.5 - 2.5,SI,446
2026-09-04,PE2,1.5 - 2.5,SI,496
2026-09-04,PE3,1.5 - 2.5,SI,485
2026-09-04,PE2,2,SI,403
2026-09-04,PEGUA,1.5 - 2.5,SI,467
2026-09-04,PE3,1.5 - 2.5,SI,492
2026-09-04,PE1,3.0 - 4.0,SI,544
2026-09-04,PE2,1.5 - 2.5,SI,508
2026-09-04,PE1,1.5 - 2.5,SI,560
2026-09-04,PE1,3.0 - 4.0,SI,547
2026-09-04,PE2,2,SI,409
2026-09-04,PE2,3.0 - 4.0,SI,499
2026-09-04,PE3,0.0 - 1.0,si,472
2026-09-04,PE1,1,SI,569
2026-09-04,PEBAB,1.5 - 2.5,si,434
2026-09-04,PE3,1.5 - 2.5,SI,505
2026-09-04,PE2,2,SI,405
2026-09-04,PEGUA,1.5 - 2.5,SI,477
2026-09-04,PE1,1,SI,562
2026-09-04,PE3,3.0 - 4.0,SI,489
2026-09-04,PE2,2,SI,394
2026-09-04,PE1,1.5 - 2.5,SI,560
2026-09-04,PE1,3.0 - 4.0,SI,533
2026-09-04,PE1,0.0 - 1.0,SI,516
2026-09-04,PEGUA,1.5 - 2.5,SI,474
2026-09-04,PE2,1.5 - 2.5,SI,499
2026-09-04,PE2,2,SI,418
2026-09-04,PE1,1.5 - 2.5,SI,585
2026-09-04,PE1,3.0 - 4.0,SI,401
2026-09-04,PE1,3.0 - 4.0,SI,484
2026-09-04,PE2,2,SI,324
2026-09-04,PE2,3.0 - 4.0,SI,503
2026-09-04,PE1,0.0 - 1.0,SI,151
2026-09-04,PE3,1.5 - 2.5,SI,595
2026-09-04,PE1,3.0 - 4.0,SI,158
2026-09-04,PE2,0.0 - 1.0,SI,644
2026-09-04,PEGUA,1.5 - 2.5,SI,459
2026-09-04,PE2,1.5 - 2.5,SI,224
2026-09-04,PEGUA,1.5 - 2.5,SI,501
2026-09-04,PEGUA,1.5 - 2.5,SI,342
2026-09-04,PE2,3.0 - 4.0,SI,317
2026-09-04,AD1,0.0 - 1.0,SI,594
2026-09-04,PEGUA,1.5 - 2.5,SI,307
2026-09-04,PE3,0.0 - 1.0,si,170
2026-09-04,PEBAB,1.5 - 2.5,si,406
2026-09-04,AD2,0.0 - 1.0,SI,518
2026-09-04,AD-PJUG,3.0 - 4.0,SI,523
2026-09-04,AD1,0.0 - 1.0,SI,598
2026-09-04,AD1,1.5 - 2.5,SI,500
2026-09-04,AD1,1.5 - 2.5,SI,585
2026-09-04,PE3,3.0 - 4.0,si,454
2026-09-04,AD1,0.0 - 1.0,SI,576
2026-09-04,AD1,0.0 - 1.0,SI,406
2026-09-04,AD2,0.0 - 1.0,SI,519
2026-09-04,AD3,0.0 - 1.0,SI,501
2026-09-04,AD1,0.0 - 1.0,SI,562
2026-09-04,AD-PIND,1.5 - 2.5,SI,434
2026-09-04,AD1,1.5 - 2.5,SI,163
2026-09-04,AD-PJUG,3.0 - 4.0,SI,539
2026-09-04,AD-PIND,1.5 - 2.5,SI,473
2026-09-04,AD1,0.0 - 1.0,SI,607
2026-09-04,AD2,0.0 - 1.0,SI,492
2026-09-04,AD2,1.5 - 2.5,SI,408
2026-09-04,AD2,0.0 - 1.0,SI,522
2026-09-04,AD1,0.0 - 1.0,SI,552
2026-09-04,AD1,0.0 - 1.0,SI,568
2026-09-04,AD2,0.0 - 1.0,SI,524
2026-09-04,AD1,0.0 - 1.0,SI,586
2026-09-04,AD1,1.5 - 2.5,SI,557
2026-09-04,ADBABY,1.5 - 2.5,SI,28
2026-09-04,AD3,1.5 - 2.5,si,71
2026-09-04,AD2,0.0 - 1.0,SI,622
2026-09-04,AD3,0.0 - 1.0,SI,615
2026-09-04,AD1,0.0 - 1.0,SI,413
2026-09-04,AD2,1.5 - 2.5,SI,168
2026-09-04,AD1,1.5 - 2.5,SI,460
2026-09-04,AD-PJUG,3.0 - 4.0,si,157
2026-09-04,AD1,0.0 - 1.0,SI,531
2026-09-04,AD2,0.0 - 1.0,SI,291
2026-09-04,PEGUA,1.5 - 2.5,si,308
2026-09-04,AD-PJUG,3.0 - 4.0,SI,369
2026-09-04,AD-PJUG,3.0 - 4.0,SI,292
2026-09-04,AD-PIND,1.5 - 2.5,SI,170
2026-09-04,AD1,0.0 - 1.0,SI,554
2026-09-04,ADGUA,1.5 - 2.5,si,185
2026-09-04,AD1,1.5 - 2.5,SI,163
2026-09-04,AD-PJUG,3.0 - 4.0,SI,110
2026-09-04,AD-PJUG,3.0 - 4.0,SI,458
2026-09-04,AD1,1.5 - 2.5,SI,290
2026-09-05,PE1,1.5 - 2.5,SI,566
2026-09-05,PE1,1.5 - 2.5,SI,566
2026-09-05,PE2,1.5 - 2.5,SI,523
2026-09-05,PE1,1.5 - 2.5,SI,556
2026-09-05,PE2,1.5 - 2.5,si,525
2026-09-05,PE1,3.0 - 4.0,SI,583
2026-09-05,PE2,3.0 - 4.0,SI,518
2026-09-05,PEGUA,1.5 - 2.5,SI,479
2026-09-05,PE1,1.5 - 2.5,SI,516
2026-09-05,PE3,1.5 - 2.5,SI,507
2026-09-05,PE2,1.5 - 2.5,SI,522
2026-09-05,PE2,1.5 - 2.5,si,516
2026-09-05,PE3,1.5 - 2.5,SI,497
2026-09-05,PE1,1.5 - 2.5,SI,580
2026-09-05,PE1,1.5 - 2.5,SI,565
2026-09-05,PE2,3.0 - 4.0,SI,508
2026-09-05,PE3,3.0 - 4.0,SI,496
2026-09-05,PE2,1.5 - 2.5,SI,515
2026-09-05,PEGUA,1.5 - 2.5,SI,485
2026-09-05,PEGUA,1.5 - 2.5,SI,491
2026-09-05,PE1,3.0 - 4.0,SI,573
2026-09-05,PE1,1.5 - 2.5,SI,595
2026-09-05,PE1,1.5 - 2.5,SI,574
2026-09-05,PE3,1.5 - 2.5,SI,500
2026-09-05,PIND,1.5 - 2.5,SI,468
2026-09-05,PE1,1.5 - 2.5,SI,576
2026-09-05,PE2,1.5 - 2.5,SI,523
2026-09-05,PE1,1.5 - 2.5,SI,526
2026-09-05,PE1,0.0 - 1.0,SI,566
2026-09-05,PIND,1.5 - 2.5,SI,508
2026-09-05,PE1,3.0 - 4.0,SI,514
2026-09-05,PE1,3.0 - 4.0,si,554
2026-09-05,PE2,3.0 - 4.0,SI,510
2026-09-05,PE3,3.0 - 4.0,SI,488
2026-09-05,PE2,1.5 - 2.5,SI,510
2026-09-05,PEBAB,1.5 - 2.5,SI,427
2026-09-05,PE1,1.5 - 2.5,SI,497
2026-09-05,PEGUA,1.5 - 2.5,si,485
2026-09-05,PE2,1.5 - 2.5,SI,514
2026-09-05,PEGUA,1.5 - 2.5,SI,488
2026-09-05,PE2,0.0 - 1.0,si,513
2026-09-05,PE1,0.0 - 1.0,SI,576
2026-09-05,PE1,1.5 - 2.5,SI,546
2026-09-05,PIND,1.5 - 2.5,SI,483
2026-09-05,PE1,3.0 - 4.0,SI,548
2026-09-05,PE1,1.5 - 2.5,si,506
2026-09-05,PE3,1.5 - 2.5,SI,490
2026-09-05,PE2,1.5 - 2.5,SI,512
2026-09-05,PE1,1.5 - 2.5,SI,571
2026-09-05,PE3,1.5 - 2.5,SI,494
2026-09-05,PE1,1.5 - 2.5,SI,561
2026-09-05,PE2,3.0 - 4.0,SI,507
2026-09-05,PE1,1.5 - 2.5,si,510
2026-09-05,PIND,1.5 - 2.5,si,520
2026-09-05,PEGUA,1.5 - 2.5,si,485
2026-09-05,PE1,1.5 - 2.5,SI,567
2026-09-05,PE2,1.5 - 2.5,SI,513
2026-09-05,PEGUA,1.5 - 2.5,SI,468
2026-09-05,PE2,1.5 - 2.5,SI,511
2026-09-05,PE1,0.0 - 1.0,SI,558
2026-09-05,PE1,3.0 - 4.0,SI,575
2026-09-05,PE2,3.0 - 4.0,si,9
2026-09-05,PE1,0.0 - 1.0,SI,21
2026-09-05,PE1,1.5 - 2.5,SI,566
2026-09-05,PE3,3.0 - 4.0,SI,166
2026-09-05,PE3,3.0 - 4.0,SI,487
2026-09-05,PE1,1.5 - 2.5,SI,543
2026-09-05,PE1,4,SI,47
2026-09-05,PEGUA,1.5 - 2.5,SI,455
2026-09-05,PE3,0.0 - 1.0,SI,50
2026-09-05,PE3,0.0 - 1.0,SI,482
2026-09-05,PE2,1.5 - 2.5,SI,546
2026-09-05,PE1,3.0 - 4.0,SI,73
2026-09-05,PE1,1.5 - 2.5,SI,589
2026-09-05,PE3,1.5 - 2.5,SI,178
2026-09-05,PE2,1.5 - 2.5,SI,217
2026-09-05,PEBAB,1.5 - 2.5,SI,319
2026-09-05,PE2,0.0 - 1.0,SI,235
2026-09-05,PE2,0.0 - 1.0,SI,504
2026-09-05,PE1,3.0 - 4.0,SI,329
2026-09-05,PE2,1.5 - 2.5,SI,469
2026-09-05,PE1,0.0 - 1.0,SI,402
2026-09-05,PE2,3.0 - 4.0,SI,267
2026-09-05,AD1,0.0 - 1.0,si,580
2026-09-05,AD1,0.0 - 1.0,si,535
2026-09-05,PE3,0.0 - 1.0,SI,584
2026-09-05,AD2,0.0 - 1.0,SI,523
2026-09-05,AD-PJUG,3.0 - 4.0,si,535
2026-09-05,AD1,0.0 - 1.0,SI,622
2026-09-05,AD1,0.0 - 1.0,SI,595
2026-09-05,AD1,1.5 - 2.5,SI,570
2026-09-05,PJUG,3.0 - 4.0,SI,244
2026-09-05,ADBABY,1.5 - 2.5,SI,45
2026-09-05,AD2,1.5 - 2.5,SI,140
2026-09-05,AD2,0.0 - 1.0,SI,324
2026-09-05,AD-PJUG,3.0 - 4.0,si,115
2026-09-05,AD3,0.0 - 1.0,SI,190
2026-09-05,AD3,1.5 - 2.5,si,149
2026-09-05,AD-PJUG,3.0 - 4.0,SI,385
2026-09-05,AD1,0.0 - 1.0,si,234
2026-09-05,ADGUA,1.5 - 2.5,SI,127
2026-09-05,AD1,0.0 - 1.0,si,383
2026-09-05,AD-PIND,1.5 - 2.5,si,257
2026-09-05,ADGUA,1.5 - 2.5,SI,148
2026-09-05,AD-PIND,1.5 - 2.5,si,448
2026-09-05,AD-PJUG,3.0 - 4.0,SI,98
2026-09-05,PE1,1.5 - 2.5,SI,63
2026-09-06,PE1,1.5 - 2.5,SI,593
2026-09-06,PE2,1.5 - 2.5,SI,522
2026-09-06,PE1,3.0 - 4.0,SI,517
2026-09-06,PE1,1.5 - 2.5,SI,576
2026-09-06,PE1,1.5 - 2.5,SI,536
2026-09-06,PE2,1.5 - 2.5,SI,523
2026-09-06,PE3,1.5 - 2.5,SI,530
2026-09-06,PE1,1.5 - 2.5,SI,588
2026-09-06,PEGUA,1.5 - 2.5,SI,487
2026-09-06,PE1,3.0 - 4.0,SI,519
2026-09-06,PE2,3.0 - 4.0,SI,508
2026-09-06,PE2,1.5 - 2.5,SI,527
2026-09-06,PE1,1.5 - 2.5,SI,580
2026-09-06,PIND,1.5 - 2.5,SI,477
2026-09-06,PEGUA,1.5 - 2.5,SI,486
2026-09-06,PE1,1.5 - 2.5,SI,547
2026-09-06,PE1,1.5 - 2.5,SI,523
2026-09-06,PE2,3.0 - 4.0,SI,508
2026-09-06,PE1,3.0 - 4.0,SI,525
2026-09-06,PE2,1.5 - 2.5,si,523
2026-09-06,PEBAB,1.5 - 2.5,SI,422
2026-09-06,PE1,1.5 - 2.5,SI,540
2026-09-06,PE3,1.5 - 2.5,SI,545
2026-09-06,PE1,1.5 - 2.5,SI,569
2026-09-06,PE2,1.5 - 2.5,si,535
2026-09-06,PE1,3.0 - 4.0,SI,540
2026-09-06,PEGUA,1.5 - 2.5,SI,488
2026-09-06,PE1,3.0 - 4.0,si,554
2026-09-06,PE2,3.0 - 4.0,SI,519
2026-09-06,PE3,3.0 - 4.0,SI,485
2026-09-06,PE1,1.5 - 2.5,SI,556
2026-09-06,PE2,1.5 - 2.5,SI,530
2026-09-06,PEGUA,1.5 - 2.5,si,489
2026-09-06,PE3,1.5 - 2.5,SI,539
2026-09-06,PE2,3.0 - 4.0,SI,513
2026-09-06,PE1,1.5 - 2.5,SI,526
2026-09-06,PE1,3.0 - 4.0,SI,526
2026-09-06,PIND,1.5 - 2.5,SI,445
2026-09-06,PE1,1.5 - 2.5,SI,566
2026-09-06,PE3,3.0 - 4.0,SI,506
2026-09-06,PE2,1.5 - 2.5,SI,536
2026-09-06,PE1,1.5 - 2.5,SI,526
2026-09-06,PEGUA,1.5 - 2.5,SI,479
2026-09-06,PE2,1.5 - 2.5,SI,525
2026-09-06,PE1,3.0 - 4.0,si,550
2026-09-06,PEBAB,1.5 - 2.5,SI,423
2026-09-06,PE2,3.0 - 4.0,SI,518
2026-09-06,PE3,3.0 - 4.0,SI,508
2026-09-06,PE2,3.0 - 4.0,SI,516
2026-09-06,PE3,3.0 - 4.0,SI,524
2026-09-06,PEGUA,1.5 - 2.5,SI,485
2026-09-06,PE1,3.0 - 4.0,SI,547
2026-09-06,PE1,1.5 - 2.5,SI,574
2026-09-06,PE2,3.0 - 4.0,SI,523
2026-09-06,PE2,0.0 - 1.0,si,520
2026-09-06,PE2,1.5 - 2.5,SI,532
2026-09-06,PE3,1.5 - 2.5,SI,530
2026-09-06,PEGUA,1.5 - 2.5,SI,494
2026-09-06,PE1,3.0 - 4.0,SI,535
2026-09-06,PE3,3.0 - 4.0,SI,514
2026-09-06,PE1,3.0 - 4.0,SI,555
2026-09-06,PIND,1.5 - 2.5,SI,497
2026-09-06,PE1,1.5 - 2.5,SI,567
2026-09-06,PE2,3.0 - 4.0,SI,520
2026-09-06,PE2,1.5 - 2.5,si,538
2026-09-06,PE1,3.0 - 4.0,SI,530
2026-09-06,PE1,1.5 - 2.5,SI,260
2026-09-06,PE1,1.5 - 2.5,SI,454
2026-09-06,PE1,1.5 - 2.5,SI,497
2026-09-06,PEGUA,1.5 - 2.5,si,498
2026-09-06,AD2,0.0 - 1.0,SI,86
2026-09-06,PIND,1.5 - 2.5,SI,431
2026-09-06,AD1,0.0 - 1.0,SI,209
2026-09-06,AD3,0.0 - 1.0,si,30
2026-09-06,PE1,1.5 - 2.5,SI,72
2026-09-06,PEGUA,1.5 - 2.5,si,570
2026-09-06,PE1,3.0 - 4.0,SI,229
2026-09-06,PE2,3.0 - 4.0,SI,300
2026-09-06,AD1,1.5 - 2.5,SI,23
2026-09-06,ADGUA,1.5 - 2.5,SI,18
2026-09-06,AD-PIND,1.5 - 2.5,SI,60
2026-09-06,PE3,1.5 - 2.5,SI,322
2026-09-06,PE1,0.0 - 1.0,SI,462
2026-09-06,PE3,3.0 - 4.0,SI,512
2026-09-06,AD-PJUG,3.0 - 4.0,SI,132
2026-09-06,PEBAB,1.5 - 2.5,SI,428
2026-09-06,AD2,1.5 - 2.5,SI,141
2026-09-06,PE2,0.0 - 1.0,SI,309
2026-09-06,PE2,3.0 - 4.0,SI,326
2026-09-06,PE2,1.5 - 2.5,SI,116
2026-09-06,PE3,0.0 - 1.0,si,427
2026-09-06,PE2,3.0 - 4.0,SI,330
2026-09-06,AD-PJUG,3.0 - 4.0,SI,7
2026-09-07,PEGUA,1.5 - 2.5,SI,30
2026-09-07,PE1,1.5 - 2.5,SI,587
2026-09-07,PE1,1.5 - 2.5,SI,588
2026-09-07,PEGUA,1.5 - 2.5,SI,478
2026-09-07,PE1,1.5 - 2.5,SI,590
2026-09-07,PE1,3.0 - 4.0,SI,575
2026-09-07,PIND,1.5 - 2.5,SI,514
2026-09-07,PE2,1.5 - 2.5,SI,526
2026-09-07,PE1,1.5 - 2.5,SI,579
2026-09-07,PE1,1.5 - 2.5,SI,623
2026-09-07,PE3,3.0 - 4.0,si,30
2026-09-07,PE1,1.5 - 2.5,SI,640
2026-09-07,PE3,1.5 - 2.5,SI,492
2026-09-07,PE3,3.0 - 4.0,SI,185
2026-09-07,PE1,0.0 - 1.0,si,557
2026-09-07,PE1,1.5 - 2.5,SI,582
2026-09-07,PE1,3.0 - 4.0,SI,78
2026-09-07,PE2,0.0 - 1.0,SI,264
2026-09-07,PE2,1.5 - 2.5,SI,470
2026-09-07,PE1,3.0 - 4.0,SI,408
2026-09-07,PE1,0.0 - 1.0,SI,267
2026-09-07,PE2,3.0 - 4.0,SI,492
2026-09-07,PEBAB,1.5 - 2.5,SI,129
2026-09-07,PE1,1.5 - 2.5,SI,529
2026-09-07,PIND,1.5 - 2.5,SI,398
2026-09-07,PE3,0.0 - 1.0,SI,124
2026-09-07,PEGUA,1.5 - 2.5,SI,165
2026-09-07,AD1,0.0 - 1.0,SI,584
2026-09-07,AD2,0.0 - 1.0,SI,537
2026-09-07,AD1,0.0 - 1.0,SI,566
2026-09-07,AD1,0.0 - 1.0,SI,587
2026-09-07,AD1,0.0 - 1.0,SI,411
2026-09-07,ADGUA,1.5 - 2.5,SI,131
2026-09-07,AD2,0.0 - 1.0,SI,672
2026-09-07,ADBABY,1.5 - 2.5,SI,10
2026-09-07,AD3,0.0 - 1.0,SI,286
2026-09-07,AD2,3.0 - 4.0,SI,64
2026-09-07,AD1,0.0 - 1.0,SI,554
2026-09-07,AD2,1.5 - 2.5,SI,68
2026-09-07,AD3,3.0 - 4.0,SI,21
2026-09-07,AD1,1.5 - 2.5,SI,192
2026-09-07,AD1,3.0 - 4.0,SI,161
2026-09-07,AD3,1.5 - 2.5,SI,14
2026-09-07,AD-PIND,1.5 - 2.5,SI,164
2026-09-07,AD2,0.0 - 1.0,SI,139
2026-09-07,AD-PJUG,3.0 - 4.0,si,238
2026-09-07,AD-PJUG,3.0 - 4.0,SI,67
2026-09-09,PE1,0.0 - 1.0,,596
2026-09-09,PE2,1.5 - 2.5,,521
2026-09-09,PE1,1.5 - 2.5,,592
2026-09-09,PE1,0.0 - 1.0,,596
